id,conditionId,slug,url,embedSrc,question,category,eventId,why,volume,volume24h,momentumDelta24h,momentumPct24h,endDateISO,timeToResolveDays,outcomeCount,avgSpread,underround,binaryMidYes,near50Flag,bestQuotesJSON
665374,0x5db999fad322cea2914535aae5517060c3f80ad6d8c0231cde2124a434d16846,will-the-us-invade-iran-before-2027,https://polymarket.com/event/will-the-us-invade-iran-before-2027,https://embed.polymarket.com/market.html?market=will-the-us-invade-iran-before-2027&features=volume&theme=light,Will the U.S. invade Iran before 2027?,military-strikes,,"24h $253,115 • spread 0.010 • TTR 101.3d",67694513.47874205,253115.85,-0.01,-6.0606,2027-01-01T04:59:00+00:00,101.296,1,0.01,-0.84,0.155,0,"[{""name"": ""Top"", ""bestBid"": 0.15, ""bestAsk"": 0.16}]"
703258,0x0b4cc3b739e1dfe5d73274740e7308b6fb389c5af040c3a174923d928d134bee,will-jesus-christ-return-before-2027,https://polymarket.com/event/will-jesus-christ-return-before-2027,https://embed.polymarket.com/market.html?market=will-jesus-christ-return-before-2027&features=volume&theme=light,Will Jesus Christ return before 2027?,parent-for-derivative,,"24h $8,278 • spread 0.001 • TTR 101.3d",65881837.30448988,8278.5,0.003,17.1429,2027-01-01T04:59:00+00:00,101.296,1,0.001,-0.979,0.0205,0,"[{""name"": ""Top"", ""bestBid"": 0.02, ""bestAsk"": 0.021}]"
567621,0xd9fb1184af0064e5e34b129f5b79afa5a17b7e32f2953ab05efed82315fee6d4,will-china-invade-taiwan-before-2027,https://polymarket.com/event/will-china-invade-taiwan-before-2027,https://embed.polymarket.com/market.html?market=will-china-invade-taiwan-before-2027&features=volume&theme=light,Will China invade Taiwan by end of 2026?,politics,,"24h $108,951 • spread 0.002 • TTR 101.3d",42584345.47165184,108951.72,-0.0025,-5.8824,2027-01-01T04:59:00+00:00,101.296,1,0.002,-0.959,0.04,0,"[{""name"": ""Top"", ""bestBid"": 0.039, ""bestAsk"": 0.041}]"
703257,0x747dc809fb79e1b05be09c42d6179459a58de2ef3e40f02484a4e1260f741f75,will-the-us-confirm-that-aliens-exist-before-2027-789-924-249,https://polymarket.com/event/will-the-us-confirm-that-aliens-exist-before-2027-789-924-249,https://embed.polymarket.com/market.html?market=will-the-us-confirm-that-aliens-exist-before-2027-789-924-249&features=volume&theme=light,Will the US confirm that aliens exist before 2027?,aliens,,"24h $345,151 • spread 0.001 • TTR 101.3d",39116561.838717945,345151.69,0.0015,3.5714,2027-01-01T04:59:00+00:00,101.296,1,0.001,-0.956,0.0435,0,"[{""name"": ""Top"", ""bestBid"": 0.043, ""bestAsk"": 0.044}]"
561251,0x836b850fc838195374862551a36f1c8691d96ff01e58b0a071f0fc1a0e357fb1,will-lebron-james-win-the-2028-us-presidential-election,https://polymarket.com/event/will-lebron-james-win-the-2028-us-presidential-election,https://embed.polymarket.com/market.html?market=will-lebron-james-win-the-2028-us-presidential-election&features=volume&theme=light,Will LeBron James win the 2028 US Presidential Election?,president,,"24h $1,000 • TTR 777.1d",54780440.604108095,1000.0,0.0,0.0,2028-11-07T00:00:00+00:00,777.088,1,,-0.999,,0,"[{""name"": ""Top"", ""bestBid"": null, ""bestAsk"": 0.001}]"
559687,0xe06a7e94cf2fa8dc2085b7610fe16e9be1cde6654f34d365c13da1149b276c61,will-oprah-winfrey-win-the-2028-democratic-presidential-nomination,https://polymarket.com/event/will-oprah-winfrey-win-the-2028-democratic-presidential-nomination,https://embed.polymarket.com/market.html?market=will-oprah-winfrey-win-the-2028-democratic-presidential-nomination&features=volume&theme=light,Will Oprah Winfrey win the 2028 Democratic presidential nomination?,united-states,,TTR 777.1d,54419142.39432903,,0.0,0.0,2028-11-07T00:00:00+00:00,777.088,1,,-0.999,,0,"[{""name"": ""Top"", ""bestBid"": null, ""bestAsk"": 0.001}]"
601818,0x81a537b379a35e4e17c286d3b37394e94bd74c1779bbe9a13670eb991b201a3a,will-tarcisio-de-frietas-win-the-2026-brazilian-presidential-election,https://polymarket.com/event/will-tarcisio-de-frietas-win-the-2026-brazilian-presidential-election,https://embed.polymarket.com/market.html?market=will-tarcisio-de-frietas-win-the-2026-brazilian-presidential-election&features=volume&theme=light,Will Tarcisio de Freitas win the 2026 Brazilian presidential election?,politics,,"24h $4,000 • TTR 12.1d",14083567.713295998,4000.0,0.0,0.0,2026-10-04T00:00:00+00:00,12.088,1,,-0.999,,0,"[{""name"": ""Top"", ""bestBid"": null, ""bestAsk"": 0.001}]"
601825,0x05297f854d3b757d5e51a1a29c7f225a80b14b2a161d6b7f9a61677da7a80ced,will-renan-santos-win-the-2026-brazilian-presidential-election,https://polymarket.com/event/will-renan-santos-win-the-2026-brazilian-presidential-election,https://embed.polymarket.com/market.html?market=will-renan-santos-win-the-2026-brazilian-presidential-election&features=volume&theme=light,Will Renan Santos win the 2026 Brazilian presidential election?,politics,,"24h $110,139 • spread 0.001 • TTR 12.1d",13992262.988154998,110139.86,0.001,11.7647,2026-10-04T00:00:00+00:00,12.088,1,0.001,-0.99,0.0095,0,"[{""name"": ""Top"", ""bestBid"": 0.009, ""bestAsk"": 0.01}]"
559679,0x30cfb887558b20373a984da60c372fe5a90c0296aa6d8bb413a8aa7543846da2,will-bernie-sanders-win-the-2028-democratic-presidential-nomination-879,https://polymarket.com/event/will-bernie-sanders-win-the-2028-democratic-presidential-nomination-879,https://embed.polymarket.com/market.html?market=will-bernie-sanders-win-the-2028-democratic-presidential-nomination-879&features=volume&theme=light,Will Bernie Sanders win the 2028 Democratic presidential nomination?,united-states,,"24h $2,615 • spread 0.001 • TTR 777.1d",52748818.281520054,2615.2,0.0,0.0,2028-11-07T00:00:00+00:00,777.088,1,0.001,-0.995,0.0045,0,"[{""name"": ""Top"", ""bestBid"": 0.004, ""bestAsk"": 0.005}]"
997488,0xd595eb9b81885ff018738300c79047e3ec89e87294424f57a29a7fa9162bf116,will-trump-acquire-greenland-before-2027,https://polymarket.com/event/will-trump-acquire-greenland-before-2027,https://embed.polymarket.com/market.html?market=will-trump-acquire-greenland-before-2027&features=volume&theme=light,Will Trump acquire Greenland before 2027?,davos,,"24h $6,194 • spread 0.001 • TTR 101.3d",35546126.95320909,6194.04,-0.001,-3.3898,2027-01-01T04:59:00+00:00,101.296,1,0.001,-0.971,0.0285,0,"[{""name"": ""Top"", ""bestBid"": 0.028, ""bestAsk"": 0.029}]"
559684,0xf2e51acfbb6d0414dc2ace81b7dc2af7c165e443dcb91f6caa7aab6d6ab4f06d,will-chelsea-clinton-win-the-2028-democratic-presidential-nomination,https://polymarket.com/event/will-chelsea-clinton-win-the-2028-democratic-presidential-nomination,https://embed.polymarket.com/market.html?market=will-chelsea-clinton-win-the-2028-democratic-presidential-nomination&features=volume&theme=light,Will Chelsea Clinton win the 2028 Democratic presidential nomination?,united-states,,24h $252 • spread 0.001 • TTR 777.1d,50526124.75843801,252.12,0.0,0.0,2028-11-07T00:00:00+00:00,777.088,1,0.001,-0.993,0.0065,0,"[{""name"": ""Top"", ""bestBid"": 0.006, ""bestAsk"": 0.007}]"
559688,0x450810ae738a0ff820d3248f2b24937f63fb8c8cf422ed2a915125adb4d9d3c8,will-andrew-yang-win-the-2028-democratic-presidential-nomination,https://polymarket.com/event/will-andrew-yang-win-the-2028-democratic-presidential-nomination,https://embed.polymarket.com/market.html?market=will-andrew-yang-win-the-2028-democratic-presidential-nomination&features=volume&theme=light,Will Andrew Yang win the 2028 Democratic presidential nomination?,united-states,,"24h $1,267 • spread 0.001 • TTR 777.1d",48734361.98260401,1267.83,0.0,0.0,2028-11-07T00:00:00+00:00,777.088,1,0.001,-0.998,0.0015,0,"[{""name"": ""Top"", ""bestBid"": 0.001, ""bestAsk"": 0.002}]"
1105754,0x831493dce463d9adcad78c492f2cbec6ecdac31f4e8c5a894fdac68c130549d4,will-richard-grenell-be-the-leader-of-venezuela-end-of-2026,https://polymarket.com/event/will-richard-grenell-be-the-leader-of-venezuela-end-of-2026,https://embed.polymarket.com/market.html?market=will-richard-grenell-be-the-leader-of-venezuela-end-of-2026&features=volume&theme=light,Will Richard Grenell be the leader of Venezuela end of 2026?,trump-machado,,24h $10 • TTR 100.1d,32790733.048844997,10.0,0.0,0.0,2026-12-31T00:00:00+00:00,100.088,1,,-0.999,,0,"[{""name"": ""Top"", ""bestBid"": null, ""bestAsk"": 0.001}]"
601819,0xdf8e2dc5860027decbe6164555c3c1c9645c3bd33e16b9dc57ca87125047d4a8,will-luiz-incio-lula-da-silva-win-the-2026-brazilian-presidential-election,https://polymarket.com/event/will-luiz-incio-lula-da-silva-win-the-2026-brazilian-presidential-election,https://embed.polymarket.com/market.html?market=will-luiz-incio-lula-da-silva-win-the-2026-brazilian-presidential-election&features=volume&theme=light,Will Luiz Inácio Lula da Silva win the 2026 Brazilian presidential election?,politics,,"24h $231,777 • spread 0.010 • TTR 12.1d",11668640.12331699,231778.0,-0.03,-7.2289,2026-10-04T00:00:00+00:00,12.088,1,0.01,-0.61,0.385,0,"[{""name"": ""Top"", ""bestBid"": 0.38, ""bestAsk"": 0.39}]"
561247,0xae70ab9bf1c3726fe430a2ba8b517697ae24e0f0ab554b876a5b521153068882,will-tim-walz-win-the-2028-us-presidential-election,https://polymarket.com/event/will-tim-walz-win-the-2028-us-presidential-election,https://embed.polymarket.com/market.html?market=will-tim-walz-win-the-2028-us-presidential-election&features=volume&theme=light,Will Tim Walz win the 2028 US Presidential Election?,president,,24h $3 • TTR 777.1d,44725528.845103,3.41,0.0,0.0,2028-11-07T00:00:00+00:00,777.088,1,,-0.999,,0,"[{""name"": ""Top"", ""bestBid"": null, ""bestAsk"": 0.001}]"
559682,0x1945a8b23e313ed7423b6b6fd556f9ab5578900376b565a61dc480a5f4f35d21,will-person-a-win-the-2028-democratic-presidential-nomination,https://polymarket.com/event/will-person-a-win-the-2028-democratic-presidential-nomination,https://embed.polymarket.com/market.html?market=will-person-a-win-the-2028-democratic-presidential-nomination&features=volume&theme=light,Will Hunter Biden win the 2028 Democratic presidential nomination?,united-states,,"24h $4,653 • spread 0.002 • TTR 777.1d",44500607.52021802,4653.07,0.0,0.0,2028-11-07T00:00:00+00:00,777.088,1,0.002,-0.994,0.005,0,"[{""name"": ""Top"", ""bestBid"": 0.004, ""bestAsk"": 0.006}]"
561986,0xd1747284d6048b2a3dcfbee489db405f36de18f9590197dd0e5c9f0c246bf050,will-byron-donalds-win-the-2028-republican-presidential-nomination,https://polymarket.com/event/will-byron-donalds-win-the-2028-republican-presidential-nomination,https://embed.polymarket.com/market.html?market=will-byron-donalds-win-the-2028-republican-presidential-nomination&features=volume&theme=light,Will Byron Donalds win the 2028 Republican presidential nomination?,united-states,,"24h $1,443 • spread 0.001 • TTR 777.1d",44422457.57240203,1443.26,0.0,0.0,2028-11-07T00:00:00+00:00,777.088,1,0.001,-0.998,0.0015,0,"[{""name"": ""Top"", ""bestBid"": 0.001, ""bestAsk"": 0.002}]"
559677,0x663b88d3a8f2341bb8d878709dc78632bcaf7512e577bd15521e5d8ed933efbc,will-hillary-clinton-win-the-2028-democratic-presidential-nomination,https://polymarket.com/event/will-hillary-clinton-win-the-2028-democratic-presidential-nomination,https://embed.polymarket.com/market.html?market=will-hillary-clinton-win-the-2028-democratic-presidential-nomination&features=volume&theme=light,Will Hillary Clinton win the 2028 Democratic presidential nomination?,united-states,,24h $670 • spread 0.002 • TTR 777.1d,44061340.78497002,670.62,0.0015,100.0,2028-11-07T00:00:00+00:00,777.088,1,0.002,-0.996,0.003,0,"[{""name"": ""Top"", ""bestBid"": 0.002, ""bestAsk"": 0.004}]"
559681,0x8b203037c7c0e21b500314f8398d2a8ea294b7ce1f4f9185f426425a3505bc45,will-lebron-james-win-the-2028-democratic-presidential-nomination,https://polymarket.com/event/will-lebron-james-win-the-2028-democratic-presidential-nomination,https://embed.polymarket.com/market.html?market=will-lebron-james-win-the-2028-democratic-presidential-nomination&features=volume&theme=light,Will LeBron James win the 2028 Democratic presidential nomination?,united-states,,TTR 777.1d,43985170.61742695,,0.0,0.0,2028-11-07T00:00:00+00:00,777.088,1,,-0.999,,0,"[{""name"": ""Top"", ""bestBid"": null, ""bestAsk"": 0.001}]"
601826,0x1a01bf78f56a507fcb666d564d8c8b91b0750679163ed6e96746102c9b7d285d,will-flvio-bolsonaro-win-the-2026-brazilian-presidential-election,https://polymarket.com/event/will-flvio-bolsonaro-win-the-2026-brazilian-presidential-election,https://embed.polymarket.com/market.html?market=will-flvio-bolsonaro-win-the-2026-brazilian-presidential-election&features=volume&theme=light,Will Flávio Bolsonaro win the 2026 Brazilian presidential election?,politics,,"24h $282,112 • spread 0.001 • TTR 12.1d",11375928.124729004,282112.09,0.03,5.1858,2026-10-04T00:00:00+00:00,12.088,1,0.001,-0.391,0.6085,0,"[{""name"": ""Top"", ""bestBid"": 0.608, ""bestAsk"": 0.609}]"
561995,0x41c6341dd79903aca4bb0c29f5a7976946c3774d2fd72f38cbb7de7092144520,will-mike-pence-win-the-2028-republican-presidential-nomination,https://polymarket.com/event/will-mike-pence-win-the-2028-republican-presidential-nomination,https://embed.polymarket.com/market.html?market=will-mike-pence-win-the-2028-republican-presidential-nomination&features=volume&theme=light,Will Mike Pence win the 2028 Republican presidential nomination?,united-states,,24h $323 • spread 0.001 • TTR 777.1d,43711543.08443103,323.5,0.0,0.0,2028-11-07T00:00:00+00:00,777.088,1,0.001,-0.998,0.0015,0,"[{""name"": ""Top"", ""bestBid"": 0.001, ""bestAsk"": 0.002}]"
559666,0x3265b10daeb30dbcc3214bd02e488551d0a5d3028392f4152e4750b943fbfc91,will-tim-walz-win-the-2028-democratic-presidential-nomination-475,https://polymarket.com/event/will-tim-walz-win-the-2028-democratic-presidential-nomination-475,https://embed.polymarket.com/market.html?market=will-tim-walz-win-the-2028-democratic-presidential-nomination-475&features=volume&theme=light,Will Tim Walz win the 2028 Democratic presidential nomination?,united-states,,"24h $4,082 • TTR 777.1d",43496174.97342799,4082.0,0.0,0.0,2028-11-07T00:00:00+00:00,777.088,1,,-0.999,,0,"[{""name"": ""Top"", ""bestBid"": null, ""bestAsk"": 0.001}]"
559683,0x822e61527476cabf98927e3aad385c5ecdae7086f945535f2c1fd9ae8dbfa46e,will-george-clooney-win-the-2028-democratic-presidential-nomination,https://polymarket.com/event/will-george-clooney-win-the-2028-democratic-presidential-nomination,https://embed.polymarket.com/market.html?market=will-george-clooney-win-the-2028-democratic-presidential-nomination&features=volume&theme=light,Will George Clooney win the 2028 Democratic presidential nomination?,united-states,,TTR 777.1d,43452157.27337501,,0.0,0.0,2028-11-07T00:00:00+00:00,777.088,1,,-0.999,,0,"[{""name"": ""Top"", ""bestBid"": null, ""bestAsk"": 0.001}]"
559690,0x0f8ef3cc906ba7ba94a44724738df44bdd5f73e59e40c9c8b4ff8569e349643c,will-kim-kardashian-win-the-2028-democratic-presidential-nomination,https://polymarket.com/event/will-kim-kardashian-win-the-2028-democratic-presidential-nomination,https://embed.polymarket.com/market.html?market=will-kim-kardashian-win-the-2028-democratic-presidential-nomination&features=volume&theme=light,Will Kim Kardashian win the 2028 Democratic presidential nomination?,united-states,,24h $5 • TTR 777.1d,42919396.30817101,5.0,0.0,0.0,2028-11-07T00:00:00+00:00,777.088,1,,-0.999,,0,"[{""name"": ""Top"", ""bestBid"": null, ""bestAsk"": 0.001}]"
559680,0x29283b56d3eec6d1d89fff51793d9d2e01579d2379b1d3e9ebda175d3561e809,will-phil-murphy-win-the-2028-democratic-presidential-nomination-611,https://polymarket.com/event/will-phil-murphy-win-the-2028-democratic-presidential-nomination-611,https://embed.polymarket.com/market.html?market=will-phil-murphy-win-the-2028-democratic-presidential-nomination-611&features=volume&theme=light,Will Phil Murphy win the 2028 Democratic presidential nomination?,united-states,,"24h $1,573 • spread 0.001 • TTR 777.1d",42887890.789365,1573.41,0.0,0.0,2028-11-07T00:00:00+00:00,777.088,1,0.001,-0.998,0.0015,0,"[{""name"": ""Top"", ""bestBid"": 0.001, ""bestAsk"": 0.002}]"
559689,0x8ecd1d15e521b7d1020ad5596cc981c8764e9dcfbc3648f582e1a5138aee7185,will-beto-orourke-win-the-2028-democratic-presidential-nomination,https://polymarket.com/event/will-beto-orourke-win-the-2028-democratic-presidential-nomination,https://embed.polymarket.com/market.html?market=will-beto-orourke-win-the-2028-democratic-presidential-nomination&features=volume&theme=light,Will Beto O’Rourke win the 2028 Democratic presidential nomination?,united-states,,TTR 777.1d,42812666.546648026,,0.0,0.0,2028-11-07T00:00:00+00:00,777.088,1,,-0.999,,0,"[{""name"": ""Top"", ""bestBid"": null, ""bestAsk"": 0.001}]"
559685,0xc44edcfdedb422bae8ff1803e2178d1ee025fc41efd81400ccbede709e018841,will-mrbeast-win-the-2028-democratic-presidential-nomination,https://polymarket.com/event/will-mrbeast-win-the-2028-democratic-presidential-nomination,https://embed.polymarket.com/market.html?market=will-mrbeast-win-the-2028-democratic-presidential-nomination&features=volume&theme=light,Will MrBeast win the 2028 Democratic presidential nomination?,united-states,,TTR 777.1d,41006436.181762986,,0.0,0.0,2028-11-07T00:00:00+00:00,777.088,1,,-0.999,,0,"[{""name"": ""Top"", ""bestBid"": null, ""bestAsk"": 0.001}]"
601824,0xa59bb6bb91e5c1e4d533864520fbd3bb75d6d0ebb813b4cd8a8b88479bfa8966,will-carlos-roberto-massa-jnior-win-the-2026-brazilian-presidential-election,https://polymarket.com/event/will-carlos-roberto-massa-jnior-win-the-2026-brazilian-presidential-election,https://embed.polymarket.com/market.html?market=will-carlos-roberto-massa-jnior-win-the-2026-brazilian-presidential-election&features=volume&theme=light,Will Carlos Roberto Massa Júnior win the 2026 Brazilian presidential election?,politics,,"24h $21,000 • TTR 12.1d",10457753.546618998,21000.0,0.0,0.0,2026-10-04T00:00:00+00:00,12.088,1,,-0.999,,0,"[{""name"": ""Top"", ""bestBid"": null, ""bestAsk"": 0.001}]"
601823,0xe1d5733322fd2215f136412f419d9ff805d097f78c68de3261515ff736895f2b,will-eduardo-bolsonaro-win-the-2026-brazilian-presidential-election,https://polymarket.com/event/will-eduardo-bolsonaro-win-the-2026-brazilian-presidential-election,https://embed.polymarket.com/market.html?market=will-eduardo-bolsonaro-win-the-2026-brazilian-presidential-election&features=volume&theme=light,Will Eduardo Bolsonaro win the 2026 Brazilian presidential election?,politics,,"24h $1,000 • TTR 12.1d",10452679.345772,1000.0,0.0,0.0,2026-10-04T00:00:00+00:00,12.088,1,,-0.999,,0,"[{""name"": ""Top"", ""bestBid"": null, ""bestAsk"": 0.001}]"
561254,0x7f695758278e6d4d9e63df862afa88d664d3402a3d26e4d32ae05121cdbddba6,will-kim-kardashian-win-the-2028-us-presidential-election,https://polymarket.com/event/will-kim-kardashian-win-the-2028-us-presidential-election,https://embed.polymarket.com/market.html?market=will-kim-kardashian-win-the-2028-us-presidential-election&features=volume&theme=light,Will Kim Kardashian win the 2028 US Presidential Election?,president,,TTR 777.1d,40270664.15361598,,0.0,0.0,2028-11-07T00:00:00+00:00,777.088,1,,-0.999,,0,"[{""name"": ""Top"", ""bestBid"": null, ""bestAsk"": 0.001}]"
601822,0x37ec4c6b57a18b16eed1241f6155ee7ff45bc1697d7848f15ac33d406e38ed00,will-michelle-bolsonaro-win-the-2026-brazilian-presidential-election,https://polymarket.com/event/will-michelle-bolsonaro-win-the-2026-brazilian-presidential-election,https://embed.polymarket.com/market.html?market=will-michelle-bolsonaro-win-the-2026-brazilian-presidential-election&features=volume&theme=light,Will Michelle Bolsonaro win the 2026 Brazilian presidential election?,politics,,"24h $4,021 • TTR 12.1d",10369588.422318,4021.31,0.0,0.0,2026-10-04T00:00:00+00:00,12.088,1,,-0.999,,0,"[{""name"": ""Top"", ""bestBid"": null, ""bestAsk"": 0.001}]"
2774057,0xa08a5ce99e14ce0b22767af6f16c08a2ab012249444c20887193a9a3e98e11fc,strait-of-hormuz-traffic-returns-to-normal-by-september-30-20260702154339440,https://polymarket.com/event/strait-of-hormuz-traffic-returns-to-normal-by-september-30-20260702154339440,https://embed.polymarket.com/market.html?market=strait-of-hormuz-traffic-returns-to-normal-by-september-30-20260702154339440&features=volume&theme=light,Strait of Hormuz traffic returns to normal by September 30?,oil,,"24h $12,762 • spread 0.001 • TTR 9.3d",9189089.314398,12762.07,-0.0025,-27.7778,2026-10-01T03:59:00+00:00,9.254,1,0.001,-0.993,0.0065,0,"[{""name"": ""Top"", ""bestBid"": 0.006, ""bestAsk"": 0.007}]"
559671,0x3535fb2f4aef6619dde8b367cb5e5d209526bb496d5d9778428c58a0252435e3,will-zohran-mamdani-win-the-2028-democratic-presidential-nomination-445,https://polymarket.com/event/will-zohran-mamdani-win-the-2028-democratic-presidential-nomination-445,https://embed.polymarket.com/market.html?market=will-zohran-mamdani-win-the-2028-democratic-presidential-nomination-445&features=volume&theme=light,Will Zohran Mamdani win the 2028 Democratic presidential nomination?,united-states,,24h $788 • spread 0.001 • TTR 777.1d,38947292.828210026,788.29,0.0,0.0,2028-11-07T00:00:00+00:00,777.088,1,0.001,-0.998,0.0015,0,"[{""name"": ""Top"", ""bestBid"": 0.001, ""bestAsk"": 0.002}]"
559678,0x46dbd48d6bde5b81edb480e0f676a2cdda6c6b592c4d86a9367c7ad5a9870195,will-liz-cheney-win-the-2028-democratic-presidential-nomination-551,https://polymarket.com/event/will-liz-cheney-win-the-2028-democratic-presidential-nomination-551,https://embed.polymarket.com/market.html?market=will-liz-cheney-win-the-2028-democratic-presidential-nomination-551&features=volume&theme=light,Will Liz Cheney win the 2028 Democratic presidential nomination?,united-states,,24h $8 • TTR 777.1d,38531383.472622015,8.99,0.0,0.0,2028-11-07T00:00:00+00:00,777.088,1,,-0.999,,0,"[{""name"": ""Top"", ""bestBid"": null, ""bestAsk"": 0.001}]"
663583,0xbb4d51e6364066d92eb6f9b8413dd7193de70966736044463b205834805a1f3b,will-the-iranian-regime-fall-by-the-end-of-2026,https://polymarket.com/event/will-the-iranian-regime-fall-by-the-end-of-2026,https://embed.polymarket.com/market.html?market=will-the-iranian-regime-fall-by-the-end-of-2026&features=volume&theme=light,Will the Iranian regime fall before 2027?,reza-pahlavi,,"24h $34,372 • spread 0.010 • TTR 101.3d",26215640.97878696,34372.24,0.0,0.0,2027-01-01T04:59:00+00:00,101.296,1,0.01,-0.93,0.065,0,"[{""name"": ""Top"", ""bestBid"": 0.06, ""bestAsk"": 0.07}]"
561993,0x7190eccbd0677d5d0ae8cdf598b37e945a346915c666dda11468dc9970657a56,will-john-thune-win-the-2028-republican-presidential-nomination,https://polymarket.com/event/will-john-thune-win-the-2028-republican-presidential-nomination,https://embed.polymarket.com/market.html?market=will-john-thune-win-the-2028-republican-presidential-nomination&features=volume&theme=light,Will John Thune win the 2028 Republican presidential nomination?,united-states,,TTR 777.1d,38185915.24550202,,0.0,0.0,2028-11-07T00:00:00+00:00,777.088,1,,-0.999,,0,"[{""name"": ""Top"", ""bestBid"": null, ""bestAsk"": 0.001}]"
1105752,0x8063a2c9fa21c4a1470b33fee132d6d61fb5b7dcd667dcac3bb82ae15ad70c0d,will-frank-donovan-be-the-leader-of-venezuela-end-of-2026,https://polymarket.com/event/will-frank-donovan-be-the-leader-of-venezuela-end-of-2026,https://embed.polymarket.com/market.html?market=will-frank-donovan-be-the-leader-of-venezuela-end-of-2026&features=volume&theme=light,Will Frank Donovan be the leader of Venezuela end of 2026?,trump-machado,,"24h $7,154 • spread 0.001 • TTR 100.1d",25853180.901588,7154.27,0.0,0.0,2026-12-31T00:00:00+00:00,100.088,1,0.001,-0.998,0.0015,0,"[{""name"": ""Top"", ""bestBid"": 0.001, ""bestAsk"": 0.002}]"
561248,0x64396449b471b10b006285fa49dd9a5df535694de7b4c703fdeb0d88d5c4cd33,will-vivek-ramaswamy-win-the-2028-us-presidential-election,https://polymarket.com/event/will-vivek-ramaswamy-win-the-2028-us-presidential-election,https://embed.polymarket.com/market.html?market=will-vivek-ramaswamy-win-the-2028-us-presidential-election&features=volume&theme=light,Will Vivek Ramaswamy win the 2028 US Presidential Election?,president,,24h $58 • TTR 777.1d,37951399.12918995,58.0,0.0,0.0,2028-11-07T00:00:00+00:00,777.088,1,,-0.999,,0,"[{""name"": ""Top"", ""bestBid"": null, ""bestAsk"": 0.001}]"
561994,0x5f1b1caf70eb994bfff2986727a05a3ac9f7ec8b0da4017f7732596d023e5a07,will-kristi-noem-win-the-2028-republican-presidential-nomination,https://polymarket.com/event/will-kristi-noem-win-the-2028-republican-presidential-nomination,https://embed.polymarket.com/market.html?market=will-kristi-noem-win-the-2028-republican-presidential-nomination&features=volume&theme=light,Will Kristi Noem win the 2028 Republican presidential nomination?,united-states,,"24h $1,119 • spread 0.001 • TTR 777.1d",37656394.532099016,1119.9,0.0,0.0,2028-11-07T00:00:00+00:00,777.088,1,0.001,-0.998,0.0015,0,"[{""name"": ""Top"", ""bestBid"": 0.001, ""bestAsk"": 0.002}]"
559692,0x3cd6e52603d80ddbbdac9b1a4d43f9b7faa6aae4fae4d0fdfad3bd58454da7d3,will-jasmine-crockett-win-the-2028-democratic-presidential-nomination,https://polymarket.com/event/will-jasmine-crockett-win-the-2028-democratic-presidential-nomination,https://embed.polymarket.com/market.html?market=will-jasmine-crockett-win-the-2028-democratic-presidential-nomination&features=volume&theme=light,Will Jasmine Crockett win the 2028 Democratic presidential nomination?,united-states,,"24h $1,707 • spread 0.001 • TTR 777.1d",36469485.40711401,1707.8,0.0,0.0,2028-11-07T00:00:00+00:00,777.088,1,0.001,-0.998,0.0015,0,"[{""name"": ""Top"", ""bestBid"": 0.001, ""bestAsk"": 0.002}]"
559670,0xcb239105ed21a2420ba4d85090b9bc32755c56601ffdc528afd17fd6282fe930,will-gina-raimondo-win-the-2028-democratic-presidential-nomination-676,https://polymarket.com/event/will-gina-raimondo-win-the-2028-democratic-presidential-nomination-676,https://embed.polymarket.com/market.html?market=will-gina-raimondo-win-the-2028-democratic-presidential-nomination-676&features=volume&theme=light,Will Gina Raimondo win the 2028 Democratic presidential nomination?,united-states,,24h $441 • spread 0.001 • TTR 777.1d,35773209.42299902,441.37,0.0,0.0,2028-11-07T00:00:00+00:00,777.088,1,0.001,-0.998,0.0015,0,"[{""name"": ""Top"", ""bestBid"": 0.001, ""bestAsk"": 0.002}]"
561249,0x01dffa7abae7e5d9b7fb44b06d537c5ac932e2ca422ab4b53366672f5e2dc7d6,will-greg-abbott-win-the-2028-us-presidential-election,https://polymarket.com/event/will-greg-abbott-win-the-2028-us-presidential-election,https://embed.polymarket.com/market.html?market=will-greg-abbott-win-the-2028-us-presidential-election&features=volume&theme=light,Will Greg Abbott win the 2028 US Presidential Election?,president,,24h $175 • spread 0.001 • TTR 777.1d,35385343.57555204,175.08,-0.0005,-12.5,2028-11-07T00:00:00+00:00,777.088,1,0.001,-0.996,0.0035,0,"[{""name"": ""Top"", ""bestBid"": 0.003, ""bestAsk"": 0.004}]"
561242,0x8fc141205ebce5adf437bfdf4d0c5ff58ff24293b79c9431991346c208bb48ed,will-tulsi-gabbard-win-the-2028-us-presidential-election,https://polymarket.com/event/will-tulsi-gabbard-win-the-2028-us-presidential-election,https://embed.polymarket.com/market.html?market=will-tulsi-gabbard-win-the-2028-us-presidential-election&features=volume&theme=light,Will Tulsi Gabbard win the 2028 US Presidential Election?,president,,"24h $1,384 • spread 0.001 • TTR 777.1d",35375671.45125899,1384.42,0.0,0.0,2028-11-07T00:00:00+00:00,777.088,1,0.001,-0.998,0.0015,0,"[{""name"": ""Top"", ""bestBid"": 0.001, ""bestAsk"": 0.002}]"
561982,0x00ad3bb5284b0b2314b1a2d42812fe292f606619c6278bd95c9d905816c240f6,will-sarah-huckabee-sanders-win-the-2028-republican-presidential-nomination,https://polymarket.com/event/will-sarah-huckabee-sanders-win-the-2028-republican-presidential-nomination,https://embed.polymarket.com/market.html?market=will-sarah-huckabee-sanders-win-the-2028-republican-presidential-nomination&features=volume&theme=light,Will Sarah Huckabee Sanders win the 2028 Republican presidential nomination?,united-states,,"24h $131,006 • TTR 777.1d",34621420.643975005,131006.06,0.0,0.0,2028-11-07T00:00:00+00:00,777.088,1,,-0.999,,0,"[{""name"": ""Top"", ""bestBid"": null, ""bestAsk"": 0.001}]"
559676,0x88d67705780a3d922317ecb0c78a947a306174d0510df2ae89394d5abfb28206,will-barack-obama-win-the-2028-democratic-presidential-nomination-265,https://polymarket.com/event/will-barack-obama-win-the-2028-democratic-presidential-nomination-265,https://embed.polymarket.com/market.html?market=will-barack-obama-win-the-2028-democratic-presidential-nomination-265&features=volume&theme=light,Will Barack Obama win the 2028 Democratic presidential nomination?,united-states,,"24h $16,616 • spread 0.001 • TTR 777.1d",34171249.65686004,16616.66,0.0,0.0,2028-11-07T00:00:00+00:00,777.088,1,0.001,-0.998,0.0015,0,"[{""name"": ""Top"", ""bestBid"": 0.001, ""bestAsk"": 0.002}]"
561240,0x66b906b8205f48a26beb8e553bbb1e7954e87e4f6e1d539823441221d1806e8f,will-stephen-smith-win-the-2028-us-presidential-election,https://polymarket.com/event/will-stephen-smith-win-the-2028-us-presidential-election,https://embed.polymarket.com/market.html?market=will-stephen-smith-win-the-2028-us-presidential-election&features=volume&theme=light,Will Stephen Smith win the 2028 US Presidential Election?,president,,TTR 777.1d,33476118.913494017,,0.0,0.0,2028-11-07T00:00:00+00:00,777.088,1,,-0.999,,0,"[{""name"": ""Top"", ""bestBid"": null, ""bestAsk"": 0.001}]"
1163699,0x9cb23d04b2ded06147482076688b69b487a8d982c63ebdda2ab3678cf27cf390,clarity-act-signed-into-law-in-2026,https://polymarket.com/event/clarity-act-signed-into-law-in-2026,https://embed.polymarket.com/market.html?market=clarity-act-signed-into-law-in-2026&features=volume&theme=light,Clarity Act (H.R.3633) signed into law in 2026?,crypto,,"24h $214,655 • spread 0.002 • TTR 101.3d",22770017.36944801,214655.11,0.0015,2.4793,2027-01-01T05:00:00+00:00,101.297,1,0.002,-0.937,0.062,0,"[{""name"": ""Top"", ""bestBid"": 0.061, ""bestAsk"": 0.063}]"
561999,0xf8dbde8b6e038775a673947e59da2de15a2127272b50b9877400fdbf7cfc3026,will-tom-brady-win-the-2028-republican-presidential-nomination,https://polymarket.com/event/will-tom-brady-win-the-2028-republican-presidential-nomination,https://embed.polymarket.com/market.html?market=will-tom-brady-win-the-2028-republican-presidential-nomination&features=volume&theme=light,Will Tom Brady win the 2028 Republican presidential nomination?,united-states,,24h $169 • TTR 777.1d,32968886.751229025,169.57,0.0,0.0,2028-11-07T00:00:00+00:00,777.088,1,,-0.998,,0,"[{""name"": ""Top"", ""bestBid"": null, ""bestAsk"": 0.002}]"
559664,0xdce84960dce38aa4a5800a5eba7c9ac34d2ce49ba9d44c42572c472d468af264,will-raphael-warnock-win-the-2028-democratic-presidential-nomination-914,https://polymarket.com/event/will-raphael-warnock-win-the-2028-democratic-presidential-nomination-914,https://embed.polymarket.com/market.html?market=will-raphael-warnock-win-the-2028-democratic-presidential-nomination-914&features=volume&theme=light,Will Raphael Warnock win the 2028 Democratic presidential nomination?,united-states,,"24h $13,068 • spread 0.001 • TTR 777.1d",32292630.224432986,13068.88,0.0,0.0,2028-11-07T00:00:00+00:00,777.088,1,0.001,-0.994,0.0055,0,"[{""name"": ""Top"", ""bestBid"": 0.005, ""bestAsk"": 0.006}]"
560317,0x6bd56627aa21311850825edb27e53434a0e17a4f782be0086bc07f71eee00d0d,putin-out-before-2027-346,https://polymarket.com/event/putin-out-before-2027-346,https://embed.polymarket.com/market.html?market=putin-out-before-2027-346&features=volume&theme=light,"Putin out as President of Russia by December 31, 2026?",putin,,"24h $56,775 • spread 0.002 • TTR 101.3d",21925287.798576996,56775.96,-0.007,-15.5556,2027-01-01T04:59:00+00:00,101.296,1,0.002,-0.961,0.038,0,"[{""name"": ""Top"", ""bestBid"": 0.037, ""bestAsk"": 0.039}]"
559672,0x939eeb2dea216749bd409bedde483c3f2bfb0e24d4f2d34461c0b21c6e91f010,will-roy-cooper-win-the-2028-democratic-presidential-nomination-286,https://polymarket.com/event/will-roy-cooper-win-the-2028-democratic-presidential-nomination-286,https://embed.polymarket.com/market.html?market=will-roy-cooper-win-the-2028-democratic-presidential-nomination-286&features=volume&theme=light,Will Roy Cooper win the 2028 Democratic presidential nomination?,united-states,,24h $109 • spread 0.001 • TTR 777.1d,31583582.147226006,109.66,0.0,0.0,2028-11-07T00:00:00+00:00,777.088,1,0.001,-0.998,0.0015,0,"[{""name"": ""Top"", ""bestBid"": 0.001, ""bestAsk"": 0.002}]"
561990,0xfbb80ea5f8fc02ee7df8bd4f58790e1d04b874078a49a7b7028a74a2075100c9,will-elon-musk-win-the-2028-republican-presidential-nomination,https://polymarket.com/event/will-elon-musk-win-the-2028-republican-presidential-nomination,https://embed.polymarket.com/market.html?market=will-elon-musk-win-the-2028-republican-presidential-nomination&features=volume&theme=light,Will Elon Musk win the 2028 Republican presidential nomination?,united-states,,24h $163 • spread 0.001 • TTR 777.1d,31382134.43457601,163.14,0.0,0.0,2028-11-07T00:00:00+00:00,777.088,1,0.001,-0.998,0.0015,0,"[{""name"": ""Top"", ""bestBid"": 0.001, ""bestAsk"": 0.002}]"
601831,0x70f1a7d2cd490b640676d5e31470bcbe16fef40087de1af8b6f6e44e299b5784,will-eduardo-leite-win-the-2026-brazilian-presidential-election,https://polymarket.com/event/will-eduardo-leite-win-the-2026-brazilian-presidential-election,https://embed.polymarket.com/market.html?market=will-eduardo-leite-win-the-2026-brazilian-presidential-election&features=volume&theme=light,Will Eduardo Leite win the 2026 Brazilian presidential election?,politics,,"24h $11,000 • TTR 12.1d",7997936.969926995,11000.0,0.0,0.0,2026-10-04T00:00:00+00:00,12.088,1,,-0.999,,0,"[{""name"": ""Top"", ""bestBid"": null, ""bestAsk"": 0.001}]"
561245,0xe0173375b7eaccb836f7b92d28a9a2d1cc69e54e5a65fae89a5d7e49aadd332e,will-nikki-haley-win-the-2028-us-presidential-election,https://polymarket.com/event/will-nikki-haley-win-the-2028-us-presidential-election,https://embed.polymarket.com/market.html?market=will-nikki-haley-win-the-2028-us-presidential-election&features=volume&theme=light,Will Nikki Haley win the 2028 US Presidential Election?,president,,"24h $7,000 • TTR 777.1d",30119039.557047002,7000.0,0.0,0.0,2028-11-07T00:00:00+00:00,777.088,1,,-0.999,,0,"[{""name"": ""Top"", ""bestBid"": null, ""bestAsk"": 0.001}]"
601827,0xbca3d70ec52a5a441ccc365a3b1b48b9cd0f08dfff4bc5871e2cd92d0d92caa1,will-ronaldo-caiado-win-the-2026-brazilian-presidential-election,https://polymarket.com/event/will-ronaldo-caiado-win-the-2026-brazilian-presidential-election,https://embed.polymarket.com/market.html?market=will-ronaldo-caiado-win-the-2026-brazilian-presidential-election&features=volume&theme=light,Will Ronaldo Caiado win the 2026 Brazilian presidential election?,politics,,"24h $6,079 • TTR 12.1d",7651000.038362,6079.03,0.0,0.0,2026-10-04T00:00:00+00:00,12.088,1,,-0.999,,0,"[{""name"": ""Top"", ""bestBid"": null, ""bestAsk"": 0.001}]"
601828,0x054725b2a7971376f7924a7021221b12acc50fe78d97817824fe411704d5b5a2,will-romeu-zema-win-the-2026-brazilian-presidential-election,https://polymarket.com/event/will-romeu-zema-win-the-2026-brazilian-presidential-election,https://embed.polymarket.com/market.html?market=will-romeu-zema-win-the-2026-brazilian-presidential-election&features=volume&theme=light,Will Romeu Zema win the 2026 Brazilian presidential election?,politics,,"24h $65,607 • spread 0.001 • TTR 12.1d",7648554.509736001,65607.58,0.0,0.0,2026-10-04T00:00:00+00:00,12.088,1,0.001,-0.998,0.0015,0,"[{""name"": ""Top"", ""bestBid"": 0.001, ""bestAsk"": 0.002}]"
601821,0xdd3d104667774208eae2239f576122ecdd1c04ba81cc14d26d22a36b33887977,will-fernando-haddad-win-the-2026-brazilian-presidential-election,https://polymarket.com/event/will-fernando-haddad-win-the-2026-brazilian-presidential-election,https://embed.polymarket.com/market.html?market=will-fernando-haddad-win-the-2026-brazilian-presidential-election&features=volume&theme=light,Will Fernando Haddad win the 2026 Brazilian presidential election?,politics,,"24h $4,000 • TTR 12.1d",7543953.161962997,4000.0,0.0,0.0,2026-10-04T00:00:00+00:00,12.088,1,,-0.999,,0,"[{""name"": ""Top"", ""bestBid"": null, ""bestAsk"": 0.001}]"
561992,0x61a1278884fa70d68d4bcaaf72fad55bbdb063cac28c6947472ca91635fab10f,will-katie-britt-win-the-2028-republican-presidential-nomination,https://polymarket.com/event/will-katie-britt-win-the-2028-republican-presidential-nomination,https://embed.polymarket.com/market.html?market=will-katie-britt-win-the-2028-republican-presidential-nomination&features=volume&theme=light,Will Katie Britt win the 2028 Republican presidential nomination?,united-states,,24h $292 • spread 0.001 • TTR 777.1d,28966088.696781017,292.3,0.0,0.0,2028-11-07T00:00:00+00:00,777.088,1,0.001,-0.998,0.0015,0,"[{""name"": ""Top"", ""bestBid"": 0.001, ""bestAsk"": 0.002}]"
562003,0x414378275cb214b747245942be889ee1e077c56d1c00eb4d726629c95f22b5a5,will-kim-kardashian-win-the-2028-republican-presidential-nomination,https://polymarket.com/event/will-kim-kardashian-win-the-2028-republican-presidential-nomination,https://embed.polymarket.com/market.html?market=will-kim-kardashian-win-the-2028-republican-presidential-nomination&features=volume&theme=light,Will Kim Kardashian win the 2028 Republican presidential nomination?,united-states,,24h $103 • spread 0.001 • TTR 777.1d,28565533.916039,103.5,0.0,0.0,2028-11-07T00:00:00+00:00,777.088,1,0.001,-0.998,0.0015,0,"[{""name"": ""Top"", ""bestBid"": 0.001, ""bestAsk"": 0.002}]"
561238,0xc4435df23facee8c4cd86090310c7835c2a0425646b2588b0a02e67fa42f444e,will-glenn-youngkin-win-the-2028-us-presidential-election,https://polymarket.com/event/will-glenn-youngkin-win-the-2028-us-presidential-election,https://embed.polymarket.com/market.html?market=will-glenn-youngkin-win-the-2028-us-presidential-election&features=volume&theme=light,Will Glenn Youngkin win the 2028 US Presidential Election?,president,,"24h $681,873 • spread 0.001 • TTR 777.1d",28199291.203643,681873.91,0.0,0.0,2028-11-07T00:00:00+00:00,777.088,1,0.001,-0.998,0.0015,0,"[{""name"": ""Top"", ""bestBid"": 0.001, ""bestAsk"": 0.002}]"
601820,0x63d8f3a34c90bd5342dda8acf62b6a898dfa52f86475efaf180b66493ef6af80,will-jair-bolsonaro-win-the-2026-brazilian-presidential-election,https://polymarket.com/event/will-jair-bolsonaro-win-the-2026-brazilian-presidential-election,https://embed.polymarket.com/market.html?market=will-jair-bolsonaro-win-the-2026-brazilian-presidential-election&features=volume&theme=light,Will Jair Bolsonaro win the 2026 Brazilian presidential election?,politics,,"24h $54,905 • spread 0.001 • TTR 12.1d",7275065.568873997,54905.39,0.0,0.0,2026-10-04T00:00:00+00:00,12.088,1,0.001,-0.998,0.0015,0,"[{""name"": ""Top"", ""bestBid"": 0.001, ""bestAsk"": 0.002}]"
561987,0x655b4bfdfa55a95c24d6e9bf7e7cd62f1b57da9a1f4c7f40f090b8ba847dffa2,will-elise-stefanik-win-the-2028-republican-presidential-nomination,https://polymarket.com/event/will-elise-stefanik-win-the-2028-republican-presidential-nomination,https://embed.polymarket.com/market.html?market=will-elise-stefanik-win-the-2028-republican-presidential-nomination&features=volume&theme=light,Will Elise Stefanik win the 2028 Republican presidential nomination?,united-states,,24h $879 • spread 0.001 • TTR 777.1d,27991252.04155401,879.54,0.0,0.0,2028-11-07T00:00:00+00:00,777.088,1,0.001,-0.998,0.0015,0,"[{""name"": ""Top"", ""bestBid"": 0.001, ""bestAsk"": 0.002}]"
559652,0x0f49db97f71c68b1e42a6d16e3de93d85dbf7d4148e3f018eb79e88554be9f75,will-gavin-newsom-win-the-2028-democratic-presidential-nomination-568,https://polymarket.com/event/will-gavin-newsom-win-the-2028-democratic-presidential-nomination-568,https://embed.polymarket.com/market.html?market=will-gavin-newsom-win-the-2028-democratic-presidential-nomination-568&features=volume&theme=light,Will Gavin Newsom win the 2028 Democratic presidential nomination?,united-states,,"24h $26,056 • spread 0.001 • TTR 777.1d",27709220.37201297,26056.27,-0.02,-12.945,2028-11-07T00:00:00+00:00,777.088,1,0.001,-0.865,0.1345,0,"[{""name"": ""Top"", ""bestBid"": 0.134, ""bestAsk"": 0.135}]"
559674,0x8fbcb151e2c988df5a43abb02298014b7daf34c008f3eed9188dd16a2a19bec1,will-jared-polis-win-the-2028-democratic-presidential-nomination-837,https://polymarket.com/event/will-jared-polis-win-the-2028-democratic-presidential-nomination-837,https://embed.polymarket.com/market.html?market=will-jared-polis-win-the-2028-democratic-presidential-nomination-837&features=volume&theme=light,Will Jared Polis win the 2028 Democratic presidential nomination?,united-states,,24h $93 • spread 0.001 • TTR 777.1d,27407422.074758016,93.65,0.0,0.0,2028-11-07T00:00:00+00:00,777.088,1,0.001,-0.998,0.0015,0,"[{""name"": ""Top"", ""bestBid"": 0.001, ""bestAsk"": 0.002}]"
561250,0x68e3c4e0dd8f82d010060032006fd157401b0bd8e04bd2953ae293e31eb99bf6,will-elon-musk-win-the-2028-us-presidential-election,https://polymarket.com/event/will-elon-musk-win-the-2028-us-presidential-election,https://embed.polymarket.com/market.html?market=will-elon-musk-win-the-2028-us-presidential-election&features=volume&theme=light,Will Elon Musk win the 2028 US Presidential Election?,president,,24h $104 • spread 0.001 • TTR 777.1d,27139284.276820995,104.33,0.0,0.0,2028-11-07T00:00:00+00:00,777.088,1,0.001,-0.998,0.0015,0,"[{""name"": ""Top"", ""bestBid"": 0.001, ""bestAsk"": 0.002}]"
2155000,0xa4ddc18895cc7b14810283ef8f113939abffd3969c6a0e37f1897110c67e6f73,hantavirus-pandemic-in-2026,https://polymarket.com/event/hantavirus-pandemic-in-2026,https://embed.polymarket.com/market.html?market=hantavirus-pandemic-in-2026&features=volume&theme=light,Hantavirus pandemic in 2026?,pandemics,,"24h $1,851 • spread 0.001 • TTR 101.3d",18363118.57823809,1851.62,-0.0015,-5.3571,2027-01-01T04:59:00+00:00,101.296,1,0.001,-0.973,0.0265,0,"[{""name"": ""Top"", ""bestBid"": 0.026, ""bestAsk"": 0.027}]"
2034729,0xace3c72c24fccb6731433483ece41c780432d84850edccd5a6bf3147ccea62a9,will-the-us-confirm-that-aliens-exist-by-september-30-396,https://polymarket.com/event/will-the-us-confirm-that-aliens-exist-by-september-30-396,https://embed.polymarket.com/market.html?market=will-the-us-confirm-that-aliens-exist-by-september-30-396&features=volume&theme=light,Will the US confirm that aliens exist by September 30?,aliens,,"24h $283,531 • spread 0.002 • TTR 9.3d",6266721.680675999,283531.85,0.004,114.2857,2026-10-01T03:59:00+00:00,9.254,1,0.002,-0.991,0.008,0,"[{""name"": ""Top"", ""bestBid"": 0.007, ""bestAsk"": 0.009}]"
559667,0x3e218c99a1335641b3a5ee6c887521d19b0c28fddd6b99c254a07968e35c0b1b,will-michelle-obama-win-the-2028-democratic-presidential-nomination-777,https://polymarket.com/event/will-michelle-obama-win-the-2028-democratic-presidential-nomination-777,https://embed.polymarket.com/market.html?market=will-michelle-obama-win-the-2028-democratic-presidential-nomination-777&features=volume&theme=light,Will Michelle Obama win the 2028 Democratic presidential nomination?,united-states,,"24h $17,642 • spread 0.001 • TTR 777.1d",26322200.47958701,17642.76,0.0,0.0,2028-11-07T00:00:00+00:00,777.088,1,0.001,-0.997,0.0025,0,"[{""name"": ""Top"", ""bestBid"": 0.002, ""bestAsk"": 0.003}]"
559665,0x1970bcce75e3674660917ae4685b433a9b1e0152d810a8d7c346dfd5e00694c2,will-corey-booker-win-the-2028-democratic-presidential-nomination-125,https://polymarket.com/event/will-corey-booker-win-the-2028-democratic-presidential-nomination-125,https://embed.polymarket.com/market.html?market=will-corey-booker-win-the-2028-democratic-presidential-nomination-125&features=volume&theme=light,Will Cory Booker win the 2028 Democratic presidential nomination?,united-states,,"24h $10,470 • spread 0.001 • TTR 777.1d",26316694.23240102,10470.02,0.001,18.1818,2028-11-07T00:00:00+00:00,777.088,1,0.001,-0.993,0.0065,0,"[{""name"": ""Top"", ""bestBid"": 0.006, ""bestAsk"": 0.007}]"
559673,0xca1d1139b0c3a29983407f499476ae642482788e841a277eb86faeeb9fa4a85c,will-john-fetterman-win-the-2028-democratic-presidential-nomination-941,https://polymarket.com/event/will-john-fetterman-win-the-2028-democratic-presidential-nomination-941,https://embed.polymarket.com/market.html?market=will-john-fetterman-win-the-2028-democratic-presidential-nomination-941&features=volume&theme=light,Will John Fetterman win the 2028 Democratic presidential nomination?,united-states,,"24h $2,177 • TTR 777.1d",25657730.564834025,2177.09,0.0,0.0,2028-11-07T00:00:00+00:00,777.088,1,,-0.999,,0,"[{""name"": ""Top"", ""bestBid"": null, ""bestAsk"": 0.001}]"
601830,0xd0536d9612e041312235baceac52bde48821e8aad4607533513b3782904b7d49,will-geraldo-alckmin-win-the-2026-brazilian-presidential-election,https://polymarket.com/event/will-geraldo-alckmin-win-the-2026-brazilian-presidential-election,https://embed.polymarket.com/market.html?market=will-geraldo-alckmin-win-the-2026-brazilian-presidential-election&features=volume&theme=light,Will Geraldo Alckmin win the 2026 Brazilian presidential election?,politics,,"24h $158,741 • spread 0.001 • TTR 12.1d",6454795.056682002,158741.07,0.001,200.0,2026-10-04T00:00:00+00:00,12.088,1,0.001,-0.998,0.0015,0,"[{""name"": ""Top"", ""bestBid"": 0.001, ""bestAsk"": 0.002}]"
559675,0xfee07be730188c94cd3644ed6f107fa3ea2dfab9989ce8d39aeeae064766abe3,will-jon-stewart-win-the-2028-democratic-presidential-nomination-518,https://polymarket.com/event/will-jon-stewart-win-the-2028-democratic-presidential-nomination-518,https://embed.polymarket.com/market.html?market=will-jon-stewart-win-the-2028-democratic-presidential-nomination-518&features=volume&theme=light,Will Jon Stewart win the 2028 Democratic presidential nomination?,united-states,,24h $44 • spread 0.001 • TTR 777.1d,24766678.030456014,44.97,0.001,28.5714,2028-11-07T00:00:00+00:00,777.088,1,0.001,-0.995,0.0045,0,"[{""name"": ""Top"", ""bestBid"": 0.004, ""bestAsk"": 0.005}]"
2772194,0xefa17dee3af09f69f9ddf245b969aa4efbe7c71cdf06ee49d694408bc33e2ed2,will-shakhtar-donetsk-win-the-2026-27-uefa-champions-league-championship-20260701202025578,https://polymarket.com/event/will-shakhtar-donetsk-win-the-2026-27-uefa-champions-league-championship-20260701202025578,https://embed.polymarket.com/market.html?market=will-shakhtar-donetsk-win-the-2026-27-uefa-champions-league-championship-20260701202025578&features=volume&theme=light,Will Shakhtar Donetsk win the 2026-27 UEFA Champions League Championship?,ucl,,"24h $459,697 • spread 0.001 • TTR 251.1d",20603171.012000006,459697.12,0.0,0.0,2027-05-30T23:59:00+00:00,251.088,1,0.001,-0.998,0.0015,0,"[{""name"": ""Top"", ""bestBid"": 0.001, ""bestAsk"": 0.002}]"
559662,0x9d4f94f82de9d13ff1d3318639ab9000ee2533949e525343156f374fb00bd9b1,will-mark-cuban-win-the-2028-democratic-presidential-nomination-329,https://polymarket.com/event/will-mark-cuban-win-the-2028-democratic-presidential-nomination-329,https://embed.polymarket.com/market.html?market=will-mark-cuban-win-the-2028-democratic-presidential-nomination-329&features=volume&theme=light,Will Mark Cuban win the 2028 Democratic presidential nomination?,united-states,,"24h $35,736 • spread 0.002 • TTR 777.1d",23129991.02943001,35736.53,0.0005,14.2857,2028-11-07T00:00:00+00:00,777.088,1,0.002,-0.995,0.004,0,"[{""name"": ""Top"", ""bestBid"": 0.003, ""bestAsk"": 0.005}]"
559657,0xc8f1cf5d4f26e0fd9c8fe89f2a7b3263b902cf14fde7bfccef525753bb492e47,will-stephen-a-smith-win-the-2028-democratic-presidential-nomination-914,https://polymarket.com/event/will-stephen-a-smith-win-the-2028-democratic-presidential-nomination-914,https://embed.polymarket.com/market.html?market=will-stephen-a-smith-win-the-2028-democratic-presidential-nomination-914&features=volume&theme=light,Will Stephen A. Smith win the 2028 Democratic presidential nomination?,united-states,,"24h $8,310 • spread 0.001 • TTR 777.1d",23050046.624689016,8310.26,0.0,0.0,2028-11-07T00:00:00+00:00,777.088,1,0.001,-0.998,0.0015,0,"[{""name"": ""Top"", ""bestBid"": 0.001, ""bestAsk"": 0.002}]"
562001,0xd5659eea81cada0bac656f5a9099861786cbae6755e2e1ac2c9e9441908b551f,will-steve-bannon-win-the-2028-republican-presidential-nomination,https://polymarket.com/event/will-steve-bannon-win-the-2028-republican-presidential-nomination,https://embed.polymarket.com/market.html?market=will-steve-bannon-win-the-2028-republican-presidential-nomination&features=volume&theme=light,Will Steve Bannon win the 2028 Republican presidential nomination?,united-states,,24h $28 • spread 0.001 • TTR 777.1d,22966532.052025005,28.81,0.0,0.0,2028-11-07T00:00:00+00:00,777.088,1,0.001,-0.998,0.0015,0,"[{""name"": ""Top"", ""bestBid"": 0.001, ""bestAsk"": 0.002}]"
561256,0xf05b4b55336a4c1c7b44c726911d2b559732cff7bad339084de86ae364dc85f6,will-zohran-mamdani-win-the-2028-us-presidential-election,https://polymarket.com/event/will-zohran-mamdani-win-the-2028-us-presidential-election,https://embed.polymarket.com/market.html?market=will-zohran-mamdani-win-the-2028-us-presidential-election&features=volume&theme=light,Will Zohran Mamdani win the 2028 US Presidential Election?,president,,TTR 777.1d,22197532.778912988,,0.0,0.0,2028-11-07T00:00:00+00:00,777.088,1,,-0.999,,0,"[{""name"": ""Top"", ""bestBid"": null, ""bestAsk"": 0.001}]"
601829,0x101d084cd035070abde58d8a3113b78e11ba68028b0d9e7e38ea7d780797aecc,will-camilo-santana-win-the-2026-brazilian-presidential-election,https://polymarket.com/event/will-camilo-santana-win-the-2026-brazilian-presidential-election,https://embed.polymarket.com/market.html?market=will-camilo-santana-win-the-2026-brazilian-presidential-election&features=volume&theme=light,Will Camilo Santana win the 2026 Brazilian presidential election?,politics,,"24h $5,564 • TTR 12.1d",5590133.009657,5564.15,0.0,0.0,2026-10-04T00:00:00+00:00,12.088,1,,-0.999,,0,"[{""name"": ""Top"", ""bestBid"": null, ""bestAsk"": 0.001}]"
561983,0x214093035e429b91df322bd20c55d9f611f741f67472a63f7623a9afc0cffa57,will-greg-abbott-win-the-2028-republican-presidential-nomination,https://polymarket.com/event/will-greg-abbott-win-the-2028-republican-presidential-nomination,https://embed.polymarket.com/market.html?market=will-greg-abbott-win-the-2028-republican-presidential-nomination&features=volume&theme=light,Will Greg Abbott win the 2028 Republican presidential nomination?,united-states,,"24h $41,960 • spread 0.002 • TTR 777.1d",21380548.986706,41960.01,0.0015,100.0,2028-11-07T00:00:00+00:00,777.088,1,0.002,-0.996,0.003,0,"[{""name"": ""Top"", ""bestBid"": 0.002, ""bestAsk"": 0.004}]"
561991,0xf2cea45ec282af4f302d2ab85ede73678cd692ebf8c3ab6d52bfa5e19f44c553,will-matt-gaetz-win-the-2028-republican-presidential-nomination,https://polymarket.com/event/will-matt-gaetz-win-the-2028-republican-presidential-nomination,https://embed.polymarket.com/market.html?market=will-matt-gaetz-win-the-2028-republican-presidential-nomination&features=volume&theme=light,Will Matt Gaetz win the 2028 Republican presidential nomination?,united-states,,TTR 777.1d,20410117.635418005,,0.0,0.0,2028-11-07T00:00:00+00:00,777.088,1,,-0.999,,0,"[{""name"": ""Top"", ""bestBid"": null, ""bestAsk"": 0.001}]"
561988,0x4d4bceee5f59f75230c6438f69fc913a6da7afa4098ce0734655045c02a730fc,will-josh-hawley-win-the-2028-republican-presidential-nomination,https://polymarket.com/event/will-josh-hawley-win-the-2028-republican-presidential-nomination,https://embed.polymarket.com/market.html?market=will-josh-hawley-win-the-2028-republican-presidential-nomination&features=volume&theme=light,Will Josh Hawley win the 2028 Republican presidential nomination?,united-states,,"24h $1,184 • spread 0.002 • TTR 777.1d",20409372.659514003,1184.19,-0.0005,-14.2857,2028-11-07T00:00:00+00:00,777.088,1,0.002,-0.996,0.003,0,"[{""name"": ""Top"", ""bestBid"": 0.002, ""bestAsk"": 0.004}]"
559651,0xa467b14d51f01b957109d9cbb1d6c124fab2a089d52ed8f471d23c2812e743b7,xi-jinping-out-before-2027,https://polymarket.com/event/xi-jinping-out-before-2027,https://embed.polymarket.com/market.html?market=xi-jinping-out-before-2027&features=volume&theme=light,Xi Jinping out before 2027?,hfc,,"24h $83,495 • spread 0.001 • TTR 101.3d",13796492.880572008,83495.85,0.005,13.3333,2027-01-01T04:59:00+00:00,101.296,1,0.001,-0.957,0.0425,0,"[{""name"": ""Top"", ""bestBid"": 0.042, ""bestAsk"": 0.043}]"
562000,0xd10bc768ede58b53ed400594240b0a0603134a32dab89ec823a18759cbc180ca,will-rand-paul-win-the-2028-republican-presidential-nomination,https://polymarket.com/event/will-rand-paul-win-the-2028-republican-presidential-nomination,https://embed.polymarket.com/market.html?market=will-rand-paul-win-the-2028-republican-presidential-nomination&features=volume&theme=light,Will Rand Paul win the 2028 Republican presidential nomination?,united-states,,24h $28 • spread 0.002 • TTR 777.1d,19550387.19280199,28.44,0.0,0.0,2028-11-07T00:00:00+00:00,777.088,1,0.002,-0.997,0.002,0,"[{""name"": ""Top"", ""bestBid"": 0.001, ""bestAsk"": 0.003}]"
561989,0x0ac23db1e56971022bc7e822b907a2466c618b34104ea72bc9fa95e41c86a9c6,will-ted-cruz-win-the-2028-republican-presidential-nomination,https://polymarket.com/event/will-ted-cruz-win-the-2028-republican-presidential-nomination,https://embed.polymarket.com/market.html?market=will-ted-cruz-win-the-2028-republican-presidential-nomination&features=volume&theme=light,Will Ted Cruz win the 2028 Republican presidential nomination?,united-states,,"24h $3,372 • spread 0.001 • TTR 777.1d",19454006.886438996,3373.0,0.0,0.0,2028-11-07T00:00:00+00:00,777.088,1,0.001,-0.981,0.0185,0,"[{""name"": ""Top"", ""bestBid"": 0.018, ""bestAsk"": 0.019}]"
601836,0x536b507838dcdac8966510d84abb8f1c51362d632ab2023b94e810ba6fdf5cb7,will-augusto-cury-win-the-2026-brazilian-presidential-election,https://polymarket.com/event/will-augusto-cury-win-the-2026-brazilian-presidential-election,https://embed.polymarket.com/market.html?market=will-augusto-cury-win-the-2026-brazilian-presidential-election&features=volume&theme=light,Will Augusto Cury win the 2026 Brazilian presidential election?,politics,,"24h $14,552 • TTR 12.1d",4996651.049753002,14552.11,-0.001,-66.6667,2026-10-04T00:00:00+00:00,12.088,1,,-0.999,,0,"[{""name"": ""Top"", ""bestBid"": null, ""bestAsk"": 0.001}]"
561257,0xbbbece074c2d4010e39e39c85ed67b1131180fcea616073c893fb6beaf51d783,will-michelle-obama-win-the-2028-us-presidential-election,https://polymarket.com/event/will-michelle-obama-win-the-2028-us-presidential-election,https://embed.polymarket.com/market.html?market=will-michelle-obama-win-the-2028-us-presidential-election&features=volume&theme=light,Will Michelle Obama win the 2028 US Presidential Election?,president,,"24h $7,643 • spread 0.001 • TTR 777.1d",19266685.860159997,7643.87,0.0,0.0,2028-11-07T00:00:00+00:00,777.088,1,0.001,-0.998,0.0015,0,"[{""name"": ""Top"", ""bestBid"": 0.001, ""bestAsk"": 0.002}]"
561237,0x09ad4955c170d46c6d80b5f554435b19e229ff7dbe55370892b64782336cc3b9,will-andy-beshear-win-the-2028-us-presidential-election,https://polymarket.com/event/will-andy-beshear-win-the-2028-us-presidential-election,https://embed.polymarket.com/market.html?market=will-andy-beshear-win-the-2028-us-presidential-election&features=volume&theme=light,Will Andy Beshear win the 2028 US Presidential Election?,president,,"24h $6,367 • spread 0.001 • TTR 777.1d",19213164.977888007,6367.92,0.0,0.0,2028-11-07T00:00:00+00:00,777.088,1,0.001,-0.989,0.0105,0,"[{""name"": ""Top"", ""bestBid"": 0.01, ""bestAsk"": 0.011}]"
601832,0xafd3f96b7b6084509e625270538ff0699003fafc042263c1216e7f084cef753a,will-aldo-rebelo-win-the-2026-brazilian-presidential-election,https://polymarket.com/event/will-aldo-rebelo-win-the-2026-brazilian-presidential-election,https://embed.polymarket.com/market.html?market=will-aldo-rebelo-win-the-2026-brazilian-presidential-election&features=volume&theme=light,Will Aldo Rebelo win the 2026 Brazilian presidential election?,politics,,"24h $10,000 • TTR 12.1d",4966807.674043002,10000.0,0.0,0.0,2026-10-04T00:00:00+00:00,12.088,1,,-0.999,,0,"[{""name"": ""Top"", ""bestBid"": null, ""bestAsk"": 0.001}]"
562002,0x7abed80b88301210ee83b7b14ec41bc9a5161e1af07254fbb26c6e2bf7182766,will-erika-kirk-win-the-2028-republican-presidential-nomination,https://polymarket.com/event/will-erika-kirk-win-the-2028-republican-presidential-nomination,https://embed.polymarket.com/market.html?market=will-erika-kirk-win-the-2028-republican-presidential-nomination&features=volume&theme=light,Will Erika Kirk win the 2028 Republican presidential nomination?,united-states,,TTR 777.1d,19033544.533152007,,0.0,0.0,2028-11-07T00:00:00+00:00,777.088,1,,-0.999,,0,"[{""name"": ""Top"", ""bestBid"": null, ""bestAsk"": 0.001}]"
561263,0x2d3c4fc5cde6dfb43448402b912e41bd4453e3f030448ed026bff8f1a0bc072e,will-eric-trump-win-the-2028-us-presidential-election,https://polymarket.com/event/will-eric-trump-win-the-2028-us-presidential-election,https://embed.polymarket.com/market.html?market=will-eric-trump-win-the-2028-us-presidential-election&features=volume&theme=light,Will Eric Trump win the 2028 US Presidential Election?,president,,TTR 777.1d,18827926.98076101,,0.0,0.0,2028-11-07T00:00:00+00:00,777.088,1,,-0.999,,0,"[{""name"": ""Top"", ""bestBid"": null, ""bestAsk"": 0.001}]"
559656,0x61d9486c0f7e14ed98f3b177b6adcb3cd45646c92e8bbfbf209789b86472d4b6,will-wes-moore-win-the-2028-democratic-presidential-nomination-714,https://polymarket.com/event/will-wes-moore-win-the-2028-democratic-presidential-nomination-714,https://embed.polymarket.com/market.html?market=will-wes-moore-win-the-2028-democratic-presidential-nomination-714&features=volume&theme=light,Will Wes Moore win the 2028 Democratic presidential nomination?,united-states,,24h $142 • spread 0.001 • TTR 777.1d,18421857.631799005,142.61,0.0,0.0,2028-11-07T00:00:00+00:00,777.088,1,0.001,-0.982,0.0175,0,"[{""name"": ""Top"", ""bestBid"": 0.017, ""bestAsk"": 0.018}]"
561230,0x4567b275e6b667a6217f5cb4f06a797d3a1eaf1d0281fb5bc8c75e2046ae7e57,will-gavin-newsom-win-the-2028-us-presidential-election,https://polymarket.com/event/will-gavin-newsom-win-the-2028-us-presidential-election,https://embed.polymarket.com/market.html?market=will-gavin-newsom-win-the-2028-us-presidential-election&features=volume&theme=light,Will Gavin Newsom win the 2028 US Presidential Election?,president,,"24h $25,324 • spread 0.002 • TTR 777.1d",18411355.191884004,25324.81,-0.0115,-14.2857,2028-11-07T00:00:00+00:00,777.088,1,0.002,-0.93,0.069,0,"[{""name"": ""Top"", ""bestBid"": 0.068, ""bestAsk"": 0.07}]"
561985,0x42631e1a8c8e6389422b58b8e15b1b551892b9833651aa3bab25afab124354b5,will-brian-kemp-win-the-2028-republican-presidential-nomination,https://polymarket.com/event/will-brian-kemp-win-the-2028-republican-presidential-nomination,https://embed.polymarket.com/market.html?market=will-brian-kemp-win-the-2028-republican-presidential-nomination&features=volume&theme=light,Will Brian Kemp win the 2028 Republican presidential nomination?,united-states,,24h $22 • spread 0.001 • TTR 777.1d,17937045.165736996,22.15,0.0,0.0,2028-11-07T00:00:00+00:00,777.088,1,0.001,-0.996,0.0035,0,"[{""name"": ""Top"", ""bestBid"": 0.003, ""bestAsk"": 0.004}]"
898425,0xcf72b0f49af9446288a897ac1d73afa72549d98de7860bb17dacc3c4379a2c58,will-liam-lawson-be-the-2026-f1-drivers-champion,https://polymarket.com/event/will-liam-lawson-be-the-2026-f1-drivers-champion,https://embed.polymarket.com/market.html?market=will-liam-lawson-be-the-2026-f1-drivers-champion&features=volume&theme=light,Will Liam Lawson be the 2026 F1 Drivers' Champion?,sports,,TTR 75.1d,10726111.476794006,,0.0,0.0,2026-12-06T00:00:00+00:00,75.088,1,,-0.999,,0,"[{""name"": ""Top"", ""bestBid"": null, ""bestAsk"": 0.001}]"
559668,0x36db77c539bcc8c7bf0686c1b99f30c5a5eed1f53d3b3a27a071550c81f83701,will-mark-kelly-win-the-2028-democratic-presidential-nomination-479,https://polymarket.com/event/will-mark-kelly-win-the-2028-democratic-presidential-nomination-479,https://embed.polymarket.com/market.html?market=will-mark-kelly-win-the-2028-democratic-presidential-nomination-479&features=volume&theme=light,Will Mark Kelly win the 2028 Democratic presidential nomination?,united-states,,24h $78 • spread 0.001 • TTR 777.1d,17600529.01130399,78.92,0.0,0.0,2028-11-07T00:00:00+00:00,777.088,1,0.001,-0.969,0.0305,0,"[{""name"": ""Top"", ""bestBid"": 0.03, ""bestAsk"": 0.031}]"
2176270,0x5c79dfde05559b79a9cb9f7c4187e4d49632dd042572ae676952f812732591cc,strait-of-hormuz-traffic-returns-to-normal-by-december-31,https://polymarket.com/event/strait-of-hormuz-traffic-returns-to-normal-by-december-31,https://embed.polymarket.com/market.html?market=strait-of-hormuz-traffic-returns-to-normal-by-december-31&features=volume&theme=light,Strait of Hormuz traffic returns to normal by December 31?,politics,,"24h $65,926 • spread 0.010 • TTR 101.3d",12004428.355011001,65926.75,0.02,11.4286,2027-01-01T04:59:00+00:00,101.296,1,0.01,-0.8,0.195,0,"[{""name"": ""Top"", ""bestBid"": 0.19, ""bestAsk"": 0.2}]"
559691,0xc720fcfa9e29346a976902f87e0f0f3bdc31d43af501b4fdef4f1780a30dd359,will-chris-murphy-win-the-2028-democratic-presidential-nomination,https://polymarket.com/event/will-chris-murphy-win-the-2028-democratic-presidential-nomination,https://embed.polymarket.com/market.html?market=will-chris-murphy-win-the-2028-democratic-presidential-nomination&features=volume&theme=light,Will Chris Murphy win the 2028 Democratic presidential nomination?,united-states,,"24h $1,180 • spread 0.001 • TTR 777.1d",17407773.72182599,1180.64,0.0,0.0,2028-11-07T00:00:00+00:00,777.088,1,0.001,-0.995,0.0045,0,"[{""name"": ""Top"", ""bestBid"": 0.004, ""bestAsk"": 0.005}]"
666861,0x48b0b0bca515f68fccf95af4793dbd0edbfec1f8ec6e8df2c0f69ba74f8c4722,trump-out-as-president-before-2027,https://polymarket.com/event/trump-out-as-president-before-2027,https://embed.polymarket.com/market.html?market=trump-out-as-president-before-2027&features=volume&theme=light,Trump out as President before 2027?,politics,,"24h $52,731 • spread 0.010 • TTR 101.3d",11823771.896918992,52731.26,0.0,0.0,2027-01-01T04:59:00+00:00,101.296,1,0.01,-0.94,0.055,0,"[{""name"": ""Top"", ""bestBid"": 0.05, ""bestAsk"": 0.06}]"
561984,0xc510176cf39d73295354fc797d84b510d050b45d29d6c9735ee18cdbc4fd6463,will-robert-f-kennedy-jr-win-the-2028-republican-presidential-nomination,https://polymarket.com/event/will-robert-f-kennedy-jr-win-the-2028-republican-presidential-nomination,https://embed.polymarket.com/market.html?market=will-robert-f-kennedy-jr-win-the-2028-republican-presidential-nomination&features=volume&theme=light,Will Robert F. Kennedy Jr. win the 2028 Republican presidential nomination?,united-states,,24h $37 • spread 0.001 • TTR 777.1d,16838930.129846007,37.02,0.0,0.0,2028-11-07T00:00:00+00:00,777.088,1,0.001,-0.997,0.0025,0,"[{""name"": ""Top"", ""bestBid"": 0.002, ""bestAsk"": 0.003}]"
561229,0x7ad403c3508f8e3912940fd1a913f227591145ca0614074208e0b962d5fcc422,will-jd-vance-win-the-2028-us-presidential-election,https://polymarket.com/event/will-jd-vance-win-the-2028-us-presidential-election,https://embed.polymarket.com/market.html?market=will-jd-vance-win-the-2028-us-presidential-election&features=volume&theme=light,Will JD Vance win the 2028 US Presidential Election?,president,,"24h $4,181 • spread 0.001 • TTR 777.1d",16432611.653426988,4181.99,-0.001,-0.4819,2028-11-07T00:00:00+00:00,777.088,1,0.001,-0.793,0.2065,0,"[{""name"": ""Top"", ""bestBid"": 0.206, ""bestAsk"": 0.207}]"
637002,0x962e5b226a77266ab429029ee04665e8fcfeb10b91af593786ceab871d2e945f,will-donald-trump-win-the-nobel-peace-prize-in-2026-382,https://polymarket.com/event/will-donald-trump-win-the-nobel-peace-prize-in-2026-382,https://embed.polymarket.com/market.html?market=will-donald-trump-win-the-nobel-peace-prize-in-2026-382&features=volume&theme=light,Will Donald Trump win the Nobel Peace Prize in 2026?,awards,,"24h $79,914 • spread 0.002 • TTR 18.1d",4990235.2302629985,79914.11,-0.004,-15.3846,2026-10-10T00:00:00+00:00,18.088,1,0.002,-0.977,0.022,0,"[{""name"": ""Top"", ""bestBid"": 0.021, ""bestAsk"": 0.023}]"
561981,0xd997dc2a212a7d6673375a3b016db1fb214247142f8cde0cbf07f8e6d789877c,will-vivek-ramaswamy-win-the-2028-republican-presidential-nomination,https://polymarket.com/event/will-vivek-ramaswamy-win-the-2028-republican-presidential-nomination,https://embed.polymarket.com/market.html?market=will-vivek-ramaswamy-win-the-2028-republican-presidential-nomination&features=volume&theme=light,Will Vivek Ramaswamy win the 2028 Republican presidential nomination?,united-states,,"24h $1,288 • spread 0.001 • TTR 777.1d",16110590.071815008,1288.0,0.0,0.0,2028-11-07T00:00:00+00:00,777.088,1,0.001,-0.997,0.0025,0,"[{""name"": ""Top"", ""bestBid"": 0.002, ""bestAsk"": 0.003}]"
3128887,0x30174f3f46398e37c96a07b45916e01eab9a8a854ecb624ac73a91a8490fd074,us-announces-end-of-iranian-blockade-by-september-30-2026-20260727171615364-722-649-646-561-213-644-414-831,https://polymarket.com/event/us-announces-end-of-iranian-blockade-by-september-30-2026-20260727171615364-722-649-646-561-213-644-414-831,https://embed.polymarket.com/market.html?market=us-announces-end-of-iranian-blockade-by-september-30-2026-20260727171615364-722-649-646-561-213-644-414-831&features=volume&theme=light,"US announces end of Iranian blockade by September 30, 2026?",iran,,"24h $139,423 • spread 0.010 • TTR 9.3d",3747815.957393999,139423.69,-0.005,-4.5455,2026-10-01T03:59:00+00:00,9.254,1,0.01,-0.89,0.105,0,"[{""name"": ""Top"", ""bestBid"": 0.1, ""bestAsk"": 0.11}]"
1126504,0x890fc3ba40458db0b67560691aa1597344c2a0560d18e80f586a4b35f510b4ce,will-the-us-acquire-any-part-of-greenland-in-2026,https://polymarket.com/event/will-the-us-acquire-any-part-of-greenland-in-2026,https://embed.polymarket.com/market.html?market=will-the-us-acquire-any-part-of-greenland-in-2026&features=volume&theme=light,Will the US acquire part of Greenland in 2026?,davos,,"24h $8,380 • spread 0.003 • TTR 101.3d",10754302.382040046,8380.51,-0.017,-28.5714,2027-01-01T04:59:00+00:00,101.296,1,0.003,-0.956,0.0425,0,"[{""name"": ""Top"", ""bestBid"": 0.041, ""bestAsk"": 0.044}]"
559663,0xe883f2fda25a605a184bb5fe583afce6cc21ea0b348b6a3728ec3067553c548d,will-jb-pritzker-win-the-2028-democratic-presidential-nomination-288,https://polymarket.com/event/will-jb-pritzker-win-the-2028-democratic-presidential-nomination-288,https://embed.polymarket.com/market.html?market=will-jb-pritzker-win-the-2028-democratic-presidential-nomination-288&features=volume&theme=light,Will J.B. Pritzker win the 2028 Democratic presidential nomination?,united-states,,24h $692 • spread 0.001 • TTR 777.1d,15747488.84980398,692.71,0.0,0.0,2028-11-07T00:00:00+00:00,777.088,1,0.001,-0.987,0.0125,0,"[{""name"": ""Top"", ""bestBid"": 0.012, ""bestAsk"": 0.013}]"
561974,0x18b1c135d0a40c5894da9412e77311827d9caf16cf4cd6591b247a34730af919,will-jd-vance-win-the-2028-republican-presidential-nomination,https://polymarket.com/event/will-jd-vance-win-the-2028-republican-presidential-nomination,https://embed.polymarket.com/market.html?market=will-jd-vance-win-the-2028-republican-presidential-nomination&features=volume&theme=light,Will J.D. Vance win the 2028 Republican presidential nomination?,united-states,,"24h $3,434 • spread 0.001 • TTR 777.1d • ~50% mid",15679502.574945992,3434.37,0.0,0.0,2028-11-07T00:00:00+00:00,777.088,1,0.001,-0.487,0.5125,1,"[{""name"": ""Top"", ""bestBid"": 0.512, ""bestAsk"": 0.513}]"
561236,0xfd6176f8c9a59105f80e060a77c4099881c5f2d9e0ceab88e55cf978462fab7f,will-gretchen-whitmer-win-the-2028-us-presidential-election,https://polymarket.com/event/will-gretchen-whitmer-win-the-2028-us-presidential-election,https://embed.polymarket.com/market.html?market=will-gretchen-whitmer-win-the-2028-us-presidential-election&features=volume&theme=light,Will Gretchen Whitmer win the 2028 US Presidential Election?,president,,"24h $1,014 • spread 0.001 • TTR 777.1d",15598955.510037003,1014.41,0.0,0.0,2028-11-07T00:00:00+00:00,777.088,1,0.001,-0.996,0.0035,0,"[{""name"": ""Top"", ""bestBid"": 0.003, ""bestAsk"": 0.004}]"
561979,0x64d31a2af85518c6718a5757a35b840f08eca20c1e22c0eb1e96ec01cc55b8b6,will-ron-desantis-win-the-2028-republican-presidential-nomination,https://polymarket.com/event/will-ron-desantis-win-the-2028-republican-presidential-nomination,https://embed.polymarket.com/market.html?market=will-ron-desantis-win-the-2028-republican-presidential-nomination&features=volume&theme=light,Will Ron DeSantis win the 2028 Republican presidential nomination?,united-states,,"24h $4,000 • spread 0.002 • TTR 777.1d",15546884.860737003,4000.87,-0.0005,-1.7544,2028-11-07T00:00:00+00:00,777.088,1,0.002,-0.971,0.028,0,"[{""name"": ""Top"", ""bestBid"": 0.027, ""bestAsk"": 0.029}]"
601833,0xae7dd99bf126b033b77af2553a98b97e1190fd7bdddd5a792ca2791ae23e4d13,will-tereza-cristina-win-the-2026-brazilian-presidential-election,https://polymarket.com/event/will-tereza-cristina-win-the-2026-brazilian-presidential-election,https://embed.polymarket.com/market.html?market=will-tereza-cristina-win-the-2026-brazilian-presidential-election&features=volume&theme=light,Will Tereza Cristina win the 2026 Brazilian presidential election?,politics,,"24h $10,119 • TTR 12.1d",4025580.666596,10119.08,0.0,0.0,2026-10-04T00:00:00+00:00,12.088,1,,-0.999,,0,"[{""name"": ""Top"", ""bestBid"": null, ""bestAsk"": 0.001}]"
2170255,0x95fc6a4ed7f6856d26aa7f21b9f902d05c9cf76b616fd3463de4d147f7a9126b,bab-el-mandeb-strait-effectively-closed-by-september-30-999-671-939,https://polymarket.com/event/bab-el-mandeb-strait-effectively-closed-by-september-30-999-671-939,https://embed.polymarket.com/market.html?market=bab-el-mandeb-strait-effectively-closed-by-september-30-999-671-939&features=volume&theme=light,Bab el-Mandeb Strait effectively closed by September 30?,politics,,"24h $73,246 • spread 0.002 • TTR 9.3d",3624115.2850130037,73246.89,-0.0205,-57.7465,2026-10-01T03:59:00+00:00,9.254,1,0.002,-0.984,0.015,0,"[{""name"": ""Top"", ""bestBid"": 0.014, ""bestAsk"": 0.016}]"
898414,0x80971af8befc488bbdd6dcc075d388793851a0ea1c46f7ffd353b190691c7199,will-isack-hadjar-be-the-2026-f1-drivers-champion,https://polymarket.com/event/will-isack-hadjar-be-the-2026-f1-drivers-champion,https://embed.polymarket.com/market.html?market=will-isack-hadjar-be-the-2026-f1-drivers-champion&features=volume&theme=light,Will Isack Hadjar be the 2026 F1 Drivers' Champion?,sports,,TTR 75.1d,9378008.013226006,,0.0,0.0,2026-12-06T00:00:00+00:00,75.088,1,,-0.999,,0,"[{""name"": ""Top"", ""bestBid"": null, ""bestAsk"": 0.001}]"
601835,0xe7567eb9c84e1f859a7e18f1042c724dbf57c3cc0459b312bee22156a57e60ea,will-pablo-marcal-win-the-2026-brazilian-presidential-election,https://polymarket.com/event/will-pablo-marcal-win-the-2026-brazilian-presidential-election,https://embed.polymarket.com/market.html?market=will-pablo-marcal-win-the-2026-brazilian-presidential-election&features=volume&theme=light,Will Pablo Marçal win the 2026 Brazilian presidential election?,politics,,24h $208 • TTR 12.1d,3973374.012228002,208.12,0.0,0.0,2026-10-04T00:00:00+00:00,12.088,1,,-0.999,,0,"[{""name"": ""Top"", ""bestBid"": null, ""bestAsk"": 0.001}]"
559653,0xe6bcc2f1dd025ce5e1833190f7c60a71171c94f805df55b9ab0ded695ec93565,will-alexandria-ocasio-cortez-win-the-2028-democratic-presidential-nomination-653,https://polymarket.com/event/will-alexandria-ocasio-cortez-win-the-2028-democratic-presidential-nomination-653,https://embed.polymarket.com/market.html?market=will-alexandria-ocasio-cortez-win-the-2028-democratic-presidential-nomination-653&features=volume&theme=light,Will Alexandria Ocasio-Cortez win the 2028 Democratic presidential nomination?,united-states,,"24h $12,043 • spread 0.001 • TTR 777.1d",15221492.844342995,12043.5,0.0055,3.0726,2028-11-07T00:00:00+00:00,777.088,1,0.001,-0.815,0.1845,0,"[{""name"": ""Top"", ""bestBid"": 0.184, ""bestAsk"": 0.185}]"
562802,0xd5d9fc47718bd553592d126b1fa5e87183d27f3936975b0c04cc0f2dec1f1bb4,will-the-democratic-party-control-the-house-after-the-2026-midterm-elections,https://polymarket.com/event/will-the-democratic-party-control-the-house-after-the-2026-midterm-elections,https://embed.polymarket.com/market.html?market=will-the-democratic-party-control-the-house-after-the-2026-midterm-elections&features=volume&theme=light,Will the Democratic Party control the House after the 2026 Midterm elections?,parent-for-derivative,,"24h $78,021 • spread 0.010 • TTR 42.1d",6940343.126916001,78021.21,0.0,0.0,2026-11-03T00:00:00+00:00,42.088,1,0.01,-0.07,0.925,0,"[{""name"": ""Top"", ""bestBid"": 0.92, ""bestAsk"": 0.93}]"
559669,0x3dc47a72ac6bb265e9cefebd2a2eeed00966394cb2d07245b5c94138b60e82a3,will-rahm-emanuel-win-the-2028-democratic-presidential-nomination-299,https://polymarket.com/event/will-rahm-emanuel-win-the-2028-democratic-presidential-nomination-299,https://embed.polymarket.com/market.html?market=will-rahm-emanuel-win-the-2028-democratic-presidential-nomination-299&features=volume&theme=light,Will Rahm Emanuel win the 2028 Democratic presidential nomination?,united-states,,"24h $4,775 • spread 0.004 • TTR 777.1d",14580969.093205,4775.37,0.0015,8.1081,2028-11-07T00:00:00+00:00,777.088,1,0.004,-0.978,0.02,0,"[{""name"": ""Top"", ""bestBid"": 0.018, ""bestAsk"": 0.022}]"
561253,0xd94b47bdeba16ae948bfb147bda059f3543d6fca73291644dfff5268bba7a797,will-tucker-carlson-win-the-2028-us-presidential-election,https://polymarket.com/event/will-tucker-carlson-win-the-2028-us-presidential-election,https://embed.polymarket.com/market.html?market=will-tucker-carlson-win-the-2028-us-presidential-election&features=volume&theme=light,Will Tucker Carlson win the 2028 US Presidential Election?,president,,spread 0.001 • TTR 777.1d,14264126.773010993,,0.0,0.0,2028-11-07T00:00:00+00:00,777.088,1,0.001,-0.984,0.0155,0,"[{""name"": ""Top"", ""bestBid"": 0.015, ""bestAsk"": 0.016}]"
561976,0x9cd77217b2ab264fe4f6d302f662c0a91f349fe5798f1f98d70bb2311712791b,will-tulsi-gabbard-win-the-2028-republican-presidential-nomination,https://polymarket.com/event/will-tulsi-gabbard-win-the-2028-republican-presidential-nomination,https://embed.polymarket.com/market.html?market=will-tulsi-gabbard-win-the-2028-republican-presidential-nomination&features=volume&theme=light,Will Tulsi Gabbard win the 2028 Republican presidential nomination?,united-states,,24h $30 • spread 0.001 • TTR 777.1d,14075820.161602003,30.77,0.0,0.0,2028-11-07T00:00:00+00:00,777.088,1,0.001,-0.996,0.0035,0,"[{""name"": ""Top"", ""bestBid"": 0.003, ""bestAsk"": 0.004}]"
561244,0x23481b811978194fa175143ed7cd8d0000878ca59c408fd552e33535f7aa771e,will-donald-trump-jr-win-the-2028-us-presidential-election,https://polymarket.com/event/will-donald-trump-jr-win-the-2028-us-presidential-election,https://embed.polymarket.com/market.html?market=will-donald-trump-jr-win-the-2028-us-presidential-election&features=volume&theme=light,Will Donald Trump Jr. win the 2028 US Presidential Election?,president,,24h $685 • spread 0.001 • TTR 777.1d,13810054.004798003,685.0,0.0,0.0,2028-11-07T00:00:00+00:00,777.088,1,0.001,-0.995,0.0045,0,"[{""name"": ""Top"", ""bestBid"": 0.004, ""bestAsk"": 0.005}]"
561996,0x4273517fc8141d57ad1528ede46efdceebdb6a4da746d5de5bad216564209a1e,will-tucker-carlson-win-the-2028-republican-presidential-nomination,https://polymarket.com/event/will-tucker-carlson-win-the-2028-republican-presidential-nomination,https://embed.polymarket.com/market.html?market=will-tucker-carlson-win-the-2028-republican-presidential-nomination&features=volume&theme=light,Will Tucker Carlson win the 2028 Republican presidential nomination?,united-states,,"24h $3,144 • spread 0.004 • TTR 777.1d",13802648.517425995,3144.59,0.0025,7.9365,2028-11-07T00:00:00+00:00,777.088,1,0.004,-0.964,0.034,0,"[{""name"": ""Top"", ""bestBid"": 0.032, ""bestAsk"": 0.036}]"
561231,0xf232b565995e4b3a3e7fa6cef775eeff1cecd20ad7c013cb9fc8dadabfe279a9,will-alexandria-ocasio-cortez-win-the-2028-us-presidential-election,https://polymarket.com/event/will-alexandria-ocasio-cortez-win-the-2028-us-presidential-election,https://embed.polymarket.com/market.html?market=will-alexandria-ocasio-cortez-win-the-2028-us-presidential-election&features=volume&theme=light,Will Alexandria Ocasio-Cortez win the 2028 US Presidential Election?,president,,"24h $8,559 • spread 0.001 • TTR 777.1d",13669054.419740008,8559.76,0.003,2.2989,2028-11-07T00:00:00+00:00,777.088,1,0.001,-0.866,0.1335,0,"[{""name"": ""Top"", ""bestBid"": 0.133, ""bestAsk"": 0.134}]"
1105750,0x4197bf7e572f1dd731669d33d05532c6d3b8cba71fb83dc69d789110e39c41b4,will-pete-hegseth-be-the-leader-of-venezuela-end-of-2026,https://polymarket.com/event/will-pete-hegseth-be-the-leader-of-venezuela-end-of-2026,https://embed.polymarket.com/market.html?market=will-pete-hegseth-be-the-leader-of-venezuela-end-of-2026&features=volume&theme=light,Will Pete Hegseth be the leader of Venezuela end of 2026?,trump-machado,,"24h $9,518 • spread 0.001 • TTR 100.1d",9267674.124330001,9518.61,0.0,0.0,2026-12-31T00:00:00+00:00,100.088,1,0.001,-0.998,0.0015,0,"[{""name"": ""Top"", ""bestBid"": 0.001, ""bestAsk"": 0.002}]"
559658,0x909659c9436228e2be56d5582ba6188166f2f8bf3c596335512c8f2e380d01ec,will-kamala-harris-win-the-2028-democratic-presidential-nomination-641,https://polymarket.com/event/will-kamala-harris-win-the-2028-democratic-presidential-nomination-641,https://embed.polymarket.com/market.html?market=will-kamala-harris-win-the-2028-democratic-presidential-nomination-641&features=volume&theme=light,Will Kamala Harris win the 2028 Democratic presidential nomination?,united-states,,"24h $101,080 • spread 0.001 • TTR 777.1d",13499359.47560401,101080.57,-0.017,-17.6166,2028-11-07T00:00:00+00:00,777.088,1,0.001,-0.92,0.0795,0,"[{""name"": ""Top"", ""bestBid"": 0.079, ""bestAsk"": 0.08}]"
559660,0x1d519b87999e3d4e90e1e8f57b5eee73a0ba488ff3fdb70867f294733aba84a9,will-andy-beshear-win-the-2028-democratic-presidential-nomination-832,https://polymarket.com/event/will-andy-beshear-win-the-2028-democratic-presidential-nomination-832,https://embed.polymarket.com/market.html?market=will-andy-beshear-win-the-2028-democratic-presidential-nomination-832&features=volume&theme=light,Will Andy Beshear win the 2028 Democratic presidential nomination?,united-states,,"24h $82,616 • spread 0.001 • TTR 777.1d",13268336.004887998,82616.23,0.001,4.0816,2028-11-07T00:00:00+00:00,777.088,1,0.001,-0.974,0.0255,0,"[{""name"": ""Top"", ""bestBid"": 0.025, ""bestAsk"": 0.026}]"
561241,0xefe6300fd8a053cca53df8f1bd536c5f571a136392c0516e7b16e39f1addecb0,will-jb-pritzker-win-the-2028-us-presidential-election,https://polymarket.com/event/will-jb-pritzker-win-the-2028-us-presidential-election,https://embed.polymarket.com/market.html?market=will-jb-pritzker-win-the-2028-us-presidential-election&features=volume&theme=light,Will JB Pritzker win the 2028 US Presidential Election?,president,,24h $433 • spread 0.001 • TTR 777.1d,13005813.877894,433.72,0.0,0.0,2028-11-07T00:00:00+00:00,777.088,1,0.001,-0.995,0.0045,0,"[{""name"": ""Top"", ""bestBid"": 0.004, ""bestAsk"": 0.005}]"
559661,0x74dba1ce1ae9dd535414e85f2d9ab5ea32c0fb1acc9b7130b67e6d91217e24e1,will-jon-ossoff-win-the-2028-democratic-presidential-nomination-885,https://polymarket.com/event/will-jon-ossoff-win-the-2028-democratic-presidential-nomination-885,https://embed.polymarket.com/market.html?market=will-jon-ossoff-win-the-2028-democratic-presidential-nomination-885&features=volume&theme=light,Will Jon Ossoff win the 2028 Democratic presidential nomination?,united-states,,"24h $11,253 • spread 0.001 • TTR 777.1d",12944862.516882995,11253.03,0.008,4.8632,2028-11-07T00:00:00+00:00,777.088,1,0.001,-0.827,0.1725,0,"[{""name"": ""Top"", ""bestBid"": 0.172, ""bestAsk"": 0.173}]"
561235,0xe29b33ef5bf351c8a22bfd79f8b58e62649d54ceee6f9735387cef79f52fecae,will-wes-moore-win-the-2028-us-presidential-election,https://polymarket.com/event/will-wes-moore-win-the-2028-us-presidential-election,https://embed.polymarket.com/market.html?market=will-wes-moore-win-the-2028-us-presidential-election&features=volume&theme=light,Will Wes Moore win the 2028 US Presidential Election?,president,,"24h $27,499 • spread 0.001 • TTR 777.1d",12667955.088752998,27499.32,0.0,0.0,2028-11-07T00:00:00+00:00,777.088,1,0.001,-0.991,0.0085,0,"[{""name"": ""Top"", ""bestBid"": 0.008, ""bestAsk"": 0.009}]"
561246,0x3367d22cd2a673014f1960742afdf8601040a8ad856dc0a98bd1a44ee99504e2,will-ron-desantis-win-the-2028-us-presidential-election,https://polymarket.com/event/will-ron-desantis-win-the-2028-us-presidential-election,https://embed.polymarket.com/market.html?market=will-ron-desantis-win-the-2028-us-presidential-election&features=volume&theme=light,Will Ron DeSantis win the 2028 US Presidential Election?,president,,spread 0.004 • TTR 777.1d,12625363.955273002,,0.0,0.0,2028-11-07T00:00:00+00:00,777.088,1,0.004,-0.98,0.018,0,"[{""name"": ""Top"", ""bestBid"": 0.016, ""bestAsk"": 0.02}]"
561234,0x2053d8515f1b8cbeea4ccdb56e60e89c2617e43a8660d95166b8e71d27865277,will-marco-rubio-win-the-2028-us-presidential-election,https://polymarket.com/event/will-marco-rubio-win-the-2028-us-presidential-election,https://embed.polymarket.com/market.html?market=will-marco-rubio-win-the-2028-us-presidential-election&features=volume&theme=light,Will Marco Rubio win the 2028 US Presidential Election?,president,,"24h $1,018 • spread 0.001 • TTR 777.1d",12559078.587770004,1018.34,0.0,0.0,2028-11-07T00:00:00+00:00,777.088,1,0.001,-0.911,0.0885,0,"[{""name"": ""Top"", ""bestBid"": 0.088, ""bestAsk"": 0.089}]"
559686,0x8dbf6b51f302fd401065706245c144e93fe209abce183199433d4484b3ed8aff,will-dwayne-the-rock-johnson-win-the-2028-democratic-presidential-nomination,https://polymarket.com/event/will-dwayne-the-rock-johnson-win-the-2028-democratic-presidential-nomination,https://embed.polymarket.com/market.html?market=will-dwayne-the-rock-johnson-win-the-2028-democratic-presidential-nomination&features=volume&theme=light,Will Dwayne 'The Rock' Johnson win the 2028 Democratic presidential nomination?,united-states,,24h $629 • spread 0.001 • TTR 777.1d,12513818.840541005,629.86,0.0,0.0,2028-11-07T00:00:00+00:00,777.088,1,0.001,-0.988,0.0115,0,"[{""name"": ""Top"", ""bestBid"": 0.011, ""bestAsk"": 0.012}]"
616902,0xd4e77ba6f29fc093509d24f508631abd445ecf506bbdc9c4c80e60256a318527,will-no-fed-rate-cuts-happen-in-2026,https://polymarket.com/event/will-no-fed-rate-cuts-happen-in-2026,https://embed.polymarket.com/market.html?market=will-no-fed-rate-cuts-happen-in-2026&features=volume&theme=light,Will no Fed rate cuts happen in 2026?,rewards-200-4pt5-50,,"24h $8,635 • spread 0.001 • TTR 100.1d",8471727.059464002,8635.31,0.003,0.3136,2026-12-31T00:00:00+00:00,100.088,1,0.001,-0.04,0.9595,0,"[{""name"": ""Top"", ""bestBid"": 0.959, ""bestAsk"": 0.96}]"
559659,0xe39adea057926dc197fe30a441f57a340b2a232d5a687010f78bba9b6e02620f,will-gretchen-whitmer-win-the-2028-democratic-presidential-nomination-676,https://polymarket.com/event/will-gretchen-whitmer-win-the-2028-democratic-presidential-nomination-676,https://embed.polymarket.com/market.html?market=will-gretchen-whitmer-win-the-2028-democratic-presidential-nomination-676&features=volume&theme=light,Will Gretchen Whitmer win the 2028 Democratic presidential nomination?,united-states,,"24h $53,646 • spread 0.004 • TTR 777.1d",12119337.959319,53646.13,0.0035,77.7778,2028-11-07T00:00:00+00:00,777.088,1,0.004,-0.99,0.008,0,"[{""name"": ""Top"", ""bestBid"": 0.006, ""bestAsk"": 0.01}]"
559654,0x4c325469d9b516ef4e6b8f73a81a12607dec075e3c2fd454f91765aaeafc4760,will-pete-buttigieg-win-the-2028-democratic-presidential-nomination-687,https://polymarket.com/event/will-pete-buttigieg-win-the-2028-democratic-presidential-nomination-687,https://embed.polymarket.com/market.html?market=will-pete-buttigieg-win-the-2028-democratic-presidential-nomination-687&features=volume&theme=light,Will Pete Buttigieg win the 2028 Democratic presidential nomination?,united-states,,"24h $43,470 • spread 0.003 • TTR 777.1d",12053734.725842021,43470.79,0.0,0.0,2028-11-07T00:00:00+00:00,777.088,1,0.003,-0.947,0.0515,0,"[{""name"": ""Top"", ""bestBid"": 0.05, ""bestAsk"": 0.053}]"
694936,0x733a3bb1f78a42bdf60092866ceb931664fb1dae1d66d3a6d2cf7b72cec96400,will-nebius-group-be-acquired-before-2027-514-765,https://polymarket.com/event/will-nebius-group-be-acquired-before-2027-514-765,https://embed.polymarket.com/market.html?market=will-nebius-group-be-acquired-before-2027-514-765&features=volume&theme=light,Will Nebius Group be acquired before 2027?,business,,24h $182 • spread 0.003 • TTR 101.3d,7959748.951466002,182.82,0.0,0.0,2027-01-01T04:59:00+00:00,101.296,1,0.003,-0.971,0.0275,0,"[{""name"": ""Top"", ""bestBid"": 0.026, ""bestAsk"": 0.029}]"
701502,0x024b68f77bfc019341ee3db8f57c103334e4b9430bba4746d8c94aafd8b36fee,will-bitcoin-dip-to-45000-by-december-31-2026-674-923-755-971-998-525-926-245-316-517-544-589-965-923-986-841-815-224-586-231-289-533-573,https://polymarket.com/event/will-bitcoin-dip-to-45000-by-december-31-2026-674-923-755-971-998-525-926-245-316-517-544-589-965-923-986-841-815-224-586-231-289-533-573,https://embed.polymarket.com/market.html?market=will-bitcoin-dip-to-45000-by-december-31-2026-674-923-755-971-998-525-926-245-316-517-544-589-965-923-986-841-815-224-586-231-289-533-573&features=volume&theme=light,"Will Bitcoin dip to $45,000 by December 31, 2026?",bitcoin,,"24h $145,812 • spread 0.006 • TTR 101.3d",7838599.992003001,145812.4,-0.007,-12.7273,2027-01-01T05:00:00+00:00,101.297,1,0.006,-0.949,0.048,0,"[{""name"": ""Top"", ""bestBid"": 0.045, ""bestAsk"": 0.051}]"
559694,0x20d0bc282552ac5ec6f61cd7101cb42a5948cae07e7651bdf40ede1a8b2c5eac,will-ro-khanna-win-the-2028-democratic-presidential-nomination,https://polymarket.com/event/will-ro-khanna-win-the-2028-democratic-presidential-nomination,https://embed.polymarket.com/market.html?market=will-ro-khanna-win-the-2028-democratic-presidential-nomination&features=volume&theme=light,Will Ro Khanna win the 2028 Democratic presidential nomination?,united-states,,24h $162 • spread 0.001 • TTR 777.1d,11290338.814335,162.7,0.0,0.0,2028-11-07T00:00:00+00:00,777.088,1,0.001,-0.986,0.0135,0,"[{""name"": ""Top"", ""bestBid"": 0.013, ""bestAsk"": 0.014}]"
898409,0x6eec2b6b1c8d62aaacda46471e8caf7320f4ea9235f5ee87cba970a32a4e6985,will-lando-norris-be-the-2026-f1-drivers-champion,https://polymarket.com/event/will-lando-norris-be-the-2026-f1-drivers-champion,https://embed.polymarket.com/market.html?market=will-lando-norris-be-the-2026-f1-drivers-champion&features=volume&theme=light,Will Lando Norris be the 2026 F1 Drivers' Champion?,sports,,"24h $1,549 • spread 0.001 • TTR 75.1d",6847355.894397001,1549.66,0.001,3.6364,2026-12-06T00:00:00+00:00,75.088,1,0.001,-0.971,0.0285,0,"[{""name"": ""Top"", ""bestBid"": 0.028, ""bestAsk"": 0.029}]"
3399458,0x524ce344b80a160c237d91a33efdd8b82468b0dc0d33f60d500f8bf69b80b8bb,israel-x-iran-ceasefire-continues-through-september-30,https://polymarket.com/event/israel-x-iran-ceasefire-continues-through-september-30,https://embed.polymarket.com/market.html?market=israel-x-iran-ceasefire-continues-through-september-30&features=volume&theme=light,Israel x Iran ceasefire continues through September 30?,iran,,"24h $105,526 • spread 0.002 • TTR 8.9d",2573168.078945001,105526.71,0.0205,2.1925,2026-09-30T20:29:00+00:00,8.942,1,0.002,-0.036,0.963,0,"[{""name"": ""Top"", ""bestBid"": 0.962, ""bestAsk"": 0.964}]"
561258,0xa9549c44687993a9a154347c6907092341459b927efaa3f2b49009ca2c4e40a1,will-jamie-dimon-win-the-2028-us-presidential-election,https://polymarket.com/event/will-jamie-dimon-win-the-2028-us-presidential-election,https://embed.polymarket.com/market.html?market=will-jamie-dimon-win-the-2028-us-presidential-election&features=volume&theme=light,Will Jamie Dimon win the 2028 US Presidential Election?,president,,24h $13 • spread 0.001 • TTR 777.1d,10983376.187403003,13.82,0.0,0.0,2028-11-07T00:00:00+00:00,777.088,1,0.001,-0.995,0.0045,0,"[{""name"": ""Top"", ""bestBid"": 0.004, ""bestAsk"": 0.005}]"
561259,0xb314f5dbf75919a34d4997e8b22e6793505e3377a690eaa11a75a2547e926bee,will-ro-khanna-win-the-2028-us-presidential-election,https://polymarket.com/event/will-ro-khanna-win-the-2028-us-presidential-election,https://embed.polymarket.com/market.html?market=will-ro-khanna-win-the-2028-us-presidential-election&features=volume&theme=light,Will Ro Khanna win the 2028 US Presidential Election?,president,,24h $608 • spread 0.002 • TTR 777.1d,10906554.112461999,608.58,-0.0005,-5.0,2028-11-07T00:00:00+00:00,777.088,1,0.002,-0.989,0.01,0,"[{""name"": ""Top"", ""bestBid"": 0.009, ""bestAsk"": 0.011}]"
562803,0x4e4f77e7dbf4cab666e9a1943674d7ae66348e862df03ea6f44b11eb95731928,will-the-republican-party-control-the-house-after-the-2026-midterm-elections,https://polymarket.com/event/will-the-republican-party-control-the-house-after-the-2026-midterm-elections,https://embed.polymarket.com/market.html?market=will-the-republican-party-control-the-house-after-the-2026-midterm-elections&features=volume&theme=light,Will the Republican Party control the House after the 2026 Midterm elections?,parent-for-derivative,,"24h $9,192 • spread 0.010 • TTR 42.1d",5048640.382919002,9192.98,0.01,13.3333,2026-11-03T00:00:00+00:00,42.088,1,0.01,-0.91,0.085,0,"[{""name"": ""Top"", ""bestBid"": 0.08, ""bestAsk"": 0.09}]"
898410,0x1c373746c204f7437cb212d2bcfbc5fdf0f0263ae9b470dd92c676d4c2c5ba03,will-oscar-piastri-be-the-2026-f1-drivers-champion,https://polymarket.com/event/will-oscar-piastri-be-the-2026-f1-drivers-champion,https://embed.polymarket.com/market.html?market=will-oscar-piastri-be-the-2026-f1-drivers-champion&features=volume&theme=light,Will Oscar Piastri be the 2026 F1 Drivers' Champion?,sports,,24h $28 • TTR 75.1d,6498607.257878996,28.48,0.0,0.0,2026-12-06T00:00:00+00:00,75.088,1,,-0.999,,0,"[{""name"": ""Top"", ""bestBid"": null, ""bestAsk"": 0.001}]"
561975,0x21ad31a46bfaa51650766eff6dc69c866959e32d965ffb116020e37694b6317d,will-marco-rubio-win-the-2028-republican-presidential-nomination,https://polymarket.com/event/will-marco-rubio-win-the-2028-republican-presidential-nomination,https://embed.polymarket.com/market.html?market=will-marco-rubio-win-the-2028-republican-presidential-nomination&features=volume&theme=light,Will Marco Rubio win the 2028 Republican presidential nomination?,united-states,,"24h $9,011 • spread 0.002 • TTR 777.1d",10671066.646151002,9011.84,-0.0015,-0.9524,2028-11-07T00:00:00+00:00,777.088,1,0.002,-0.843,0.156,0,"[{""name"": ""Top"", ""bestBid"": 0.155, ""bestAsk"": 0.157}]"
559695,0xb91be12388b3d4079c3ed9b5783cb42d8c33051d37746a49300227e0f45fc089,will-james-talarico-win-the-2028-democratic-presidential-nomination,https://polymarket.com/event/will-james-talarico-win-the-2028-democratic-presidential-nomination,https://embed.polymarket.com/market.html?market=will-james-talarico-win-the-2028-democratic-presidential-nomination&features=volume&theme=light,Will James Talarico win the 2028 Democratic presidential nomination?,united-states,,24h $436 • spread 0.001 • TTR 777.1d,10670130.023866998,436.27,0.0,0.0,2028-11-07T00:00:00+00:00,777.088,1,0.001,-0.975,0.0245,0,"[{""name"": ""Top"", ""bestBid"": 0.024, ""bestAsk"": 0.025}]"
562006,0xca68152902c3581ab42feb04921b8b1cd3c4e80d06f255ae077259fca0bba15c,will-eric-trump-win-the-2028-republican-presidential-nomination,https://polymarket.com/event/will-eric-trump-win-the-2028-republican-presidential-nomination,https://embed.polymarket.com/market.html?market=will-eric-trump-win-the-2028-republican-presidential-nomination&features=volume&theme=light,Will Eric Trump win the 2028 Republican presidential nomination?,united-states,,24h $861 • spread 0.001 • TTR 777.1d,10576432.949373996,861.4,0.0,0.0,2028-11-07T00:00:00+00:00,777.088,1,0.001,-0.998,0.0015,0,"[{""name"": ""Top"", ""bestBid"": 0.001, ""bestAsk"": 0.002}]"
561243,0xce9a5fa30fe74e323b4a8f15afbb0b7a41a537aa880779ddf7dee22223b2f34a,will-donald-trump-win-the-2028-us-presidential-election,https://polymarket.com/event/will-donald-trump-win-the-2028-us-presidential-election,https://embed.polymarket.com/market.html?market=will-donald-trump-win-the-2028-us-presidential-election&features=volume&theme=light,Will Donald Trump win the 2028 US Presidential Election?,president,,"24h $14,451 • spread 0.007 • TTR 777.1d",10569619.422201999,14451.25,0.0015,11.5385,2028-11-07T00:00:00+00:00,777.088,1,0.007,-0.982,0.0145,0,"[{""name"": ""Top"", ""bestBid"": 0.011, ""bestAsk"": 0.018}]"
2737255,0xb55b2b13aee7a480ab0695912a65cb34a5fe5e84d5da810873d9c3e1182f9fd0,will-the-iranian-regime-fall-by-september-30-20260629143335077,https://polymarket.com/event/will-the-iranian-regime-fall-by-september-30-20260629143335077,https://embed.polymarket.com/market.html?market=will-the-iranian-regime-fall-by-september-30-20260629143335077&features=volume&theme=light,Will the Iranian regime fall by September 30?,iran,,"24h $20,339 • spread 0.002 • TTR 9.3d",2438971.5257780002,20339.24,0.0005,11.1111,2026-10-01T03:59:00+00:00,9.254,1,0.002,-0.994,0.005,0,"[{""name"": ""Top"", ""bestBid"": 0.004, ""bestAsk"": 0.006}]"
561980,0xd7a0d72b19ca48b06b0029684677f581e32f133c367d7a19c2f1e4ad07066af7,will-nikki-haley-win-the-2028-republican-presidential-nomination,https://polymarket.com/event/will-nikki-haley-win-the-2028-republican-presidential-nomination,https://embed.polymarket.com/market.html?market=will-nikki-haley-win-the-2028-republican-presidential-nomination&features=volume&theme=light,Will Nikki Haley win the 2028 Republican presidential nomination?,united-states,,24h $139 • spread 0.001 • TTR 777.1d,10384360.389271997,139.28,0.0,0.0,2028-11-07T00:00:00+00:00,777.088,1,0.001,-0.998,0.0015,0,"[{""name"": ""Top"", ""bestBid"": 0.001, ""bestAsk"": 0.002}]"
561264,0xea649be6ea3447f3c145a173883c68a89faf4edda1f85109b76baa93b3ee7a87,will-pete-hegseth-win-the-2028-us-presidential-election,https://polymarket.com/event/will-pete-hegseth-win-the-2028-us-presidential-election,https://embed.polymarket.com/market.html?market=will-pete-hegseth-win-the-2028-us-presidential-election&features=volume&theme=light,Will Pete Hegseth win the 2028 US Presidential Election?,president,,TTR 777.1d,10340157.636485996,,0.0,0.0,2028-11-07T00:00:00+00:00,777.088,1,,-0.999,,0,"[{""name"": ""Top"", ""bestBid"": null, ""bestAsk"": 0.001}]"
628955,0x8d62f20324e9e7f1a3c663ab6aac9a2f6e7adb96c6a69ac2cea7e08a71a7f2ef,will-tom-steyer-win-the-california-governor-election-in-2026,https://polymarket.com/event/will-tom-steyer-win-the-california-governor-election-in-2026,https://embed.polymarket.com/market.html?market=will-tom-steyer-win-the-california-governor-election-in-2026&features=volume&theme=light,Will Tom Steyer win the California Governor Election in 2026?,california-midterm,,24h $10 • TTR 42.1d,4794714.163603997,10.0,-0.0005,-50.0,2026-11-03T00:00:00+00:00,42.088,1,,-0.999,,0,"[{""name"": ""Top"", ""bestBid"": null, ""bestAsk"": 0.001}]"
898413,0x696576c9b20d20a71e0acd6f84d215f129fa361ed544b0df14f1ae540d84059f,will-max-verstappen-be-the-2026-f1-drivers-champion,https://polymarket.com/event/will-max-verstappen-be-the-2026-f1-drivers-champion,https://embed.polymarket.com/market.html?market=will-max-verstappen-be-the-2026-f1-drivers-champion&features=volume&theme=light,Will Max Verstappen be the 2026 F1 Drivers' Champion?,sports,,"24h $3,947 • spread 0.002 • TTR 75.1d",6193976.466565998,3947.05,0.0015,60.0,2026-12-06T00:00:00+00:00,75.088,1,0.002,-0.995,0.004,0,"[{""name"": ""Top"", ""bestBid"": 0.003, ""bestAsk"": 0.005}]"
559655,0xd65891729ce093cc12236856837eba1a0872fc7998fd4294c21346f7db68079c,will-josh-shapiro-win-the-2028-democratic-presidential-nomination-977,https://polymarket.com/event/will-josh-shapiro-win-the-2028-democratic-presidential-nomination-977,https://embed.polymarket.com/market.html?market=will-josh-shapiro-win-the-2028-democratic-presidential-nomination-977&features=volume&theme=light,Will Josh Shapiro win the 2028 Democratic presidential nomination?,united-states,,"24h $7,380 • spread 0.006 • TTR 777.1d",10006653.244268997,7380.44,0.002,3.3898,2028-11-07T00:00:00+00:00,777.088,1,0.006,-0.936,0.061,0,"[{""name"": ""Top"", ""bestBid"": 0.058, ""bestAsk"": 0.064}]"
3702045,0x71dd44fa5059fbed28a279172185d3623aa34ce86be1936281df26b5d1b87200,us-announces-end-of-iranian-blockade-by-september-21-2026,https://polymarket.com/event/us-announces-end-of-iranian-blockade-by-september-21-2026,https://embed.polymarket.com/market.html?market=us-announces-end-of-iranian-blockade-by-september-21-2026&features=volume&theme=light,"US announces end of Iranian blockade by September 21, 2026?",iran,,"24h $79,132 • spread 0.002 • TTR 0.3d",1448454.5336360002,79132.61,-0.011,-78.5714,2026-09-22T03:59:00+00:00,0.254,1,0.002,-0.996,0.003,0,"[{""name"": ""Top"", ""bestBid"": 0.002, ""bestAsk"": 0.004}]"
561978,0x4a9d58d4da874e26708f5bdb014eb07a06aeebb927068d169d43831595386557,will-donald-trump-jr-win-the-2028-republican-presidential-nomination,https://polymarket.com/event/will-donald-trump-jr-win-the-2028-republican-presidential-nomination,https://embed.polymarket.com/market.html?market=will-donald-trump-jr-win-the-2028-republican-presidential-nomination&features=volume&theme=light,Will Donald Trump Jr. win the 2028 Republican presidential nomination?,united-states,,24h $206 • spread 0.001 • TTR 777.1d,9668453.518076004,206.85,0.0,0.0,2028-11-07T00:00:00+00:00,777.088,1,0.001,-0.984,0.0155,0,"[{""name"": ""Top"", ""bestBid"": 0.015, ""bestAsk"": 0.016}]"
608547,0x12dc2b61723b2a54fc1947a307389b5f32038e7a29a0e936ad1fe410b969d06a,will-harry-kane-win-the-2026-ballon-dor,https://polymarket.com/event/will-harry-kane-win-the-2026-ballon-dor,https://embed.polymarket.com/market.html?market=will-harry-kane-win-the-2026-ballon-dor&features=volume&theme=light,Will Harry Kane win the 2026 Ballon d'Or?,soccer,,"24h $17,347 • spread 0.001 • TTR 39.1d • ~50% mid",4368803.105462994,17347.2,0.023,4.1256,2026-10-31T00:00:00+00:00,39.088,1,0.001,-0.419,0.5805,1,"[{""name"": ""Top"", ""bestBid"": 0.58, ""bestAsk"": 0.581}]"
1469737,0x25fb28382075f418a944a781a9f8840e2f541152eea0d9798d1cabfa1466adbb,will-mojtaba-khamenei-be-head-of-state-in-iran-end-of-2026,https://polymarket.com/event/will-mojtaba-khamenei-be-head-of-state-in-iran-end-of-2026,https://embed.polymarket.com/market.html?market=will-mojtaba-khamenei-be-head-of-state-in-iran-end-of-2026&features=volume&theme=light,Will Mojtaba Khamenei be head of state in Iran end of 2026?,middle-east,,"24h $1,467 • spread 0.007 • TTR 100.1d",6533290.818565,1467.73,0.002,0.2385,2026-12-31T00:00:00+00:00,100.088,1,0.007,-0.156,0.8405,0,"[{""name"": ""Top"", ""bestBid"": 0.837, ""bestAsk"": 0.844}]"
561973,0x895e01dbf3e6a33cd9a44ca0f8cdb5df1bd2b0b6ebed5300d28f8da7145145e4,will-donald-trump-win-the-2028-republican-presidential-nomination,https://polymarket.com/event/will-donald-trump-win-the-2028-republican-presidential-nomination,https://embed.polymarket.com/market.html?market=will-donald-trump-win-the-2028-republican-presidential-nomination&features=volume&theme=light,Will Donald Trump win the 2028 Republican presidential nomination?,united-states,,"24h $8,924 • spread 0.001 • TTR 777.1d",9575191.38456501,8924.52,0.0,0.0,2028-11-07T00:00:00+00:00,777.088,1,0.001,-0.979,0.0205,0,"[{""name"": ""Top"", ""bestBid"": 0.02, ""bestAsk"": 0.021}]"
716942,0x1d916047bbca1be9808076a0590c17ff113fb92986a4b4bc7f0f962642158827,will-there-be-at-least-10000-measles-cases-in-the-us-in-2026-418-668-617-245-787,https://polymarket.com/event/will-there-be-at-least-10000-measles-cases-in-the-us-in-2026-418-668-617-245-787,https://embed.polymarket.com/market.html?market=will-there-be-at-least-10000-measles-cases-in-the-us-in-2026-418-668-617-245-787&features=volume&theme=light,Will there be at least 10000 measles cases in the U.S. in 2026?,rewards-20-4pt5-50,,24h $145 • spread 0.011 • TTR 101.3d,6526457.146100997,145.07,0.0035,4.4304,2027-01-01T04:59:00+00:00,101.296,1,0.011,-0.912,0.0825,0,"[{""name"": ""Top"", ""bestBid"": 0.077, ""bestAsk"": 0.088}]"
562008,0x5f3b3456b2d6ef0d6f15d7492162725057be78d738d2465456e2835f1d89046c,will-pete-hegseth-win-the-2028-republican-presidential-nomination,https://polymarket.com/event/will-pete-hegseth-win-the-2028-republican-presidential-nomination,https://embed.polymarket.com/market.html?market=will-pete-hegseth-win-the-2028-republican-presidential-nomination&features=volume&theme=light,Will Pete Hegseth win the 2028 Republican presidential nomination?,united-states,,24h $126 • spread 0.001 • TTR 777.1d,9361360.441793,126.48,0.0,0.0,2028-11-07T00:00:00+00:00,777.088,1,0.001,-0.995,0.0045,0,"[{""name"": ""Top"", ""bestBid"": 0.004, ""bestAsk"": 0.005}]"
601834,0x919c9bc428d2d19400437852066582b11bb7b00ad78529a0069cde76766b9faf,will-helder-barbalho-win-the-2026-brazilian-presidential-election,https://polymarket.com/event/will-helder-barbalho-win-the-2026-brazilian-presidential-election,https://embed.polymarket.com/market.html?market=will-helder-barbalho-win-the-2026-brazilian-presidential-election&features=volume&theme=light,Will Helder Barbalho win the 2026 Brazilian presidential election?,politics,,"24h $10,000 • TTR 12.1d",2422918.4968820005,10000.0,0.0,0.0,2026-10-04T00:00:00+00:00,12.088,1,,-0.999,,0,"[{""name"": ""Top"", ""bestBid"": null, ""bestAsk"": 0.001}]"
1633606,0x5ca616aaa0e1e5df6c38439f8bee4b96bacfe32f8f39cb2f1604c0196548662f,will-china-invade-taiwan-by-september-30-2026,https://polymarket.com/event/will-china-invade-taiwan-by-september-30-2026,https://embed.polymarket.com/market.html?market=will-china-invade-taiwan-by-september-30-2026&features=volume&theme=light,"Will China invade Taiwan by September 30, 2026?",china,,"24h $9,213 • spread 0.001 • TTR 9.3d",2169860.177937,9213.43,0.0005,12.5,2026-10-01T03:59:00+00:00,9.254,1,0.001,-0.995,0.0045,0,"[{""name"": ""Top"", ""bestBid"": 0.004, ""bestAsk"": 0.005}]"
701501,0x752fa61c93f16c4b15e85b0bd438d9c684176b0ea7b319a84c8aca34616e8a8c,will-bitcoin-dip-to-55000-by-december-31-2026-527-627-868-745-188-361-314-673-612-946-821-624-855-557-684-381-884-939-182-939-516,https://polymarket.com/event/will-bitcoin-dip-to-55000-by-december-31-2026-527-627-868-745-188-361-314-673-612-946-821-624-855-557-684-381-884-939-182-939-516,https://embed.polymarket.com/market.html?market=will-bitcoin-dip-to-55000-by-december-31-2026-527-627-868-745-188-361-314-673-612-946-821-624-855-557-684-381-884-939-182-939-516&features=volume&theme=light,"Will Bitcoin dip to $55,000 by December 31, 2026?",bitcoin,,"24h $22,463 • spread 0.010 • TTR 101.3d",6167432.321890001,22463.04,-0.02,-14.8148,2027-01-01T05:00:00+00:00,101.297,1,0.01,-0.88,0.115,0,"[{""name"": ""Top"", ""bestBid"": 0.11, ""bestAsk"": 0.12}]"
561239,0xb3298af85e00aafad937c119444a5f2800a55343b7482eb75581f6e454432501,will-kamala-harris-win-the-2028-us-presidential-election,https://polymarket.com/event/will-kamala-harris-win-the-2028-us-presidential-election,https://embed.polymarket.com/market.html?market=will-kamala-harris-win-the-2028-us-presidential-election&features=volume&theme=light,Will Kamala Harris win the 2028 US Presidential Election?,president,,"24h $1,744 • spread 0.001 • TTR 777.1d",9042041.603019008,1744.57,0.0,0.0,2028-11-07T00:00:00+00:00,777.088,1,0.001,-0.953,0.0465,0,"[{""name"": ""Top"", ""bestBid"": 0.046, ""bestAsk"": 0.047}]"
898416,0x2cefe6009ea518f77b8a82714e54c0af1d0f25e99b37d4861f4a5d3ebbf142d3,will-lewis-hamilton-be-the-2026-f1-drivers-champion,https://polymarket.com/event/will-lewis-hamilton-be-the-2026-f1-drivers-champion,https://embed.polymarket.com/market.html?market=will-lewis-hamilton-be-the-2026-f1-drivers-champion&features=volume&theme=light,Will Lewis Hamilton be the 2026 F1 Drivers' Champion?,sports,,"24h $4,483 • spread 0.001 • TTR 75.1d",5467170.84668,4483.05,0.001,18.1818,2026-12-06T00:00:00+00:00,75.088,1,0.001,-0.993,0.0065,0,"[{""name"": ""Top"", ""bestBid"": 0.006, ""bestAsk"": 0.007}]"
562007,0xf2cb33c6634ee4676b642e728715c68441fb8d8c90f730ba0b5c3cd1f436a4be,will-joe-kent-win-the-2028-republican-presidential-nomination,https://polymarket.com/event/will-joe-kent-win-the-2028-republican-presidential-nomination,https://embed.polymarket.com/market.html?market=will-joe-kent-win-the-2028-republican-presidential-nomination&features=volume&theme=light,Will Joe Kent win the 2028 Republican presidential nomination?,united-states,,24h $53 • spread 0.001 • TTR 777.1d,8932200.13654,53.49,0.0,0.0,2028-11-07T00:00:00+00:00,777.088,1,0.001,-0.998,0.0015,0,"[{""name"": ""Top"", ""bestBid"": 0.001, ""bestAsk"": 0.002}]"
559693,0x98933c78b5e277b62d91a6c174b412218de000b54c4c67ec8673bf561cec6e81,will-ruben-gallego-win-the-2028-democratic-presidential-nomination,https://polymarket.com/event/will-ruben-gallego-win-the-2028-democratic-presidential-nomination,https://embed.polymarket.com/market.html?market=will-ruben-gallego-win-the-2028-democratic-presidential-nomination&features=volume&theme=light,Will Ruben Gallego win the 2028 Democratic presidential nomination?,united-states,,"24h $1,108 • spread 0.001 • TTR 777.1d",8809296.368881002,1108.35,0.0,0.0,2028-11-07T00:00:00+00:00,777.088,1,0.001,-0.998,0.0015,0,"[{""name"": ""Top"", ""bestBid"": 0.001, ""bestAsk"": 0.002}]"
898415,0xe0711866c51f7d0c43284f43e3ae34125e462e909e16bf685718df7610e6a1e7,will-charles-leclerc-be-the-2026-f1-drivers-champion,https://polymarket.com/event/will-charles-leclerc-be-the-2026-f1-drivers-champion,https://embed.polymarket.com/market.html?market=will-charles-leclerc-be-the-2026-f1-drivers-champion&features=volume&theme=light,Will Charles Leclerc be the 2026 F1 Drivers' Champion?,sports,,24h $704 • spread 0.001 • TTR 75.1d,5360835.595472,704.82,0.0,0.0,2026-12-06T00:00:00+00:00,75.088,1,0.001,-0.995,0.0045,0,"[{""name"": ""Top"", ""bestBid"": 0.004, ""bestAsk"": 0.005}]"
561977,0xd0c4c60c8e68ee15974df3aa7d217225e98020fab9fcdb32d10f8e3d285e1619,will-glenn-youngkin-win-the-2028-republican-presidential-nomination,https://polymarket.com/event/will-glenn-youngkin-win-the-2028-republican-presidential-nomination,https://embed.polymarket.com/market.html?market=will-glenn-youngkin-win-the-2028-republican-presidential-nomination&features=volume&theme=light,Will Glenn Youngkin win the 2028 Republican presidential nomination?,united-states,,24h $112 • spread 0.001 • TTR 777.1d,8719040.318783008,112.44,0.0,0.0,2028-11-07T00:00:00+00:00,777.088,1,0.001,-0.995,0.0045,0,"[{""name"": ""Top"", ""bestBid"": 0.004, ""bestAsk"": 0.005}]"
561998,0x4f02b9cf70e514964fcb9aa2f7873d2b0d1aa0986da096cce7e6687e78da00f3,will-ivanka-trump-win-the-2028-republican-presidential-nomination,https://polymarket.com/event/will-ivanka-trump-win-the-2028-republican-presidential-nomination,https://embed.polymarket.com/market.html?market=will-ivanka-trump-win-the-2028-republican-presidential-nomination&features=volume&theme=light,Will Ivanka Trump win the 2028 Republican presidential nomination?,united-states,,"24h $2,373 • spread 0.002 • TTR 777.1d",8568831.096772,2373.57,0.0,0.0,2028-11-07T00:00:00+00:00,777.088,1,0.002,-0.99,0.009,0,"[{""name"": ""Top"", ""bestBid"": 0.008, ""bestAsk"": 0.01}]"
559696,0x6685b25cc7c89032efcdf81eb27fdc6bbf04a3e4299bcd99c9f3d62c8471001e,will-graham-platner-win-the-2028-democratic-presidential-nomination,https://polymarket.com/event/will-graham-platner-win-the-2028-democratic-presidential-nomination,https://embed.polymarket.com/market.html?market=will-graham-platner-win-the-2028-democratic-presidential-nomination&features=volume&theme=light,Will Graham Platner win the 2028 Democratic presidential nomination?,united-states,,TTR 777.1d,8531235.089158,,0.0,0.0,2028-11-07T00:00:00+00:00,777.088,1,,-0.999,,0,"[{""name"": ""Top"", ""bestBid"": null, ""bestAsk"": 0.001}]"
561260,0x32903694997a5c09afee30904970f9fab2a5fb4ec45f572f194341185574f1a4,will-thomas-massie-win-the-2028-us-presidential-election,https://polymarket.com/event/will-thomas-massie-win-the-2028-us-presidential-election,https://embed.polymarket.com/market.html?market=will-thomas-massie-win-the-2028-us-presidential-election&features=volume&theme=light,Will Thomas Massie win the 2028 US Presidential Election?,president,,24h $39 • spread 0.001 • TTR 777.1d,8400276.010862999,39.39,0.0,0.0,2028-11-07T00:00:00+00:00,777.088,1,0.001,-0.989,0.0105,0,"[{""name"": ""Top"", ""bestBid"": 0.01, ""bestAsk"": 0.011}]"
561252,0xe2bdf6c18c8ab5ad5d3be5f95dd749e88d1dee7ac7c4dbf5101013a5c055e3df,will-dwayne-the-rock-johnson-win-the-2028-us-presidential-election,https://polymarket.com/event/will-dwayne-the-rock-johnson-win-the-2028-us-presidential-election,https://embed.polymarket.com/market.html?market=will-dwayne-the-rock-johnson-win-the-2028-us-presidential-election&features=volume&theme=light,Will Dwayne 'The Rock' Johnson win the 2028 US Presidential Election?,president,,"24h $5,179 • spread 0.001 • TTR 777.1d",8396164.94251,5179.45,0.0,0.0,2028-11-07T00:00:00+00:00,777.088,1,0.001,-0.985,0.0145,0,"[{""name"": ""Top"", ""bestBid"": 0.014, ""bestAsk"": 0.015}]"
1105751,0x1dd7704a6d05cca078564bc0bac541261425bc9252acc5634639f5161daf45f9,will-evan-pettus-be-the-leader-of-venezuela-end-of-2026,https://polymarket.com/event/will-evan-pettus-be-the-leader-of-venezuela-end-of-2026,https://embed.polymarket.com/market.html?market=will-evan-pettus-be-the-leader-of-venezuela-end-of-2026&features=volume&theme=light,Will Evan Pettus be the leader of Venezuela end of 2026?,trump-machado,,24h $10 • TTR 100.1d,5655664.861313999,10.0,0.0,0.0,2026-12-31T00:00:00+00:00,100.088,1,,-0.999,,0,"[{""name"": ""Top"", ""bestBid"": null, ""bestAsk"": 0.001}]"
2126460,0x6a18969bc603992de4c5c9d53c2881e1378ac193cdad01e7f932afa7fdc4af3e,will-crude-oil-reach-a-new-all-time-high-by-september-30,https://polymarket.com/event/will-crude-oil-reach-a-new-all-time-high-by-september-30,https://embed.polymarket.com/market.html?market=will-crude-oil-reach-a-new-all-time-high-by-september-30&features=volume&theme=light,Will Crude Oil reach a new all-time high by September 30?,oil,,"24h $15,401 • spread 0.001 • TTR 9.3d",1941906.6655820007,15401.39,-0.0065,-59.0909,2026-10-01T03:59:00+00:00,9.254,1,0.001,-0.995,0.0045,0,"[{""name"": ""Top"", ""bestBid"": 0.004, ""bestAsk"": 0.005}]"
561232,0x2c03c41e5032364cb7166e842bdd22913f28aa2c837d8432704aa89c338875c8,will-pete-buttigieg-win-the-2028-us-presidential-election,https://polymarket.com/event/will-pete-buttigieg-win-the-2028-us-presidential-election,https://embed.polymarket.com/market.html?market=will-pete-buttigieg-win-the-2028-us-presidential-election&features=volume&theme=light,Will Pete Buttigieg win the 2028 US Presidential Election?,president,,24h $93 • spread 0.001 • TTR 777.1d,8272124.109131003,93.11,0.0,0.0,2028-11-07T00:00:00+00:00,777.088,1,0.001,-0.973,0.0265,0,"[{""name"": ""Top"", ""bestBid"": 0.026, ""bestAsk"": 0.027}]"
561255,0xc586d15be76278848a26c761c2fcf70f8cebca71815cfab83e656ff5c6ec13a9,will-ivanka-trump-win-the-2028-us-presidential-election,https://polymarket.com/event/will-ivanka-trump-win-the-2028-us-presidential-election,https://embed.polymarket.com/market.html?market=will-ivanka-trump-win-the-2028-us-presidential-election&features=volume&theme=light,Will Ivanka Trump win the 2028 US Presidential Election?,president,,24h $251 • spread 0.002 • TTR 777.1d,8241540.276811004,251.57,0.0,0.0,2028-11-07T00:00:00+00:00,777.088,1,0.002,-0.994,0.005,0,"[{""name"": ""Top"", ""bestBid"": 0.004, ""bestAsk"": 0.006}]"
1057883,0x6fefc0438c7598b23531457c8c60541990d0786bd4bd9dfc3eabc8d95c291092,will-bitcoin-reach-250000-by-december-31-2026-579-442,https://polymarket.com/event/will-bitcoin-reach-250000-by-december-31-2026-579-442,https://embed.polymarket.com/market.html?market=will-bitcoin-reach-250000-by-december-31-2026-579-442&features=volume&theme=light,"Will Bitcoin reach $250,000 by December 31, 2026?",bitcoin,,"24h $1,321 • spread 0.001 • TTR 101.3d",5481065.176053008,1321.87,0.0,0.0,2027-01-01T05:00:00+00:00,101.297,1,0.001,-0.989,0.0105,0,"[{""name"": ""Top"", ""bestBid"": 0.01, ""bestAsk"": 0.011}]"
562831,0xc5eae79d1ffe716572353962eb926b1e3964c500a4880a7a94f58408218ee76b,2026-balance-of-power-r-senate-r-house-537,https://polymarket.com/event/2026-balance-of-power-r-senate-r-house-537,https://embed.polymarket.com/market.html?market=2026-balance-of-power-r-senate-r-house-537&features=volume&theme=light,"2026 Balance of Power: R Senate, R House",united-states,,"24h $304,896 • spread 0.010 • TTR 42.1d",3737614.4070639997,304896.89,0.0,0.0,2026-11-03T00:00:00+00:00,42.088,1,0.01,-0.92,0.075,0,"[{""name"": ""Top"", ""bestBid"": 0.07, ""bestAsk"": 0.08}]"
616913,0x1adf074e048fa613f4ddbc0766088748a48d120a3a713b0183e219032a411ae3,will-11-fed-rate-cuts-happen-in-2026,https://polymarket.com/event/will-11-fed-rate-cuts-happen-in-2026,https://embed.polymarket.com/market.html?market=will-11-fed-rate-cuts-happen-in-2026&features=volume&theme=light,Will 11 Fed rate cuts happen in 2026?,rewards-200-4pt5-50,,TTR 100.1d,5268833.838101001,,0.0,0.0,2026-12-31T00:00:00+00:00,100.088,1,,-0.999,,0,"[{""name"": ""Top"", ""bestBid"": null, ""bestAsk"": 0.001}]"
1469755,0x4266ab921148974f104cbadd099e13bca989441bf58acfd2a08fc6cc7440e1a1,will-mohammad-khatami-be-head-of-state-in-iran-end-of-2026,https://polymarket.com/event/will-mohammad-khatami-be-head-of-state-in-iran-end-of-2026,https://embed.polymarket.com/market.html?market=will-mohammad-khatami-be-head-of-state-in-iran-end-of-2026&features=volume&theme=light,Will Mohammad Khatami be head of state in Iran end of 2026?,middle-east,,TTR 100.1d,5215127.808480999,,0.0,0.0,2026-12-31T00:00:00+00:00,100.088,1,,-0.999,,0,"[{""name"": ""Top"", ""bestBid"": null, ""bestAsk"": 0.001}]"
1107582,0x3de0f3d7d7efb40cde68e814d40a0b232832083653c8e78260eb999baa967de0,us-strike-on-cuba-by-december-31,https://polymarket.com/event/us-strike-on-cuba-by-december-31,https://embed.polymarket.com/market.html?market=us-strike-on-cuba-by-december-31&features=volume&theme=light,US strike on Cuba by December 31?,cuba,,24h $450 • spread 0.010 • TTR 101.3d,5233627.802957998,450.16,0.0,0.0,2027-01-01T04:59:00+00:00,101.296,1,0.01,-0.85,0.145,0,"[{""name"": ""Top"", ""bestBid"": 0.14, ""bestAsk"": 0.15}]"
679035,0x34ed4ad7a7825f168e1084f53e8f60a161579d783b2740e50aa52f710925a136,will-sgolne-royal-win-the-2027-french-presidential-election,https://polymarket.com/event/will-sgolne-royal-win-the-2027-french-presidential-election,https://embed.polymarket.com/market.html?market=will-sgolne-royal-win-the-2027-french-presidential-election&features=volume&theme=light,Will Ségolène Royal win the 2027 French presidential election?,french-election,,"24h $23,078 • spread 0.009 • TTR 220.1d",6477168.340667006,23078.05,0.008,533.3333,2027-04-30T00:00:00+00:00,220.088,1,0.009,-0.986,0.0095,0,"[{""name"": ""Top"", ""bestBid"": 0.005, ""bestAsk"": 0.014}]"
3516946,0x028749c5ef94707196b3bd509efb18caca280a38aba4d750ed215530804e3b7e,nfl-nyg-la-2026-09-22-total-47pt5,https://polymarket.com/event/nfl-nyg-la-2026-09-22-total-47pt5,https://embed.polymarket.com/market.html?market=nfl-nyg-la-2026-09-22-total-47pt5&features=volume&theme=light,Giants vs. Rams: O/U 47.5,sports,,"24h $1,112,081 • spread 0.010 • TTR 0.1d • ~50% mid",1112212.972429,1112081.05,-0.01,-1.9802,2026-09-22T00:15:00+00:00,0.099,1,0.01,-0.5,0.495,1,"[{""name"": ""Top"", ""bestBid"": 0.49, ""bestAsk"": 0.5}]"
679049,0x06ea9c02b4c6a2f7f07f78e21411bd367636564edb27c72cd038b556aada1a64,will-mathilde-panot-win-the-2027-french-presidential-election,https://polymarket.com/event/will-mathilde-panot-win-the-2027-french-presidential-election,https://embed.polymarket.com/market.html?market=will-mathilde-panot-win-the-2027-french-presidential-election&features=volume&theme=light,Will Mathilde Panot win the 2027 French presidential election?,french-election,,TTR 220.1d,6420687.915722002,,0.0,0.0,2027-04-30T00:00:00+00:00,220.088,1,,-0.999,,0,"[{""name"": ""Top"", ""bestBid"": null, ""bestAsk"": 0.001}]"
561233,0x5969cbb46aca5319b19e19a3c6f63de098950b675bf268f30f4d035508da1957,will-josh-shapiro-win-the-2028-us-presidential-election,https://polymarket.com/event/will-josh-shapiro-win-the-2028-us-presidential-election,https://embed.polymarket.com/market.html?market=will-josh-shapiro-win-the-2028-us-presidential-election&features=volume&theme=light,Will Josh Shapiro win the 2028 US Presidential Election?,president,,"24h $2,616 • spread 0.001 • TTR 777.1d",7565647.282126003,2616.29,0.0,0.0,2028-11-07T00:00:00+00:00,777.088,1,0.001,-0.969,0.0305,0,"[{""name"": ""Top"", ""bestBid"": 0.03, ""bestAsk"": 0.031}]"
1144471,0x3b0107a80edd066fe987784d7ab5963c177888433efbec10689951c17320606c,will-satoshi-move-any-bitcoin-in-2026,https://polymarket.com/event/will-satoshi-move-any-bitcoin-in-2026,https://embed.polymarket.com/market.html?market=will-satoshi-move-any-bitcoin-in-2026&features=volume&theme=light,Will Satoshi move any Bitcoin in 2026?,crypto-culture,,"24h $1,769 • spread 0.001 • TTR 101.3d",5057114.858939999,1769.83,0.002,6.1538,2027-01-01T05:00:00+00:00,101.297,1,0.001,-0.965,0.0345,0,"[{""name"": ""Top"", ""bestBid"": 0.034, ""bestAsk"": 0.035}]"
2696746,0x23667427b34ca1c7144d50540beba9e7ffb608443a84252c194bb8b40919a0cb,us-iran-final-nuclear-deal-by-september-30-2026,https://polymarket.com/event/us-iran-final-nuclear-deal-by-september-30-2026,https://embed.polymarket.com/market.html?market=us-iran-final-nuclear-deal-by-september-30-2026&features=volume&theme=light,"US-Iran Final Nuclear Deal by September 30, 2026?",iran,,"24h $18,493 • spread 0.002 • TTR 9.3d",1722471.9371560004,18493.49,0.0025,55.5556,2026-10-01T03:59:00+00:00,9.254,1,0.002,-0.992,0.007,0,"[{""name"": ""Top"", ""bestBid"": 0.006, ""bestAsk"": 0.008}]"
3215074,0x46477994c02fdd4f7be7eacc58d343457d80333d92e5c4ad9a3117274d0e5639,kharg-island-no-longer-under-iranian-control-by-september-30-20260730004207224,https://polymarket.com/event/kharg-island-no-longer-under-iranian-control-by-september-30-20260730004207224,https://embed.polymarket.com/market.html?market=kharg-island-no-longer-under-iranian-control-by-september-30-20260730004207224&features=volume&theme=light,Kharg Island no longer under Iranian control by September 30?,iranian-leadership-regime,,"24h $31,825 • spread 0.002 • TTR 9.3d",1713025.5714010003,31825.69,-0.0045,-42.8571,2026-10-01T03:59:00+00:00,9.254,1,0.002,-0.993,0.006,0,"[{""name"": ""Top"", ""bestBid"": 0.005, ""bestAsk"": 0.007}]"
1057916,0xa885bfe10688056a9d0f4e9a1523bfa18f66fda065f0400d714ba54776083713,will-bitcoin-dip-to-15000-by-december-31-2026-416-954-417-853-885-363-335-458-585-275-615-269-479-379-516-218-918-374-598-429-212,https://polymarket.com/event/will-bitcoin-dip-to-15000-by-december-31-2026-416-954-417-853-885-363-335-458-585-275-615-269-479-379-516-218-918-374-598-429-212,https://embed.polymarket.com/market.html?market=will-bitcoin-dip-to-15000-by-december-31-2026-416-954-417-853-885-363-335-458-585-275-615-269-479-379-516-218-918-374-598-429-212&features=volume&theme=light,"Will Bitcoin dip to $15,000 by December 31, 2026?",bitcoin,,24h $306 • spread 0.001 • TTR 101.3d,4981364.368743007,306.67,0.0,0.0,2027-01-01T05:00:00+00:00,101.297,1,0.001,-0.98,0.0195,0,"[{""name"": ""Top"", ""bestBid"": 0.019, ""bestAsk"": 0.02}]"
616912,0x757c144993b3cb831e04c42bfcff8c18864c7da4f4688a5939d2f62e031cbc87,will-10-fed-rate-cuts-happen-in-2026,https://polymarket.com/event/will-10-fed-rate-cuts-happen-in-2026,https://embed.polymarket.com/market.html?market=will-10-fed-rate-cuts-happen-in-2026&features=volume&theme=light,Will 10 Fed rate cuts happen in 2026?,rewards-200-4pt5-50,,TTR 100.1d,4951979.949516,,0.0,0.0,2026-12-31T00:00:00+00:00,100.088,1,,-0.999,,0,"[{""name"": ""Top"", ""bestBid"": null, ""bestAsk"": 0.001}]"
898412,0xcd2640464754b9a894ffec98ac11554fdd507ea89ca01237eabb3a6de4a606e6,will-kimi-antonelli-be-the-2026-f1-drivers-champion,https://polymarket.com/event/will-kimi-antonelli-be-the-2026-f1-drivers-champion,https://embed.polymarket.com/market.html?market=will-kimi-antonelli-be-the-2026-f1-drivers-champion&features=volume&theme=light,Will Kimi Antonelli be the 2026 F1 Drivers' Champion?,sports,,24h $769 • spread 0.004 • TTR 75.1d,4417726.936179,769.69,0.0015,0.1624,2026-12-06T00:00:00+00:00,75.088,1,0.004,-0.073,0.925,0,"[{""name"": ""Top"", ""bestBid"": 0.923, ""bestAsk"": 0.927}]"
679023,0x06a27c2810eaca94b53e7a17f15ad47761399ba445a6b02039b2679da203262d,will-xavier-bertrand-win-the-2027-french-presidential-election,https://polymarket.com/event/will-xavier-bertrand-win-the-2027-french-presidential-election,https://embed.polymarket.com/market.html?market=will-xavier-bertrand-win-the-2027-french-presidential-election&features=volume&theme=light,Will Xavier Bertrand win the 2027 French presidential election?,french-election,,"24h $147,556 • TTR 220.1d",6145703.889838999,147556.92,-0.001,-66.6667,2027-04-30T00:00:00+00:00,220.088,1,,-0.999,,0,"[{""name"": ""Top"", ""bestBid"": null, ""bestAsk"": 0.001}]"
561262,0x9eb7ac1524fdacb46ceb8758454f0004c7b117eae76e6295852643644bb862c1,will-james-talarico-win-the-2028-us-presidential-election,https://polymarket.com/event/will-james-talarico-win-the-2028-us-presidential-election,https://embed.polymarket.com/market.html?market=will-james-talarico-win-the-2028-us-presidential-election&features=volume&theme=light,Will James Talarico win the 2028 US Presidential Election?,president,,"24h $3,366 • spread 0.001 • TTR 777.1d",7242446.948435999,3366.93,0.0,0.0,2028-11-07T00:00:00+00:00,777.088,1,0.001,-0.992,0.0075,0,"[{""name"": ""Top"", ""bestBid"": 0.007, ""bestAsk"": 0.008}]"
562828,0x16c63b7cc37f012b9f59ee164ec03877914c701d06d48291ae8d6fc08a088b0d,2026-balance-of-power-d-senate-d-house-949,https://polymarket.com/event/2026-balance-of-power-d-senate-d-house-949,https://embed.polymarket.com/market.html?market=2026-balance-of-power-d-senate-d-house-949&features=volume&theme=light,"2026 Balance of Power: D Senate, D House",united-states,,"24h $30,080 • spread 0.010 • TTR 42.1d",3366213.8731410005,30080.83,0.03,4.9587,2026-11-03T00:00:00+00:00,42.088,1,0.01,-0.36,0.635,0,"[{""name"": ""Top"", ""bestBid"": 0.63, ""bestAsk"": 0.64}]"
679033,0xbac8d3ca6cc7297022850562d9d66669d5e0a112767337f8a5955417f1984b54,will-olivier-faure-win-the-2027-french-presidential-election,https://polymarket.com/event/will-olivier-faure-win-the-2027-french-presidential-election,https://embed.polymarket.com/market.html?market=will-olivier-faure-win-the-2027-french-presidential-election&features=volume&theme=light,Will Olivier Faure win the 2027 French presidential election?,french-election,,"24h $6,625 • spread 0.001 • TTR 220.1d",5956006.647688,6625.94,-0.0025,-62.5,2027-04-30T00:00:00+00:00,220.088,1,0.001,-0.998,0.0015,0,"[{""name"": ""Top"", ""bestBid"": 0.001, ""bestAsk"": 0.002}]"
679041,0x3a8209fbd45fef3be23fb3480eb1c961c85f7bdd07d4a3391f5949252156c594,will-franois-bayrou-win-the-2027-french-presidential-election,https://polymarket.com/event/will-franois-bayrou-win-the-2027-french-presidential-election,https://embed.polymarket.com/market.html?market=will-franois-bayrou-win-the-2027-french-presidential-election&features=volume&theme=light,Will François Bayrou win the 2027 French presidential election?,french-election,,TTR 220.1d,5939554.201651999,,0.0,0.0,2027-04-30T00:00:00+00:00,220.088,1,,-0.999,,0,"[{""name"": ""Top"", ""bestBid"": null, ""bestAsk"": 0.001}]"
679036,0xaba4bb720c6c1b2e48087f5af4a57fd1e9f05814a936e9f6b1c37f10436a34fc,will-franois-asselineau-win-the-2027-french-presidential-election,https://polymarket.com/event/will-franois-asselineau-win-the-2027-french-presidential-election,https://embed.polymarket.com/market.html?market=will-franois-asselineau-win-the-2027-french-presidential-election&features=volume&theme=light,Will François Asselineau win the 2027 French presidential election?,french-election,,TTR 220.1d,5755683.113116999,,0.0,0.0,2027-04-30T00:00:00+00:00,220.088,1,,-0.999,,0,"[{""name"": ""Top"", ""bestBid"": null, ""bestAsk"": 0.001}]"
1535973,0x377e7fe65cf198a7fc4fdae3f2136b74729279267858daaf96718b23bc2a5607,iran-leadership-change-by-december-31-974-976-658-482-568-685-996-469-827,https://polymarket.com/event/iran-leadership-change-by-december-31-974-976-658-482-568-685-996-469-827,https://embed.polymarket.com/market.html?market=iran-leadership-change-by-december-31-974-976-658-482-568-685-996-469-827&features=volume&theme=light,Iran leadership change by December 31?,politics,,"24h $20,588 • spread 0.010 • TTR 101.3d",4616582.012732999,20588.06,0.01,6.8966,2027-01-01T04:59:00+00:00,101.296,1,0.01,-0.84,0.155,0,"[{""name"": ""Top"", ""bestBid"": 0.15, ""bestAsk"": 0.16}]"
562004,0x17902b9490c6a73152772316b4705935c5c6801ba269f2afc81686532e34fb9a,will-marjorie-taylor-greene-win-the-2028-republican-presidential-nomination,https://polymarket.com/event/will-marjorie-taylor-greene-win-the-2028-republican-presidential-nomination,https://embed.polymarket.com/market.html?market=will-marjorie-taylor-greene-win-the-2028-republican-presidential-nomination&features=volume&theme=light,Will Marjorie Taylor Greene win the 2028 Republican presidential nomination?,united-states,,24h $75 • spread 0.001 • TTR 777.1d,6765828.620204,75.14,0.0,0.0,2028-11-07T00:00:00+00:00,777.088,1,0.001,-0.996,0.0035,0,"[{""name"": ""Top"", ""bestBid"": 0.003, ""bestAsk"": 0.004}]"
679043,0xfd431e070263b5f24e43a8fc44532bf41aa008d99cab2330d979913b1c580bd2,will-yal-braun-pivet-win-the-2027-french-presidential-election,https://polymarket.com/event/will-yal-braun-pivet-win-the-2027-french-presidential-election,https://embed.polymarket.com/market.html?market=will-yal-braun-pivet-win-the-2027-french-presidential-election&features=volume&theme=light,Will Yaël Braun-Pivet win the 2027 French presidential election?,french-election,,TTR 220.1d,5701447.709578999,,0.0,0.0,2027-04-30T00:00:00+00:00,220.088,1,,-0.999,,0,"[{""name"": ""Top"", ""bestBid"": null, ""bestAsk"": 0.001}]"
637008,0xb3fefe9667acca5ca31a8e330219dc67a01b374331d9bf4875357655a5508815,will-unrwa-win-the-nobel-peace-prize-in-2026-983,https://polymarket.com/event/will-unrwa-win-the-nobel-peace-prize-in-2026-983,https://embed.polymarket.com/market.html?market=will-unrwa-win-the-nobel-peace-prize-in-2026-983&features=volume&theme=light,Will UNRWA win the Nobel Peace Prize in 2026?,awards,,24h $322 • spread 0.009 • TTR 18.1d,2055341.7432179993,322.82,0.0115,21.6981,2026-10-10T00:00:00+00:00,18.088,1,0.009,-0.931,0.0645,0,"[{""name"": ""Top"", ""bestBid"": 0.06, ""bestAsk"": 0.069}]"
2730675,0x094772b3529f455e881a4483eaf1c24266384f55e97c23f24f638f5726ba9920,iran-leadership-change-by-september-30-20260629144005163-739-824,https://polymarket.com/event/iran-leadership-change-by-september-30-20260629144005163-739-824,https://embed.polymarket.com/market.html?market=iran-leadership-change-by-september-30-20260629144005163-739-824&features=volume&theme=light,Iran leadership change by September 30?,politics,,"24h $31,345 • spread 0.001 • TTR 9.3d",1529477.6609239995,31345.69,-0.006,-44.4444,2026-10-01T03:59:00+00:00,9.254,1,0.001,-0.992,0.0075,0,"[{""name"": ""Top"", ""bestBid"": 0.007, ""bestAsk"": 0.008}]"
2822005,0xc788500313fb20ebab5b6577c3dcfc24e911e44e45c3aebabb8eee4bb70f4431,putin-out-as-president-of-russia-by-september-30-2026,https://polymarket.com/event/putin-out-as-president-of-russia-by-september-30-2026,https://embed.polymarket.com/market.html?market=putin-out-as-president-of-russia-by-september-30-2026&features=volume&theme=light,"Putin out as President of Russia by September 30, 2026?",putin,,"24h $107,486 • spread 0.001 • TTR 9.3d",1518997.2127469997,107486.13,-0.001,-28.5714,2026-10-01T03:59:00+00:00,9.254,1,0.001,-0.997,0.0025,0,"[{""name"": ""Top"", ""bestBid"": 0.002, ""bestAsk"": 0.003}]"
948957,0x6123b5cc75c38ba9783f6c8ea260107b546c7d3454a8f9b5280c9921cc39f3d9,bitcoin-all-time-high-by-september-30-2026,https://polymarket.com/event/bitcoin-all-time-high-by-september-30-2026,https://embed.polymarket.com/market.html?market=bitcoin-all-time-high-by-september-30-2026&features=volume&theme=light,"Bitcoin all time high by September 30, 2026?",price-milestone,,"24h $40,079 • spread 0.007 • TTR 9.3d",1511220.375186,40079.3,0.013,866.6667,2026-10-01T03:59:00+00:00,9.254,1,0.007,-0.982,0.0145,0,"[{""name"": ""Top"", ""bestBid"": 0.011, ""bestAsk"": 0.018}]"
1357388,0x6c9407f7841e7507ba435d540af237d742674ba05bac48998cf94f4b7ef5d909,will-the-los-angeles-chargers-win-the-2027-nfl-league-championship,https://polymarket.com/event/will-the-los-angeles-chargers-win-the-2027-nfl-league-championship,https://embed.polymarket.com/market.html?market=will-the-los-angeles-chargers-win-the-2027-nfl-league-championship&features=volume&theme=light,Will the Los Angeles Chargers win the 2027 NFL league championship?,sports,,"24h $24,432 • spread 0.001 • TTR 191.1d",5309788.069882,24432.43,-0.0155,-55.3571,2027-03-31T23:55:00+00:00,191.085,1,0.001,-0.987,0.0125,0,"[{""name"": ""Top"", ""bestBid"": 0.012, ""bestAsk"": 0.013}]"
679042,0x0b298ab2b2cad3308d486c804985c1ede7ea949bde363f44784a3b2a460be788,will-lisabeth-borne-win-the-2027-french-presidential-election,https://polymarket.com/event/will-lisabeth-borne-win-the-2027-french-presidential-election,https://embed.polymarket.com/market.html?market=will-lisabeth-borne-win-the-2027-french-presidential-election&features=volume&theme=light,Will Élisabeth Borne win the 2027 French presidential election?,french-election,,TTR 220.1d,5446141.961540999,,0.0,0.0,2027-04-30T00:00:00+00:00,220.088,1,,-0.999,,0,"[{""name"": ""Top"", ""bestBid"": null, ""bestAsk"": 0.001}]"
608565,0x7034c00a24f9edbf325fd5a0b9a63412e469fc8cd2aa9b060fb5ba8e10d7ebef,will-lionel-messi-win-the-2026-ballon-dor,https://polymarket.com/event/will-lionel-messi-win-the-2026-ballon-dor,https://embed.polymarket.com/market.html?market=will-lionel-messi-win-the-2026-ballon-dor&features=volume&theme=light,Will Lionel Messi win the 2026 Ballon d'Or?,soccer,,"24h $25,215 • spread 0.001 • TTR 39.1d",2893001.6376469987,25215.76,0.008,17.2043,2026-10-31T00:00:00+00:00,39.088,1,0.001,-0.945,0.0545,0,"[{""name"": ""Top"", ""bestBid"": 0.054, ""bestAsk"": 0.055}]"
616911,0x4ec6fcb43fe1a32163c7da09d54a99ab9bf6abdc6fd49939d7ad67d696a3248b,will-9-fed-rate-cuts-happen-in-2026,https://polymarket.com/event/will-9-fed-rate-cuts-happen-in-2026,https://embed.polymarket.com/market.html?market=will-9-fed-rate-cuts-happen-in-2026&features=volume&theme=light,Will 9 Fed rate cuts happen in 2026?,rewards-200-4pt5-50,,TTR 100.1d,4286510.567518,,0.0,0.0,2026-12-31T00:00:00+00:00,100.088,1,,-0.999,,0,"[{""name"": ""Top"", ""bestBid"": null, ""bestAsk"": 0.001}]"
2646914,0xc4ebab9f2830f6df67ab1b98615d5a9be8eebd106fd0f37e9a25e4a4edcc427c,will-no-qualifying-diplomatic-us-iran-meeting-occur-by-september-30-2026-20260622185050763,https://polymarket.com/event/will-no-qualifying-diplomatic-us-iran-meeting-occur-by-september-30-2026-20260622185050763,https://embed.polymarket.com/market.html?market=will-no-qualifying-diplomatic-us-iran-meeting-occur-by-september-30-2026-20260622185050763&features=volume&theme=light,"Will no qualifying diplomatic US-Iran meeting occur by September 30, 2026?",iran,,"24h $44,015 • spread 0.008 • TTR 9.3d",1471404.851797,44015.46,0.0455,5.6627,2026-10-01T03:59:00+00:00,9.254,1,0.008,-0.152,0.844,0,"[{""name"": ""Top"", ""bestBid"": 0.84, ""bestAsk"": 0.848}]"
682705,0x7586a96520578acaaaa4ea84a2582f197f84255da1f3392a7aa300386c187b37,will-benjamin-netanyahu-be-the-next-prime-minister-of-israel,https://polymarket.com/event/will-benjamin-netanyahu-be-the-next-prime-minister-of-israel,https://embed.polymarket.com/market.html?market=will-benjamin-netanyahu-be-the-next-prime-minister-of-israel&features=volume&theme=light,Will Benjamin Netanyahu be the next Prime Minister of Israel?,main-election,,"24h $41,708 • spread 0.010 • TTR 100.1d",4260583.099473999,41708.9,-0.01,-3.3898,2026-12-31T00:00:00+00:00,100.088,1,0.01,-0.71,0.285,0,"[{""name"": ""Top"", ""bestBid"": 0.28, ""bestAsk"": 0.29}]"
562793,0x307a1ed89d60b61002dd5bbf00e1408c5ed2ab3fcdb056191ca7ef9bc34d38f3,will-the-democratic-party-control-the-senate-after-the-2026-midterm-elections,https://polymarket.com/event/will-the-democratic-party-control-the-senate-after-the-2026-midterm-elections,https://embed.polymarket.com/market.html?market=will-the-democratic-party-control-the-senate-after-the-2026-midterm-elections&features=volume&theme=light,Will the Democratic Party control the Senate after the 2026 Midterm elections?,senate-elections,,"24h $82,520 • spread 0.020 • TTR 42.1d",2920100.8820759994,82520.28,0.035,5.7851,2026-11-03T00:00:00+00:00,42.088,1,0.02,-0.35,0.64,0,"[{""name"": ""Top"", ""bestBid"": 0.63, ""bestAsk"": 0.65}]"
616908,0x4914bfdd892a48c341b5e0f41ec10475a815f2277273110b16f95e21084bfe75,will-6-fed-rate-cuts-happen-in-2026,https://polymarket.com/event/will-6-fed-rate-cuts-happen-in-2026,https://embed.polymarket.com/market.html?market=will-6-fed-rate-cuts-happen-in-2026&features=volume&theme=light,Will 6 Fed rate cuts happen in 2026?,rewards-200-4pt5-50,,TTR 100.1d,4222076.165319998,,0.0,0.0,2026-12-31T00:00:00+00:00,100.088,1,,-0.999,,0,"[{""name"": ""Top"", ""bestBid"": null, ""bestAsk"": 0.001}]"
679039,0x6ccebbc57547f8b777aa4ef70a452bb5034055d183131a9b6db47fd8d0777921,will-michel-barnier-win-the-2027-french-presidential-election,https://polymarket.com/event/will-michel-barnier-win-the-2027-french-presidential-election,https://embed.polymarket.com/market.html?market=will-michel-barnier-win-the-2027-french-presidential-election&features=volume&theme=light,Will Michel Barnier win the 2027 French presidential election?,french-election,,24h $5 • TTR 220.1d,5253723.087683998,5.5,0.0,0.0,2027-04-30T00:00:00+00:00,220.088,1,,-0.999,,0,"[{""name"": ""Top"", ""bestBid"": null, ""bestAsk"": 0.001}]"
1105753,0x1198bf982483cc6f0a3d3de63d7703117ed19c5b5a9474541a2a3b6b0b5e51f3,will-dan-caine-be-the-leader-of-venezuela-end-of-2026,https://polymarket.com/event/will-dan-caine-be-the-leader-of-venezuela-end-of-2026,https://embed.polymarket.com/market.html?market=will-dan-caine-be-the-leader-of-venezuela-end-of-2026&features=volume&theme=light,Will Dan Caine be the leader of Venezuela end of 2026?,trump-machado,,TTR 100.1d,4154186.2000409993,,0.0,0.0,2026-12-31T00:00:00+00:00,100.088,1,,-0.999,,0,"[{""name"": ""Top"", ""bestBid"": null, ""bestAsk"": 0.001}]"
562005,0x24258776d0a926b4550b0f213267b95ba0a7741fc972d0b3c2b5f6bf8ced2c50,will-thomas-massie-win-the-2028-republican-presidential-nomination,https://polymarket.com/event/will-thomas-massie-win-the-2028-republican-presidential-nomination,https://embed.polymarket.com/market.html?market=will-thomas-massie-win-the-2028-republican-presidential-nomination&features=volume&theme=light,Will Thomas Massie win the 2028 Republican presidential nomination?,united-states,,"24h $2,085 • spread 0.001 • TTR 777.1d",6108852.653686,2085.65,0.0,0.0,2028-11-07T00:00:00+00:00,777.088,1,0.001,-0.993,0.0065,0,"[{""name"": ""Top"", ""bestBid"": 0.006, ""bestAsk"": 0.007}]"
628940,0x119b6b3b744ac3239c7a71100165d254234eaecea401abde5a3d303bef21d19e,will-steve-hilton-win-the-california-governor-election-in-2026,https://polymarket.com/event/will-steve-hilton-win-the-california-governor-election-in-2026,https://embed.polymarket.com/market.html?market=will-steve-hilton-win-the-california-governor-election-in-2026&features=volume&theme=light,Will Steve Hilton win the California Governor Election in 2026?,california-midterm,,"24h $41,544 • spread 0.001 • TTR 42.1d",2853331.5553069985,41544.42,0.0,0.0,2026-11-03T00:00:00+00:00,42.088,1,0.001,-0.945,0.0545,0,"[{""name"": ""Top"", ""bestBid"": 0.054, ""bestAsk"": 0.055}]"
679037,0x2bf80d93be42dac6c1b03298b5ec329a4b9f87b689c7892d544d1029f3a0caf0,will-clmentine-autain-win-the-2027-french-presidential-election,https://polymarket.com/event/will-clmentine-autain-win-the-2027-french-presidential-election,https://embed.polymarket.com/market.html?market=will-clmentine-autain-win-the-2027-french-presidential-election&features=volume&theme=light,Will Clémentine Autain win the 2027 French presidential election?,french-election,,TTR 220.1d,4990071.581528001,,0.0,0.0,2027-04-30T00:00:00+00:00,220.088,1,,-0.999,,0,"[{""name"": ""Top"", ""bestBid"": null, ""bestAsk"": 0.001}]"
616914,0xffa0accb74987c0dc33a70eb3780c1da160206bcfb3ef5d16c1667bc5c459c78,will-12-or-more-fed-rate-cuts-happen-in-2026,https://polymarket.com/event/will-12-or-more-fed-rate-cuts-happen-in-2026,https://embed.polymarket.com/market.html?market=will-12-or-more-fed-rate-cuts-happen-in-2026&features=volume&theme=light,Will 12 or more Fed rate cuts happen in 2026?,rewards-200-4pt5-50,,TTR 100.1d,3957531.5539199985,,0.0,0.0,2026-12-31T00:00:00+00:00,100.088,1,,-0.999,,0,"[{""name"": ""Top"", ""bestBid"": null, ""bestAsk"": 0.001}]"
1235553,0x7279005cdc5f4533b0cf53ce94a6c4fd43039c721ba39a3ad02dddacabd47d93,will-the-chicago-white-sox-win-the-2026-world-series,https://polymarket.com/event/will-the-chicago-white-sox-win-the-2026-world-series,https://embed.polymarket.com/market.html?market=will-the-chicago-white-sox-win-the-2026-world-series&features=volume&theme=light,Will the Chicago White Sox win the 2026 World Series?,sports,,"24h $6,309 • spread 0.002 • TTR 40.1d",2656955.0548859993,6309.9,0.0005,2.7027,2026-10-31T23:55:00+00:00,40.085,1,0.002,-0.98,0.019,0,"[{""name"": ""Top"", ""bestBid"": 0.018, ""bestAsk"": 0.02}]"
4174612,0xc3794a8d3a34d04b9f39773e35c4cecdac89d32eab93e8589d9a6f03e04e9490,dtrump-out-as-president-by-september-30,https://polymarket.com/event/dtrump-out-as-president-by-september-30,https://embed.polymarket.com/market.html?market=dtrump-out-as-president-by-september-30&features=volume&theme=light,Trump out as President by September 30?,trump,,"24h $25,014 • spread 0.001 • TTR 9.3d",1356123.9196620006,25014.03,0.0,0.0,2026-10-01T03:59:00+00:00,9.254,1,0.001,-0.995,0.0045,0,"[{""name"": ""Top"", ""bestBid"": 0.004, ""bestAsk"": 0.005}]"
679048,0xa6c3848b7861841cc9d93a5c2c1d26b3f44e0298a49889968a627214a2b177ae,will-manuel-bompard-win-the-2027-french-presidential-election,https://polymarket.com/event/will-manuel-bompard-win-the-2027-french-presidential-election,https://embed.polymarket.com/market.html?market=will-manuel-bompard-win-the-2027-french-presidential-election&features=volume&theme=light,Will Manuel Bompard win the 2027 French presidential election?,french-election,,TTR 220.1d,4826252.0032629995,,0.0,0.0,2027-04-30T00:00:00+00:00,220.088,1,,-0.999,,0,"[{""name"": ""Top"", ""bestBid"": null, ""bestAsk"": 0.001}]"
561261,0x61600d487069f99e775307a0655c1a79f26e4fc6d8d1ba66790c64d78d0beba2,will-jon-ossoff-win-the-2028-us-presidential-election,https://polymarket.com/event/will-jon-ossoff-win-the-2028-us-presidential-election,https://embed.polymarket.com/market.html?market=will-jon-ossoff-win-the-2028-us-presidential-election&features=volume&theme=light,Will Jon Ossoff win the 2028 US Presidential Election?,president,,24h $868 • spread 0.001 • TTR 777.1d,5690747.092122999,868.65,0.0,0.0,2028-11-07T00:00:00+00:00,777.088,1,0.001,-0.884,0.1155,0,"[{""name"": ""Top"", ""bestBid"": 0.115, ""bestAsk"": 0.116}]"
1339767,0xce3c54c3e773e8b3bf73e4c12af93205b21195d03b9c386e22f274b9acfc2c56,will-bitcoin-dip-to-50000-by-december-31-2026-454-325-222-878-949-487-451-853-523-111,https://polymarket.com/event/will-bitcoin-dip-to-50000-by-december-31-2026-454-325-222-878-949-487-451-853-523-111,https://embed.polymarket.com/market.html?market=will-bitcoin-dip-to-50000-by-december-31-2026-454-325-222-878-949-487-451-853-523-111&features=volume&theme=light,"Will Bitcoin dip to $50,000 by December 31, 2026?",bitcoin,,"24h $22,201 • spread 0.020 • TTR 101.3d",3852379.6198049993,22201.32,-0.025,-26.3158,2027-01-01T05:00:00+00:00,101.297,1,0.02,-0.92,0.07,0,"[{""name"": ""Top"", ""bestBid"": 0.06, ""bestAsk"": 0.08}]"
608545,0xa34edb6c898232378a9cc08744842df2cd89d278ba45b012bed3ac10c7241c4d,will-lamine-yamal-win-the-2026-ballon-dor,https://polymarket.com/event/will-lamine-yamal-win-the-2026-ballon-dor,https://embed.polymarket.com/market.html?market=will-lamine-yamal-win-the-2026-ballon-dor&features=volume&theme=light,Will Lamine Yamal win the 2026 Ballon d'Or?,soccer,,"24h $18,468 • spread 0.004 • TTR 39.1d",2552414.5155780013,18468.67,-0.0185,-8.3146,2026-10-31T00:00:00+00:00,39.088,1,0.004,-0.794,0.204,0,"[{""name"": ""Top"", ""bestBid"": 0.202, ""bestAsk"": 0.206}]"
679046,0xcd050c1af02067e33e03861ff6f67c1c85def8bf4bd196256e6d2b178509533b,will-carole-delga-win-the-2027-french-presidential-election,https://polymarket.com/event/will-carole-delga-win-the-2027-french-presidential-election,https://embed.polymarket.com/market.html?market=will-carole-delga-win-the-2027-french-presidential-election&features=volume&theme=light,Will Carole Delga win the 2027 French presidential election?,french-election,,TTR 220.1d,4742203.205387001,,0.0,0.0,2027-04-30T00:00:00+00:00,220.088,1,,-0.999,,0,"[{""name"": ""Top"", ""bestBid"": null, ""bestAsk"": 0.001}]"
679038,0x637a2423461f5b531fef314e1e14982b80819de217e32f4f96653caa8af2c47a,will-nicolas-dupont-aignan-win-the-2027-french-presidential-election,https://polymarket.com/event/will-nicolas-dupont-aignan-win-the-2027-french-presidential-election,https://embed.polymarket.com/market.html?market=will-nicolas-dupont-aignan-win-the-2027-french-presidential-election&features=volume&theme=light,Will Nicolas Dupont-Aignan win the 2027 French presidential election?,french-election,,"24h $3,000 • TTR 220.1d",4741076.695843,3000.0,0.0,0.0,2027-04-30T00:00:00+00:00,220.088,1,,-0.999,,0,"[{""name"": ""Top"", ""bestBid"": null, ""bestAsk"": 0.001}]"
608543,0x26f410f7518fa199678ef57f02637fc88be9b3b593346b00946d7ea451f4521b,will-ousmane-dembl-win-the-2026-ballon-dor,https://polymarket.com/event/will-ousmane-dembl-win-the-2026-ballon-dor,https://embed.polymarket.com/market.html?market=will-ousmane-dembl-win-the-2026-ballon-dor&features=volume&theme=light,Will Ousmane Dembélé win the 2026 Ballon d'Or?,soccer,,"24h $16,013 • spread 0.001 • TTR 39.1d",2503473.930146001,16013.2,0.0,0.0,2026-10-31T00:00:00+00:00,39.088,1,0.001,-0.991,0.0085,0,"[{""name"": ""Top"", ""bestBid"": 0.008, ""bestAsk"": 0.009}]"
2036575,0x9b256472ce9d2074f3e317beccbe8d9c914bd9c83cbe1c4fa9d6f928a475f7b3,will-mike-trout-hit-the-most-home-runs-during-the-2026-mlb-regular-season,https://polymarket.com/event/will-mike-trout-hit-the-most-home-runs-during-the-2026-mlb-regular-season,https://embed.polymarket.com/market.html?market=will-mike-trout-hit-the-most-home-runs-during-the-2026-mlb-regular-season&features=volume&theme=light,Will Mike Trout hit the most home runs during the 2026 MLB regular season?,mlb,,TTR 19.1d,1749623.779,,0.0,0.0,2026-10-11T00:00:00+00:00,19.088,1,,-0.999,,0,"[{""name"": ""Top"", ""bestBid"": null, ""bestAsk"": 0.001}]"
608540,0x87091dc5932f015d80c40e71e47cb043c3f8b6098484eb5bc3943cf35ee9afc1,will-kylian-mbapp-win-the-2026-ballon-dor,https://polymarket.com/event/will-kylian-mbapp-win-the-2026-ballon-dor,https://embed.polymarket.com/market.html?market=will-kylian-mbapp-win-the-2026-ballon-dor&features=volume&theme=light,Will Kylian Mbappé win the 2026 Ballon d'Or?,soccer,,"24h $11,999 • spread 0.002 • TTR 39.1d",2460513.219506998,11999.4,0.0015,2.0134,2026-10-31T00:00:00+00:00,39.088,1,0.002,-0.923,0.076,0,"[{""name"": ""Top"", ""bestBid"": 0.075, ""bestAsk"": 0.077}]"
1469743,0x821f357da390a32347e4df0c3fb0aa4a8eadf4af72730c8dc7a7f1ab58798a02,will-seyed-hossein-mousavian-be-head-of-state-in-iran-end-of-2026,https://polymarket.com/event/will-seyed-hossein-mousavian-be-head-of-state-in-iran-end-of-2026,https://embed.polymarket.com/market.html?market=will-seyed-hossein-mousavian-be-head-of-state-in-iran-end-of-2026&features=volume&theme=light,Will Seyed Hossein Mousavian be head of state in Iran end of 2026?,middle-east,,TTR 100.1d,3694989.266215,,0.0,0.0,2026-12-31T00:00:00+00:00,100.088,1,,-0.999,,0,"[{""name"": ""Top"", ""bestBid"": null, ""bestAsk"": 0.001}]"
2589812,0xdf9bf27ee5757c55b44b8b9826ddc9ec3a8809aa3278634c45edbb7fc8f1a3e3,will-there-be-no-change-in-fed-interest-rates-after-the-october-2026-meeting-20260617190324031,https://polymarket.com/event/will-there-be-no-change-in-fed-interest-rates-after-the-october-2026-meeting-20260617190324031,https://embed.polymarket.com/market.html?market=will-there-be-no-change-in-fed-interest-rates-after-the-october-2026-meeting-20260617190324031&features=volume&theme=light,Will there be no change in Fed interest rates after the October 2026 meeting?,fed,,"24h $217,264 • spread 0.010 • TTR 37.1d • ~50% mid",2389279.628054998,217264.07,0.03,6.8966,2026-10-28T23:59:00+00:00,37.088,1,0.01,-0.53,0.465,1,"[{""name"": ""Top"", ""bestBid"": 0.46, ""bestAsk"": 0.47}]"
2037792,0xe2ea6c481a72694efec5b555904d0645a3260864afa8ce470449170be6bd42ae,will-jeffrey-springs-lead-the-mlb-in-era-for-the-2026-regular-season,https://polymarket.com/event/will-jeffrey-springs-lead-the-mlb-in-era-for-the-2026-regular-season,https://embed.polymarket.com/market.html?market=will-jeffrey-springs-lead-the-mlb-in-era-for-the-2026-regular-season&features=volume&theme=light,Will Jeffrey Springs lead the MLB in ERA for the 2026 regular season?,mlb,,spread 0.004 • TTR 6.1d,1092636.65095,,0.0,0.0,2026-09-28T00:00:00+00:00,6.088,1,0.004,-0.994,0.004,0,"[{""name"": ""Top"", ""bestBid"": 0.002, ""bestAsk"": 0.006}]"
3247642,0xed5a9e7831ee363d92cb102f2c21e2465b09196ef5beb7c8e23671851a1c3ca4,us-x-iran-diplomatic-meeting-by-september-30-2026,https://polymarket.com/event/us-x-iran-diplomatic-meeting-by-september-30-2026,https://embed.polymarket.com/market.html?market=us-x-iran-diplomatic-meeting-by-september-30-2026&features=volume&theme=light,"US x Iran diplomatic meeting by September 30, 2026?",iran,,"24h $44,679 • spread 0.010 • TTR 9.1d",1238609.4350060003,44679.27,-0.05,-25.641,2026-09-30T23:59:00+00:00,9.088,1,0.01,-0.85,0.145,0,"[{""name"": ""Top"", ""bestBid"": 0.14, ""bestAsk"": 0.15}]"
1365860,0x83030b249525db4c0bcd83a915776442f4ea32d2fba10825fca4abeb51512d8f,will-renan-santos-finish-in-second-place-in-the-first-round-of-the-2026-brazilian-presidential-election,https://polymarket.com/event/will-renan-santos-finish-in-second-place-in-the-first-round-of-the-2026-brazilian-presidential-election,https://embed.polymarket.com/market.html?market=will-renan-santos-finish-in-second-place-in-the-first-round-of-the-2026-brazilian-presidential-election&features=volume&theme=light,Will Renan Santos finish in second place in the first round of the 2026 Brazilian presidential election?,brazil,,"24h $3,005 • spread 0.001 • TTR 12.1d",1357998.4651750003,3005.01,-0.0005,-12.5,2026-10-04T00:00:00+00:00,12.088,1,0.001,-0.996,0.0035,0,"[{""name"": ""Top"", ""bestBid"": 0.003, ""bestAsk"": 0.004}]"
1357400,0x2abc2ca23b04c1d8e170b33f1de93937eec740bf5b3e9309e250f3562f1a166b,will-the-tampa-bay-buccaneers-win-the-2027-nfl-league-championship,https://polymarket.com/event/will-the-tampa-bay-buccaneers-win-the-2027-nfl-league-championship,https://embed.polymarket.com/market.html?market=will-the-tampa-bay-buccaneers-win-the-2027-nfl-league-championship&features=volume&theme=light,Will the Tampa Bay Buccaneers win the 2027 NFL league championship?,sports,,"24h $21,479 • spread 0.002 • TTR 191.1d",4300640.912273999,21479.83,-0.0035,-36.8421,2027-03-31T23:55:00+00:00,191.085,1,0.002,-0.993,0.006,0,"[{""name"": ""Top"", ""bestBid"": 0.005, ""bestAsk"": 0.007}]"
616909,0x2368d2604c9c2b95bc98c51bd50c66e5351caebf05b9fe79d3398c387fe29a89,will-7-fed-rate-cuts-happen-in-2026,https://polymarket.com/event/will-7-fed-rate-cuts-happen-in-2026,https://embed.polymarket.com/market.html?market=will-7-fed-rate-cuts-happen-in-2026&features=volume&theme=light,Will 7 Fed rate cuts happen in 2026?,rewards-200-4pt5-50,,TTR 100.1d,3523869.035167001,,-0.0005,-50.0,2026-12-31T00:00:00+00:00,100.088,1,,-0.999,,0,"[{""name"": ""Top"", ""bestBid"": null, ""bestAsk"": 0.001}]"
2589813,0x12aa13b3da17ceae1b0a59b5d5b77121e91bb79b4bb0b52bf6543ed3f8d0953b,will-the-fed-increase-interest-rates-by-25-bps-after-the-october-2026-meeting-20260617190324032,https://polymarket.com/event/will-the-fed-increase-interest-rates-by-25-bps-after-the-october-2026-meeting-20260617190324032,https://embed.polymarket.com/market.html?market=will-the-fed-increase-interest-rates-by-25-bps-after-the-october-2026-meeting-20260617190324032&features=volume&theme=light,Will the Fed increase interest rates by 25 bps after the October 2026 meeting?,fed,,"24h $443,636 • spread 0.010 • TTR 37.1d • ~50% mid",2268660.7167669986,443636.77,-0.03,-5.4054,2026-10-28T23:59:00+00:00,37.088,1,0.01,-0.47,0.525,1,"[{""name"": ""Top"", ""bestBid"": 0.52, ""bestAsk"": 0.53}]"
679025,0x4c799a8378d60f34f055cf5c61fc3f6f1a6e7abe5d5384ef37961c506eab867c,will-franois-ruffin-win-the-2027-french-presidential-election,https://polymarket.com/event/will-franois-ruffin-win-the-2027-french-presidential-election,https://embed.polymarket.com/market.html?market=will-franois-ruffin-win-the-2027-french-presidential-election&features=volume&theme=light,Will François Ruffin win the 2027 French presidential election?,french-election,,"24h $2,438 • spread 0.001 • TTR 220.1d",4313114.059126999,2438.13,0.0,0.0,2027-04-30T00:00:00+00:00,220.088,1,0.001,-0.997,0.0025,0,"[{""name"": ""Top"", ""bestBid"": 0.002, ""bestAsk"": 0.003}]"
701496,0xdaa4866bae18be58c5a79d2aeeffd035ec78f1bb49dbd88f72993997778a990f,will-bitcoin-reach-100000-by-december-31-2026-571-361-361,https://polymarket.com/event/will-bitcoin-reach-100000-by-december-31-2026-571-361-361,https://embed.polymarket.com/market.html?market=will-bitcoin-reach-100000-by-december-31-2026-571-361-361&features=volume&theme=light,"Will Bitcoin reach $100,000 by December 31, 2026?",bitcoin,,"24h $53,195 • spread 0.010 • TTR 101.3d • ~50% mid",3445412.7087610005,53195.27,0.165,61.1111,2027-01-01T05:00:00+00:00,101.297,1,0.01,-0.56,0.435,1,"[{""name"": ""Top"", ""bestBid"": 0.43, ""bestAsk"": 0.44}]"
1357375,0x1dd5f687b0f7aaa76ac2d2f2ea328ed825902e835a44cb4fa22f6c89848c26fb,will-the-carolina-panthers-win-the-2027-nfl-league-championship,https://polymarket.com/event/will-the-carolina-panthers-win-the-2027-nfl-league-championship,https://embed.polymarket.com/market.html?market=will-the-carolina-panthers-win-the-2027-nfl-league-championship&features=volume&theme=light,Will the Carolina Panthers win the 2027 NFL league championship?,sports,,"24h $19,179 • spread 0.001 • TTR 191.1d",4139483.7962169996,19179.66,0.0,0.0,2027-03-31T23:55:00+00:00,191.085,1,0.001,-0.99,0.0095,0,"[{""name"": ""Top"", ""bestBid"": 0.009, ""bestAsk"": 0.01}]"
677407,0x4c80df6f557bb0b9de08c0301ebdce500dd9bdc58400d9269fb8fab1709ed584,china-x-taiwan-military-clash-before-2027,https://polymarket.com/event/china-x-taiwan-military-clash-before-2027,https://embed.polymarket.com/market.html?market=china-x-taiwan-military-clash-before-2027&features=volume&theme=light,China x Taiwan military clash before 2027?,hfc,,"24h $2,517 • spread 0.001 • TTR 101.3d",3426188.9493070007,2517.75,-0.0075,-12.2951,2027-01-01T04:59:00+00:00,101.296,1,0.001,-0.946,0.0535,0,"[{""name"": ""Top"", ""bestBid"": 0.053, ""bestAsk"": 0.054}]"
679032,0x6ad63235931f80951a48f2338956dea7bb70c97f99a7bd03f5f501d6e4673842,will-fabien-roussel-win-the-2027-french-presidential-election,https://polymarket.com/event/will-fabien-roussel-win-the-2027-french-presidential-election,https://embed.polymarket.com/market.html?market=will-fabien-roussel-win-the-2027-french-presidential-election&features=volume&theme=light,Will Fabien Roussel win the 2027 French presidential election?,french-election,,TTR 220.1d,4244292.9010080015,,0.0,0.0,2027-04-30T00:00:00+00:00,220.088,1,,-0.999,,0,"[{""name"": ""Top"", ""bestBid"": null, ""bestAsk"": 0.001}]"
679031,0xf887472a2ac013ef61840034321aa5b46de87ac093ee77ecafca477fdbaadd45,will-marine-tondelier-win-the-2027-french-presidential-election,https://polymarket.com/event/will-marine-tondelier-win-the-2027-french-presidential-election,https://embed.polymarket.com/market.html?market=will-marine-tondelier-win-the-2027-french-presidential-election&features=volume&theme=light,Will Marine Tondelier win the 2027 French presidential election?,french-election,,"24h $4,290 • spread 0.001 • TTR 220.1d",4213686.045946999,4290.44,0.0,0.0,2027-04-30T00:00:00+00:00,220.088,1,0.001,-0.998,0.0015,0,"[{""name"": ""Top"", ""bestBid"": 0.001, ""bestAsk"": 0.002}]"
1235551,0x3e38887e936b8fedd5373852777e7a3e90805affd8139971ebeb4b4956f000f5,will-the-boston-red-sox-win-the-2026-world-series,https://polymarket.com/event/will-the-boston-red-sox-win-the-2026-world-series,https://embed.polymarket.com/market.html?market=will-the-boston-red-sox-win-the-2026-world-series&features=volume&theme=light,Will the Boston Red Sox win the 2026 World Series?,sports,,"24h $3,090 • spread 0.004 • TTR 40.1d",2272354.7880649995,3090.93,-0.0045,-8.2569,2026-10-31T23:55:00+00:00,40.085,1,0.004,-0.948,0.05,0,"[{""name"": ""Top"", ""bestBid"": 0.048, ""bestAsk"": 0.052}]"
1469749,0xaa53ce562be767321e2f0cba9f7b3207fde7d2204dbb7f9b5d804996eba7de7c,will-mostafa-pourmohammadi-be-head-of-state-in-iran-end-of-2026,https://polymarket.com/event/will-mostafa-pourmohammadi-be-head-of-state-in-iran-end-of-2026,https://embed.polymarket.com/market.html?market=will-mostafa-pourmohammadi-be-head-of-state-in-iran-end-of-2026&features=volume&theme=light,Will Mostafa Pourmohammadi be head of state in Iran end of 2026?,middle-east,,TTR 100.1d,3360621.3104550005,,0.0,0.0,2026-12-31T00:00:00+00:00,100.088,1,,-0.999,,0,"[{""name"": ""Top"", ""bestBid"": null, ""bestAsk"": 0.001}]"
679053,0x1779552bade1ad85d35b2e5128136ea04602f26e2b67b7e1b6f9ec46ea8811d3,will-clmence-guett-win-the-2027-french-presidential-election,https://polymarket.com/event/will-clmence-guett-win-the-2027-french-presidential-election,https://embed.polymarket.com/market.html?market=will-clmence-guett-win-the-2027-french-presidential-election&features=volume&theme=light,Will Clémence Guetté win the 2027 French presidential election?,french-election,,TTR 220.1d,4175199.6250649993,,0.0,0.0,2027-04-30T00:00:00+00:00,220.088,1,,-0.998,,0,"[{""name"": ""Top"", ""bestBid"": null, ""bestAsk"": 0.002}]"
1107878,0x80ebf0a88a44bf737d4047b3accd7108285c69b84257e5c684bdc4c715c81139,will-the-us-invade-cuba-in-2026,https://polymarket.com/event/will-the-us-invade-cuba-in-2026,https://embed.polymarket.com/market.html?market=will-the-us-invade-cuba-in-2026&features=volume&theme=light,Will the U.S. invade Cuba in 2026?,cuba,,24h $488 • spread 0.010 • TTR 101.3d,3354728.1768360008,488.8,0.0,0.0,2027-01-01T04:59:00+00:00,101.296,1,0.01,-0.93,0.065,0,"[{""name"": ""Top"", ""bestBid"": 0.06, ""bestAsk"": 0.07}]"
701503,0x2745c38ff0617cb345c1d2df19b4f74ea777508e07411e88eeb6ab3affcda2a2,will-bitcoin-dip-to-35000-by-december-31-2026-744-877-748-219-467-465-646-211-122-947-537-552-555-361-972-954-635-887-657-996-643,https://polymarket.com/event/will-bitcoin-dip-to-35000-by-december-31-2026-744-877-748-219-467-465-646-211-122-947-537-552-555-361-972-954-635-887-657-996-643,https://embed.polymarket.com/market.html?market=will-bitcoin-dip-to-35000-by-december-31-2026-744-877-748-219-467-465-646-211-122-947-537-552-555-361-972-954-635-887-657-996-643&features=volume&theme=light,"Will Bitcoin dip to $35,000 by December 31, 2026?",bitcoin,,"24h $2,167 • spread 0.001 • TTR 101.3d",3349724.289764,2167.48,0.002,6.3492,2027-01-01T05:00:00+00:00,101.297,1,0.001,-0.966,0.0335,0,"[{""name"": ""Top"", ""bestBid"": 0.033, ""bestAsk"": 0.034}]"
562830,0x998bc71817b2d76921d1999ce0f3431cfd5945583667a371280ca2b430b0c06e,2026-balance-of-power-r-senate-d-house-444,https://polymarket.com/event/2026-balance-of-power-r-senate-d-house-444,https://embed.polymarket.com/market.html?market=2026-balance-of-power-r-senate-d-house-444&features=volume&theme=light,"2026 Balance of Power: R Senate, D House",united-states,,"24h $7,543 • spread 0.010 • TTR 42.1d",2275837.2987540006,7543.3,0.0,0.0,2026-11-03T00:00:00+00:00,42.088,1,0.01,-0.69,0.305,0,"[{""name"": ""Top"", ""bestBid"": 0.3, ""bestAsk"": 0.31}]"
616910,0xfe28cb84a714b1a964290d7fd2587e71d57e905678c8ab64488449b24be78e52,will-8-fed-rate-cuts-happen-in-2026,https://polymarket.com/event/will-8-fed-rate-cuts-happen-in-2026,https://embed.polymarket.com/market.html?market=will-8-fed-rate-cuts-happen-in-2026&features=volume&theme=light,Will 8 Fed rate cuts happen in 2026?,rewards-200-4pt5-50,,TTR 100.1d,3292612.675889999,,0.0,0.0,2026-12-31T00:00:00+00:00,100.088,1,,-0.999,,0,"[{""name"": ""Top"", ""bestBid"": null, ""bestAsk"": 0.001}]"
4052413,0x913581dc6f16ad7018bbfb51f6e2fa0a4bdd305212ef7976efb5cf0209304cb6,will-bitcoin-reach-100k-in-september-2026,https://polymarket.com/event/will-bitcoin-reach-100k-in-september-2026,https://embed.polymarket.com/market.html?market=will-bitcoin-reach-100k-in-september-2026&features=volume&theme=light,"Will Bitcoin reach $100,000 in September?",bitcoin,,"24h $160,371 • spread 0.001 • TTR 9.3d",1130027.5325349993,160371.79,0.034,323.8095,2026-10-01T04:00:00+00:00,9.255,1,0.001,-0.955,0.0445,0,"[{""name"": ""Top"", ""bestBid"": 0.044, ""bestAsk"": 0.045}]"
