id,conditionId,slug,url,embedSrc,question,category,eventId,why,volume,volume24h,momentumDelta24h,momentumPct24h,endDateISO,timeToResolveDays,outcomeCount,avgSpread,underround,binaryMidYes,near50Flag,bestQuotesJSON
2252243,0xac02cbb049e46d6a3627c0fdf52fa554982a9025d45968207b362acb6ca4b830,will-the-fed-decrease-interest-rates-by-25-bps-after-the-september-2026-meeting-586,https://polymarket.com/event/will-the-fed-decrease-interest-rates-by-25-bps-after-the-september-2026-meeting-586,https://embed.polymarket.com/market.html?market=will-the-fed-decrease-interest-rates-by-25-bps-after-the-september-2026-meeting-586&features=volume&theme=light,Will the Fed decrease interest rates by 25 bps after the September 2026 meeting?,fomc,,"24h $803,887 • spread 0.001 • TTR 5.5d",33595675.18224198,803887.35,0.0,0.0,2026-09-16T00:00:00+00:00,5.542,1,0.001,-0.995,0.0045,0,"[{""name"": ""Top"", ""bestBid"": 0.004, ""bestAsk"": 0.005}]"
2252244,0xa3b36b2d6104d34af4e6c6215fc818e43352e78a748fbfb0b85e3a35f71dec9a,will-there-be-no-change-in-fed-interest-rates-after-the-september-2026-meeting-615,https://polymarket.com/event/will-there-be-no-change-in-fed-interest-rates-after-the-september-2026-meeting-615,https://embed.polymarket.com/market.html?market=will-there-be-no-change-in-fed-interest-rates-after-the-september-2026-meeting-615&features=volume&theme=light,Will there be no change in Fed interest rates after the September 2026 meeting?,fomc,,"24h $1,290,726 • spread 0.010 • TTR 5.5d • ~50% mid",26236969.37961016,1290726.68,-0.01,-2.1505,2026-09-16T00:00:00+00:00,5.542,1,0.01,-0.54,0.455,1,"[{""name"": ""Top"", ""bestBid"": 0.45, ""bestAsk"": 0.46}]"
2252245,0x876506d8b2bd7a0d3fa4fe18c024eee6e1dd81ee24c26795dadd6cfe4a7b5d0d,will-the-fed-increase-interest-rates-by-25-bps-after-the-september-2026-meeting-649,https://polymarket.com/event/will-the-fed-increase-interest-rates-by-25-bps-after-the-september-2026-meeting-649,https://embed.polymarket.com/market.html?market=will-the-fed-increase-interest-rates-by-25-bps-after-the-september-2026-meeting-649&features=volume&theme=light,Will the Fed increase interest rates by 25 bps after the September 2026 meeting?,fomc,,"24h $905,889 • spread 0.010 • TTR 5.5d • ~50% mid",20477078.225669056,905889.84,-0.01,-1.9048,2026-09-16T00:00:00+00:00,5.542,1,0.01,-0.48,0.515,1,"[{""name"": ""Top"", ""bestBid"": 0.51, ""bestAsk"": 0.52}]"
703258,0x0b4cc3b739e1dfe5d73274740e7308b6fb389c5af040c3a174923d928d134bee,will-jesus-christ-return-before-2027,https://polymarket.com/event/will-jesus-christ-return-before-2027,https://embed.polymarket.com/market.html?market=will-jesus-christ-return-before-2027&features=volume&theme=light,Will Jesus Christ return before 2027?,parent-for-derivative,,"24h $15,050 • spread 0.001 • TTR 112.7d",65628904.41793902,15050.72,0.0,0.0,2027-01-01T04:59:00+00:00,112.749,1,0.001,-0.985,0.0145,0,"[{""name"": ""Top"", ""bestBid"": 0.014, ""bestAsk"": 0.015}]"
665374,0x5db999fad322cea2914535aae5517060c3f80ad6d8c0231cde2124a434d16846,will-the-us-invade-iran-before-2027,https://polymarket.com/event/will-the-us-invade-iran-before-2027,https://embed.polymarket.com/market.html?market=will-the-us-invade-iran-before-2027&features=volume&theme=light,Will the U.S. invade Iran before 2027?,military-strikes,,"24h $66,387 • spread 0.010 • TTR 112.7d",65106461.98843501,66387.25,0.0,0.0,2027-01-01T04:59:00+00:00,112.749,1,0.01,-0.85,0.145,0,"[{""name"": ""Top"", ""bestBid"": 0.14, ""bestAsk"": 0.15}]"
2252246,0x2e4b58fc18dbffd74d5275d89fb076943f21992763c45dcadd81391b83bde13c,will-the-fed-increase-interest-rates-by-50-bps-after-the-september-2026-meeting-664,https://polymarket.com/event/will-the-fed-increase-interest-rates-by-50-bps-after-the-september-2026-meeting-664,https://embed.polymarket.com/market.html?market=will-the-fed-increase-interest-rates-by-50-bps-after-the-september-2026-meeting-664&features=volume&theme=light,Will the Fed increase interest rates by 50+ bps after the September 2026 meeting?,fomc,,"24h $1,000,623 • spread 0.001 • TTR 5.5d",15285780.748839017,1000623.43,0.0,0.0,2026-09-16T00:00:00+00:00,5.542,1,0.001,-0.992,0.0075,0,"[{""name"": ""Top"", ""bestBid"": 0.007, ""bestAsk"": 0.008}]"
2252242,0x5e464d85eb49f22d876f3ed6168a7db5e2288e9ae1eb91effd2758e994676f86,will-the-fed-decrease-interest-rates-by-50-bps-after-the-september-2026-meeting-863,https://polymarket.com/event/will-the-fed-decrease-interest-rates-by-50-bps-after-the-september-2026-meeting-863,https://embed.polymarket.com/market.html?market=will-the-fed-decrease-interest-rates-by-50-bps-after-the-september-2026-meeting-863&features=volume&theme=light,Will the Fed decrease interest rates by 50+ bps after the September 2026 meeting?,fomc,,"24h $716,083 • spread 0.001 • TTR 5.5d",14685100.855784994,716083.29,0.0,0.0,2026-09-16T00:00:00+00:00,5.542,1,0.001,-0.998,0.0015,0,"[{""name"": ""Top"", ""bestBid"": 0.001, ""bestAsk"": 0.002}]"
567621,0xd9fb1184af0064e5e34b129f5b79afa5a17b7e32f2953ab05efed82315fee6d4,will-china-invade-taiwan-before-2027,https://polymarket.com/event/will-china-invade-taiwan-before-2027,https://embed.polymarket.com/market.html?market=will-china-invade-taiwan-before-2027&features=volume&theme=light,Will China invade Taiwan by end of 2026?,politics,,"24h $31,633 • spread 0.001 • TTR 111.5d",41119210.3100319,31633.56,-0.001,-2.5316,2026-12-31T00:00:00+00:00,111.542,1,0.001,-0.961,0.0385,0,"[{""name"": ""Top"", ""bestBid"": 0.038, ""bestAsk"": 0.039}]"
561251,0x836b850fc838195374862551a36f1c8691d96ff01e58b0a071f0fc1a0e357fb1,will-lebron-james-win-the-2028-us-presidential-election,https://polymarket.com/event/will-lebron-james-win-the-2028-us-presidential-election,https://embed.polymarket.com/market.html?market=will-lebron-james-win-the-2028-us-presidential-election&features=volume&theme=light,Will LeBron James win the 2028 US Presidential Election?,president,,24h $132 • TTR 788.5d,54772938.13410805,132.92,0.0,0.0,2028-11-07T00:00:00+00:00,788.542,1,,-0.999,,0,"[{""name"": ""Top"", ""bestBid"": null, ""bestAsk"": 0.001}]"
559687,0xe06a7e94cf2fa8dc2085b7610fe16e9be1cde6654f34d365c13da1149b276c61,will-oprah-winfrey-win-the-2028-democratic-presidential-nomination,https://polymarket.com/event/will-oprah-winfrey-win-the-2028-democratic-presidential-nomination,https://embed.polymarket.com/market.html?market=will-oprah-winfrey-win-the-2028-democratic-presidential-nomination&features=volume&theme=light,Will Oprah Winfrey win the 2028 Democratic presidential nomination?,united-states,,24h $167 • TTR 788.5d,54387590.66432901,167.31,0.0,0.0,2028-11-07T00:00:00+00:00,788.542,1,,-0.999,,0,"[{""name"": ""Top"", ""bestBid"": null, ""bestAsk"": 0.001}]"
703257,0x747dc809fb79e1b05be09c42d6179459a58de2ef3e40f02484a4e1260f741f75,will-the-us-confirm-that-aliens-exist-before-2027-789-924-249,https://polymarket.com/event/will-the-us-confirm-that-aliens-exist-before-2027-789-924-249,https://embed.polymarket.com/market.html?market=will-the-us-confirm-that-aliens-exist-before-2027-789-924-249&features=volume&theme=light,Will the US confirm that aliens exist before 2027?,aliens,,"24h $86,563 • spread 0.001 • TTR 112.7d",38217463.59691796,86563.72,-0.008,-20.7792,2027-01-01T04:59:00+00:00,112.749,1,0.001,-0.969,0.0305,0,"[{""name"": ""Top"", ""bestBid"": 0.03, ""bestAsk"": 0.031}]"
559679,0x30cfb887558b20373a984da60c372fe5a90c0296aa6d8bb413a8aa7543846da2,will-bernie-sanders-win-the-2028-democratic-presidential-nomination-879,https://polymarket.com/event/will-bernie-sanders-win-the-2028-democratic-presidential-nomination-879,https://embed.polymarket.com/market.html?market=will-bernie-sanders-win-the-2028-democratic-presidential-nomination-879&features=volume&theme=light,Will Bernie Sanders win the 2028 Democratic presidential nomination?,united-states,,24h $820 • spread 0.001 • TTR 788.5d,52735852.75425308,820.18,0.0,0.0,2028-11-07T00:00:00+00:00,788.542,1,0.001,-0.996,0.0035,0,"[{""name"": ""Top"", ""bestBid"": 0.003, ""bestAsk"": 0.004}]"
559684,0xf2e51acfbb6d0414dc2ace81b7dc2af7c165e443dcb91f6caa7aab6d6ab4f06d,will-chelsea-clinton-win-the-2028-democratic-presidential-nomination,https://polymarket.com/event/will-chelsea-clinton-win-the-2028-democratic-presidential-nomination,https://embed.polymarket.com/market.html?market=will-chelsea-clinton-win-the-2028-democratic-presidential-nomination&features=volume&theme=light,Will Chelsea Clinton win the 2028 Democratic presidential nomination?,united-states,,"24h $2,936 • spread 0.002 • TTR 788.5d",50429784.945702,2936.77,0.0,0.0,2028-11-07T00:00:00+00:00,788.542,1,0.002,-0.993,0.006,0,"[{""name"": ""Top"", ""bestBid"": 0.005, ""bestAsk"": 0.007}]"
997488,0xd595eb9b81885ff018738300c79047e3ec89e87294424f57a29a7fa9162bf116,will-trump-acquire-greenland-before-2027,https://polymarket.com/event/will-trump-acquire-greenland-before-2027,https://embed.polymarket.com/market.html?market=will-trump-acquire-greenland-before-2027&features=volume&theme=light,Will Trump acquire Greenland before 2027?,davos,,"24h $3,270 • spread 0.001 • TTR 112.7d",35427771.64155703,3270.42,0.0,0.0,2027-01-01T04:59:00+00:00,112.749,1,0.001,-0.966,0.0335,0,"[{""name"": ""Top"", ""bestBid"": 0.033, ""bestAsk"": 0.034}]"
559688,0x450810ae738a0ff820d3248f2b24937f63fb8c8cf422ed2a915125adb4d9d3c8,will-andrew-yang-win-the-2028-democratic-presidential-nomination,https://polymarket.com/event/will-andrew-yang-win-the-2028-democratic-presidential-nomination,https://embed.polymarket.com/market.html?market=will-andrew-yang-win-the-2028-democratic-presidential-nomination&features=volume&theme=light,Will Andrew Yang win the 2028 Democratic presidential nomination?,united-states,,"24h $1,323 • spread 0.001 • TTR 788.5d",48729747.43260403,1323.85,0.0,0.0,2028-11-07T00:00:00+00:00,788.542,1,0.001,-0.998,0.0015,0,"[{""name"": ""Top"", ""bestBid"": 0.001, ""bestAsk"": 0.002}]"
1105754,0x831493dce463d9adcad78c492f2cbec6ecdac31f4e8c5a894fdac68c130549d4,will-richard-grenell-be-the-leader-of-venezuela-end-of-2026,https://polymarket.com/event/will-richard-grenell-be-the-leader-of-venezuela-end-of-2026,https://embed.polymarket.com/market.html?market=will-richard-grenell-be-the-leader-of-venezuela-end-of-2026&features=volume&theme=light,Will Richard Grenell be the leader of Venezuela end of 2026?,trump-machado,,TTR 111.5d,32790723.048845,,0.0,0.0,2026-12-31T00:00:00+00:00,111.542,1,,-0.999,,0,"[{""name"": ""Top"", ""bestBid"": null, ""bestAsk"": 0.001}]"
561247,0xae70ab9bf1c3726fe430a2ba8b517697ae24e0f0ab554b876a5b521153068882,will-tim-walz-win-the-2028-us-presidential-election,https://polymarket.com/event/will-tim-walz-win-the-2028-us-presidential-election,https://embed.polymarket.com/market.html?market=will-tim-walz-win-the-2028-us-presidential-election&features=volume&theme=light,Will Tim Walz win the 2028 US Presidential Election?,president,,24h $62 • TTR 788.5d,44724367.38510304,62.52,0.0,0.0,2028-11-07T00:00:00+00:00,788.542,1,,-0.999,,0,"[{""name"": ""Top"", ""bestBid"": null, ""bestAsk"": 0.001}]"
561986,0xd1747284d6048b2a3dcfbee489db405f36de18f9590197dd0e5c9f0c246bf050,will-byron-donalds-win-the-2028-republican-presidential-nomination,https://polymarket.com/event/will-byron-donalds-win-the-2028-republican-presidential-nomination,https://embed.polymarket.com/market.html?market=will-byron-donalds-win-the-2028-republican-presidential-nomination&features=volume&theme=light,Will Byron Donalds win the 2028 Republican presidential nomination?,united-states,,24h $696 • spread 0.001 • TTR 788.5d,44416542.93740202,696.5,0.0,0.0,2028-11-07T00:00:00+00:00,788.542,1,0.001,-0.997,0.0025,0,"[{""name"": ""Top"", ""bestBid"": 0.002, ""bestAsk"": 0.003}]"
559682,0x1945a8b23e313ed7423b6b6fd556f9ab5578900376b565a61dc480a5f4f35d21,will-person-a-win-the-2028-democratic-presidential-nomination,https://polymarket.com/event/will-person-a-win-the-2028-democratic-presidential-nomination,https://embed.polymarket.com/market.html?market=will-person-a-win-the-2028-democratic-presidential-nomination&features=volume&theme=light,Will Hunter Biden win the 2028 Democratic presidential nomination?,united-states,,"24h $14,055 • spread 0.002 • TTR 788.5d",44380710.18823103,14055.17,-0.0005,-9.0909,2028-11-07T00:00:00+00:00,788.542,1,0.002,-0.994,0.005,0,"[{""name"": ""Top"", ""bestBid"": 0.004, ""bestAsk"": 0.006}]"
559681,0x8b203037c7c0e21b500314f8398d2a8ea294b7ce1f4f9185f426425a3505bc45,will-lebron-james-win-the-2028-democratic-presidential-nomination,https://polymarket.com/event/will-lebron-james-win-the-2028-democratic-presidential-nomination,https://embed.polymarket.com/market.html?market=will-lebron-james-win-the-2028-democratic-presidential-nomination&features=volume&theme=light,Will LeBron James win the 2028 Democratic presidential nomination?,united-states,,24h $18 • TTR 788.5d,43965682.91742708,18.66,0.0,0.0,2028-11-07T00:00:00+00:00,788.542,1,,-0.999,,0,"[{""name"": ""Top"", ""bestBid"": null, ""bestAsk"": 0.001}]"
559677,0x663b88d3a8f2341bb8d878709dc78632bcaf7512e577bd15521e5d8ed933efbc,will-hillary-clinton-win-the-2028-democratic-presidential-nomination,https://polymarket.com/event/will-hillary-clinton-win-the-2028-democratic-presidential-nomination,https://embed.polymarket.com/market.html?market=will-hillary-clinton-win-the-2028-democratic-presidential-nomination&features=volume&theme=light,Will Hillary Clinton win the 2028 Democratic presidential nomination?,united-states,,"24h $2,046 • spread 0.001 • TTR 788.5d",43818624.831470065,2046.59,0.0,0.0,2028-11-07T00:00:00+00:00,788.542,1,0.001,-0.998,0.0015,0,"[{""name"": ""Top"", ""bestBid"": 0.001, ""bestAsk"": 0.002}]"
561995,0x41c6341dd79903aca4bb0c29f5a7976946c3774d2fd72f38cbb7de7092144520,will-mike-pence-win-the-2028-republican-presidential-nomination,https://polymarket.com/event/will-mike-pence-win-the-2028-republican-presidential-nomination,https://embed.polymarket.com/market.html?market=will-mike-pence-win-the-2028-republican-presidential-nomination&features=volume&theme=light,Will Mike Pence win the 2028 Republican presidential nomination?,united-states,,24h $421 • spread 0.001 • TTR 788.5d,43686749.524431035,421.21,0.0,0.0,2028-11-07T00:00:00+00:00,788.542,1,0.001,-0.998,0.0015,0,"[{""name"": ""Top"", ""bestBid"": 0.001, ""bestAsk"": 0.002}]"
559683,0x822e61527476cabf98927e3aad385c5ecdae7086f945535f2c1fd9ae8dbfa46e,will-george-clooney-win-the-2028-democratic-presidential-nomination,https://polymarket.com/event/will-george-clooney-win-the-2028-democratic-presidential-nomination,https://embed.polymarket.com/market.html?market=will-george-clooney-win-the-2028-democratic-presidential-nomination&features=volume&theme=light,Will George Clooney win the 2028 Democratic presidential nomination?,united-states,,TTR 788.5d,43355700.663375,,0.0,0.0,2028-11-07T00:00:00+00:00,788.542,1,,-0.999,,0,"[{""name"": ""Top"", ""bestBid"": null, ""bestAsk"": 0.001}]"
559666,0x3265b10daeb30dbcc3214bd02e488551d0a5d3028392f4152e4750b943fbfc91,will-tim-walz-win-the-2028-democratic-presidential-nomination-475,https://polymarket.com/event/will-tim-walz-win-the-2028-democratic-presidential-nomination-475,https://embed.polymarket.com/market.html?market=will-tim-walz-win-the-2028-democratic-presidential-nomination-475&features=volume&theme=light,Will Tim Walz win the 2028 Democratic presidential nomination?,united-states,,24h $62 • TTR 788.5d,43350723.703428,62.03,0.0,0.0,2028-11-07T00:00:00+00:00,788.542,1,,-0.999,,0,"[{""name"": ""Top"", ""bestBid"": null, ""bestAsk"": 0.001}]"
559690,0x0f8ef3cc906ba7ba94a44724738df44bdd5f73e59e40c9c8b4ff8569e349643c,will-kim-kardashian-win-the-2028-democratic-presidential-nomination,https://polymarket.com/event/will-kim-kardashian-win-the-2028-democratic-presidential-nomination,https://embed.polymarket.com/market.html?market=will-kim-kardashian-win-the-2028-democratic-presidential-nomination&features=volume&theme=light,Will Kim Kardashian win the 2028 Democratic presidential nomination?,united-states,,24h $26 • TTR 788.5d,42861244.13817103,26.2,0.0,0.0,2028-11-07T00:00:00+00:00,788.542,1,,-0.999,,0,"[{""name"": ""Top"", ""bestBid"": null, ""bestAsk"": 0.001}]"
559689,0x8ecd1d15e521b7d1020ad5596cc981c8764e9dcfbc3648f582e1a5138aee7185,will-beto-orourke-win-the-2028-democratic-presidential-nomination,https://polymarket.com/event/will-beto-orourke-win-the-2028-democratic-presidential-nomination,https://embed.polymarket.com/market.html?market=will-beto-orourke-win-the-2028-democratic-presidential-nomination&features=volume&theme=light,Will Beto O’Rourke win the 2028 Democratic presidential nomination?,united-states,,TTR 788.5d,42810479.59664799,,0.0,0.0,2028-11-07T00:00:00+00:00,788.542,1,,-0.999,,0,"[{""name"": ""Top"", ""bestBid"": null, ""bestAsk"": 0.001}]"
559680,0x29283b56d3eec6d1d89fff51793d9d2e01579d2379b1d3e9ebda175d3561e809,will-phil-murphy-win-the-2028-democratic-presidential-nomination-611,https://polymarket.com/event/will-phil-murphy-win-the-2028-democratic-presidential-nomination-611,https://embed.polymarket.com/market.html?market=will-phil-murphy-win-the-2028-democratic-presidential-nomination-611&features=volume&theme=light,Will Phil Murphy win the 2028 Democratic presidential nomination?,united-states,,24h $5 • TTR 788.5d,42389277.984364994,5.12,0.0,0.0,2028-11-07T00:00:00+00:00,788.542,1,,-0.999,,0,"[{""name"": ""Top"", ""bestBid"": null, ""bestAsk"": 0.001}]"
559685,0xc44edcfdedb422bae8ff1803e2178d1ee025fc41efd81400ccbede709e018841,will-mrbeast-win-the-2028-democratic-presidential-nomination,https://polymarket.com/event/will-mrbeast-win-the-2028-democratic-presidential-nomination,https://embed.polymarket.com/market.html?market=will-mrbeast-win-the-2028-democratic-presidential-nomination&features=volume&theme=light,Will MrBeast win the 2028 Democratic presidential nomination?,united-states,,24h $19 • TTR 788.5d,40994241.771763004,19.77,0.0,0.0,2028-11-07T00:00:00+00:00,788.542,1,,-0.998,,0,"[{""name"": ""Top"", ""bestBid"": null, ""bestAsk"": 0.002}]"
561254,0x7f695758278e6d4d9e63df862afa88d664d3402a3d26e4d32ae05121cdbddba6,will-kim-kardashian-win-the-2028-us-presidential-election,https://polymarket.com/event/will-kim-kardashian-win-the-2028-us-presidential-election,https://embed.polymarket.com/market.html?market=will-kim-kardashian-win-the-2028-us-presidential-election&features=volume&theme=light,Will Kim Kardashian win the 2028 US Presidential Election?,president,,24h $904 • TTR 788.5d,40268199.39361598,904.81,0.0,0.0,2028-11-07T00:00:00+00:00,788.542,1,,-0.999,,0,"[{""name"": ""Top"", ""bestBid"": null, ""bestAsk"": 0.001}]"
601818,0x81a537b379a35e4e17c286d3b37394e94bd74c1779bbe9a13670eb991b201a3a,will-tarcisio-de-frietas-win-the-2026-brazilian-presidential-election,https://polymarket.com/event/will-tarcisio-de-frietas-win-the-2026-brazilian-presidential-election,https://embed.polymarket.com/market.html?market=will-tarcisio-de-frietas-win-the-2026-brazilian-presidential-election&features=volume&theme=light,Will Tarcisio de Freitas win the 2026 Brazilian presidential election?,politics,,24h $254 • TTR 23.5d,14067145.493296007,254.24,0.0,0.0,2026-10-04T00:00:00+00:00,23.542,1,,-0.999,,0,"[{""name"": ""Top"", ""bestBid"": null, ""bestAsk"": 0.001}]"
559671,0x3535fb2f4aef6619dde8b367cb5e5d209526bb496d5d9778428c58a0252435e3,will-zohran-mamdani-win-the-2028-democratic-presidential-nomination-445,https://polymarket.com/event/will-zohran-mamdani-win-the-2028-democratic-presidential-nomination-445,https://embed.polymarket.com/market.html?market=will-zohran-mamdani-win-the-2028-democratic-presidential-nomination-445&features=volume&theme=light,Will Zohran Mamdani win the 2028 Democratic presidential nomination?,united-states,,24h $697 • spread 0.001 • TTR 788.5d,38927890.04121007,697.37,0.0,0.0,2028-11-07T00:00:00+00:00,788.542,1,0.001,-0.997,0.0025,0,"[{""name"": ""Top"", ""bestBid"": 0.002, ""bestAsk"": 0.003}]"
559678,0x46dbd48d6bde5b81edb480e0f676a2cdda6c6b592c4d86a9367c7ad5a9870195,will-liz-cheney-win-the-2028-democratic-presidential-nomination-551,https://polymarket.com/event/will-liz-cheney-win-the-2028-democratic-presidential-nomination-551,https://embed.polymarket.com/market.html?market=will-liz-cheney-win-the-2028-democratic-presidential-nomination-551&features=volume&theme=light,Will Liz Cheney win the 2028 Democratic presidential nomination?,united-states,,24h $37 • TTR 788.5d,38478023.27262199,37.44,0.0,0.0,2028-11-07T00:00:00+00:00,788.542,1,,-0.999,,0,"[{""name"": ""Top"", ""bestBid"": null, ""bestAsk"": 0.001}]"
561993,0x7190eccbd0677d5d0ae8cdf598b37e945a346915c666dda11468dc9970657a56,will-john-thune-win-the-2028-republican-presidential-nomination,https://polymarket.com/event/will-john-thune-win-the-2028-republican-presidential-nomination,https://embed.polymarket.com/market.html?market=will-john-thune-win-the-2028-republican-presidential-nomination&features=volume&theme=light,Will John Thune win the 2028 Republican presidential nomination?,united-states,,24h $2 • TTR 788.5d,38164718.29550202,2.01,0.0,0.0,2028-11-07T00:00:00+00:00,788.542,1,,-0.999,,0,"[{""name"": ""Top"", ""bestBid"": null, ""bestAsk"": 0.001}]"
561248,0x64396449b471b10b006285fa49dd9a5df535694de7b4c703fdeb0d88d5c4cd33,will-vivek-ramaswamy-win-the-2028-us-presidential-election,https://polymarket.com/event/will-vivek-ramaswamy-win-the-2028-us-presidential-election,https://embed.polymarket.com/market.html?market=will-vivek-ramaswamy-win-the-2028-us-presidential-election&features=volume&theme=light,Will Vivek Ramaswamy win the 2028 US Presidential Election?,president,,24h $419 • spread 0.001 • TTR 788.5d,37917955.34918999,419.61,0.0005,50.0,2028-11-07T00:00:00+00:00,788.542,1,0.001,-0.998,0.0015,0,"[{""name"": ""Top"", ""bestBid"": 0.001, ""bestAsk"": 0.002}]"
601825,0x05297f854d3b757d5e51a1a29c7f225a80b14b2a161d6b7f9a61677da7a80ced,will-renan-santos-win-the-2026-brazilian-presidential-election,https://polymarket.com/event/will-renan-santos-win-the-2026-brazilian-presidential-election,https://embed.polymarket.com/market.html?market=will-renan-santos-win-the-2026-brazilian-presidential-election&features=volume&theme=light,Will Renan Santos win the 2026 Brazilian presidential election?,politics,,"24h $205,618 • spread 0.001 • TTR 23.5d",13065351.191719994,205618.33,0.0055,45.8333,2026-10-04T00:00:00+00:00,23.542,1,0.001,-0.982,0.0175,0,"[{""name"": ""Top"", ""bestBid"": 0.017, ""bestAsk"": 0.018}]"
1105752,0x8063a2c9fa21c4a1470b33fee132d6d61fb5b7dcd667dcac3bb82ae15ad70c0d,will-frank-donovan-be-the-leader-of-venezuela-end-of-2026,https://polymarket.com/event/will-frank-donovan-be-the-leader-of-venezuela-end-of-2026,https://embed.polymarket.com/market.html?market=will-frank-donovan-be-the-leader-of-venezuela-end-of-2026&features=volume&theme=light,Will Frank Donovan be the leader of Venezuela end of 2026?,trump-machado,,24h $602 • spread 0.001 • TTR 111.5d,25812713.458587997,602.6,0.0,0.0,2026-12-31T00:00:00+00:00,111.542,1,0.001,-0.998,0.0015,0,"[{""name"": ""Top"", ""bestBid"": 0.001, ""bestAsk"": 0.002}]"
559692,0x3cd6e52603d80ddbbdac9b1a4d43f9b7faa6aae4fae4d0fdfad3bd58454da7d3,will-jasmine-crockett-win-the-2028-democratic-presidential-nomination,https://polymarket.com/event/will-jasmine-crockett-win-the-2028-democratic-presidential-nomination,https://embed.polymarket.com/market.html?market=will-jasmine-crockett-win-the-2028-democratic-presidential-nomination&features=volume&theme=light,Will Jasmine Crockett win the 2028 Democratic presidential nomination?,united-states,,24h $0 • TTR 788.5d,36462283.53911401,0.09,0.0,0.0,2028-11-07T00:00:00+00:00,788.542,1,,-0.997,,0,"[{""name"": ""Top"", ""bestBid"": null, ""bestAsk"": 0.003}]"
663583,0xbb4d51e6364066d92eb6f9b8413dd7193de70966736044463b205834805a1f3b,will-the-iranian-regime-fall-by-the-end-of-2026,https://polymarket.com/event/will-the-iranian-regime-fall-by-the-end-of-2026,https://embed.polymarket.com/market.html?market=will-the-iranian-regime-fall-by-the-end-of-2026&features=volume&theme=light,Will the Iranian regime fall before 2027?,reza-pahlavi,,"24h $11,621 • spread 0.010 • TTR 112.7d",25698469.932157006,11621.98,0.0,0.0,2027-01-01T04:59:00+00:00,112.749,1,0.01,-0.93,0.065,0,"[{""name"": ""Top"", ""bestBid"": 0.06, ""bestAsk"": 0.07}]"
561994,0x5f1b1caf70eb994bfff2986727a05a3ac9f7ec8b0da4017f7732596d023e5a07,will-kristi-noem-win-the-2028-republican-presidential-nomination,https://polymarket.com/event/will-kristi-noem-win-the-2028-republican-presidential-nomination,https://embed.polymarket.com/market.html?market=will-kristi-noem-win-the-2028-republican-presidential-nomination&features=volume&theme=light,Will Kristi Noem win the 2028 Republican presidential nomination?,united-states,,24h $11 • TTR 788.5d,36358116.94509901,11.01,0.0,0.0,2028-11-07T00:00:00+00:00,788.542,1,,-0.999,,0,"[{""name"": ""Top"", ""bestBid"": null, ""bestAsk"": 0.001}]"
559670,0xcb239105ed21a2420ba4d85090b9bc32755c56601ffdc528afd17fd6282fe930,will-gina-raimondo-win-the-2028-democratic-presidential-nomination-676,https://polymarket.com/event/will-gina-raimondo-win-the-2028-democratic-presidential-nomination-676,https://embed.polymarket.com/market.html?market=will-gina-raimondo-win-the-2028-democratic-presidential-nomination-676&features=volume&theme=light,Will Gina Raimondo win the 2028 Democratic presidential nomination?,united-states,,"24h $1,101 • spread 0.001 • TTR 788.5d",35763081.751999,1101.8,0.0,0.0,2028-11-07T00:00:00+00:00,788.542,1,0.001,-0.998,0.0015,0,"[{""name"": ""Top"", ""bestBid"": 0.001, ""bestAsk"": 0.002}]"
561249,0x01dffa7abae7e5d9b7fb44b06d537c5ac932e2ca422ab4b53366672f5e2dc7d6,will-greg-abbott-win-the-2028-us-presidential-election,https://polymarket.com/event/will-greg-abbott-win-the-2028-us-presidential-election,https://embed.polymarket.com/market.html?market=will-greg-abbott-win-the-2028-us-presidential-election&features=volume&theme=light,Will Greg Abbott win the 2028 US Presidential Election?,president,,24h $147 • spread 0.001 • TTR 788.5d,35352332.12933007,147.37,0.0,0.0,2028-11-07T00:00:00+00:00,788.542,1,0.001,-0.991,0.0085,0,"[{""name"": ""Top"", ""bestBid"": 0.008, ""bestAsk"": 0.009}]"
561242,0x8fc141205ebce5adf437bfdf4d0c5ff58ff24293b79c9431991346c208bb48ed,will-tulsi-gabbard-win-the-2028-us-presidential-election,https://polymarket.com/event/will-tulsi-gabbard-win-the-2028-us-presidential-election,https://embed.polymarket.com/market.html?market=will-tulsi-gabbard-win-the-2028-us-presidential-election&features=volume&theme=light,Will Tulsi Gabbard win the 2028 US Presidential Election?,president,,"24h $1,044 • spread 0.001 • TTR 788.5d",35349740.996344,1044.28,0.0,0.0,2028-11-07T00:00:00+00:00,788.542,1,0.001,-0.998,0.0015,0,"[{""name"": ""Top"", ""bestBid"": 0.001, ""bestAsk"": 0.002}]"
561982,0x00ad3bb5284b0b2314b1a2d42812fe292f606619c6278bd95c9d905816c240f6,will-sarah-huckabee-sanders-win-the-2028-republican-presidential-nomination,https://polymarket.com/event/will-sarah-huckabee-sanders-win-the-2028-republican-presidential-nomination,https://embed.polymarket.com/market.html?market=will-sarah-huckabee-sanders-win-the-2028-republican-presidential-nomination&features=volume&theme=light,Will Sarah Huckabee Sanders win the 2028 Republican presidential nomination?,united-states,,24h $184 • TTR 788.5d,34430301.52397501,184.71,0.0,0.0,2028-11-07T00:00:00+00:00,788.542,1,,-0.999,,0,"[{""name"": ""Top"", ""bestBid"": null, ""bestAsk"": 0.001}]"
559676,0x88d67705780a3d922317ecb0c78a947a306174d0510df2ae89394d5abfb28206,will-barack-obama-win-the-2028-democratic-presidential-nomination-265,https://polymarket.com/event/will-barack-obama-win-the-2028-democratic-presidential-nomination-265,https://embed.polymarket.com/market.html?market=will-barack-obama-win-the-2028-democratic-presidential-nomination-265&features=volume&theme=light,Will Barack Obama win the 2028 Democratic presidential nomination?,united-states,,24h $381 • spread 0.001 • TTR 788.5d,34031652.810262024,381.46,0.0,0.0,2028-11-07T00:00:00+00:00,788.542,1,0.001,-0.997,0.0025,0,"[{""name"": ""Top"", ""bestBid"": 0.002, ""bestAsk"": 0.003}]"
561240,0x66b906b8205f48a26beb8e553bbb1e7954e87e4f6e1d539823441221d1806e8f,will-stephen-smith-win-the-2028-us-presidential-election,https://polymarket.com/event/will-stephen-smith-win-the-2028-us-presidential-election,https://embed.polymarket.com/market.html?market=will-stephen-smith-win-the-2028-us-presidential-election&features=volume&theme=light,Will Stephen Smith win the 2028 US Presidential Election?,president,,24h $58 • TTR 788.5d,33456937.473494057,58.14,0.0,0.0,2028-11-07T00:00:00+00:00,788.542,1,,-0.999,,0,"[{""name"": ""Top"", ""bestBid"": null, ""bestAsk"": 0.001}]"
561999,0xf8dbde8b6e038775a673947e59da2de15a2127272b50b9877400fdbf7cfc3026,will-tom-brady-win-the-2028-republican-presidential-nomination,https://polymarket.com/event/will-tom-brady-win-the-2028-republican-presidential-nomination,https://embed.polymarket.com/market.html?market=will-tom-brady-win-the-2028-republican-presidential-nomination&features=volume&theme=light,Will Tom Brady win the 2028 Republican presidential nomination?,united-states,,24h $207 • spread 0.001 • TTR 788.5d,32956421.876229003,207.36,0.0,0.0,2028-11-07T00:00:00+00:00,788.542,1,0.001,-0.998,0.0015,0,"[{""name"": ""Top"", ""bestBid"": 0.001, ""bestAsk"": 0.002}]"
559664,0xdce84960dce38aa4a5800a5eba7c9ac34d2ce49ba9d44c42572c472d468af264,will-raphael-warnock-win-the-2028-democratic-presidential-nomination-914,https://polymarket.com/event/will-raphael-warnock-win-the-2028-democratic-presidential-nomination-914,https://embed.polymarket.com/market.html?market=will-raphael-warnock-win-the-2028-democratic-presidential-nomination-914&features=volume&theme=light,Will Raphael Warnock win the 2028 Democratic presidential nomination?,united-states,,"24h $2,795 • spread 0.001 • TTR 788.5d",32180837.339313995,2795.37,0.0,0.0,2028-11-07T00:00:00+00:00,788.542,1,0.001,-0.994,0.0055,0,"[{""name"": ""Top"", ""bestBid"": 0.005, ""bestAsk"": 0.006}]"
559672,0x939eeb2dea216749bd409bedde483c3f2bfb0e24d4f2d34461c0b21c6e91f010,will-roy-cooper-win-the-2028-democratic-presidential-nomination-286,https://polymarket.com/event/will-roy-cooper-win-the-2028-democratic-presidential-nomination-286,https://embed.polymarket.com/market.html?market=will-roy-cooper-win-the-2028-democratic-presidential-nomination-286&features=volume&theme=light,Will Roy Cooper win the 2028 Democratic presidential nomination?,united-states,,24h $13 • TTR 788.5d,31507909.131225996,13.64,0.0,0.0,2028-11-07T00:00:00+00:00,788.542,1,,-0.999,,0,"[{""name"": ""Top"", ""bestBid"": null, ""bestAsk"": 0.001}]"
561990,0xfbb80ea5f8fc02ee7df8bd4f58790e1d04b874078a49a7b7028a74a2075100c9,will-elon-musk-win-the-2028-republican-presidential-nomination,https://polymarket.com/event/will-elon-musk-win-the-2028-republican-presidential-nomination,https://embed.polymarket.com/market.html?market=will-elon-musk-win-the-2028-republican-presidential-nomination&features=volume&theme=light,Will Elon Musk win the 2028 Republican presidential nomination?,united-states,,"24h $27,908 • TTR 788.5d",30418486.241254006,27908.57,-0.001,-66.6667,2028-11-07T00:00:00+00:00,788.542,1,,-0.999,,0,"[{""name"": ""Top"", ""bestBid"": null, ""bestAsk"": 0.001}]"
561245,0xe0173375b7eaccb836f7b92d28a9a2d1cc69e54e5a65fae89a5d7e49aadd332e,will-nikki-haley-win-the-2028-us-presidential-election,https://polymarket.com/event/will-nikki-haley-win-the-2028-us-presidential-election,https://embed.polymarket.com/market.html?market=will-nikki-haley-win-the-2028-us-presidential-election&features=volume&theme=light,Will Nikki Haley win the 2028 US Presidential Election?,president,,24h $51 • TTR 788.5d,30055860.75704703,51.92,-0.001,-66.6667,2028-11-07T00:00:00+00:00,788.542,1,,-0.999,,0,"[{""name"": ""Top"", ""bestBid"": null, ""bestAsk"": 0.001}]"
1130012,0x502a94e5c525766d5ee7f16c6568131ba1b2cbadb69c703af05a6ef00336ed64,will-united-russia-er-gain-the-most-seats-in-the-next-russian-parliamentary-election,https://polymarket.com/event/will-united-russia-er-gain-the-most-seats-in-the-next-russian-parliamentary-election,https://embed.polymarket.com/market.html?market=will-united-russia-er-gain-the-most-seats-in-the-next-russian-parliamentary-election&features=volume&theme=light,Will United Russia (ER) gain the most seats in the next Russian parliamentary election?,politics,,"24h $84,231 • spread 0.010 • TTR 19.5d",9569091.173284993,84231.4,0.0,0.0,2026-09-30T00:00:00+00:00,19.542,1,0.01,-0.25,0.745,0,"[{""name"": ""Top"", ""bestBid"": 0.74, ""bestAsk"": 0.75}]"
601823,0xe1d5733322fd2215f136412f419d9ff805d097f78c68de3261515ff736895f2b,will-eduardo-bolsonaro-win-the-2026-brazilian-presidential-election,https://polymarket.com/event/will-eduardo-bolsonaro-win-the-2026-brazilian-presidential-election,https://embed.polymarket.com/market.html?market=will-eduardo-bolsonaro-win-the-2026-brazilian-presidential-election&features=volume&theme=light,Will Eduardo Bolsonaro win the 2026 Brazilian presidential election?,politics,,24h $96 • TTR 23.5d,10445615.345772004,96.0,0.0,0.0,2026-10-04T00:00:00+00:00,23.542,1,,-0.999,,0,"[{""name"": ""Top"", ""bestBid"": null, ""bestAsk"": 0.001}]"
601824,0xa59bb6bb91e5c1e4d533864520fbd3bb75d6d0ebb813b4cd8a8b88479bfa8966,will-carlos-roberto-massa-jnior-win-the-2026-brazilian-presidential-election,https://polymarket.com/event/will-carlos-roberto-massa-jnior-win-the-2026-brazilian-presidential-election,https://embed.polymarket.com/market.html?market=will-carlos-roberto-massa-jnior-win-the-2026-brazilian-presidential-election&features=volume&theme=light,Will Carlos Roberto Massa Júnior win the 2026 Brazilian presidential election?,politics,,TTR 23.5d,10429619.136619003,,0.0,0.0,2026-10-04T00:00:00+00:00,23.542,1,,-0.999,,0,"[{""name"": ""Top"", ""bestBid"": null, ""bestAsk"": 0.001}]"
601822,0x37ec4c6b57a18b16eed1241f6155ee7ff45bc1697d7848f15ac33d406e38ed00,will-michelle-bolsonaro-win-the-2026-brazilian-presidential-election,https://polymarket.com/event/will-michelle-bolsonaro-win-the-2026-brazilian-presidential-election,https://embed.polymarket.com/market.html?market=will-michelle-bolsonaro-win-the-2026-brazilian-presidential-election&features=volume&theme=light,Will Michelle Bolsonaro win the 2026 Brazilian presidential election?,politics,,TTR 23.5d,10338215.792318,,0.0,0.0,2026-10-04T00:00:00+00:00,23.542,1,,-0.999,,0,"[{""name"": ""Top"", ""bestBid"": null, ""bestAsk"": 0.001}]"
601819,0xdf8e2dc5860027decbe6164555c3c1c9645c3bd33e16b9dc57ca87125047d4a8,will-luiz-incio-lula-da-silva-win-the-2026-brazilian-presidential-election,https://polymarket.com/event/will-luiz-incio-lula-da-silva-win-the-2026-brazilian-presidential-election,https://embed.polymarket.com/market.html?market=will-luiz-incio-lula-da-silva-win-the-2026-brazilian-presidential-election&features=volume&theme=light,Will Luiz Inácio Lula da Silva win the 2026 Brazilian presidential election?,politics,,"24h $78,780 • spread 0.010 • TTR 23.5d • ~50% mid",10262180.440713996,78780.19,-0.01,-1.9048,2026-10-04T00:00:00+00:00,23.542,1,0.01,-0.48,0.515,1,"[{""name"": ""Top"", ""bestBid"": 0.51, ""bestAsk"": 0.52}]"
561992,0x61a1278884fa70d68d4bcaaf72fad55bbdb063cac28c6947472ca91635fab10f,will-katie-britt-win-the-2028-republican-presidential-nomination,https://polymarket.com/event/will-katie-britt-win-the-2028-republican-presidential-nomination,https://embed.polymarket.com/market.html?market=will-katie-britt-win-the-2028-republican-presidential-nomination&features=volume&theme=light,Will Katie Britt win the 2028 Republican presidential nomination?,united-states,,24h $67 • spread 0.001 • TTR 788.5d,28948578.394281,67.8,-0.0005,-16.6667,2028-11-07T00:00:00+00:00,788.542,1,0.001,-0.997,0.0025,0,"[{""name"": ""Top"", ""bestBid"": 0.002, ""bestAsk"": 0.003}]"
601826,0x1a01bf78f56a507fcb666d564d8c8b91b0750679163ed6e96746102c9b7d285d,will-flvio-bolsonaro-win-the-2026-brazilian-presidential-election,https://polymarket.com/event/will-flvio-bolsonaro-win-the-2026-brazilian-presidential-election,https://embed.polymarket.com/market.html?market=will-flvio-bolsonaro-win-the-2026-brazilian-presidential-election&features=volume&theme=light,Will Flávio Bolsonaro win the 2026 Brazilian presidential election?,politics,,"24h $130,159 • spread 0.001 • TTR 23.5d • ~50% mid",10091200.139737997,130159.67,0.008,1.7563,2026-10-04T00:00:00+00:00,23.542,1,0.001,-0.536,0.4635,1,"[{""name"": ""Top"", ""bestBid"": 0.463, ""bestAsk"": 0.464}]"
560317,0x6bd56627aa21311850825edb27e53434a0e17a4f782be0086bc07f71eee00d0d,putin-out-before-2027-346,https://polymarket.com/event/putin-out-before-2027-346,https://embed.polymarket.com/market.html?market=putin-out-before-2027-346&features=volume&theme=light,"Putin out as President of Russia by December 31, 2026?",putin,,"24h $29,610 • spread 0.010 • TTR 112.7d",20277406.76522999,29610.74,0.0,0.0,2027-01-01T04:59:00+00:00,112.749,1,0.01,-0.93,0.065,0,"[{""name"": ""Top"", ""bestBid"": 0.06, ""bestAsk"": 0.07}]"
562003,0x414378275cb214b747245942be889ee1e077c56d1c00eb4d726629c95f22b5a5,will-kim-kardashian-win-the-2028-republican-presidential-nomination,https://polymarket.com/event/will-kim-kardashian-win-the-2028-republican-presidential-nomination,https://embed.polymarket.com/market.html?market=will-kim-kardashian-win-the-2028-republican-presidential-nomination&features=volume&theme=light,Will Kim Kardashian win the 2028 Republican presidential nomination?,united-states,,24h $172 • spread 0.001 • TTR 788.5d,28562364.19803901,172.76,0.0,0.0,2028-11-07T00:00:00+00:00,788.542,1,0.001,-0.998,0.0015,0,"[{""name"": ""Top"", ""bestBid"": 0.001, ""bestAsk"": 0.002}]"
561987,0x655b4bfdfa55a95c24d6e9bf7e7cd62f1b57da9a1f4c7f40f090b8ba847dffa2,will-elise-stefanik-win-the-2028-republican-presidential-nomination,https://polymarket.com/event/will-elise-stefanik-win-the-2028-republican-presidential-nomination,https://embed.polymarket.com/market.html?market=will-elise-stefanik-win-the-2028-republican-presidential-nomination&features=volume&theme=light,Will Elise Stefanik win the 2028 Republican presidential nomination?,united-states,,24h $100 • spread 0.001 • TTR 788.5d,27988294.721554,100.75,0.0,0.0,2028-11-07T00:00:00+00:00,788.542,1,0.001,-0.998,0.0015,0,"[{""name"": ""Top"", ""bestBid"": 0.001, ""bestAsk"": 0.002}]"
561238,0xc4435df23facee8c4cd86090310c7835c2a0425646b2588b0a02e67fa42f444e,will-glenn-youngkin-win-the-2028-us-presidential-election,https://polymarket.com/event/will-glenn-youngkin-win-the-2028-us-presidential-election,https://embed.polymarket.com/market.html?market=will-glenn-youngkin-win-the-2028-us-presidential-election&features=volume&theme=light,Will Glenn Youngkin win the 2028 US Presidential Election?,president,,24h $428 • spread 0.003 • TTR 788.5d,27460622.34064298,428.22,0.0,0.0,2028-11-07T00:00:00+00:00,788.542,1,0.003,-0.996,0.0025,0,"[{""name"": ""Top"", ""bestBid"": 0.001, ""bestAsk"": 0.004}]"
559674,0x8fbcb151e2c988df5a43abb02298014b7daf34c008f3eed9188dd16a2a19bec1,will-jared-polis-win-the-2028-democratic-presidential-nomination-837,https://polymarket.com/event/will-jared-polis-win-the-2028-democratic-presidential-nomination-837,https://embed.polymarket.com/market.html?market=will-jared-polis-win-the-2028-democratic-presidential-nomination-837&features=volume&theme=light,Will Jared Polis win the 2028 Democratic presidential nomination?,united-states,,"24h $1,611 • spread 0.001 • TTR 788.5d",27344269.77475802,1611.55,0.0,0.0,2028-11-07T00:00:00+00:00,788.542,1,0.001,-0.998,0.0015,0,"[{""name"": ""Top"", ""bestBid"": 0.001, ""bestAsk"": 0.002}]"
559652,0x0f49db97f71c68b1e42a6d16e3de93d85dbf7d4148e3f018eb79e88554be9f75,will-gavin-newsom-win-the-2028-democratic-presidential-nomination-568,https://polymarket.com/event/will-gavin-newsom-win-the-2028-democratic-presidential-nomination-568,https://embed.polymarket.com/market.html?market=will-gavin-newsom-win-the-2028-democratic-presidential-nomination-568&features=volume&theme=light,Will Gavin Newsom win the 2028 Democratic presidential nomination?,united-states,,"24h $37,330 • spread 0.001 • TTR 788.5d",27186176.65814795,37330.59,-0.002,-1.3841,2028-11-07T00:00:00+00:00,788.542,1,0.001,-0.857,0.1425,0,"[{""name"": ""Top"", ""bestBid"": 0.142, ""bestAsk"": 0.143}]"
561250,0x68e3c4e0dd8f82d010060032006fd157401b0bd8e04bd2953ae293e31eb99bf6,will-elon-musk-win-the-2028-us-presidential-election,https://polymarket.com/event/will-elon-musk-win-the-2028-us-presidential-election,https://embed.polymarket.com/market.html?market=will-elon-musk-win-the-2028-us-presidential-election&features=volume&theme=light,Will Elon Musk win the 2028 US Presidential Election?,president,,"24h $1,395 • spread 0.001 • TTR 788.5d",27080825.70782103,1395.06,0.0,0.0,2028-11-07T00:00:00+00:00,788.542,1,0.001,-0.998,0.0015,0,"[{""name"": ""Top"", ""bestBid"": 0.001, ""bestAsk"": 0.002}]"
559667,0x3e218c99a1335641b3a5ee6c887521d19b0c28fddd6b99c254a07968e35c0b1b,will-michelle-obama-win-the-2028-democratic-presidential-nomination-777,https://polymarket.com/event/will-michelle-obama-win-the-2028-democratic-presidential-nomination-777,https://embed.polymarket.com/market.html?market=will-michelle-obama-win-the-2028-democratic-presidential-nomination-777&features=volume&theme=light,Will Michelle Obama win the 2028 Democratic presidential nomination?,united-states,,24h $331 • spread 0.001 • TTR 788.5d,26243004.795085024,331.28,0.0,0.0,2028-11-07T00:00:00+00:00,788.542,1,0.001,-0.997,0.0025,0,"[{""name"": ""Top"", ""bestBid"": 0.002, ""bestAsk"": 0.003}]"
559665,0x1970bcce75e3674660917ae4685b433a9b1e0152d810a8d7c346dfd5e00694c2,will-corey-booker-win-the-2028-democratic-presidential-nomination-125,https://polymarket.com/event/will-corey-booker-win-the-2028-democratic-presidential-nomination-125,https://embed.polymarket.com/market.html?market=will-corey-booker-win-the-2028-democratic-presidential-nomination-125&features=volume&theme=light,Will Cory Booker win the 2028 Democratic presidential nomination?,united-states,,"24h $2,199 • spread 0.001 • TTR 788.5d",26234424.71277501,2199.66,0.0,0.0,2028-11-07T00:00:00+00:00,788.542,1,0.001,-0.993,0.0065,0,"[{""name"": ""Top"", ""bestBid"": 0.006, ""bestAsk"": 0.007}]"
2774057,0xa08a5ce99e14ce0b22767af6f16c08a2ab012249444c20887193a9a3e98e11fc,strait-of-hormuz-traffic-returns-to-normal-by-september-30-20260702154339440,https://polymarket.com/event/strait-of-hormuz-traffic-returns-to-normal-by-september-30-20260702154339440,https://embed.polymarket.com/market.html?market=strait-of-hormuz-traffic-returns-to-normal-by-september-30-20260702154339440&features=volume&theme=light,Strait of Hormuz traffic returns to normal by September 30?,oil,,"24h $149,149 • spread 0.001 • TTR 19.5d",8233891.524590001,149149.98,-0.003,-19.3548,2026-09-30T00:00:00+00:00,19.542,1,0.001,-0.987,0.0125,0,"[{""name"": ""Top"", ""bestBid"": 0.012, ""bestAsk"": 0.013}]"
2155000,0xa4ddc18895cc7b14810283ef8f113939abffd3969c6a0e37f1897110c67e6f73,hantavirus-pandemic-in-2026,https://polymarket.com/event/hantavirus-pandemic-in-2026,https://embed.polymarket.com/market.html?market=hantavirus-pandemic-in-2026&features=volume&theme=light,Hantavirus pandemic in 2026?,pandemics,,"24h $30,815 • spread 0.001 • TTR 112.7d",18137897.267910004,30815.34,0.0,0.0,2027-01-01T04:59:00+00:00,112.749,1,0.001,-0.969,0.0305,0,"[{""name"": ""Top"", ""bestBid"": 0.03, ""bestAsk"": 0.031}]"
559673,0xca1d1139b0c3a29983407f499476ae642482788e841a277eb86faeeb9fa4a85c,will-john-fetterman-win-the-2028-democratic-presidential-nomination-941,https://polymarket.com/event/will-john-fetterman-win-the-2028-democratic-presidential-nomination-941,https://embed.polymarket.com/market.html?market=will-john-fetterman-win-the-2028-democratic-presidential-nomination-941&features=volume&theme=light,Will John Fetterman win the 2028 Democratic presidential nomination?,united-states,,24h $28 • TTR 788.5d,25593882.05483401,28.11,0.0,0.0,2028-11-07T00:00:00+00:00,788.542,1,,-0.999,,0,"[{""name"": ""Top"", ""bestBid"": null, ""bestAsk"": 0.001}]"
559675,0xfee07be730188c94cd3644ed6f107fa3ea2dfab9989ce8d39aeeae064766abe3,will-jon-stewart-win-the-2028-democratic-presidential-nomination-518,https://polymarket.com/event/will-jon-stewart-win-the-2028-democratic-presidential-nomination-518,https://embed.polymarket.com/market.html?market=will-jon-stewart-win-the-2028-democratic-presidential-nomination-518&features=volume&theme=light,Will Jon Stewart win the 2028 Democratic presidential nomination?,united-states,,"24h $60,651 • TTR 788.5d",24722723.58153001,60651.4,-0.0025,-71.4286,2028-11-07T00:00:00+00:00,788.542,1,,-0.998,,0,"[{""name"": ""Top"", ""bestBid"": null, ""bestAsk"": 0.002}]"
559662,0x9d4f94f82de9d13ff1d3318639ab9000ee2533949e525343156f374fb00bd9b1,will-mark-cuban-win-the-2028-democratic-presidential-nomination-329,https://polymarket.com/event/will-mark-cuban-win-the-2028-democratic-presidential-nomination-329,https://embed.polymarket.com/market.html?market=will-mark-cuban-win-the-2028-democratic-presidential-nomination-329&features=volume&theme=light,Will Mark Cuban win the 2028 Democratic presidential nomination?,united-states,,"24h $35,634 • TTR 788.5d",22929292.445200995,35634.34,-0.0025,-71.4286,2028-11-07T00:00:00+00:00,788.542,1,,-0.998,,0,"[{""name"": ""Top"", ""bestBid"": null, ""bestAsk"": 0.002}]"
562001,0xd5659eea81cada0bac656f5a9099861786cbae6755e2e1ac2c9e9441908b551f,will-steve-bannon-win-the-2028-republican-presidential-nomination,https://polymarket.com/event/will-steve-bannon-win-the-2028-republican-presidential-nomination,https://embed.polymarket.com/market.html?market=will-steve-bannon-win-the-2028-republican-presidential-nomination&features=volume&theme=light,Will Steve Bannon win the 2028 Republican presidential nomination?,united-states,,24h $217 • spread 0.001 • TTR 788.5d,22921729.98228801,217.22,0.0,0.0,2028-11-07T00:00:00+00:00,788.542,1,0.001,-0.997,0.0025,0,"[{""name"": ""Top"", ""bestBid"": 0.002, ""bestAsk"": 0.003}]"
601831,0x70f1a7d2cd490b640676d5e31470bcbe16fef40087de1af8b6f6e44e299b5784,will-eduardo-leite-win-the-2026-brazilian-presidential-election,https://polymarket.com/event/will-eduardo-leite-win-the-2026-brazilian-presidential-election,https://embed.polymarket.com/market.html?market=will-eduardo-leite-win-the-2026-brazilian-presidential-election&features=volume&theme=light,Will Eduardo Leite win the 2026 Brazilian presidential election?,politics,,24h $129 • TTR 23.5d,7984936.969926999,129.06,0.0,0.0,2026-10-04T00:00:00+00:00,23.542,1,,-0.999,,0,"[{""name"": ""Top"", ""bestBid"": null, ""bestAsk"": 0.001}]"
559657,0xc8f1cf5d4f26e0fd9c8fe89f2a7b3263b902cf14fde7bfccef525753bb492e47,will-stephen-a-smith-win-the-2028-democratic-presidential-nomination-914,https://polymarket.com/event/will-stephen-a-smith-win-the-2028-democratic-presidential-nomination-914,https://embed.polymarket.com/market.html?market=will-stephen-a-smith-win-the-2028-democratic-presidential-nomination-914&features=volume&theme=light,Will Stephen A. Smith win the 2028 Democratic presidential nomination?,united-states,,"24h $2,161 • spread 0.001 • TTR 788.5d",22405278.673689008,2161.27,0.0,0.0,2028-11-07T00:00:00+00:00,788.542,1,0.001,-0.998,0.0015,0,"[{""name"": ""Top"", ""bestBid"": 0.001, ""bestAsk"": 0.002}]"
561256,0xf05b4b55336a4c1c7b44c726911d2b559732cff7bad339084de86ae364dc85f6,will-zohran-mamdani-win-the-2028-us-presidential-election,https://polymarket.com/event/will-zohran-mamdani-win-the-2028-us-presidential-election,https://embed.polymarket.com/market.html?market=will-zohran-mamdani-win-the-2028-us-presidential-election&features=volume&theme=light,Will Zohran Mamdani win the 2028 US Presidential Election?,president,,TTR 788.5d,22157437.118913002,,0.0,0.0,2028-11-07T00:00:00+00:00,788.542,1,,-0.999,,0,"[{""name"": ""Top"", ""bestBid"": null, ""bestAsk"": 0.001}]"
601821,0xdd3d104667774208eae2239f576122ecdd1c04ba81cc14d26d22a36b33887977,will-fernando-haddad-win-the-2026-brazilian-presidential-election,https://polymarket.com/event/will-fernando-haddad-win-the-2026-brazilian-presidential-election,https://embed.polymarket.com/market.html?market=will-fernando-haddad-win-the-2026-brazilian-presidential-election&features=volume&theme=light,Will Fernando Haddad win the 2026 Brazilian presidential election?,politics,,24h $138 • TTR 23.5d,7426696.611962997,138.71,0.0,0.0,2026-10-04T00:00:00+00:00,23.542,1,,-0.999,,0,"[{""name"": ""Top"", ""bestBid"": null, ""bestAsk"": 0.001}]"
601827,0xbca3d70ec52a5a441ccc365a3b1b48b9cd0f08dfff4bc5871e2cd92d0d92caa1,will-ronaldo-caiado-win-the-2026-brazilian-presidential-election,https://polymarket.com/event/will-ronaldo-caiado-win-the-2026-brazilian-presidential-election,https://embed.polymarket.com/market.html?market=will-ronaldo-caiado-win-the-2026-brazilian-presidential-election&features=volume&theme=light,Will Ronaldo Caiado win the 2026 Brazilian presidential election?,politics,,"24h $30,677 • spread 0.001 • TTR 23.5d",7371145.004943,30677.08,0.0,0.0,2026-10-04T00:00:00+00:00,23.542,1,0.001,-0.997,0.0025,0,"[{""name"": ""Top"", ""bestBid"": 0.002, ""bestAsk"": 0.003}]"
561983,0x214093035e429b91df322bd20c55d9f611f741f67472a63f7623a9afc0cffa57,will-greg-abbott-win-the-2028-republican-presidential-nomination,https://polymarket.com/event/will-greg-abbott-win-the-2028-republican-presidential-nomination,https://embed.polymarket.com/market.html?market=will-greg-abbott-win-the-2028-republican-presidential-nomination&features=volume&theme=light,Will Greg Abbott win the 2028 Republican presidential nomination?,united-states,,24h $35 • spread 0.001 • TTR 788.5d,20713061.093706,35.44,-0.0005,-25.0,2028-11-07T00:00:00+00:00,788.542,1,0.001,-0.998,0.0015,0,"[{""name"": ""Top"", ""bestBid"": 0.001, ""bestAsk"": 0.002}]"
1163699,0x9cb23d04b2ded06147482076688b69b487a8d982c63ebdda2ab3678cf27cf390,clarity-act-signed-into-law-in-2026,https://polymarket.com/event/clarity-act-signed-into-law-in-2026,https://embed.polymarket.com/market.html?market=clarity-act-signed-into-law-in-2026&features=volume&theme=light,Clarity Act (H.R.3633) signed into law in 2026?,crypto,,"24h $69,111 • spread 0.010 • TTR 112.8d",14553975.615250997,69111.64,0.02,13.7931,2027-01-01T05:00:00+00:00,112.75,1,0.01,-0.83,0.165,0,"[{""name"": ""Top"", ""bestBid"": 0.16, ""bestAsk"": 0.17}]"
561991,0xf2cea45ec282af4f302d2ab85ede73678cd692ebf8c3ab6d52bfa5e19f44c553,will-matt-gaetz-win-the-2028-republican-presidential-nomination,https://polymarket.com/event/will-matt-gaetz-win-the-2028-republican-presidential-nomination,https://embed.polymarket.com/market.html?market=will-matt-gaetz-win-the-2028-republican-presidential-nomination&features=volume&theme=light,Will Matt Gaetz win the 2028 Republican presidential nomination?,united-states,,TTR 788.5d,20389101.695417993,,0.0,0.0,2028-11-07T00:00:00+00:00,788.542,1,,-0.999,,0,"[{""name"": ""Top"", ""bestBid"": null, ""bestAsk"": 0.001}]"
561988,0x4d4bceee5f59f75230c6438f69fc913a6da7afa4098ce0734655045c02a730fc,will-josh-hawley-win-the-2028-republican-presidential-nomination,https://polymarket.com/event/will-josh-hawley-win-the-2028-republican-presidential-nomination,https://embed.polymarket.com/market.html?market=will-josh-hawley-win-the-2028-republican-presidential-nomination&features=volume&theme=light,Will Josh Hawley win the 2028 Republican presidential nomination?,united-states,,"24h $5,185 • spread 0.001 • TTR 788.5d",20264806.976536013,5185.59,0.0,0.0,2028-11-07T00:00:00+00:00,788.542,1,0.001,-0.996,0.0035,0,"[{""name"": ""Top"", ""bestBid"": 0.003, ""bestAsk"": 0.004}]"
898420,0xa2b7d292821eafb97059947b9d834512deda11b7866e0f7b299bcb035071d626,will-oliver-bearman-be-the-2026-f1-drivers-champion,https://polymarket.com/event/will-oliver-bearman-be-the-2026-f1-drivers-champion,https://embed.polymarket.com/market.html?market=will-oliver-bearman-be-the-2026-f1-drivers-champion&features=volume&theme=light,Will Oliver Bearman be the 2026 F1 Drivers' Champion?,sports,,TTR 86.5d,12897812.186556,,0.0,0.0,2026-12-06T00:00:00+00:00,86.542,1,,-0.999,,0,"[{""name"": ""Top"", ""bestBid"": null, ""bestAsk"": 0.001}]"
562000,0xd10bc768ede58b53ed400594240b0a0603134a32dab89ec823a18759cbc180ca,will-rand-paul-win-the-2028-republican-presidential-nomination,https://polymarket.com/event/will-rand-paul-win-the-2028-republican-presidential-nomination,https://embed.polymarket.com/market.html?market=will-rand-paul-win-the-2028-republican-presidential-nomination&features=volume&theme=light,Will Rand Paul win the 2028 Republican presidential nomination?,united-states,,"24h $40,135 • spread 0.001 • TTR 788.5d",19528382.47680199,40135.65,0.0,0.0,2028-11-07T00:00:00+00:00,788.542,1,0.001,-0.997,0.0025,0,"[{""name"": ""Top"", ""bestBid"": 0.002, ""bestAsk"": 0.003}]"
561989,0x0ac23db1e56971022bc7e822b907a2466c618b34104ea72bc9fa95e41c86a9c6,will-ted-cruz-win-the-2028-republican-presidential-nomination,https://polymarket.com/event/will-ted-cruz-win-the-2028-republican-presidential-nomination,https://embed.polymarket.com/market.html?market=will-ted-cruz-win-the-2028-republican-presidential-nomination&features=volume&theme=light,Will Ted Cruz win the 2028 Republican presidential nomination?,united-states,,24h $392 • spread 0.002 • TTR 788.5d,19356013.249992978,392.93,0.0015,9.6774,2028-11-07T00:00:00+00:00,788.542,1,0.002,-0.982,0.017,0,"[{""name"": ""Top"", ""bestBid"": 0.016, ""bestAsk"": 0.018}]"
601828,0x054725b2a7971376f7924a7021221b12acc50fe78d97817824fe411704d5b5a2,will-romeu-zema-win-the-2026-brazilian-presidential-election,https://polymarket.com/event/will-romeu-zema-win-the-2026-brazilian-presidential-election,https://embed.polymarket.com/market.html?market=will-romeu-zema-win-the-2026-brazilian-presidential-election&features=volume&theme=light,Will Romeu Zema win the 2026 Brazilian presidential election?,politics,,"24h $91,606 • spread 0.001 • TTR 23.5d",6786047.600067998,91606.62,0.0,0.0,2026-10-04T00:00:00+00:00,23.542,1,0.001,-0.998,0.0015,0,"[{""name"": ""Top"", ""bestBid"": 0.001, ""bestAsk"": 0.002}]"
601820,0x63d8f3a34c90bd5342dda8acf62b6a898dfa52f86475efaf180b66493ef6af80,will-jair-bolsonaro-win-the-2026-brazilian-presidential-election,https://polymarket.com/event/will-jair-bolsonaro-win-the-2026-brazilian-presidential-election,https://embed.polymarket.com/market.html?market=will-jair-bolsonaro-win-the-2026-brazilian-presidential-election&features=volume&theme=light,Will Jair Bolsonaro win the 2026 Brazilian presidential election?,politics,,"24h $97,255 • spread 0.001 • TTR 23.5d",6749802.292874001,97255.34,0.0,0.0,2026-10-04T00:00:00+00:00,23.542,1,0.001,-0.998,0.0015,0,"[{""name"": ""Top"", ""bestBid"": 0.001, ""bestAsk"": 0.002}]"
561257,0xbbbece074c2d4010e39e39c85ed67b1131180fcea616073c893fb6beaf51d783,will-michelle-obama-win-the-2028-us-presidential-election,https://polymarket.com/event/will-michelle-obama-win-the-2028-us-presidential-election,https://embed.polymarket.com/market.html?market=will-michelle-obama-win-the-2028-us-presidential-election&features=volume&theme=light,Will Michelle Obama win the 2028 US Presidential Election?,president,,24h $426 • spread 0.001 • TTR 788.5d,19220275.745788008,426.62,0.0,0.0,2028-11-07T00:00:00+00:00,788.542,1,0.001,-0.997,0.0025,0,"[{""name"": ""Top"", ""bestBid"": 0.002, ""bestAsk"": 0.003}]"
561237,0x09ad4955c170d46c6d80b5f554435b19e229ff7dbe55370892b64782336cc3b9,will-andy-beshear-win-the-2028-us-presidential-election,https://polymarket.com/event/will-andy-beshear-win-the-2028-us-presidential-election,https://embed.polymarket.com/market.html?market=will-andy-beshear-win-the-2028-us-presidential-election&features=volume&theme=light,Will Andy Beshear win the 2028 US Presidential Election?,president,,24h $5 • spread 0.001 • TTR 788.5d,19168848.61929501,5.62,0.0,0.0,2028-11-07T00:00:00+00:00,788.542,1,0.001,-0.989,0.0105,0,"[{""name"": ""Top"", ""bestBid"": 0.01, ""bestAsk"": 0.011}]"
898424,0xde3d62becec90cd596e01294346786f5a9406a026e105c054d0f7e62cffdcf8f,will-franco-colapinto-be-the-2026-f1-drivers-champion,https://polymarket.com/event/will-franco-colapinto-be-the-2026-f1-drivers-champion,https://embed.polymarket.com/market.html?market=will-franco-colapinto-be-the-2026-f1-drivers-champion&features=volume&theme=light,Will Franco Colapinto be the 2026 F1 Drivers' Champion?,sports,,TTR 86.5d,12224741.901519995,,0.0,0.0,2026-12-06T00:00:00+00:00,86.542,1,,-0.999,,0,"[{""name"": ""Top"", ""bestBid"": null, ""bestAsk"": 0.001}]"
562002,0x7abed80b88301210ee83b7b14ec41bc9a5161e1af07254fbb26c6e2bf7182766,will-erika-kirk-win-the-2028-republican-presidential-nomination,https://polymarket.com/event/will-erika-kirk-win-the-2028-republican-presidential-nomination,https://embed.polymarket.com/market.html?market=will-erika-kirk-win-the-2028-republican-presidential-nomination&features=volume&theme=light,Will Erika Kirk win the 2028 Republican presidential nomination?,united-states,,TTR 788.5d,18944691.033152003,,0.0,0.0,2028-11-07T00:00:00+00:00,788.542,1,,-0.999,,0,"[{""name"": ""Top"", ""bestBid"": null, ""bestAsk"": 0.001}]"
561263,0x2d3c4fc5cde6dfb43448402b912e41bd4453e3f030448ed026bff8f1a0bc072e,will-eric-trump-win-the-2028-us-presidential-election,https://polymarket.com/event/will-eric-trump-win-the-2028-us-presidential-election,https://embed.polymarket.com/market.html?market=will-eric-trump-win-the-2028-us-presidential-election&features=volume&theme=light,Will Eric Trump win the 2028 US Presidential Election?,president,,TTR 788.5d,18816384.800761003,,0.0,0.0,2028-11-07T00:00:00+00:00,788.542,1,,-0.999,,0,"[{""name"": ""Top"", ""bestBid"": null, ""bestAsk"": 0.001}]"
898426,0x7a6491e3c906af3657b9b5cf2b371b454f1ddb91b4f4ca3344caaabf424a8056,will-arvid-lindblad-be-the-2026-f1-drivers-champion,https://polymarket.com/event/will-arvid-lindblad-be-the-2026-f1-drivers-champion,https://embed.polymarket.com/market.html?market=will-arvid-lindblad-be-the-2026-f1-drivers-champion&features=volume&theme=light,Will Arvid Lindblad be the 2026 F1 Drivers' Champion?,sports,,TTR 86.5d,12049424.145627003,,0.0,0.0,2026-12-06T00:00:00+00:00,86.542,1,,-0.999,,0,"[{""name"": ""Top"", ""bestBid"": null, ""bestAsk"": 0.001}]"
559651,0xa467b14d51f01b957109d9cbb1d6c124fab2a089d52ed8f471d23c2812e743b7,xi-jinping-out-before-2027,https://polymarket.com/event/xi-jinping-out-before-2027,https://embed.polymarket.com/market.html?market=xi-jinping-out-before-2027&features=volume&theme=light,Xi Jinping out before 2027?,hfc,,"24h $24,963 • spread 0.001 • TTR 112.7d",13123369.290387988,24963.24,-0.001,-2.5974,2027-01-01T04:59:00+00:00,112.749,1,0.001,-0.962,0.0375,0,"[{""name"": ""Top"", ""bestBid"": 0.037, ""bestAsk"": 0.038}]"
559656,0x61d9486c0f7e14ed98f3b177b6adcb3cd45646c92e8bbfbf209789b86472d4b6,will-wes-moore-win-the-2028-democratic-presidential-nomination-714,https://polymarket.com/event/will-wes-moore-win-the-2028-democratic-presidential-nomination-714,https://embed.polymarket.com/market.html?market=will-wes-moore-win-the-2028-democratic-presidential-nomination-714&features=volume&theme=light,Will Wes Moore win the 2028 Democratic presidential nomination?,united-states,,24h $338 • spread 0.001 • TTR 788.5d,18418650.015748,338.68,0.0,0.0,2028-11-07T00:00:00+00:00,788.542,1,0.001,-0.984,0.0155,0,"[{""name"": ""Top"", ""bestBid"": 0.015, ""bestAsk"": 0.016}]"
561230,0x4567b275e6b667a6217f5cb4f06a797d3a1eaf1d0281fb5bc8c75e2046ae7e57,will-gavin-newsom-win-the-2028-us-presidential-election,https://polymarket.com/event/will-gavin-newsom-win-the-2028-us-presidential-election,https://embed.polymarket.com/market.html?market=will-gavin-newsom-win-the-2028-us-presidential-election&features=volume&theme=light,Will Gavin Newsom win the 2028 US Presidential Election?,president,,"24h $17,108 • spread 0.001 • TTR 788.5d",18232597.24022999,17108.18,0.001,1.3986,2028-11-07T00:00:00+00:00,788.542,1,0.001,-0.927,0.0725,0,"[{""name"": ""Top"", ""bestBid"": 0.072, ""bestAsk"": 0.073}]"
561985,0x42631e1a8c8e6389422b58b8e15b1b551892b9833651aa3bab25afab124354b5,will-brian-kemp-win-the-2028-republican-presidential-nomination,https://polymarket.com/event/will-brian-kemp-win-the-2028-republican-presidential-nomination,https://embed.polymarket.com/market.html?market=will-brian-kemp-win-the-2028-republican-presidential-nomination&features=volume&theme=light,Will Brian Kemp win the 2028 Republican presidential nomination?,united-states,,24h $164 • spread 0.001 • TTR 788.5d,17935145.401102,164.03,0.0,0.0,2028-11-07T00:00:00+00:00,788.542,1,0.001,-0.996,0.0035,0,"[{""name"": ""Top"", ""bestBid"": 0.003, ""bestAsk"": 0.004}]"
2772194,0xefa17dee3af09f69f9ddf245b969aa4efbe7c71cdf06ee49d694408bc33e2ed2,will-shakhtar-donetsk-win-the-2026-27-uefa-champions-league-championship-20260701202025578,https://polymarket.com/event/will-shakhtar-donetsk-win-the-2026-27-uefa-champions-league-championship-20260701202025578,https://embed.polymarket.com/market.html?market=will-shakhtar-donetsk-win-the-2026-27-uefa-champions-league-championship-20260701202025578&features=volume&theme=light,Will Shakhtar Donetsk win the 2026-27 UEFA Champions League Championship?,ucl,,"24h $423,970 • spread 0.001 • TTR 262.5d",15713981.752999999,423970.91,0.0,0.0,2027-05-30T23:59:00+00:00,262.541,1,0.001,-0.998,0.0015,0,"[{""name"": ""Top"", ""bestBid"": 0.001, ""bestAsk"": 0.002}]"
898423,0x88d573d2ba5e43e1320cf0eb733452feb4cb4a1d4780dcb05ac6ee6830c2e4c3,will-pierre-gasly-be-the-2026-f1-drivers-champion,https://polymarket.com/event/will-pierre-gasly-be-the-2026-f1-drivers-champion,https://embed.polymarket.com/market.html?market=will-pierre-gasly-be-the-2026-f1-drivers-champion&features=volume&theme=light,Will Pierre Gasly be the 2026 F1 Drivers' Champion?,sports,,TTR 86.5d,11510403.081432007,,0.0,0.0,2026-12-06T00:00:00+00:00,86.542,1,,-0.999,,0,"[{""name"": ""Top"", ""bestBid"": null, ""bestAsk"": 0.001}]"
601830,0xd0536d9612e041312235baceac52bde48821e8aad4607533513b3782904b7d49,will-geraldo-alckmin-win-the-2026-brazilian-presidential-election,https://polymarket.com/event/will-geraldo-alckmin-win-the-2026-brazilian-presidential-election,https://embed.polymarket.com/market.html?market=will-geraldo-alckmin-win-the-2026-brazilian-presidential-election&features=volume&theme=light,Will Geraldo Alckmin win the 2026 Brazilian presidential election?,politics,,"24h $37,579 • TTR 23.5d",6234594.437681999,37579.19,-0.0005,-33.3333,2026-10-04T00:00:00+00:00,23.542,1,,-0.998,,0,"[{""name"": ""Top"", ""bestBid"": null, ""bestAsk"": 0.002}]"
559668,0x36db77c539bcc8c7bf0686c1b99f30c5a5eed1f53d3b3a27a071550c81f83701,will-mark-kelly-win-the-2028-democratic-presidential-nomination-479,https://polymarket.com/event/will-mark-kelly-win-the-2028-democratic-presidential-nomination-479,https://embed.polymarket.com/market.html?market=will-mark-kelly-win-the-2028-democratic-presidential-nomination-479&features=volume&theme=light,Will Mark Kelly win the 2028 Democratic presidential nomination?,united-states,,24h $492 • spread 0.001 • TTR 788.5d,17488431.200742997,492.42,0.0005,1.6667,2028-11-07T00:00:00+00:00,788.542,1,0.001,-0.969,0.0305,0,"[{""name"": ""Top"", ""bestBid"": 0.03, ""bestAsk"": 0.031}]"
559691,0xc720fcfa9e29346a976902f87e0f0f3bdc31d43af501b4fdef4f1780a30dd359,will-chris-murphy-win-the-2028-democratic-presidential-nomination,https://polymarket.com/event/will-chris-murphy-win-the-2028-democratic-presidential-nomination,https://embed.polymarket.com/market.html?market=will-chris-murphy-win-the-2028-democratic-presidential-nomination&features=volume&theme=light,Will Chris Murphy win the 2028 Democratic presidential nomination?,united-states,,24h $386 • spread 0.001 • TTR 788.5d,17262842.048572,386.14,0.0,0.0,2028-11-07T00:00:00+00:00,788.542,1,0.001,-0.995,0.0045,0,"[{""name"": ""Top"", ""bestBid"": 0.004, ""bestAsk"": 0.005}]"
898422,0x97b92c6c26b31dc3be183b76b1c39167806611396793eda0edf084d29b76fa46,will-gabriel-bortoleto-be-the-2026-f1-drivers-champion,https://polymarket.com/event/will-gabriel-bortoleto-be-the-2026-f1-drivers-champion,https://embed.polymarket.com/market.html?market=will-gabriel-bortoleto-be-the-2026-f1-drivers-champion&features=volume&theme=light,Will Gabriel Bortoleto be the 2026 F1 Drivers' Champion?,sports,,TTR 86.5d,10925713.748451002,,0.0,0.0,2026-12-06T00:00:00+00:00,86.542,1,,-0.999,,0,"[{""name"": ""Top"", ""bestBid"": null, ""bestAsk"": 0.001}]"
561984,0xc510176cf39d73295354fc797d84b510d050b45d29d6c9735ee18cdbc4fd6463,will-robert-f-kennedy-jr-win-the-2028-republican-presidential-nomination,https://polymarket.com/event/will-robert-f-kennedy-jr-win-the-2028-republican-presidential-nomination,https://embed.polymarket.com/market.html?market=will-robert-f-kennedy-jr-win-the-2028-republican-presidential-nomination&features=volume&theme=light,Will Robert F. Kennedy Jr. win the 2028 Republican presidential nomination?,united-states,,24h $239 • spread 0.001 • TTR 788.5d,16827861.95385201,239.19,0.0,0.0,2028-11-07T00:00:00+00:00,788.542,1,0.001,-0.997,0.0025,0,"[{""name"": ""Top"", ""bestBid"": 0.002, ""bestAsk"": 0.003}]"
898425,0xcf72b0f49af9446288a897ac1d73afa72549d98de7860bb17dacc3c4379a2c58,will-liam-lawson-be-the-2026-f1-drivers-champion,https://polymarket.com/event/will-liam-lawson-be-the-2026-f1-drivers-champion,https://embed.polymarket.com/market.html?market=will-liam-lawson-be-the-2026-f1-drivers-champion&features=volume&theme=light,Will Liam Lawson be the 2026 F1 Drivers' Champion?,sports,,TTR 86.5d,10719256.476793997,,0.0,0.0,2026-12-06T00:00:00+00:00,86.542,1,,-0.999,,0,"[{""name"": ""Top"", ""bestBid"": null, ""bestAsk"": 0.001}]"
1472548,0xaa5cdb6830cbfa2ca711b7cf93bd42cf4f8e062d44ea188c0b8ec1fb2924c083,will-reza-pahlavi-lead-iran-in-2026,https://polymarket.com/event/will-reza-pahlavi-lead-iran-in-2026,https://embed.polymarket.com/market.html?market=will-reza-pahlavi-lead-iran-in-2026&features=volume&theme=light,Will Reza Pahlavi lead Iran in 2026?,iran,,"24h $6,928 • spread 0.003 • TTR 112.7d",11745975.715556,6928.41,-0.001,-3.1746,2027-01-01T04:59:00+00:00,112.749,1,0.003,-0.968,0.0305,0,"[{""name"": ""Top"", ""bestBid"": 0.029, ""bestAsk"": 0.032}]"
561229,0x7ad403c3508f8e3912940fd1a913f227591145ca0614074208e0b962d5fcc422,will-jd-vance-win-the-2028-us-presidential-election,https://polymarket.com/event/will-jd-vance-win-the-2028-us-presidential-election,https://embed.polymarket.com/market.html?market=will-jd-vance-win-the-2028-us-presidential-election&features=volume&theme=light,Will JD Vance win the 2028 US Presidential Election?,president,,"24h $10,743 • spread 0.001 • TTR 788.5d",16237084.229456967,10743.45,0.002,0.8316,2028-11-07T00:00:00+00:00,788.542,1,0.001,-0.757,0.2425,0,"[{""name"": ""Top"", ""bestBid"": 0.242, ""bestAsk"": 0.243}]"
666861,0x48b0b0bca515f68fccf95af4793dbd0edbfec1f8ec6e8df2c0f69ba74f8c4722,trump-out-as-president-before-2027,https://polymarket.com/event/trump-out-as-president-before-2027,https://embed.polymarket.com/market.html?market=trump-out-as-president-before-2027&features=volume&theme=light,Trump out as President before 2027?,politics,,"24h $19,855 • spread 0.010 • TTR 112.7d",11455172.017019996,19855.16,0.0,0.0,2027-01-01T04:59:00+00:00,112.749,1,0.01,-0.94,0.055,0,"[{""name"": ""Top"", ""bestBid"": 0.05, ""bestAsk"": 0.06}]"
561981,0xd997dc2a212a7d6673375a3b016db1fb214247142f8cde0cbf07f8e6d789877c,will-vivek-ramaswamy-win-the-2028-republican-presidential-nomination,https://polymarket.com/event/will-vivek-ramaswamy-win-the-2028-republican-presidential-nomination,https://embed.polymarket.com/market.html?market=will-vivek-ramaswamy-win-the-2028-republican-presidential-nomination&features=volume&theme=light,Will Vivek Ramaswamy win the 2028 Republican presidential nomination?,united-states,,24h $203 • spread 0.001 • TTR 788.5d,16106990.954815,203.74,0.0,0.0,2028-11-07T00:00:00+00:00,788.542,1,0.001,-0.997,0.0025,0,"[{""name"": ""Top"", ""bestBid"": 0.002, ""bestAsk"": 0.003}]"
2176270,0x5c79dfde05559b79a9cb9f7c4187e4d49632dd042572ae676952f812732591cc,strait-of-hormuz-traffic-returns-to-normal-by-december-31,https://polymarket.com/event/strait-of-hormuz-traffic-returns-to-normal-by-december-31,https://embed.polymarket.com/market.html?market=strait-of-hormuz-traffic-returns-to-normal-by-december-31&features=volume&theme=light,Strait of Hormuz traffic returns to normal by December 31?,politics,,"24h $259,418 • spread 0.010 • TTR 111.5d",11120903.728937998,259418.82,-0.06,-29.2683,2026-12-31T00:00:00+00:00,111.542,1,0.01,-0.85,0.145,0,"[{""name"": ""Top"", ""bestBid"": 0.14, ""bestAsk"": 0.15}]"
601829,0x101d084cd035070abde58d8a3113b78e11ba68028b0d9e7e38ea7d780797aecc,will-camilo-santana-win-the-2026-brazilian-presidential-election,https://polymarket.com/event/will-camilo-santana-win-the-2026-brazilian-presidential-election,https://embed.polymarket.com/market.html?market=will-camilo-santana-win-the-2026-brazilian-presidential-election&features=volume&theme=light,Will Camilo Santana win the 2026 Brazilian presidential election?,politics,,"24h $71,897 • TTR 23.5d",5517423.549657,71897.13,0.0,0.0,2026-10-04T00:00:00+00:00,23.542,1,,-0.999,,0,"[{""name"": ""Top"", ""bestBid"": null, ""bestAsk"": 0.001}]"
559663,0xe883f2fda25a605a184bb5fe583afce6cc21ea0b348b6a3728ec3067553c548d,will-jb-pritzker-win-the-2028-democratic-presidential-nomination-288,https://polymarket.com/event/will-jb-pritzker-win-the-2028-democratic-presidential-nomination-288,https://embed.polymarket.com/market.html?market=will-jb-pritzker-win-the-2028-democratic-presidential-nomination-288&features=volume&theme=light,Will J.B. Pritzker win the 2028 Democratic presidential nomination?,united-states,,24h $95 • spread 0.001 • TTR 788.5d,15597119.366915,96.0,0.0,0.0,2028-11-07T00:00:00+00:00,788.542,1,0.001,-0.99,0.0095,0,"[{""name"": ""Top"", ""bestBid"": 0.009, ""bestAsk"": 0.01}]"
561974,0x18b1c135d0a40c5894da9412e77311827d9caf16cf4cd6591b247a34730af919,will-jd-vance-win-the-2028-republican-presidential-nomination,https://polymarket.com/event/will-jd-vance-win-the-2028-republican-presidential-nomination,https://embed.polymarket.com/market.html?market=will-jd-vance-win-the-2028-republican-presidential-nomination&features=volume&theme=light,Will J.D. Vance win the 2028 Republican presidential nomination?,united-states,,"24h $3,262 • spread 0.001 • TTR 788.5d • ~50% mid",15587532.64914698,3262.46,0.0,0.0,2028-11-07T00:00:00+00:00,788.542,1,0.001,-0.497,0.5025,1,"[{""name"": ""Top"", ""bestBid"": 0.502, ""bestAsk"": 0.503}]"
561236,0xfd6176f8c9a59105f80e060a77c4099881c5f2d9e0ceab88e55cf978462fab7f,will-gretchen-whitmer-win-the-2028-us-presidential-election,https://polymarket.com/event/will-gretchen-whitmer-win-the-2028-us-presidential-election,https://embed.polymarket.com/market.html?market=will-gretchen-whitmer-win-the-2028-us-presidential-election&features=volume&theme=light,Will Gretchen Whitmer win the 2028 US Presidential Election?,president,,24h $566 • spread 0.001 • TTR 788.5d,15578077.961358003,566.43,0.0,0.0,2028-11-07T00:00:00+00:00,788.542,1,0.001,-0.996,0.0035,0,"[{""name"": ""Top"", ""bestBid"": 0.003, ""bestAsk"": 0.004}]"
561979,0x64d31a2af85518c6718a5757a35b840f08eca20c1e22c0eb1e96ec01cc55b8b6,will-ron-desantis-win-the-2028-republican-presidential-nomination,https://polymarket.com/event/will-ron-desantis-win-the-2028-republican-presidential-nomination,https://embed.polymarket.com/market.html?market=will-ron-desantis-win-the-2028-republican-presidential-nomination&features=volume&theme=light,Will Ron DeSantis win the 2028 Republican presidential nomination?,united-states,,24h $299 • spread 0.001 • TTR 788.5d,15505654.485101996,299.72,0.0,0.0,2028-11-07T00:00:00+00:00,788.542,1,0.001,-0.976,0.0235,0,"[{""name"": ""Top"", ""bestBid"": 0.023, ""bestAsk"": 0.024}]"
559653,0xe6bcc2f1dd025ce5e1833190f7c60a71171c94f805df55b9ab0ded695ec93565,will-alexandria-ocasio-cortez-win-the-2028-democratic-presidential-nomination-653,https://polymarket.com/event/will-alexandria-ocasio-cortez-win-the-2028-democratic-presidential-nomination-653,https://embed.polymarket.com/market.html?market=will-alexandria-ocasio-cortez-win-the-2028-democratic-presidential-nomination-653&features=volume&theme=light,Will Alexandria Ocasio-Cortez win the 2028 Democratic presidential nomination?,united-states,,24h $518 • spread 0.010 • TTR 788.5d,15109293.537099004,518.66,0.0075,4.0,2028-11-07T00:00:00+00:00,788.542,1,0.01,-0.8,0.195,0,"[{""name"": ""Top"", ""bestBid"": 0.19, ""bestAsk"": 0.2}]"
1126504,0x890fc3ba40458db0b67560691aa1597344c2a0560d18e80f586a4b35f510b4ce,will-the-us-acquire-any-part-of-greenland-in-2026,https://polymarket.com/event/will-the-us-acquire-any-part-of-greenland-in-2026,https://embed.polymarket.com/market.html?market=will-the-us-acquire-any-part-of-greenland-in-2026&features=volume&theme=light,Will the US acquire part of Greenland in 2026?,davos,,"24h $1,524 • spread 0.010 • TTR 112.7d",10619704.271916976,1524.91,-0.005,-8.3333,2027-01-01T04:59:00+00:00,112.749,1,0.01,-0.94,0.055,0,"[{""name"": ""Top"", ""bestBid"": 0.05, ""bestAsk"": 0.06}]"
898414,0x80971af8befc488bbdd6dcc075d388793851a0ea1c46f7ffd353b190691c7199,will-isack-hadjar-be-the-2026-f1-drivers-champion,https://polymarket.com/event/will-isack-hadjar-be-the-2026-f1-drivers-champion,https://embed.polymarket.com/market.html?market=will-isack-hadjar-be-the-2026-f1-drivers-champion&features=volume&theme=light,Will Isack Hadjar be the 2026 F1 Drivers' Champion?,sports,,TTR 86.5d,9373117.393226005,,0.0,0.0,2026-12-06T00:00:00+00:00,86.542,1,,-0.999,,0,"[{""name"": ""Top"", ""bestBid"": null, ""bestAsk"": 0.001}]"
559669,0x3dc47a72ac6bb265e9cefebd2a2eeed00966394cb2d07245b5c94138b60e82a3,will-rahm-emanuel-win-the-2028-democratic-presidential-nomination-299,https://polymarket.com/event/will-rahm-emanuel-win-the-2028-democratic-presidential-nomination-299,https://embed.polymarket.com/market.html?market=will-rahm-emanuel-win-the-2028-democratic-presidential-nomination-299&features=volume&theme=light,Will Rahm Emanuel win the 2028 Democratic presidential nomination?,united-states,,"24h $3,522 • spread 0.002 • TTR 788.5d",14548113.753986005,3522.8,0.0,0.0,2028-11-07T00:00:00+00:00,788.542,1,0.002,-0.973,0.026,0,"[{""name"": ""Top"", ""bestBid"": 0.025, ""bestAsk"": 0.027}]"
2034729,0xace3c72c24fccb6731433483ece41c780432d84850edccd5a6bf3147ccea62a9,will-the-us-confirm-that-aliens-exist-by-september-30-396,https://polymarket.com/event/will-the-us-confirm-that-aliens-exist-by-september-30-396,https://embed.polymarket.com/market.html?market=will-the-us-confirm-that-aliens-exist-by-september-30-396&features=volume&theme=light,Will the US confirm that aliens exist by September 30?,aliens,,"24h $10,387 • spread 0.001 • TTR 20.7d",4762409.356433001,10387.72,0.0,0.0,2026-10-01T03:59:00+00:00,20.708,1,0.001,-0.993,0.0065,0,"[{""name"": ""Top"", ""bestBid"": 0.006, ""bestAsk"": 0.007}]"
561253,0xd94b47bdeba16ae948bfb147bda059f3543d6fca73291644dfff5268bba7a797,will-tucker-carlson-win-the-2028-us-presidential-election,https://polymarket.com/event/will-tucker-carlson-win-the-2028-us-presidential-election,https://embed.polymarket.com/market.html?market=will-tucker-carlson-win-the-2028-us-presidential-election&features=volume&theme=light,Will Tucker Carlson win the 2028 US Presidential Election?,president,,"24h $7,253 • spread 0.001 • TTR 788.5d",14225386.554536995,7253.2,0.001,8.0,2028-11-07T00:00:00+00:00,788.542,1,0.001,-0.986,0.0135,0,"[{""name"": ""Top"", ""bestBid"": 0.013, ""bestAsk"": 0.014}]"
601832,0xafd3f96b7b6084509e625270538ff0699003fafc042263c1216e7f084cef753a,will-aldo-rebelo-win-the-2026-brazilian-presidential-election,https://polymarket.com/event/will-aldo-rebelo-win-the-2026-brazilian-presidential-election,https://embed.polymarket.com/market.html?market=will-aldo-rebelo-win-the-2026-brazilian-presidential-election&features=volume&theme=light,Will Aldo Rebelo win the 2026 Brazilian presidential election?,politics,,TTR 23.5d,4954807.674043001,,0.0,0.0,2026-10-04T00:00:00+00:00,23.542,1,,-0.999,,0,"[{""name"": ""Top"", ""bestBid"": null, ""bestAsk"": 0.001}]"
561996,0x4273517fc8141d57ad1528ede46efdceebdb6a4da746d5de5bad216564209a1e,will-tucker-carlson-win-the-2028-republican-presidential-nomination,https://polymarket.com/event/will-tucker-carlson-win-the-2028-republican-presidential-nomination,https://embed.polymarket.com/market.html?market=will-tucker-carlson-win-the-2028-republican-presidential-nomination&features=volume&theme=light,Will Tucker Carlson win the 2028 Republican presidential nomination?,united-states,,24h $58 • spread 0.001 • TTR 788.5d,13771383.996737994,58.9,0.0,0.0,2028-11-07T00:00:00+00:00,788.542,1,0.001,-0.965,0.0345,0,"[{""name"": ""Top"", ""bestBid"": 0.034, ""bestAsk"": 0.035}]"
561976,0x9cd77217b2ab264fe4f6d302f662c0a91f349fe5798f1f98d70bb2311712791b,will-tulsi-gabbard-win-the-2028-republican-presidential-nomination,https://polymarket.com/event/will-tulsi-gabbard-win-the-2028-republican-presidential-nomination,https://embed.polymarket.com/market.html?market=will-tulsi-gabbard-win-the-2028-republican-presidential-nomination&features=volume&theme=light,Will Tulsi Gabbard win the 2028 Republican presidential nomination?,united-states,,24h $308 • spread 0.001 • TTR 788.5d,13766196.950757999,308.51,-0.0005,-8.3333,2028-11-07T00:00:00+00:00,788.542,1,0.001,-0.994,0.0055,0,"[{""name"": ""Top"", ""bestBid"": 0.005, ""bestAsk"": 0.006}]"
561244,0x23481b811978194fa175143ed7cd8d0000878ca59c408fd552e33535f7aa771e,will-donald-trump-jr-win-the-2028-us-presidential-election,https://polymarket.com/event/will-donald-trump-jr-win-the-2028-us-presidential-election,https://embed.polymarket.com/market.html?market=will-donald-trump-jr-win-the-2028-us-presidential-election&features=volume&theme=light,Will Donald Trump Jr. win the 2028 US Presidential Election?,president,,24h $158 • spread 0.001 • TTR 788.5d,13724525.238714008,158.67,0.0,0.0,2028-11-07T00:00:00+00:00,788.542,1,0.001,-0.993,0.0065,0,"[{""name"": ""Top"", ""bestBid"": 0.006, ""bestAsk"": 0.007}]"
561231,0xf232b565995e4b3a3e7fa6cef775eeff1cecd20ad7c013cb9fc8dadabfe279a9,will-alexandria-ocasio-cortez-win-the-2028-us-presidential-election,https://polymarket.com/event/will-alexandria-ocasio-cortez-win-the-2028-us-presidential-election,https://embed.polymarket.com/market.html?market=will-alexandria-ocasio-cortez-win-the-2028-us-presidential-election&features=volume&theme=light,Will Alexandria Ocasio-Cortez win the 2028 US Presidential Election?,president,,24h $489 • spread 0.001 • TTR 788.5d,13610353.961675998,489.17,0.0,0.0,2028-11-07T00:00:00+00:00,788.542,1,0.001,-0.867,0.1325,0,"[{""name"": ""Top"", ""bestBid"": 0.132, ""bestAsk"": 0.133}]"
908713,0x80b3af88cb991980e8da1ce86b9794a0957f96ec98c29319dd7ba65e9744d82b,fed-rate-hike-in-2026,https://polymarket.com/event/fed-rate-hike-in-2026,https://embed.polymarket.com/market.html?market=fed-rate-hike-in-2026&features=volume&theme=light,Fed rate hike in 2026?,cpi-release,,"24h $29,115 • spread 0.010 • TTR 89.5d",8802337.107993001,29115.14,0.0,0.0,2026-12-09T00:00:00+00:00,89.542,1,0.01,-0.29,0.705,0,"[{""name"": ""Top"", ""bestBid"": 0.7, ""bestAsk"": 0.71}]"
559658,0x909659c9436228e2be56d5582ba6188166f2f8bf3c596335512c8f2e380d01ec,will-kamala-harris-win-the-2028-democratic-presidential-nomination-641,https://polymarket.com/event/will-kamala-harris-win-the-2028-democratic-presidential-nomination-641,https://embed.polymarket.com/market.html?market=will-kamala-harris-win-the-2028-democratic-presidential-nomination-641&features=volume&theme=light,Will Kamala Harris win the 2028 Democratic presidential nomination?,united-states,,24h $99 • spread 0.001 • TTR 788.5d,13174219.040558003,99.45,0.0005,0.641,2028-11-07T00:00:00+00:00,788.542,1,0.001,-0.921,0.0785,0,"[{""name"": ""Top"", ""bestBid"": 0.078, ""bestAsk"": 0.079}]"
559660,0x1d519b87999e3d4e90e1e8f57b5eee73a0ba488ff3fdb70867f294733aba84a9,will-andy-beshear-win-the-2028-democratic-presidential-nomination-832,https://polymarket.com/event/will-andy-beshear-win-the-2028-democratic-presidential-nomination-832,https://embed.polymarket.com/market.html?market=will-andy-beshear-win-the-2028-democratic-presidential-nomination-832&features=volume&theme=light,Will Andy Beshear win the 2028 Democratic presidential nomination?,united-states,,24h $511 • spread 0.001 • TTR 788.5d,13152787.510890987,511.01,0.0,0.0,2028-11-07T00:00:00+00:00,788.542,1,0.001,-0.973,0.0265,0,"[{""name"": ""Top"", ""bestBid"": 0.026, ""bestAsk"": 0.027}]"
1105750,0x4197bf7e572f1dd731669d33d05532c6d3b8cba71fb83dc69d789110e39c41b4,will-pete-hegseth-be-the-leader-of-venezuela-end-of-2026,https://polymarket.com/event/will-pete-hegseth-be-the-leader-of-venezuela-end-of-2026,https://embed.polymarket.com/market.html?market=will-pete-hegseth-be-the-leader-of-venezuela-end-of-2026&features=volume&theme=light,Will Pete Hegseth be the leader of Venezuela end of 2026?,trump-machado,,"24h $1,239 • spread 0.001 • TTR 111.5d",9191792.47933,1239.93,0.0,0.0,2026-12-31T00:00:00+00:00,111.542,1,0.001,-0.998,0.0015,0,"[{""name"": ""Top"", ""bestBid"": 0.001, ""bestAsk"": 0.002}]"
559661,0x74dba1ce1ae9dd535414e85f2d9ab5ea32c0fb1acc9b7130b67e6d91217e24e1,will-jon-ossoff-win-the-2028-democratic-presidential-nomination-885,https://polymarket.com/event/will-jon-ossoff-win-the-2028-democratic-presidential-nomination-885,https://embed.polymarket.com/market.html?market=will-jon-ossoff-win-the-2028-democratic-presidential-nomination-885&features=volume&theme=light,Will Jon Ossoff win the 2028 Democratic presidential nomination?,united-states,,"24h $4,162 • spread 0.001 • TTR 788.5d",12882262.418029,4162.96,0.0,0.0,2028-11-07T00:00:00+00:00,788.542,1,0.001,-0.838,0.1615,0,"[{""name"": ""Top"", ""bestBid"": 0.161, ""bestAsk"": 0.162}]"
601836,0x536b507838dcdac8966510d84abb8f1c51362d632ab2023b94e810ba6fdf5cb7,will-augusto-cury-win-the-2026-brazilian-presidential-election,https://polymarket.com/event/will-augusto-cury-win-the-2026-brazilian-presidential-election,https://embed.polymarket.com/market.html?market=will-augusto-cury-win-the-2026-brazilian-presidential-election&features=volume&theme=light,Will Augusto Cury win the 2026 Brazilian presidential election?,politics,,"24h $122,610 • spread 0.001 • TTR 23.5d",4513430.395114,122610.2,-0.005,-66.6667,2026-10-04T00:00:00+00:00,23.542,1,0.001,-0.997,0.0025,0,"[{""name"": ""Top"", ""bestBid"": 0.002, ""bestAsk"": 0.003}]"
561241,0xefe6300fd8a053cca53df8f1bd536c5f571a136392c0516e7b16e39f1addecb0,will-jb-pritzker-win-the-2028-us-presidential-election,https://polymarket.com/event/will-jb-pritzker-win-the-2028-us-presidential-election,https://embed.polymarket.com/market.html?market=will-jb-pritzker-win-the-2028-us-presidential-election&features=volume&theme=light,Will JB Pritzker win the 2028 US Presidential Election?,president,,24h $28 • spread 0.001 • TTR 788.5d,12837702.251922,28.49,0.0,0.0,2028-11-07T00:00:00+00:00,788.542,1,0.001,-0.996,0.0035,0,"[{""name"": ""Top"", ""bestBid"": 0.003, ""bestAsk"": 0.004}]"
561246,0x3367d22cd2a673014f1960742afdf8601040a8ad856dc0a98bd1a44ee99504e2,will-ron-desantis-win-the-2028-us-presidential-election,https://polymarket.com/event/will-ron-desantis-win-the-2028-us-presidential-election,https://embed.polymarket.com/market.html?market=will-ron-desantis-win-the-2028-us-presidential-election&features=volume&theme=light,Will Ron DeSantis win the 2028 US Presidential Election?,president,,24h $111 • spread 0.001 • TTR 788.5d,12577202.179453,111.56,-0.0005,-2.6316,2028-11-07T00:00:00+00:00,788.542,1,0.001,-0.981,0.0185,0,"[{""name"": ""Top"", ""bestBid"": 0.018, ""bestAsk"": 0.019}]"
561235,0xe29b33ef5bf351c8a22bfd79f8b58e62649d54ceee6f9735387cef79f52fecae,will-wes-moore-win-the-2028-us-presidential-election,https://polymarket.com/event/will-wes-moore-win-the-2028-us-presidential-election,https://embed.polymarket.com/market.html?market=will-wes-moore-win-the-2028-us-presidential-election&features=volume&theme=light,Will Wes Moore win the 2028 US Presidential Election?,president,,24h $365 • spread 0.001 • TTR 788.5d,12572190.140616,365.3,0.0,0.0,2028-11-07T00:00:00+00:00,788.542,1,0.001,-0.992,0.0075,0,"[{""name"": ""Top"", ""bestBid"": 0.007, ""bestAsk"": 0.008}]"
559686,0x8dbf6b51f302fd401065706245c144e93fe209abce183199433d4484b3ed8aff,will-dwayne-the-rock-johnson-win-the-2028-democratic-presidential-nomination,https://polymarket.com/event/will-dwayne-the-rock-johnson-win-the-2028-democratic-presidential-nomination,https://embed.polymarket.com/market.html?market=will-dwayne-the-rock-johnson-win-the-2028-democratic-presidential-nomination&features=volume&theme=light,Will Dwayne 'The Rock' Johnson win the 2028 Democratic presidential nomination?,united-states,,"24h $4,195 • spread 0.003 • TTR 788.5d",12497540.556678,4195.29,0.0,0.0,2028-11-07T00:00:00+00:00,788.542,1,0.003,-0.988,0.0105,0,"[{""name"": ""Top"", ""bestBid"": 0.009, ""bestAsk"": 0.012}]"
561234,0x2053d8515f1b8cbeea4ccdb56e60e89c2617e43a8660d95166b8e71d27865277,will-marco-rubio-win-the-2028-us-presidential-election,https://polymarket.com/event/will-marco-rubio-win-the-2028-us-presidential-election,https://embed.polymarket.com/market.html?market=will-marco-rubio-win-the-2028-us-presidential-election&features=volume&theme=light,Will Marco Rubio win the 2028 US Presidential Election?,president,,"24h $6,696 • spread 0.001 • TTR 788.5d",12289447.750360994,6696.56,-0.01,-10.2564,2028-11-07T00:00:00+00:00,788.542,1,0.001,-0.912,0.0875,0,"[{""name"": ""Top"", ""bestBid"": 0.087, ""bestAsk"": 0.088}]"
559659,0xe39adea057926dc197fe30a441f57a340b2a232d5a687010f78bba9b6e02620f,will-gretchen-whitmer-win-the-2028-democratic-presidential-nomination-676,https://polymarket.com/event/will-gretchen-whitmer-win-the-2028-democratic-presidential-nomination-676,https://embed.polymarket.com/market.html?market=will-gretchen-whitmer-win-the-2028-democratic-presidential-nomination-676&features=volume&theme=light,Will Gretchen Whitmer win the 2028 Democratic presidential nomination?,united-states,,24h $808 • spread 0.001 • TTR 788.5d,12032789.490572995,808.31,-0.001,-18.1818,2028-11-07T00:00:00+00:00,788.542,1,0.001,-0.995,0.0045,0,"[{""name"": ""Top"", ""bestBid"": 0.004, ""bestAsk"": 0.005}]"
559654,0x4c325469d9b516ef4e6b8f73a81a12607dec075e3c2fd454f91765aaeafc4760,will-pete-buttigieg-win-the-2028-democratic-presidential-nomination-687,https://polymarket.com/event/will-pete-buttigieg-win-the-2028-democratic-presidential-nomination-687,https://embed.polymarket.com/market.html?market=will-pete-buttigieg-win-the-2028-democratic-presidential-nomination-687&features=volume&theme=light,Will Pete Buttigieg win the 2028 Democratic presidential nomination?,united-states,,24h $161 • spread 0.001 • TTR 788.5d,11987665.561215006,161.33,0.0,0.0,2028-11-07T00:00:00+00:00,788.542,1,0.001,-0.943,0.0565,0,"[{""name"": ""Top"", ""bestBid"": 0.056, ""bestAsk"": 0.057}]"
616902,0xd4e77ba6f29fc093509d24f508631abd445ecf506bbdc9c4c80e60256a318527,will-no-fed-rate-cuts-happen-in-2026,https://polymarket.com/event/will-no-fed-rate-cuts-happen-in-2026,https://embed.polymarket.com/market.html?market=will-no-fed-rate-cuts-happen-in-2026&features=volume&theme=light,Will no Fed rate cuts happen in 2026?,rewards-200-4pt5-50,,"24h $20,640 • spread 0.001 • TTR 111.5d",8195532.735992001,20640.87,0.001,0.1078,2026-12-31T00:00:00+00:00,111.542,1,0.001,-0.071,0.9285,0,"[{""name"": ""Top"", ""bestBid"": 0.928, ""bestAsk"": 0.929}]"
1130015,0x8c48f3acf4177b5ceb012a8a2dc7a9c219eeae4a032d6ddcbc3c2ffab907439a,will-the-liberal-democratic-party-of-russia-ldpr-gain-the-most-seats-in-the-next-russian-parliamentary-election,https://polymarket.com/event/will-the-liberal-democratic-party-of-russia-ldpr-gain-the-most-seats-in-the-next-russian-parliamentary-election,https://embed.polymarket.com/market.html?market=will-the-liberal-democratic-party-of-russia-ldpr-gain-the-most-seats-in-the-next-russian-parliamentary-election&features=volume&theme=light,Will the Liberal Democratic Party of Russia (LDPR) gain the most seats in the next Russian parliamentary election?,politics,,"24h $26,850 • spread 0.001 • TTR 19.5d",3725323.0273940014,26850.37,0.002,7.0175,2026-09-30T00:00:00+00:00,19.542,1,0.001,-0.969,0.0305,0,"[{""name"": ""Top"", ""bestBid"": 0.03, ""bestAsk"": 0.031}]"
637002,0x962e5b226a77266ab429029ee04665e8fcfeb10b91af593786ceab871d2e945f,will-donald-trump-win-the-nobel-peace-prize-in-2026-382,https://polymarket.com/event/will-donald-trump-win-the-nobel-peace-prize-in-2026-382,https://embed.polymarket.com/market.html?market=will-donald-trump-win-the-nobel-peace-prize-in-2026-382&features=volume&theme=light,Will Donald Trump win the Nobel Peace Prize in 2026?,awards,,"24h $12,458 • spread 0.001 • TTR 29.5d",4524417.823355,12458.44,0.001,6.0606,2026-10-10T00:00:00+00:00,29.542,1,0.001,-0.982,0.0175,0,"[{""name"": ""Top"", ""bestBid"": 0.017, ""bestAsk"": 0.018}]"
562802,0xd5d9fc47718bd553592d126b1fa5e87183d27f3936975b0c04cc0f2dec1f1bb4,will-the-democratic-party-control-the-house-after-the-2026-midterm-elections,https://polymarket.com/event/will-the-democratic-party-control-the-house-after-the-2026-midterm-elections,https://embed.polymarket.com/market.html?market=will-the-democratic-party-control-the-house-after-the-2026-midterm-elections&features=volume&theme=light,Will the Democratic Party control the House after the 2026 Midterm elections?,parent-for-derivative,,"24h $48,543 • spread 0.010 • TTR 53.5d",6028692.923738,48543.64,-0.01,-1.1429,2026-11-03T00:00:00+00:00,53.542,1,0.01,-0.13,0.865,0,"[{""name"": ""Top"", ""bestBid"": 0.86, ""bestAsk"": 0.87}]"
601833,0xae7dd99bf126b033b77af2553a98b97e1190fd7bdddd5a792ca2791ae23e4d13,will-tereza-cristina-win-the-2026-brazilian-presidential-election,https://polymarket.com/event/will-tereza-cristina-win-the-2026-brazilian-presidential-election,https://embed.polymarket.com/market.html?market=will-tereza-cristina-win-the-2026-brazilian-presidential-election&features=volume&theme=light,Will Tereza Cristina win the 2026 Brazilian presidential election?,politics,,24h $123 • TTR 23.5d,4012040.946596,123.19,0.0,0.0,2026-10-04T00:00:00+00:00,23.542,1,,-0.999,,0,"[{""name"": ""Top"", ""bestBid"": null, ""bestAsk"": 0.001}]"
559694,0x20d0bc282552ac5ec6f61cd7101cb42a5948cae07e7651bdf40ede1a8b2c5eac,will-ro-khanna-win-the-2028-democratic-presidential-nomination,https://polymarket.com/event/will-ro-khanna-win-the-2028-democratic-presidential-nomination,https://embed.polymarket.com/market.html?market=will-ro-khanna-win-the-2028-democratic-presidential-nomination&features=volume&theme=light,Will Ro Khanna win the 2028 Democratic presidential nomination?,united-states,,24h $164 • spread 0.001 • TTR 788.5d,11264501.901320003,164.63,0.0,0.0,2028-11-07T00:00:00+00:00,788.542,1,0.001,-0.981,0.0185,0,"[{""name"": ""Top"", ""bestBid"": 0.018, ""bestAsk"": 0.019}]"
694936,0x733a3bb1f78a42bdf60092866ceb931664fb1dae1d66d3a6d2cf7b72cec96400,will-nebius-group-be-acquired-before-2027-514-765,https://polymarket.com/event/will-nebius-group-be-acquired-before-2027-514-765,https://embed.polymarket.com/market.html?market=will-nebius-group-be-acquired-before-2027-514-765&features=volume&theme=light,Will Nebius Group be acquired before 2027?,business,,24h $54 • spread 0.001 • TTR 112.7d,7956284.3715849975,54.05,0.0,0.0,2027-01-01T04:59:00+00:00,112.749,1,0.001,-0.963,0.0365,0,"[{""name"": ""Top"", ""bestBid"": 0.036, ""bestAsk"": 0.037}]"
601835,0xe7567eb9c84e1f859a7e18f1042c724dbf57c3cc0459b312bee22156a57e60ea,will-pablo-marcal-win-the-2026-brazilian-presidential-election,https://polymarket.com/event/will-pablo-marcal-win-the-2026-brazilian-presidential-election,https://embed.polymarket.com/market.html?market=will-pablo-marcal-win-the-2026-brazilian-presidential-election&features=volume&theme=light,Will Pablo Marçal win the 2026 Brazilian presidential election?,politics,,"24h $40,384 • TTR 23.5d",3896903.3862280003,40384.13,-0.001,-66.6667,2026-10-04T00:00:00+00:00,23.542,1,,-0.999,,0,"[{""name"": ""Top"", ""bestBid"": null, ""bestAsk"": 0.001}]"
561258,0xa9549c44687993a9a154347c6907092341459b927efaa3f2b49009ca2c4e40a1,will-jamie-dimon-win-the-2028-us-presidential-election,https://polymarket.com/event/will-jamie-dimon-win-the-2028-us-presidential-election,https://embed.polymarket.com/market.html?market=will-jamie-dimon-win-the-2028-us-presidential-election&features=volume&theme=light,Will Jamie Dimon win the 2028 US Presidential Election?,president,,"24h $3,349 • spread 0.001 • TTR 788.5d",10950910.679374006,3349.38,0.0,0.0,2028-11-07T00:00:00+00:00,788.542,1,0.001,-0.994,0.0055,0,"[{""name"": ""Top"", ""bestBid"": 0.005, ""bestAsk"": 0.006}]"
561259,0xb314f5dbf75919a34d4997e8b22e6793505e3377a690eaa11a75a2547e926bee,will-ro-khanna-win-the-2028-us-presidential-election,https://polymarket.com/event/will-ro-khanna-win-the-2028-us-presidential-election,https://embed.polymarket.com/market.html?market=will-ro-khanna-win-the-2028-us-presidential-election&features=volume&theme=light,Will Ro Khanna win the 2028 US Presidential Election?,president,,24h $154 • spread 0.001 • TTR 788.5d,10780913.544934995,154.43,0.0,0.0,2028-11-07T00:00:00+00:00,788.542,1,0.001,-0.99,0.0095,0,"[{""name"": ""Top"", ""bestBid"": 0.009, ""bestAsk"": 0.01}]"
559695,0xb91be12388b3d4079c3ed9b5783cb42d8c33051d37746a49300227e0f45fc089,will-james-talarico-win-the-2028-democratic-presidential-nomination,https://polymarket.com/event/will-james-talarico-win-the-2028-democratic-presidential-nomination,https://embed.polymarket.com/market.html?market=will-james-talarico-win-the-2028-democratic-presidential-nomination&features=volume&theme=light,Will James Talarico win the 2028 Democratic presidential nomination?,united-states,,24h $14 • spread 0.001 • TTR 788.5d,10637067.676187005,14.04,0.0,0.0,2028-11-07T00:00:00+00:00,788.542,1,0.001,-0.975,0.0245,0,"[{""name"": ""Top"", ""bestBid"": 0.024, ""bestAsk"": 0.025}]"
898409,0x6eec2b6b1c8d62aaacda46471e8caf7320f4ea9235f5ee87cba970a32a4e6985,will-lando-norris-be-the-2026-f1-drivers-champion,https://polymarket.com/event/will-lando-norris-be-the-2026-f1-drivers-champion,https://embed.polymarket.com/market.html?market=will-lando-norris-be-the-2026-f1-drivers-champion&features=volume&theme=light,Will Lando Norris be the 2026 F1 Drivers' Champion?,sports,,"24h $4,604 • spread 0.003 • TTR 86.5d",6803308.405047999,4604.03,0.001,4.4444,2026-12-06T00:00:00+00:00,86.542,1,0.003,-0.975,0.0235,0,"[{""name"": ""Top"", ""bestBid"": 0.022, ""bestAsk"": 0.025}]"
561975,0x21ad31a46bfaa51650766eff6dc69c866959e32d965ffb116020e37694b6317d,will-marco-rubio-win-the-2028-republican-presidential-nomination,https://polymarket.com/event/will-marco-rubio-win-the-2028-republican-presidential-nomination,https://embed.polymarket.com/market.html?market=will-marco-rubio-win-the-2028-republican-presidential-nomination&features=volume&theme=light,Will Marco Rubio win the 2028 Republican presidential nomination?,united-states,,"24h $54,181 • spread 0.002 • TTR 788.5d",10566170.505873,54181.49,-0.0245,-12.1588,2028-11-07T00:00:00+00:00,788.542,1,0.002,-0.822,0.177,0,"[{""name"": ""Top"", ""bestBid"": 0.176, ""bestAsk"": 0.178}]"
561980,0xd7a0d72b19ca48b06b0029684677f581e32f133c367d7a19c2f1e4ad07066af7,will-nikki-haley-win-the-2028-republican-presidential-nomination,https://polymarket.com/event/will-nikki-haley-win-the-2028-republican-presidential-nomination,https://embed.polymarket.com/market.html?market=will-nikki-haley-win-the-2028-republican-presidential-nomination&features=volume&theme=light,Will Nikki Haley win the 2028 Republican presidential nomination?,united-states,,24h $123 • TTR 788.5d,10377370.240271997,123.06,0.0,0.0,2028-11-07T00:00:00+00:00,788.542,1,,-0.999,,0,"[{""name"": ""Top"", ""bestBid"": null, ""bestAsk"": 0.001}]"
789953,0x8aaaca6ea5c037d3cdfe85272ab9029b7165694dcae8af0de5071f01a1a944f0,will-afd-win-the-most-seats-in-the-2026-berlin-state-elections,https://polymarket.com/event/will-afd-win-the-most-seats-in-the-2026-berlin-state-elections,https://embed.polymarket.com/market.html?market=will-afd-win-the-most-seats-in-the-2026-berlin-state-elections&features=volume&theme=light,Will AfD win the most seats in the 2026 Berlin state elections?,world-elections,,"24h $5,088 • spread 0.006 • TTR 9.5d",2444591.184101001,5088.73,-0.006,-4.2254,2026-09-20T00:00:00+00:00,9.542,1,0.006,-0.861,0.136,0,"[{""name"": ""Top"", ""bestBid"": 0.133, ""bestAsk"": 0.139}]"
562006,0xca68152902c3581ab42feb04921b8b1cd3c4e80d06f255ae077259fca0bba15c,will-eric-trump-win-the-2028-republican-presidential-nomination,https://polymarket.com/event/will-eric-trump-win-the-2028-republican-presidential-nomination,https://embed.polymarket.com/market.html?market=will-eric-trump-win-the-2028-republican-presidential-nomination&features=volume&theme=light,Will Eric Trump win the 2028 Republican presidential nomination?,united-states,,24h $512 • spread 0.001 • TTR 788.5d,10358305.591407998,512.03,0.0,0.0,2028-11-07T00:00:00+00:00,788.542,1,0.001,-0.998,0.0015,0,"[{""name"": ""Top"", ""bestBid"": 0.001, ""bestAsk"": 0.002}]"
561264,0xea649be6ea3447f3c145a173883c68a89faf4edda1f85109b76baa93b3ee7a87,will-pete-hegseth-win-the-2028-us-presidential-election,https://polymarket.com/event/will-pete-hegseth-win-the-2028-us-presidential-election,https://embed.polymarket.com/market.html?market=will-pete-hegseth-win-the-2028-us-presidential-election&features=volume&theme=light,Will Pete Hegseth win the 2028 US Presidential Election?,president,,24h $101 • TTR 788.5d,10336863.656486003,101.57,0.0,0.0,2028-11-07T00:00:00+00:00,788.542,1,,-0.999,,0,"[{""name"": ""Top"", ""bestBid"": null, ""bestAsk"": 0.001}]"
561243,0xce9a5fa30fe74e323b4a8f15afbb0b7a41a537aa880779ddf7dee22223b2f34a,will-donald-trump-win-the-2028-us-presidential-election,https://polymarket.com/event/will-donald-trump-win-the-2028-us-presidential-election,https://embed.polymarket.com/market.html?market=will-donald-trump-win-the-2028-us-presidential-election&features=volume&theme=light,Will Donald Trump win the 2028 US Presidential Election?,president,,24h $798 • spread 0.001 • TTR 788.5d,10148720.313791998,798.52,-0.001,-5.1282,2028-11-07T00:00:00+00:00,788.542,1,0.001,-0.981,0.0185,0,"[{""name"": ""Top"", ""bestBid"": 0.018, ""bestAsk"": 0.019}]"
898410,0x1c373746c204f7437cb212d2bcfbc5fdf0f0263ae9b470dd92c676d4c2c5ba03,will-oscar-piastri-be-the-2026-f1-drivers-champion,https://polymarket.com/event/will-oscar-piastri-be-the-2026-f1-drivers-champion,https://embed.polymarket.com/market.html?market=will-oscar-piastri-be-the-2026-f1-drivers-champion&features=volume&theme=light,Will Oscar Piastri be the 2026 F1 Drivers' Champion?,sports,,"24h $26,161 • TTR 86.5d",6492072.977878999,26161.43,-0.0005,-33.3333,2026-12-06T00:00:00+00:00,86.542,1,,-0.998,,0,"[{""name"": ""Top"", ""bestBid"": null, ""bestAsk"": 0.002}]"
559655,0xd65891729ce093cc12236856837eba1a0872fc7998fd4294c21346f7db68079c,will-josh-shapiro-win-the-2028-democratic-presidential-nomination-977,https://polymarket.com/event/will-josh-shapiro-win-the-2028-democratic-presidential-nomination-977,https://embed.polymarket.com/market.html?market=will-josh-shapiro-win-the-2028-democratic-presidential-nomination-977&features=volume&theme=light,Will Josh Shapiro win the 2028 Democratic presidential nomination?,united-states,,24h $278 • spread 0.002 • TTR 788.5d,9879374.443132998,278.79,-0.001,-1.5385,2028-11-07T00:00:00+00:00,788.542,1,0.002,-0.935,0.064,0,"[{""name"": ""Top"", ""bestBid"": 0.063, ""bestAsk"": 0.065}]"
3501952,0xaad2727a01e09fd1b0d84e286a63a94998efe35fce83a65a3c58dfa9b54dff33,strait-of-hormuz-traffic-returns-to-normal-by-september-15-20260810150912478,https://polymarket.com/event/strait-of-hormuz-traffic-returns-to-normal-by-september-15-20260810150912478,https://embed.polymarket.com/market.html?market=strait-of-hormuz-traffic-returns-to-normal-by-september-15-20260810150912478&features=volume&theme=light,Strait of Hormuz traffic returns to normal by September 15?,oil,,"24h $98,925 • spread 0.001 • TTR 4.5d",1859436.4597739994,98925.11,0.0,0.0,2026-09-15T00:00:00+00:00,4.542,1,0.001,-0.996,0.0035,0,"[{""name"": ""Top"", ""bestBid"": 0.003, ""bestAsk"": 0.004}]"
561978,0x4a9d58d4da874e26708f5bdb014eb07a06aeebb927068d169d43831595386557,will-donald-trump-jr-win-the-2028-republican-presidential-nomination,https://polymarket.com/event/will-donald-trump-jr-win-the-2028-republican-presidential-nomination,https://embed.polymarket.com/market.html?market=will-donald-trump-jr-win-the-2028-republican-presidential-nomination&features=volume&theme=light,Will Donald Trump Jr. win the 2028 Republican presidential nomination?,united-states,,24h $6 • spread 0.001 • TTR 788.5d,9648519.485515004,6.28,-0.0005,-3.125,2028-11-07T00:00:00+00:00,788.542,1,0.001,-0.984,0.0155,0,"[{""name"": ""Top"", ""bestBid"": 0.015, ""bestAsk"": 0.016}]"
898413,0x696576c9b20d20a71e0acd6f84d215f129fa361ed544b0df14f1ae540d84059f,will-max-verstappen-be-the-2026-f1-drivers-champion,https://polymarket.com/event/will-max-verstappen-be-the-2026-f1-drivers-champion,https://embed.polymarket.com/market.html?market=will-max-verstappen-be-the-2026-f1-drivers-champion&features=volume&theme=light,Will Max Verstappen be the 2026 F1 Drivers' Champion?,sports,,"24h $22,410 • spread 0.002 • TTR 86.5d",6143055.573989,22410.83,0.0005,11.1111,2026-12-06T00:00:00+00:00,86.542,1,0.002,-0.994,0.005,0,"[{""name"": ""Top"", ""bestBid"": 0.004, ""bestAsk"": 0.006}]"
561973,0x895e01dbf3e6a33cd9a44ca0f8cdb5df1bd2b0b6ebed5300d28f8da7145145e4,will-donald-trump-win-the-2028-republican-presidential-nomination,https://polymarket.com/event/will-donald-trump-win-the-2028-republican-presidential-nomination,https://embed.polymarket.com/market.html?market=will-donald-trump-win-the-2028-republican-presidential-nomination&features=volume&theme=light,Will Donald Trump win the 2028 Republican presidential nomination?,united-states,,"24h $2,140 • spread 0.001 • TTR 788.5d",9541964.94691201,2140.05,0.0,0.0,2028-11-07T00:00:00+00:00,788.542,1,0.001,-0.98,0.0195,0,"[{""name"": ""Top"", ""bestBid"": 0.019, ""bestAsk"": 0.02}]"
1130017,0x2636a06ef9192d50bf0100bf8c857cfe346e8b230978056f2857cb69276e5c46,will-rodina-gain-the-most-seats-in-the-next-russian-parliamentary-election,https://polymarket.com/event/will-rodina-gain-the-most-seats-in-the-next-russian-parliamentary-election,https://embed.polymarket.com/market.html?market=will-rodina-gain-the-most-seats-in-the-next-russian-parliamentary-election&features=volume&theme=light,Will Rodina gain the most seats in the next Russian parliamentary election?,politics,,TTR 19.5d,3022612.2046440006,,0.0,0.0,2026-09-30T00:00:00+00:00,19.542,1,,-0.999,,0,"[{""name"": ""Top"", ""bestBid"": null, ""bestAsk"": 0.001}]"
562008,0x5f3b3456b2d6ef0d6f15d7492162725057be78d738d2465456e2835f1d89046c,will-pete-hegseth-win-the-2028-republican-presidential-nomination,https://polymarket.com/event/will-pete-hegseth-win-the-2028-republican-presidential-nomination,https://embed.polymarket.com/market.html?market=will-pete-hegseth-win-the-2028-republican-presidential-nomination&features=volume&theme=light,Will Pete Hegseth win the 2028 Republican presidential nomination?,united-states,,24h $213 • spread 0.002 • TTR 788.5d,9351399.069774004,213.13,-0.0005,-9.0909,2028-11-07T00:00:00+00:00,788.542,1,0.002,-0.994,0.005,0,"[{""name"": ""Top"", ""bestBid"": 0.004, ""bestAsk"": 0.006}]"
1193095,0x86fa2351e7a9469fd8bcd9a28ad5e300a59c3764747ad1eb7d6248546efbabfd,will-jimmie-kesson-be-the-next-prime-minister-of-sweden,https://polymarket.com/event/will-jimmie-kesson-be-the-next-prime-minister-of-sweden,https://embed.polymarket.com/market.html?market=will-jimmie-kesson-be-the-next-prime-minister-of-sweden&features=volume&theme=light,Will Jimmie Åkesson be the next Prime Minister of Sweden?,elections,,"24h $13,921 • spread 0.002 • TTR 2.5d",1580170.0116649999,13921.35,-0.0025,-33.3333,2026-09-13T00:00:00+00:00,2.542,1,0.002,-0.994,0.005,0,"[{""name"": ""Top"", ""bestBid"": 0.004, ""bestAsk"": 0.006}]"
701502,0x024b68f77bfc019341ee3db8f57c103334e4b9430bba4746d8c94aafd8b36fee,will-bitcoin-dip-to-45000-by-december-31-2026-674-923-755-971-998-525-926-245-316-517-544-589-965-923-986-841-815-224-586-231-289-533-573,https://polymarket.com/event/will-bitcoin-dip-to-45000-by-december-31-2026-674-923-755-971-998-525-926-245-316-517-544-589-965-923-986-841-815-224-586-231-289-533-573,https://embed.polymarket.com/market.html?market=will-bitcoin-dip-to-45000-by-december-31-2026-674-923-755-971-998-525-926-245-316-517-544-589-965-923-986-841-815-224-586-231-289-533-573&features=volume&theme=light,"Will Bitcoin dip to $45,000 by December 31, 2026?",bitcoin,,"24h $60,165 • spread 0.020 • TTR 112.8d",6555087.3015,60165.76,0.015,20.0,2027-01-01T05:00:00+00:00,112.75,1,0.02,-0.9,0.09,0,"[{""name"": ""Top"", ""bestBid"": 0.08, ""bestAsk"": 0.1}]"
716942,0x1d916047bbca1be9808076a0590c17ff113fb92986a4b4bc7f0f962642158827,will-there-be-at-least-10000-measles-cases-in-the-us-in-2026-418-668-617-245-787,https://polymarket.com/event/will-there-be-at-least-10000-measles-cases-in-the-us-in-2026-418-668-617-245-787,https://embed.polymarket.com/market.html?market=will-there-be-at-least-10000-measles-cases-in-the-us-in-2026-418-668-617-245-787&features=volume&theme=light,Will there be at least 10000 measles cases in the U.S. in 2026?,rewards-20-4pt5-50,,24h $586 • spread 0.007 • TTR 112.7d,6524515.462463998,586.01,0.007,11.7647,2027-01-01T04:59:00+00:00,112.749,1,0.007,-0.93,0.0665,0,"[{""name"": ""Top"", ""bestBid"": 0.063, ""bestAsk"": 0.07}]"
1469737,0x25fb28382075f418a944a781a9f8840e2f541152eea0d9798d1cabfa1466adbb,will-mojtaba-khamenei-be-head-of-state-in-iran-end-of-2026,https://polymarket.com/event/will-mojtaba-khamenei-be-head-of-state-in-iran-end-of-2026,https://embed.polymarket.com/market.html?market=will-mojtaba-khamenei-be-head-of-state-in-iran-end-of-2026&features=volume&theme=light,Will Mojtaba Khamenei be head of state in Iran end of 2026?,middle-east,,"24h $3,726 • spread 0.001 • TTR 111.5d",6476791.66818,3726.92,0.001,0.1179,2026-12-31T00:00:00+00:00,111.542,1,0.001,-0.15,0.8495,0,"[{""name"": ""Top"", ""bestBid"": 0.849, ""bestAsk"": 0.85}]"
628955,0x8d62f20324e9e7f1a3c663ab6aac9a2f6e7adb96c6a69ac2cea7e08a71a7f2ef,will-tom-steyer-win-the-california-governor-election-in-2026,https://polymarket.com/event/will-tom-steyer-win-the-california-governor-election-in-2026,https://embed.polymarket.com/market.html?market=will-tom-steyer-win-the-california-governor-election-in-2026&features=volume&theme=light,Will Tom Steyer win the California Governor Election in 2026?,california-midterm,,24h $12 • TTR 53.5d,4792561.245604,12.88,0.0,0.0,2026-11-03T00:00:00+00:00,53.542,1,,-0.998,,0,"[{""name"": ""Top"", ""bestBid"": null, ""bestAsk"": 0.002}]"
3128887,0x30174f3f46398e37c96a07b45916e01eab9a8a854ecb624ac73a91a8490fd074,us-announces-end-of-iranian-blockade-by-september-30-2026-20260727171615364-722-649-646-561-213-644-414-831,https://polymarket.com/event/us-announces-end-of-iranian-blockade-by-september-30-2026-20260727171615364-722-649-646-561-213-644-414-831,https://embed.polymarket.com/market.html?market=us-announces-end-of-iranian-blockade-by-september-30-2026-20260727171615364-722-649-646-561-213-644-414-831&features=volume&theme=light,"US announces end of Iranian blockade by September 30, 2026?",iran,,"24h $70,969 • spread 0.010 • TTR 20.7d",2957858.05929,70969.41,-0.01,-6.8966,2026-10-01T03:59:00+00:00,20.708,1,0.01,-0.86,0.135,0,"[{""name"": ""Top"", ""bestBid"": 0.13, ""bestAsk"": 0.14}]"
561239,0xb3298af85e00aafad937c119444a5f2800a55343b7482eb75581f6e454432501,will-kamala-harris-win-the-2028-us-presidential-election,https://polymarket.com/event/will-kamala-harris-win-the-2028-us-presidential-election,https://embed.polymarket.com/market.html?market=will-kamala-harris-win-the-2028-us-presidential-election&features=volume&theme=light,Will Kamala Harris win the 2028 US Presidential Election?,president,,"24h $4,218 • spread 0.001 • TTR 788.5d",8950191.595304005,4218.68,0.001,2.8169,2028-11-07T00:00:00+00:00,788.542,1,0.001,-0.963,0.0365,0,"[{""name"": ""Top"", ""bestBid"": 0.036, ""bestAsk"": 0.037}]"
562007,0xf2cb33c6634ee4676b642e728715c68441fb8d8c90f730ba0b5c3cd1f436a4be,will-joe-kent-win-the-2028-republican-presidential-nomination,https://polymarket.com/event/will-joe-kent-win-the-2028-republican-presidential-nomination,https://embed.polymarket.com/market.html?market=will-joe-kent-win-the-2028-republican-presidential-nomination&features=volume&theme=light,Will Joe Kent win the 2028 Republican presidential nomination?,united-states,,24h $148 • spread 0.001 • TTR 788.5d,8925944.804539999,148.22,0.0,0.0,2028-11-07T00:00:00+00:00,788.542,1,0.001,-0.998,0.0015,0,"[{""name"": ""Top"", ""bestBid"": 0.001, ""bestAsk"": 0.002}]"
1130016,0xc9615bb82d6535d630ff98e8094060bc767d8b9446516e98f84d2001a35e50e7,will-new-people-nl-gain-the-most-seats-in-the-next-russian-parliamentary-election,https://polymarket.com/event/will-new-people-nl-gain-the-most-seats-in-the-next-russian-parliamentary-election,https://embed.polymarket.com/market.html?market=will-new-people-nl-gain-the-most-seats-in-the-next-russian-parliamentary-election&features=volume&theme=light,Will New People (NL) gain the most seats in the next Russian parliamentary election?,politics,,"24h $25,468 • spread 0.007 • TTR 19.5d",2829269.612334,25468.22,-0.006,-2.7972,2026-09-30T00:00:00+00:00,19.542,1,0.007,-0.788,0.2085,0,"[{""name"": ""Top"", ""bestBid"": 0.205, ""bestAsk"": 0.212}]"
561977,0xd0c4c60c8e68ee15974df3aa7d217225e98020fab9fcdb32d10f8e3d285e1619,will-glenn-youngkin-win-the-2028-republican-presidential-nomination,https://polymarket.com/event/will-glenn-youngkin-win-the-2028-republican-presidential-nomination,https://embed.polymarket.com/market.html?market=will-glenn-youngkin-win-the-2028-republican-presidential-nomination&features=volume&theme=light,Will Glenn Youngkin win the 2028 Republican presidential nomination?,united-states,,"24h $1,135 • spread 0.001 • TTR 788.5d",8717014.075283004,1135.7,0.001,28.5714,2028-11-07T00:00:00+00:00,788.542,1,0.001,-0.995,0.0045,0,"[{""name"": ""Top"", ""bestBid"": 0.004, ""bestAsk"": 0.005}]"
561998,0x4f02b9cf70e514964fcb9aa2f7873d2b0d1aa0986da096cce7e6687e78da00f3,will-ivanka-trump-win-the-2028-republican-presidential-nomination,https://polymarket.com/event/will-ivanka-trump-win-the-2028-republican-presidential-nomination,https://embed.polymarket.com/market.html?market=will-ivanka-trump-win-the-2028-republican-presidential-nomination&features=volume&theme=light,Will Ivanka Trump win the 2028 Republican presidential nomination?,united-states,,"24h $1,188 • spread 0.001 • TTR 788.5d",8558145.689216001,1188.03,0.0,0.0,2028-11-07T00:00:00+00:00,788.542,1,0.001,-0.991,0.0085,0,"[{""name"": ""Top"", ""bestBid"": 0.008, ""bestAsk"": 0.009}]"
559696,0x6685b25cc7c89032efcdf81eb27fdc6bbf04a3e4299bcd99c9f3d62c8471001e,will-graham-platner-win-the-2028-democratic-presidential-nomination,https://polymarket.com/event/will-graham-platner-win-the-2028-democratic-presidential-nomination,https://embed.polymarket.com/market.html?market=will-graham-platner-win-the-2028-democratic-presidential-nomination&features=volume&theme=light,Will Graham Platner win the 2028 Democratic presidential nomination?,united-states,,TTR 788.5d,8523105.449157998,,0.0,0.0,2028-11-07T00:00:00+00:00,788.542,1,,-0.999,,0,"[{""name"": ""Top"", ""bestBid"": null, ""bestAsk"": 0.001}]"
559693,0x98933c78b5e277b62d91a6c174b412218de000b54c4c67ec8673bf561cec6e81,will-ruben-gallego-win-the-2028-democratic-presidential-nomination,https://polymarket.com/event/will-ruben-gallego-win-the-2028-democratic-presidential-nomination,https://embed.polymarket.com/market.html?market=will-ruben-gallego-win-the-2028-democratic-presidential-nomination&features=volume&theme=light,Will Ruben Gallego win the 2028 Democratic presidential nomination?,united-states,,24h $837 • spread 0.001 • TTR 788.5d,8426791.751941,837.2,0.0,0.0,2028-11-07T00:00:00+00:00,788.542,1,0.001,-0.998,0.0015,0,"[{""name"": ""Top"", ""bestBid"": 0.001, ""bestAsk"": 0.002}]"
701501,0x752fa61c93f16c4b15e85b0bd438d9c684176b0ea7b319a84c8aca34616e8a8c,will-bitcoin-dip-to-55000-by-december-31-2026-527-627-868-745-188-361-314-673-612-946-821-624-855-557-684-381-884-939-182-939-516,https://polymarket.com/event/will-bitcoin-dip-to-55000-by-december-31-2026-527-627-868-745-188-361-314-673-612-946-821-624-855-557-684-381-884-939-182-939-516,https://embed.polymarket.com/market.html?market=will-bitcoin-dip-to-55000-by-december-31-2026-527-627-868-745-188-361-314-673-612-946-821-624-855-557-684-381-884-939-182-939-516&features=volume&theme=light,"Will Bitcoin dip to $55,000 by December 31, 2026?",bitcoin,,"24h $40,061 • spread 0.020 • TTR 112.8d",5955786.492810001,40061.48,-0.005,-2.7027,2027-01-01T05:00:00+00:00,112.75,1,0.02,-0.81,0.18,0,"[{""name"": ""Top"", ""bestBid"": 0.17, ""bestAsk"": 0.19}]"
562803,0x4e4f77e7dbf4cab666e9a1943674d7ae66348e862df03ea6f44b11eb95731928,will-the-republican-party-control-the-house-after-the-2026-midterm-elections,https://polymarket.com/event/will-the-republican-party-control-the-house-after-the-2026-midterm-elections,https://embed.polymarket.com/market.html?market=will-the-republican-party-control-the-house-after-the-2026-midterm-elections&features=volume&theme=light,Will the Republican Party control the House after the 2026 Midterm elections?,parent-for-derivative,,"24h $7,031 • spread 0.010 • TTR 53.5d",4417294.907668001,7031.95,0.0,0.0,2026-11-03T00:00:00+00:00,53.542,1,0.01,-0.86,0.135,0,"[{""name"": ""Top"", ""bestBid"": 0.13, ""bestAsk"": 0.14}]"
561252,0xe2bdf6c18c8ab5ad5d3be5f95dd749e88d1dee7ac7c4dbf5101013a5c055e3df,will-dwayne-the-rock-johnson-win-the-2028-us-presidential-election,https://polymarket.com/event/will-dwayne-the-rock-johnson-win-the-2028-us-presidential-election,https://embed.polymarket.com/market.html?market=will-dwayne-the-rock-johnson-win-the-2028-us-presidential-election&features=volume&theme=light,Will Dwayne 'The Rock' Johnson win the 2028 US Presidential Election?,president,,"24h $2,751 • spread 0.003 • TTR 788.5d",8360366.9893360045,2751.55,0.001,6.0606,2028-11-07T00:00:00+00:00,788.542,1,0.003,-0.981,0.0175,0,"[{""name"": ""Top"", ""bestBid"": 0.016, ""bestAsk"": 0.019}]"
898416,0x2cefe6009ea518f77b8a82714e54c0af1d0f25e99b37d4861f4a5d3ebbf142d3,will-lewis-hamilton-be-the-2026-f1-drivers-champion,https://polymarket.com/event/will-lewis-hamilton-be-the-2026-f1-drivers-champion,https://embed.polymarket.com/market.html?market=will-lewis-hamilton-be-the-2026-f1-drivers-champion&features=volume&theme=light,Will Lewis Hamilton be the 2026 F1 Drivers' Champion?,sports,,24h $893 • spread 0.002 • TTR 86.5d,5371215.523261997,893.2,0.001,5.5556,2026-12-06T00:00:00+00:00,86.542,1,0.002,-0.98,0.019,0,"[{""name"": ""Top"", ""bestBid"": 0.018, ""bestAsk"": 0.02}]"
561260,0x32903694997a5c09afee30904970f9fab2a5fb4ec45f572f194341185574f1a4,will-thomas-massie-win-the-2028-us-presidential-election,https://polymarket.com/event/will-thomas-massie-win-the-2028-us-presidential-election,https://embed.polymarket.com/market.html?market=will-thomas-massie-win-the-2028-us-presidential-election&features=volume&theme=light,Will Thomas Massie win the 2028 US Presidential Election?,president,,24h $100 • spread 0.001 • TTR 788.5d,8347290.631188998,100.0,0.0,0.0,2028-11-07T00:00:00+00:00,788.542,1,0.001,-0.992,0.0075,0,"[{""name"": ""Top"", ""bestBid"": 0.007, ""bestAsk"": 0.008}]"
898415,0xe0711866c51f7d0c43284f43e3ae34125e462e909e16bf685718df7610e6a1e7,will-charles-leclerc-be-the-2026-f1-drivers-champion,https://polymarket.com/event/will-charles-leclerc-be-the-2026-f1-drivers-champion,https://embed.polymarket.com/market.html?market=will-charles-leclerc-be-the-2026-f1-drivers-champion&features=volume&theme=light,Will Charles Leclerc be the 2026 F1 Drivers' Champion?,sports,,"24h $1,219 • spread 0.001 • TTR 86.5d",5306647.645644001,1219.84,-0.0005,-8.3333,2026-12-06T00:00:00+00:00,86.542,1,0.001,-0.994,0.0055,0,"[{""name"": ""Top"", ""bestBid"": 0.005, ""bestAsk"": 0.006}]"
561232,0x2c03c41e5032364cb7166e842bdd22913f28aa2c837d8432704aa89c338875c8,will-pete-buttigieg-win-the-2028-us-presidential-election,https://polymarket.com/event/will-pete-buttigieg-win-the-2028-us-presidential-election,https://embed.polymarket.com/market.html?market=will-pete-buttigieg-win-the-2028-us-presidential-election&features=volume&theme=light,Will Pete Buttigieg win the 2028 US Presidential Election?,president,,"24h $2,073 • spread 0.001 • TTR 788.5d",8209916.135968996,2073.4,0.002,8.5106,2028-11-07T00:00:00+00:00,788.542,1,0.001,-0.974,0.0255,0,"[{""name"": ""Top"", ""bestBid"": 0.025, ""bestAsk"": 0.026}]"
561255,0xc586d15be76278848a26c761c2fcf70f8cebca71815cfab83e656ff5c6ec13a9,will-ivanka-trump-win-the-2028-us-presidential-election,https://polymarket.com/event/will-ivanka-trump-win-the-2028-us-presidential-election,https://embed.polymarket.com/market.html?market=will-ivanka-trump-win-the-2028-us-presidential-election&features=volume&theme=light,Will Ivanka Trump win the 2028 US Presidential Election?,president,,24h $333 • spread 0.001 • TTR 788.5d,8163154.822741005,333.77,0.0,0.0,2028-11-07T00:00:00+00:00,788.542,1,0.001,-0.995,0.0045,0,"[{""name"": ""Top"", ""bestBid"": 0.004, ""bestAsk"": 0.005}]"
1105751,0x1dd7704a6d05cca078564bc0bac541261425bc9252acc5634639f5161daf45f9,will-evan-pettus-be-the-leader-of-venezuela-end-of-2026,https://polymarket.com/event/will-evan-pettus-be-the-leader-of-venezuela-end-of-2026,https://embed.polymarket.com/market.html?market=will-evan-pettus-be-the-leader-of-venezuela-end-of-2026&features=volume&theme=light,Will Evan Pettus be the leader of Venezuela end of 2026?,trump-machado,,"24h $2,186 • spread 0.001 • TTR 111.5d",5649114.295314002,2186.74,0.0,0.0,2026-12-31T00:00:00+00:00,111.542,1,0.001,-0.998,0.0015,0,"[{""name"": ""Top"", ""bestBid"": 0.001, ""bestAsk"": 0.002}]"
608547,0x12dc2b61723b2a54fc1947a307389b5f32038e7a29a0e936ad1fe410b969d06a,will-harry-kane-win-the-2026-ballon-dor,https://polymarket.com/event/will-harry-kane-win-the-2026-ballon-dor,https://embed.polymarket.com/market.html?market=will-harry-kane-win-the-2026-ballon-dor&features=volume&theme=light,Will Harry Kane win the 2026 Ballon d'Or?,soccer,,"24h $33,134 • spread 0.001 • TTR 50.5d",4085130.6180530004,33134.86,-0.006,-0.9531,2026-10-31T00:00:00+00:00,50.542,1,0.001,-0.376,0.6235,0,"[{""name"": ""Top"", ""bestBid"": 0.623, ""bestAsk"": 0.624}]"
2170255,0x95fc6a4ed7f6856d26aa7f21b9f902d05c9cf76b616fd3463de4d147f7a9126b,bab-el-mandeb-strait-effectively-closed-by-september-30-999-671-939,https://polymarket.com/event/bab-el-mandeb-strait-effectively-closed-by-september-30-999-671-939,https://embed.polymarket.com/market.html?market=bab-el-mandeb-strait-effectively-closed-by-september-30-999-671-939&features=volume&theme=light,Bab el-Mandeb Strait effectively closed by September 30?,politics,,"24h $46,966 • spread 0.004 • TTR 20.7d",2564905.3935320014,46966.86,0.033,88.0,2026-10-01T03:59:00+00:00,20.708,1,0.004,-0.928,0.07,0,"[{""name"": ""Top"", ""bestBid"": 0.068, ""bestAsk"": 0.072}]"
1057883,0x6fefc0438c7598b23531457c8c60541990d0786bd4bd9dfc3eabc8d95c291092,will-bitcoin-reach-250000-by-december-31-2026-579-442,https://polymarket.com/event/will-bitcoin-reach-250000-by-december-31-2026-579-442,https://embed.polymarket.com/market.html?market=will-bitcoin-reach-250000-by-december-31-2026-579-442&features=volume&theme=light,"Will Bitcoin reach $250,000 by December 31, 2026?",bitcoin,,24h $218 • spread 0.002 • TTR 112.8d,5467935.760604001,218.04,0.0,0.0,2027-01-01T05:00:00+00:00,112.75,1,0.002,-0.99,0.009,0,"[{""name"": ""Top"", ""bestBid"": 0.008, ""bestAsk"": 0.01}]"
561233,0x5969cbb46aca5319b19e19a3c6f63de098950b675bf268f30f4d035508da1957,will-josh-shapiro-win-the-2028-us-presidential-election,https://polymarket.com/event/will-josh-shapiro-win-the-2028-us-presidential-election,https://embed.polymarket.com/market.html?market=will-josh-shapiro-win-the-2028-us-presidential-election&features=volume&theme=light,Will Josh Shapiro win the 2028 US Presidential Election?,president,,24h $448 • spread 0.001 • TTR 788.5d,7533870.8348699985,448.04,0.0,0.0,2028-11-07T00:00:00+00:00,788.542,1,0.001,-0.965,0.0345,0,"[{""name"": ""Top"", ""bestBid"": 0.034, ""bestAsk"": 0.035}]"
679049,0x06ea9c02b4c6a2f7f07f78e21411bd367636564edb27c72cd038b556aada1a64,will-mathilde-panot-win-the-2027-french-presidential-election,https://polymarket.com/event/will-mathilde-panot-win-the-2027-french-presidential-election,https://embed.polymarket.com/market.html?market=will-mathilde-panot-win-the-2027-french-presidential-election&features=volume&theme=light,Will Mathilde Panot win the 2027 French presidential election?,french-election,,TTR 231.5d,6420666.215721998,,0.0,0.0,2027-04-30T00:00:00+00:00,231.542,1,,-0.999,,0,"[{""name"": ""Top"", ""bestBid"": null, ""bestAsk"": 0.001}]"
616913,0x1adf074e048fa613f4ddbc0766088748a48d120a3a713b0183e219032a411ae3,will-11-fed-rate-cuts-happen-in-2026,https://polymarket.com/event/will-11-fed-rate-cuts-happen-in-2026,https://embed.polymarket.com/market.html?market=will-11-fed-rate-cuts-happen-in-2026&features=volume&theme=light,Will 11 Fed rate cuts happen in 2026?,rewards-200-4pt5-50,,"24h $1,250 • TTR 111.5d",5263051.568100997,1250.0,0.0,0.0,2026-12-31T00:00:00+00:00,111.542,1,,-0.999,,0,"[{""name"": ""Top"", ""bestBid"": null, ""bestAsk"": 0.001}]"
1469755,0x4266ab921148974f104cbadd099e13bca989441bf58acfd2a08fc6cc7440e1a1,will-mohammad-khatami-be-head-of-state-in-iran-end-of-2026,https://polymarket.com/event/will-mohammad-khatami-be-head-of-state-in-iran-end-of-2026,https://embed.polymarket.com/market.html?market=will-mohammad-khatami-be-head-of-state-in-iran-end-of-2026&features=volume&theme=light,Will Mohammad Khatami be head of state in Iran end of 2026?,middle-east,,spread 0.001 • TTR 111.5d,5214447.758480998,,0.0,0.0,2026-12-31T00:00:00+00:00,111.542,1,0.001,-0.998,0.0015,0,"[{""name"": ""Top"", ""bestBid"": 0.001, ""bestAsk"": 0.002}]"
3701690,0xcfbc2e5fbabb9e8a03bf234367244d4c97eaaf3ac33e2ba001541ee3e0e62416,israel-closes-its-airspace-by-september-30,https://polymarket.com/event/israel-closes-its-airspace-by-september-30,https://embed.polymarket.com/market.html?market=israel-closes-its-airspace-by-september-30&features=volume&theme=light,Israel closes its airspace by September 30?,politics,,"24h $75,834 • spread 0.003 • TTR 20.7d",2436727.1160250003,75834.98,0.012,1.2618,2026-10-01T03:59:00+00:00,20.708,1,0.003,-0.035,0.9635,0,"[{""name"": ""Top"", ""bestBid"": 0.962, ""bestAsk"": 0.965}]"
1107582,0x3de0f3d7d7efb40cde68e814d40a0b232832083653c8e78260eb999baa967de0,us-strike-on-cuba-by-december-31,https://polymarket.com/event/us-strike-on-cuba-by-december-31,https://embed.polymarket.com/market.html?market=us-strike-on-cuba-by-december-31&features=volume&theme=light,US strike on Cuba by December 31?,cuba,,"24h $9,047 • spread 0.010 • TTR 112.7d",5212956.87312,9047.44,0.0,0.0,2027-01-01T04:59:00+00:00,112.749,1,0.01,-0.86,0.135,0,"[{""name"": ""Top"", ""bestBid"": 0.13, ""bestAsk"": 0.14}]"
1088475,0x39b718f6e0a66a3ae5e459e76c74a694b521eaff5f6015857d1d191f1fc03c61,will-alexander-zverev-win-the-2026-mens-us-open,https://polymarket.com/event/will-alexander-zverev-win-the-2026-mens-us-open,https://embed.polymarket.com/market.html?market=will-alexander-zverev-win-the-2026-mens-us-open&features=volume&theme=light,Will Alexander Zverev win the 2026 Men's US Open?,us-open,,"24h $157,783 • spread 0.001 • TTR 2.5d • ~50% mid",1244302.3617790004,157783.06,0.0575,12.7212,2026-09-13T00:00:00+00:00,2.542,1,0.001,-0.49,0.5095,1,"[{""name"": ""Top"", ""bestBid"": 0.509, ""bestAsk"": 0.51}]"
1130014,0xa04f9a5818493b03a94d86c6323b7c9d8e060fa86b7e1ed3c0a2ad9a5517425b,will-a-just-russia-for-truth-srzp-gain-the-most-seats-in-the-next-russian-parliamentary-election,https://polymarket.com/event/will-a-just-russia-for-truth-srzp-gain-the-most-seats-in-the-next-russian-parliamentary-election,https://embed.polymarket.com/market.html?market=will-a-just-russia-for-truth-srzp-gain-the-most-seats-in-the-next-russian-parliamentary-election&features=volume&theme=light,Will A Just Russia – For Truth (SRZP) gain the most seats in the next Russian parliamentary election?,politics,,"24h $127,416 • spread 0.001 • TTR 19.5d",2306599.7979380004,127416.24,0.0,0.0,2026-09-30T00:00:00+00:00,19.542,1,0.001,-0.998,0.0015,0,"[{""name"": ""Top"", ""bestBid"": 0.001, ""bestAsk"": 0.002}]"
561262,0x9eb7ac1524fdacb46ceb8758454f0004c7b117eae76e6295852643644bb862c1,will-james-talarico-win-the-2028-us-presidential-election,https://polymarket.com/event/will-james-talarico-win-the-2028-us-presidential-election,https://embed.polymarket.com/market.html?market=will-james-talarico-win-the-2028-us-presidential-election&features=volume&theme=light,Will James Talarico win the 2028 US Presidential Election?,president,,24h $302 • spread 0.001 • TTR 788.5d,7127920.637774002,302.4,0.0,0.0,2028-11-07T00:00:00+00:00,788.542,1,0.001,-0.993,0.0065,0,"[{""name"": ""Top"", ""bestBid"": 0.006, ""bestAsk"": 0.007}]"
648383,0x9345d5142a67f5541264c96515496affee02580f1c572680759eac9fd2a1588a,billionaire-one-time-wealth-tax-passes-in-california-election-2026,https://polymarket.com/event/billionaire-one-time-wealth-tax-passes-in-california-election-2026,https://embed.polymarket.com/market.html?market=billionaire-one-time-wealth-tax-passes-in-california-election-2026&features=volume&theme=light,Billionaire one-time wealth tax passes in California election 2026?,taxes,,"24h $14,551 • spread 0.010 • TTR 53.5d",3713435.067919,14551.88,0.01,3.1746,2026-11-03T00:00:00+00:00,53.542,1,0.01,-0.67,0.325,0,"[{""name"": ""Top"", ""bestBid"": 0.32, ""bestAsk"": 0.33}]"
1057916,0xa885bfe10688056a9d0f4e9a1523bfa18f66fda065f0400d714ba54776083713,will-bitcoin-dip-to-15000-by-december-31-2026-416-954-417-853-885-363-335-458-585-275-615-269-479-379-516-218-918-374-598-429-212,https://polymarket.com/event/will-bitcoin-dip-to-15000-by-december-31-2026-416-954-417-853-885-363-335-458-585-275-615-269-479-379-516-218-918-374-598-429-212,https://embed.polymarket.com/market.html?market=will-bitcoin-dip-to-15000-by-december-31-2026-416-954-417-853-885-363-335-458-585-275-615-269-479-379-516-218-918-374-598-429-212&features=volume&theme=light,"Will Bitcoin dip to $15,000 by December 31, 2026?",bitcoin,,24h $264 • spread 0.001 • TTR 112.8d,4974364.461893,264.88,0.0,0.0,2027-01-01T05:00:00+00:00,112.75,1,0.001,-0.984,0.0155,0,"[{""name"": ""Top"", ""bestBid"": 0.015, ""bestAsk"": 0.016}]"
1144471,0x3b0107a80edd066fe987784d7ab5963c177888433efbec10689951c17320606c,will-satoshi-move-any-bitcoin-in-2026,https://polymarket.com/event/will-satoshi-move-any-bitcoin-in-2026,https://embed.polymarket.com/market.html?market=will-satoshi-move-any-bitcoin-in-2026&features=volume&theme=light,Will Satoshi move any Bitcoin in 2026?,crypto-culture,,24h $882 • spread 0.001 • TTR 112.8d,4968573.281875999,882.31,0.0,0.0,2027-01-01T05:00:00+00:00,112.75,1,0.001,-0.955,0.0445,0,"[{""name"": ""Top"", ""bestBid"": 0.044, ""bestAsk"": 0.045}]"
616912,0x757c144993b3cb831e04c42bfcff8c18864c7da4f4688a5939d2f62e031cbc87,will-10-fed-rate-cuts-happen-in-2026,https://polymarket.com/event/will-10-fed-rate-cuts-happen-in-2026,https://embed.polymarket.com/market.html?market=will-10-fed-rate-cuts-happen-in-2026&features=volume&theme=light,Will 10 Fed rate cuts happen in 2026?,rewards-200-4pt5-50,,"24h $1,250 • TTR 111.5d",4943007.649516,1250.0,0.0,0.0,2026-12-31T00:00:00+00:00,111.542,1,,-0.999,,0,"[{""name"": ""Top"", ""bestBid"": null, ""bestAsk"": 0.001}]"
679035,0x34ed4ad7a7825f168e1084f53e8f60a161579d783b2740e50aa52f710925a136,will-sgolne-royal-win-the-2027-french-presidential-election,https://polymarket.com/event/will-sgolne-royal-win-the-2027-french-presidential-election,https://embed.polymarket.com/market.html?market=will-sgolne-royal-win-the-2027-french-presidential-election&features=volume&theme=light,Will Ségolène Royal win the 2027 French presidential election?,french-election,,"24h $50,038 • TTR 231.5d",5981573.125024001,50038.94,0.0,0.0,2027-04-30T00:00:00+00:00,231.542,1,,-0.999,,0,"[{""name"": ""Top"", ""bestBid"": null, ""bestAsk"": 0.001}]"
679041,0x3a8209fbd45fef3be23fb3480eb1c961c85f7bdd07d4a3391f5949252156c594,will-franois-bayrou-win-the-2027-french-presidential-election,https://polymarket.com/event/will-franois-bayrou-win-the-2027-french-presidential-election,https://embed.polymarket.com/market.html?market=will-franois-bayrou-win-the-2027-french-presidential-election&features=volume&theme=light,Will François Bayrou win the 2027 French presidential election?,french-election,,24h $4 • TTR 231.5d,5939508.981651997,4.7,0.0,0.0,2027-04-30T00:00:00+00:00,231.542,1,,-0.999,,0,"[{""name"": ""Top"", ""bestBid"": null, ""bestAsk"": 0.001}]"
3702042,0xcd9079a837d72a0eafde1dc692c819940bd030a295ddc67f27590e98df33878c,us-announces-end-of-iranian-blockade-by-september-14-2026,https://polymarket.com/event/us-announces-end-of-iranian-blockade-by-september-14-2026,https://embed.polymarket.com/market.html?market=us-announces-end-of-iranian-blockade-by-september-14-2026&features=volume&theme=light,"US announces end of Iranian blockade by September 14, 2026?",iran,,"24h $60,436 • spread 0.001 • TTR 4.7d",1311690.2479430023,60436.02,-0.0125,-44.6429,2026-09-15T03:59:00+00:00,4.708,1,0.001,-0.984,0.0155,0,"[{""name"": ""Top"", ""bestBid"": 0.015, ""bestAsk"": 0.016}]"
679023,0x06a27c2810eaca94b53e7a17f15ad47761399ba445a6b02039b2679da203262d,will-xavier-bertrand-win-the-2027-french-presidential-election,https://polymarket.com/event/will-xavier-bertrand-win-the-2027-french-presidential-election,https://embed.polymarket.com/market.html?market=will-xavier-bertrand-win-the-2027-french-presidential-election&features=volume&theme=light,Will Xavier Bertrand win the 2027 French presidential election?,french-election,,"24h $25,634 • TTR 231.5d",5842202.448839,25634.06,-0.001,-66.6667,2027-04-30T00:00:00+00:00,231.542,1,,-0.999,,0,"[{""name"": ""Top"", ""bestBid"": null, ""bestAsk"": 0.001}]"
601834,0x919c9bc428d2d19400437852066582b11bb7b00ad78529a0069cde76766b9faf,will-helder-barbalho-win-the-2026-brazilian-presidential-election,https://polymarket.com/event/will-helder-barbalho-win-the-2026-brazilian-presidential-election,https://embed.polymarket.com/market.html?market=will-helder-barbalho-win-the-2026-brazilian-presidential-election&features=volume&theme=light,Will Helder Barbalho win the 2026 Brazilian presidential election?,politics,,TTR 23.5d,2388918.4968820014,,0.0,0.0,2026-10-04T00:00:00+00:00,23.542,1,,-0.999,,0,"[{""name"": ""Top"", ""bestBid"": null, ""bestAsk"": 0.001}]"
562004,0x17902b9490c6a73152772316b4705935c5c6801ba269f2afc81686532e34fb9a,will-marjorie-taylor-greene-win-the-2028-republican-presidential-nomination,https://polymarket.com/event/will-marjorie-taylor-greene-win-the-2028-republican-presidential-nomination,https://embed.polymarket.com/market.html?market=will-marjorie-taylor-greene-win-the-2028-republican-presidential-nomination&features=volume&theme=light,Will Marjorie Taylor Greene win the 2028 Republican presidential nomination?,united-states,,24h $42 • spread 0.002 • TTR 788.5d,6759975.912552001,42.41,-0.0005,-14.2857,2028-11-07T00:00:00+00:00,788.542,1,0.002,-0.996,0.003,0,"[{""name"": ""Top"", ""bestBid"": 0.002, ""bestAsk"": 0.004}]"
1088476,0x5d1e8a08b738d682ce49308c73f0a83ae192476cc9472cb82cc989e4d83a7e7f,will-ben-shelton-win-the-2026-mens-us-open,https://polymarket.com/event/will-ben-shelton-win-the-2026-mens-us-open,https://embed.polymarket.com/market.html?market=will-ben-shelton-win-the-2026-mens-us-open&features=volume&theme=light,Will Ben Shelton win the 2026 Men's US Open?,us-open,,"24h $117,250 • spread 0.002 • TTR 2.5d",1145733.1431689998,117250.83,0.0035,0.9709,2026-09-13T00:00:00+00:00,2.542,1,0.002,-0.635,0.364,0,"[{""name"": ""Top"", ""bestBid"": 0.363, ""bestAsk"": 0.365}]"
679036,0xaba4bb720c6c1b2e48087f5af4a57fd1e9f05814a936e9f6b1c37f10436a34fc,will-franois-asselineau-win-the-2027-french-presidential-election,https://polymarket.com/event/will-franois-asselineau-win-the-2027-french-presidential-election,https://embed.polymarket.com/market.html?market=will-franois-asselineau-win-the-2027-french-presidential-election&features=volume&theme=light,Will François Asselineau win the 2027 French presidential election?,french-election,,24h $5 • TTR 231.5d,5755648.3031170005,5.3,0.0,0.0,2027-04-30T00:00:00+00:00,231.542,1,,-0.999,,0,"[{""name"": ""Top"", ""bestBid"": null, ""bestAsk"": 0.001}]"
679043,0xfd431e070263b5f24e43a8fc44532bf41aa008d99cab2330d979913b1c580bd2,will-yal-braun-pivet-win-the-2027-french-presidential-election,https://polymarket.com/event/will-yal-braun-pivet-win-the-2027-french-presidential-election,https://embed.polymarket.com/market.html?market=will-yal-braun-pivet-win-the-2027-french-presidential-election&features=volume&theme=light,Will Yaël Braun-Pivet win the 2027 French presidential election?,french-election,,24h $5 • TTR 231.5d,5701431.989579,5.5,0.0,0.0,2027-04-30T00:00:00+00:00,231.542,1,,-0.999,,0,"[{""name"": ""Top"", ""bestBid"": null, ""bestAsk"": 0.001}]"
679033,0xbac8d3ca6cc7297022850562d9d66669d5e0a112767337f8a5955417f1984b54,will-olivier-faure-win-the-2027-french-presidential-election,https://polymarket.com/event/will-olivier-faure-win-the-2027-french-presidential-election,https://embed.polymarket.com/market.html?market=will-olivier-faure-win-the-2027-french-presidential-election&features=volume&theme=light,Will Olivier Faure win the 2027 French presidential election?,french-election,,"24h $19,817 • spread 0.001 • TTR 231.5d",5683574.707615002,19817.79,0.0,0.0,2027-04-30T00:00:00+00:00,231.542,1,0.001,-0.998,0.0015,0,"[{""name"": ""Top"", ""bestBid"": 0.001, ""bestAsk"": 0.002}]"
898412,0xcd2640464754b9a894ffec98ac11554fdd507ea89ca01237eabb3a6de4a606e6,will-kimi-antonelli-be-the-2026-f1-drivers-champion,https://polymarket.com/event/will-kimi-antonelli-be-the-2026-f1-drivers-champion,https://embed.polymarket.com/market.html?market=will-kimi-antonelli-be-the-2026-f1-drivers-champion&features=volume&theme=light,Will Kimi Antonelli be the 2026 F1 Drivers' Champion?,sports,,"24h $1,676 • spread 0.001 • TTR 86.5d",4246557.722119,1676.06,0.001,0.1173,2026-12-06T00:00:00+00:00,86.542,1,0.001,-0.146,0.8535,0,"[{""name"": ""Top"", ""bestBid"": 0.853, ""bestAsk"": 0.854}]"
1633606,0x5ca616aaa0e1e5df6c38439f8bee4b96bacfe32f8f39cb2f1604c0196548662f,will-china-invade-taiwan-by-september-30-2026,https://polymarket.com/event/will-china-invade-taiwan-by-september-30-2026,https://embed.polymarket.com/market.html?market=will-china-invade-taiwan-by-september-30-2026&features=volume&theme=light,"Will China invade Taiwan by September 30, 2026?",china,,"24h $5,503 • spread 0.001 • TTR 20.7d",2102766.7240150003,5503.23,-0.001,-18.1818,2026-10-01T03:59:00+00:00,20.708,1,0.001,-0.995,0.0045,0,"[{""name"": ""Top"", ""bestBid"": 0.004, ""bestAsk"": 0.005}]"
679042,0x0b298ab2b2cad3308d486c804985c1ede7ea949bde363f44784a3b2a460be788,will-lisabeth-borne-win-the-2027-french-presidential-election,https://polymarket.com/event/will-lisabeth-borne-win-the-2027-french-presidential-election,https://embed.polymarket.com/market.html?market=will-lisabeth-borne-win-the-2027-french-presidential-election&features=volume&theme=light,Will Élisabeth Borne win the 2027 French presidential election?,french-election,,TTR 231.5d,5446116.151540999,,0.0,0.0,2027-04-30T00:00:00+00:00,231.542,1,,-0.999,,0,"[{""name"": ""Top"", ""bestBid"": null, ""bestAsk"": 0.001}]"
1535973,0x377e7fe65cf198a7fc4fdae3f2136b74729279267858daaf96718b23bc2a5607,iran-leadership-change-by-december-31-974-976-658-482-568-685-996-469-827,https://polymarket.com/event/iran-leadership-change-by-december-31-974-976-658-482-568-685-996-469-827,https://embed.polymarket.com/market.html?market=iran-leadership-change-by-december-31-974-976-658-482-568-685-996-469-827&features=volume&theme=light,Iran leadership change by December 31?,politics,,"24h $3,973 • spread 0.010 • TTR 112.7d",4436372.478841999,3973.94,0.0,0.0,2027-01-01T04:59:00+00:00,112.749,1,0.01,-0.86,0.135,0,"[{""name"": ""Top"", ""bestBid"": 0.13, ""bestAsk"": 0.14}]"
2737255,0xb55b2b13aee7a480ab0695912a65cb34a5fe5e84d5da810873d9c3e1182f9fd0,will-the-iranian-regime-fall-by-september-30-20260629143335077,https://polymarket.com/event/will-the-iranian-regime-fall-by-september-30-20260629143335077,https://embed.polymarket.com/market.html?market=will-the-iranian-regime-fall-by-september-30-20260629143335077&features=volume&theme=light,Will the Iranian regime fall by September 30?,iran,,"24h $13,503 • spread 0.001 • TTR 20.7d",2063092.6564000002,13503.39,0.0,0.0,2026-10-01T03:59:00+00:00,20.708,1,0.001,-0.99,0.0095,0,"[{""name"": ""Top"", ""bestBid"": 0.009, ""bestAsk"": 0.01}]"
679039,0x6ccebbc57547f8b777aa4ef70a452bb5034055d183131a9b6db47fd8d0777921,will-michel-barnier-win-the-2027-french-presidential-election,https://polymarket.com/event/will-michel-barnier-win-the-2027-french-presidential-election,https://embed.polymarket.com/market.html?market=will-michel-barnier-win-the-2027-french-presidential-election&features=volume&theme=light,Will Michel Barnier win the 2027 French presidential election?,french-election,,TTR 231.5d,5253692.887683999,,0.0,0.0,2027-04-30T00:00:00+00:00,231.542,1,,-0.999,,0,"[{""name"": ""Top"", ""bestBid"": null, ""bestAsk"": 0.001}]"
562005,0x24258776d0a926b4550b0f213267b95ba0a7741fc972d0b3c2b5f6bf8ced2c50,will-thomas-massie-win-the-2028-republican-presidential-nomination,https://polymarket.com/event/will-thomas-massie-win-the-2028-republican-presidential-nomination,https://embed.polymarket.com/market.html?market=will-thomas-massie-win-the-2028-republican-presidential-nomination&features=volume&theme=light,Will Thomas Massie win the 2028 Republican presidential nomination?,united-states,,24h $33 • spread 0.001 • TTR 788.5d,6095153.6808370035,33.14,0.0,0.0,2028-11-07T00:00:00+00:00,788.542,1,0.001,-0.994,0.0055,0,"[{""name"": ""Top"", ""bestBid"": 0.005, ""bestAsk"": 0.006}]"
616911,0x4ec6fcb43fe1a32163c7da09d54a99ab9bf6abdc6fd49939d7ad67d696a3248b,will-9-fed-rate-cuts-happen-in-2026,https://polymarket.com/event/will-9-fed-rate-cuts-happen-in-2026,https://embed.polymarket.com/market.html?market=will-9-fed-rate-cuts-happen-in-2026&features=volume&theme=light,Will 9 Fed rate cuts happen in 2026?,rewards-200-4pt5-50,,"24h $1,255 • TTR 111.5d",4284232.307518,1255.42,0.0,0.0,2026-12-31T00:00:00+00:00,111.542,1,,-0.999,,0,"[{""name"": ""Top"", ""bestBid"": null, ""bestAsk"": 0.001}]"
1357388,0x6c9407f7841e7507ba435d540af237d742674ba05bac48998cf94f4b7ef5d909,will-the-los-angeles-chargers-win-the-2027-nfl-league-championship,https://polymarket.com/event/will-the-los-angeles-chargers-win-the-2027-nfl-league-championship,https://embed.polymarket.com/market.html?market=will-the-los-angeles-chargers-win-the-2027-nfl-league-championship&features=volume&theme=light,Will the Los Angeles Chargers win the 2027 NFL league championship?,sports,,"24h $13,583 • spread 0.001 • TTR 202.5d",5052276.265302999,13583.29,-0.005,-10.3093,2027-03-31T23:55:00+00:00,202.538,1,0.001,-0.956,0.0435,0,"[{""name"": ""Top"", ""bestBid"": 0.043, ""bestAsk"": 0.044}]"
3977566,0x24fa528980f193bc54e7143dc303a7800ddac43775782ff47a895a073c7d8104,ucl-bay-bog-2026-09-10-bog,https://polymarket.com/event/ucl-bay-bog-2026-09-10-bog,https://embed.polymarket.com/market.html?market=ucl-bay-bog-2026-09-10-bog&features=volume&theme=light,Will FK Bodø/Glimt win on 2026-09-10?,sports,,"24h $886,734 • spread 0.001 • TTR 0.3d",904479.8454959999,886734.22,-0.01,-24.0964,2026-09-10T19:00:00+00:00,0.333,1,0.001,-0.968,0.0315,0,"[{""name"": ""Top"", ""bestBid"": 0.031, ""bestAsk"": 0.032}]"
1193098,0xe7a2275b0c6b965a7b44d005203789d7dbe2edd352a565793f9460de7a99fd27,will-nooshi-dadgostar-be-the-next-prime-minister-of-sweden,https://polymarket.com/event/will-nooshi-dadgostar-be-the-next-prime-minister-of-sweden,https://embed.polymarket.com/market.html?market=will-nooshi-dadgostar-be-the-next-prime-minister-of-sweden&features=volume&theme=light,Will Nooshi Dadgostar be the next Prime Minister of Sweden?,elections,,TTR 2.5d,1024272.3683079999,,0.0,0.0,2026-09-13T00:00:00+00:00,2.542,1,,-0.999,,0,"[{""name"": ""Top"", ""bestBid"": null, ""bestAsk"": 0.001}]"
1105753,0x1198bf982483cc6f0a3d3de63d7703117ed19c5b5a9474541a2a3b6b0b5e51f3,will-dan-caine-be-the-leader-of-venezuela-end-of-2026,https://polymarket.com/event/will-dan-caine-be-the-leader-of-venezuela-end-of-2026,https://embed.polymarket.com/market.html?market=will-dan-caine-be-the-leader-of-venezuela-end-of-2026&features=volume&theme=light,Will Dan Caine be the leader of Venezuela end of 2026?,trump-machado,,"24h $1,943 • spread 0.001 • TTR 111.5d",4143549.0390410013,1943.37,0.0,0.0,2026-12-31T00:00:00+00:00,111.542,1,0.001,-0.998,0.0015,0,"[{""name"": ""Top"", ""bestBid"": 0.001, ""bestAsk"": 0.002}]"
616908,0x4914bfdd892a48c341b5e0f41ec10475a815f2277273110b16f95e21084bfe75,will-6-fed-rate-cuts-happen-in-2026,https://polymarket.com/event/will-6-fed-rate-cuts-happen-in-2026,https://embed.polymarket.com/market.html?market=will-6-fed-rate-cuts-happen-in-2026&features=volume&theme=light,Will 6 Fed rate cuts happen in 2026?,rewards-200-4pt5-50,,"24h $1,250 • TTR 111.5d",4113053.10532,1250.0,0.0,0.0,2026-12-31T00:00:00+00:00,111.542,1,,-0.999,,0,"[{""name"": ""Top"", ""bestBid"": null, ""bestAsk"": 0.001}]"
679037,0x2bf80d93be42dac6c1b03298b5ec329a4b9f87b689c7892d544d1029f3a0caf0,will-clmentine-autain-win-the-2027-french-presidential-election,https://polymarket.com/event/will-clmentine-autain-win-the-2027-french-presidential-election,https://embed.polymarket.com/market.html?market=will-clmentine-autain-win-the-2027-french-presidential-election&features=volume&theme=light,Will Clémentine Autain win the 2027 French presidential election?,french-election,,24h $8 • TTR 231.5d,4990056.481528004,8.9,0.0,0.0,2027-04-30T00:00:00+00:00,231.542,1,,-0.999,,0,"[{""name"": ""Top"", ""bestBid"": null, ""bestAsk"": 0.001}]"
1130013,0x7b91997c6c8ca00643ab322f63af50acf1a0e9b86be130b67e5a19005215e252,will-the-communist-party-of-the-russian-federation-kprf-gain-the-most-seats-in-the-next-russian-parliamentary-election,https://polymarket.com/event/will-the-communist-party-of-the-russian-federation-kprf-gain-the-most-seats-in-the-next-russian-parliamentary-election,https://embed.polymarket.com/market.html?market=will-the-communist-party-of-the-russian-federation-kprf-gain-the-most-seats-in-the-next-russian-parliamentary-election&features=volume&theme=light,Will the Communist Party of the Russian Federation (KPRF) gain the most seats in the next Russian parliamentary election?,politics,,"24h $18,903 • spread 0.001 • TTR 19.5d",1852275.702136999,18903.41,-0.0015,-12.5,2026-09-30T00:00:00+00:00,19.542,1,0.001,-0.989,0.0105,0,"[{""name"": ""Top"", ""bestBid"": 0.01, ""bestAsk"": 0.011}]"
561261,0x61600d487069f99e775307a0655c1a79f26e4fc6d8d1ba66790c64d78d0beba2,will-jon-ossoff-win-the-2028-us-presidential-election,https://polymarket.com/event/will-jon-ossoff-win-the-2028-us-presidential-election,https://embed.polymarket.com/market.html?market=will-jon-ossoff-win-the-2028-us-presidential-election&features=volume&theme=light,Will Jon Ossoff win the 2028 US Presidential Election?,president,,24h $240 • spread 0.001 • TTR 788.5d,5666482.284693998,240.19,0.0,0.0,2028-11-07T00:00:00+00:00,788.542,1,0.001,-0.881,0.1185,0,"[{""name"": ""Top"", ""bestBid"": 0.118, ""bestAsk"": 0.119}]"
679048,0xa6c3848b7861841cc9d93a5c2c1d26b3f44e0298a49889968a627214a2b177ae,will-manuel-bompard-win-the-2027-french-presidential-election,https://polymarket.com/event/will-manuel-bompard-win-the-2027-french-presidential-election,https://embed.polymarket.com/market.html?market=will-manuel-bompard-win-the-2027-french-presidential-election&features=volume&theme=light,Will Manuel Bompard win the 2027 French presidential election?,french-election,,24h $82 • TTR 231.5d,4824216.053263001,82.89,0.0,0.0,2027-04-30T00:00:00+00:00,231.542,1,,-0.999,,0,"[{""name"": ""Top"", ""bestBid"": null, ""bestAsk"": 0.001}]"
616914,0xffa0accb74987c0dc33a70eb3780c1da160206bcfb3ef5d16c1667bc5c459c78,will-12-or-more-fed-rate-cuts-happen-in-2026,https://polymarket.com/event/will-12-or-more-fed-rate-cuts-happen-in-2026,https://embed.polymarket.com/market.html?market=will-12-or-more-fed-rate-cuts-happen-in-2026&features=volume&theme=light,Will 12 or more Fed rate cuts happen in 2026?,rewards-200-4pt5-50,,"24h $11,992 • TTR 111.5d",3950239.4739199975,11992.41,-0.001,-66.6667,2026-12-31T00:00:00+00:00,111.542,1,,-0.999,,0,"[{""name"": ""Top"", ""bestBid"": null, ""bestAsk"": 0.001}]"
562831,0xc5eae79d1ffe716572353962eb926b1e3964c500a4880a7a94f58408218ee76b,2026-balance-of-power-r-senate-r-house-537,https://polymarket.com/event/2026-balance-of-power-r-senate-r-house-537,https://embed.polymarket.com/market.html?market=2026-balance-of-power-r-senate-r-house-537&features=volume&theme=light,"2026 Balance of Power: R Senate, R House",united-states,,"24h $69,408 • spread 0.010 • TTR 53.5d",2931291.437098,69408.47,0.01,8.6957,2026-11-03T00:00:00+00:00,53.542,1,0.01,-0.87,0.125,0,"[{""name"": ""Top"", ""bestBid"": 0.12, ""bestAsk"": 0.13}]"
562828,0x16c63b7cc37f012b9f59ee164ec03877914c701d06d48291ae8d6fc08a088b0d,2026-balance-of-power-d-senate-d-house-949,https://polymarket.com/event/2026-balance-of-power-d-senate-d-house-949,https://embed.polymarket.com/market.html?market=2026-balance-of-power-d-senate-d-house-949&features=volume&theme=light,"2026 Balance of Power: D Senate, D House",united-states,,"24h $10,867 • spread 0.010 • TTR 53.5d • ~50% mid",2926909.4442490013,10867.37,-0.01,-1.9802,2026-11-03T00:00:00+00:00,53.542,1,0.01,-0.5,0.495,1,"[{""name"": ""Top"", ""bestBid"": 0.49, ""bestAsk"": 0.5}]"
679046,0xcd050c1af02067e33e03861ff6f67c1c85def8bf4bd196256e6d2b178509533b,will-carole-delga-win-the-2027-french-presidential-election,https://polymarket.com/event/will-carole-delga-win-the-2027-french-presidential-election,https://embed.polymarket.com/market.html?market=will-carole-delga-win-the-2027-french-presidential-election&features=volume&theme=light,Will Carole Delga win the 2027 French presidential election?,french-election,,TTR 231.5d,4742189.505387003,,0.0,0.0,2027-04-30T00:00:00+00:00,231.542,1,,-0.999,,0,"[{""name"": ""Top"", ""bestBid"": null, ""bestAsk"": 0.001}]"
679038,0x637a2423461f5b531fef314e1e14982b80819de217e32f4f96653caa8af2c47a,will-nicolas-dupont-aignan-win-the-2027-french-presidential-election,https://polymarket.com/event/will-nicolas-dupont-aignan-win-the-2027-french-presidential-election,https://embed.polymarket.com/market.html?market=will-nicolas-dupont-aignan-win-the-2027-french-presidential-election&features=volume&theme=light,Will Nicolas Dupont-Aignan win the 2027 French presidential election?,french-election,,24h $41 • TTR 231.5d,4731010.245843,41.08,0.0,0.0,2027-04-30T00:00:00+00:00,231.542,1,,-0.999,,0,"[{""name"": ""Top"", ""bestBid"": null, ""bestAsk"": 0.001}]"
1130020,0xc65fb00eb998335039e5120dc390967576c4bfaee22a2342a17ced0fbc2c7e4e,will-yabloko-gain-the-most-seats-in-the-next-russian-parliamentary-election,https://polymarket.com/event/will-yabloko-gain-the-most-seats-in-the-next-russian-parliamentary-election,https://embed.polymarket.com/market.html?market=will-yabloko-gain-the-most-seats-in-the-next-russian-parliamentary-election&features=volume&theme=light,Will Yabloko gain the most seats in the next Russian parliamentary election?,politics,,"24h $38,968 • spread 0.001 • TTR 19.5d",1769490.4674820001,38968.47,-0.001,-28.5714,2026-09-30T00:00:00+00:00,19.542,1,0.001,-0.997,0.0025,0,"[{""name"": ""Top"", ""bestBid"": 0.002, ""bestAsk"": 0.003}]"
682705,0x7586a96520578acaaaa4ea84a2582f197f84255da1f3392a7aa300386c187b37,will-benjamin-netanyahu-be-the-next-prime-minister-of-israel,https://polymarket.com/event/will-benjamin-netanyahu-be-the-next-prime-minister-of-israel,https://embed.polymarket.com/market.html?market=will-benjamin-netanyahu-be-the-next-prime-minister-of-israel&features=volume&theme=light,Will Benjamin Netanyahu be the next Prime Minister of Israel?,main-election,,"24h $139,912 • spread 0.010 • TTR 111.5d",3768917.141801,139912.5,0.01,3.6364,2026-12-31T00:00:00+00:00,111.542,1,0.01,-0.71,0.285,0,"[{""name"": ""Top"", ""bestBid"": 0.28, ""bestAsk"": 0.29}]"
1469743,0x821f357da390a32347e4df0c3fb0aa4a8eadf4af72730c8dc7a7f1ab58798a02,will-seyed-hossein-mousavian-be-head-of-state-in-iran-end-of-2026,https://polymarket.com/event/will-seyed-hossein-mousavian-be-head-of-state-in-iran-end-of-2026,https://embed.polymarket.com/market.html?market=will-seyed-hossein-mousavian-be-head-of-state-in-iran-end-of-2026&features=volume&theme=light,Will Seyed Hossein Mousavian be head of state in Iran end of 2026?,middle-east,,TTR 111.5d,3694989.266215,,0.0,0.0,2026-12-31T00:00:00+00:00,111.542,1,,-0.998,,0,"[{""name"": ""Top"", ""bestBid"": null, ""bestAsk"": 0.002}]"
4408301,0xcc7de410ca27dc50c9ff8ac3e892492c02d807d504bc916954a5a0b67ae620e5,cs2-mibr-bb3-2026-09-10,https://polymarket.com/event/cs2-mibr-bb3-2026-09-10,https://embed.polymarket.com/market.html?market=cs2-mibr-bb3-2026-09-10&features=volume&theme=light,Counter-Strike: MIBR vs BetBoom Team (BO3) - FISSURE PLAYGROUND Group A,esports,,"24h $551,947 • spread 0.010 • TTR 0.2d • ~50% mid",771947.1399910002,551948.0,0.03,7.5,2026-09-10T15:00:00+00:00,0.167,1,0.01,-0.56,0.435,1,"[{""name"": ""Top"", ""bestBid"": 0.43, ""bestAsk"": 0.44}]"
637008,0xb3fefe9667acca5ca31a8e330219dc67a01b374331d9bf4875357655a5508815,will-unrwa-win-the-nobel-peace-prize-in-2026-983,https://polymarket.com/event/will-unrwa-win-the-nobel-peace-prize-in-2026-983,https://embed.polymarket.com/market.html?market=will-unrwa-win-the-nobel-peace-prize-in-2026-983&features=volume&theme=light,Will UNRWA win the Nobel Peace Prize in 2026?,awards,,24h $449 • spread 0.015 • TTR 29.5d,2050647.3520719989,449.36,-0.008,-13.2231,2026-10-10T00:00:00+00:00,29.542,1,0.015,-0.94,0.0525,0,"[{""name"": ""Top"", ""bestBid"": 0.045, ""bestAsk"": 0.06}]"
898668,0xa6c8d7d0d25f27f1b6ecadd74be78256bf7c248d9d7c6fb9bc42d2059cfdca4f,will-alpine-be-the-2026-f1-constructors-champion,https://polymarket.com/event/will-alpine-be-the-2026-f1-constructors-champion,https://embed.polymarket.com/market.html?market=will-alpine-be-the-2026-f1-constructors-champion&features=volume&theme=light,Will Alpine be the 2026 F1 Constructors' Champion?,formula1,,TTR 86.5d,3351048.7130130003,,0.0,0.0,2026-12-06T00:00:00+00:00,86.542,1,,-0.999,,0,"[{""name"": ""Top"", ""bestBid"": null, ""bestAsk"": 0.001}]"
628940,0x119b6b3b744ac3239c7a71100165d254234eaecea401abde5a3d303bef21d19e,will-steve-hilton-win-the-california-governor-election-in-2026,https://polymarket.com/event/will-steve-hilton-win-the-california-governor-election-in-2026,https://embed.polymarket.com/market.html?market=will-steve-hilton-win-the-california-governor-election-in-2026&features=volume&theme=light,Will Steve Hilton win the California Governor Election in 2026?,california-midterm,,24h $654 • spread 0.003 • TTR 53.5d,2723931.839612,654.12,0.002,5.6338,2026-11-03T00:00:00+00:00,53.542,1,0.003,-0.961,0.0375,0,"[{""name"": ""Top"", ""bestBid"": 0.036, ""bestAsk"": 0.039}]"
1088490,0x8ac035f347e31dec359c8167e38e161b8a1a168f31104d2580d21e6e57555ea5,will-frances-tiafoe-win-the-2026-mens-us-open,https://polymarket.com/event/will-frances-tiafoe-win-the-2026-mens-us-open,https://embed.polymarket.com/market.html?market=will-frances-tiafoe-win-the-2026-mens-us-open&features=volume&theme=light,Will Frances Tiafoe win the 2026 Men's US Open?,us-open,,"24h $35,920 • spread 0.003 • TTR 2.5d",865950.696105,35920.75,-0.024,-23.8806,2026-09-13T00:00:00+00:00,2.542,1,0.003,-0.922,0.0765,0,"[{""name"": ""Top"", ""bestBid"": 0.075, ""bestAsk"": 0.078}]"
1235553,0x7279005cdc5f4533b0cf53ce94a6c4fd43039c721ba39a3ad02dddacabd47d93,will-the-chicago-white-sox-win-the-2026-world-series,https://polymarket.com/event/will-the-chicago-white-sox-win-the-2026-world-series,https://embed.polymarket.com/market.html?market=will-the-chicago-white-sox-win-the-2026-world-series&features=volume&theme=light,Will the Chicago White Sox win the 2026 World Series?,sports,,24h $18 • spread 0.003 • TTR 51.5d,2617067.5078229997,18.53,-0.0015,-3.8462,2026-10-31T23:55:00+00:00,51.538,1,0.003,-0.961,0.0375,0,"[{""name"": ""Top"", ""bestBid"": 0.036, ""bestAsk"": 0.039}]"
1339767,0xce3c54c3e773e8b3bf73e4c12af93205b21195d03b9c386e22f274b9acfc2c56,will-bitcoin-dip-to-50000-by-december-31-2026-454-325-222-878-949-487-451-853-523-111,https://polymarket.com/event/will-bitcoin-dip-to-50000-by-december-31-2026-454-325-222-878-949-487-451-853-523-111,https://embed.polymarket.com/market.html?market=will-bitcoin-dip-to-50000-by-december-31-2026-454-325-222-878-949-487-451-853-523-111&features=volume&theme=light,"Will Bitcoin dip to $50,000 by December 31, 2026?",bitcoin,,"24h $8,982 • spread 0.020 • TTR 112.8d",3581504.3171929987,8982.08,0.005,3.7037,2027-01-01T05:00:00+00:00,112.75,1,0.02,-0.85,0.14,0,"[{""name"": ""Top"", ""bestBid"": 0.13, ""bestAsk"": 0.15}]"
898664,0xc031351cea755544a76be09c2e884554c04eeea7fc172fb9de2caac4b92fc854,will-racing-bulls-be-the-2026-f1-constructors-champion,https://polymarket.com/event/will-racing-bulls-be-the-2026-f1-constructors-champion,https://embed.polymarket.com/market.html?market=will-racing-bulls-be-the-2026-f1-constructors-champion&features=volume&theme=light,Will Racing Bulls be the 2026 F1 Constructors' Champion?,formula1,,TTR 86.5d,3243180.848274999,,0.0,0.0,2026-12-06T00:00:00+00:00,86.542,1,,-0.999,,0,"[{""name"": ""Top"", ""bestBid"": null, ""bestAsk"": 0.001}]"
1235566,0x99b0984b690ad49fb2bdef1d31dc398516d3318740c8595995bd37539d49afce,will-the-washington-nationals-win-the-2026-world-series,https://polymarket.com/event/will-the-washington-nationals-win-the-2026-world-series,https://embed.polymarket.com/market.html?market=will-the-washington-nationals-win-the-2026-world-series&features=volume&theme=light,Will the Washington Nationals win the 2026 World Series?,sports,,TTR 51.5d,2591469.708706998,,0.0,0.0,2026-10-31T23:55:00+00:00,51.538,1,,-0.999,,0,"[{""name"": ""Top"", ""bestBid"": null, ""bestAsk"": 0.001}]"
3399458,0x524ce344b80a160c237d91a33efdd8b82468b0dc0d33f60d500f8bf69b80b8bb,israel-x-iran-ceasefire-continues-through-september-30,https://polymarket.com/event/israel-x-iran-ceasefire-continues-through-september-30,https://embed.polymarket.com/market.html?market=israel-x-iran-ceasefire-continues-through-september-30&features=volume&theme=light,Israel x Iran ceasefire continues through September 30?,iran,,"24h $122,601 • spread 0.020 • TTR 20.4d",1643318.540354001,122601.24,-0.005,-0.578,2026-09-30T20:29:00+00:00,20.395,1,0.02,-0.13,0.86,0,"[{""name"": ""Top"", ""bestBid"": 0.85, ""bestAsk"": 0.87}]"
1357400,0x2abc2ca23b04c1d8e170b33f1de93937eec740bf5b3e9309e250f3562f1a166b,will-the-tampa-bay-buccaneers-win-the-2027-nfl-league-championship,https://polymarket.com/event/will-the-tampa-bay-buccaneers-win-the-2027-nfl-league-championship,https://embed.polymarket.com/market.html?market=will-the-tampa-bay-buccaneers-win-the-2027-nfl-league-championship&features=volume&theme=light,Will the Tampa Bay Buccaneers win the 2027 NFL league championship?,sports,,"24h $12,854 • spread 0.001 • TTR 202.5d",4130108.5715969983,12854.54,-0.001,-8.6957,2027-03-31T23:55:00+00:00,202.538,1,0.001,-0.989,0.0105,0,"[{""name"": ""Top"", ""bestBid"": 0.01, ""bestAsk"": 0.011}]"
679032,0x6ad63235931f80951a48f2338956dea7bb70c97f99a7bd03f5f501d6e4673842,will-fabien-roussel-win-the-2027-french-presidential-election,https://polymarket.com/event/will-fabien-roussel-win-the-2027-french-presidential-election,https://embed.polymarket.com/market.html?market=will-fabien-roussel-win-the-2027-french-presidential-election&features=volume&theme=light,Will Fabien Roussel win the 2027 French presidential election?,french-election,,24h $2 • TTR 231.5d,4244282.101008001,2.3,0.0,0.0,2027-04-30T00:00:00+00:00,231.542,1,,-0.999,,0,"[{""name"": ""Top"", ""bestBid"": null, ""bestAsk"": 0.001}]"
679053,0x1779552bade1ad85d35b2e5128136ea04602f26e2b67b7e1b6f9ec46ea8811d3,will-clmence-guett-win-the-2027-french-presidential-election,https://polymarket.com/event/will-clmence-guett-win-the-2027-french-presidential-election,https://embed.polymarket.com/market.html?market=will-clmence-guett-win-the-2027-french-presidential-election&features=volume&theme=light,Will Clémence Guetté win the 2027 French presidential election?,french-election,,TTR 231.5d,4173456.473064998,,0.0,0.0,2027-04-30T00:00:00+00:00,231.542,1,,-0.998,,0,"[{""name"": ""Top"", ""bestBid"": null, ""bestAsk"": 0.002}]"
