id,conditionId,slug,url,embedSrc,question,category,eventId,why,volume,volume24h,momentumDelta24h,momentumPct24h,endDateISO,timeToResolveDays,outcomeCount,avgSpread,underround,binaryMidYes,near50Flag,bestQuotesJSON
2252243,0xac02cbb049e46d6a3627c0fdf52fa554982a9025d45968207b362acb6ca4b830,will-the-fed-decrease-interest-rates-by-25-bps-after-the-september-2026-meeting-586,https://polymarket.com/event/will-the-fed-decrease-interest-rates-by-25-bps-after-the-september-2026-meeting-586,https://embed.polymarket.com/market.html?market=will-the-fed-decrease-interest-rates-by-25-bps-after-the-september-2026-meeting-586&features=volume&theme=light,Will the Fed decrease interest rates by 25 bps after the September 2026 meeting?,fomc,,"24h $2,754,766 • spread 0.001 • TTR 4.1d",36711710.82429402,2754766.11,0.0,0.0,2026-09-16T00:00:00+00:00,4.134,1,0.001,-0.996,0.0035,0,"[{""name"": ""Top"", ""bestBid"": 0.003, ""bestAsk"": 0.004}]"
2252244,0xa3b36b2d6104d34af4e6c6215fc818e43352e78a748fbfb0b85e3a35f71dec9a,will-there-be-no-change-in-fed-interest-rates-after-the-september-2026-meeting-615,https://polymarket.com/event/will-there-be-no-change-in-fed-interest-rates-after-the-september-2026-meeting-615,https://embed.polymarket.com/market.html?market=will-there-be-no-change-in-fed-interest-rates-after-the-september-2026-meeting-615&features=volume&theme=light,Will there be no change in Fed interest rates after the September 2026 meeting?,fomc,,"24h $5,882,116 • spread 0.010 • TTR 4.1d",33403339.94811406,5882116.87,-0.16,-47.7612,2026-09-16T00:00:00+00:00,4.134,1,0.01,-0.82,0.175,0,"[{""name"": ""Top"", ""bestBid"": 0.17, ""bestAsk"": 0.18}]"
2252245,0x876506d8b2bd7a0d3fa4fe18c024eee6e1dd81ee24c26795dadd6cfe4a7b5d0d,will-the-fed-increase-interest-rates-by-25-bps-after-the-september-2026-meeting-649,https://polymarket.com/event/will-the-fed-increase-interest-rates-by-25-bps-after-the-september-2026-meeting-649,https://embed.polymarket.com/market.html?market=will-the-fed-increase-interest-rates-by-25-bps-after-the-september-2026-meeting-649&features=volume&theme=light,Will the Fed increase interest rates by 25 bps after the September 2026 meeting?,fomc,,"24h $4,636,106 • spread 0.010 • TTR 4.1d",26543235.66175001,4636106.27,0.16,24.4275,2026-09-16T00:00:00+00:00,4.134,1,0.01,-0.18,0.815,0,"[{""name"": ""Top"", ""bestBid"": 0.81, ""bestAsk"": 0.82}]"
2252246,0x2e4b58fc18dbffd74d5275d89fb076943f21992763c45dcadd81391b83bde13c,will-the-fed-increase-interest-rates-by-50-bps-after-the-september-2026-meeting-664,https://polymarket.com/event/will-the-fed-increase-interest-rates-by-50-bps-after-the-september-2026-meeting-664,https://embed.polymarket.com/market.html?market=will-the-fed-increase-interest-rates-by-50-bps-after-the-september-2026-meeting-664&features=volume&theme=light,Will the Fed increase interest rates by 50+ bps after the September 2026 meeting?,fomc,,"24h $2,381,726 • spread 0.001 • TTR 4.1d",18022149.768099006,2381726.41,-0.001,-11.7647,2026-09-16T00:00:00+00:00,4.134,1,0.001,-0.992,0.0075,0,"[{""name"": ""Top"", ""bestBid"": 0.007, ""bestAsk"": 0.008}]"
703258,0x0b4cc3b739e1dfe5d73274740e7308b6fb389c5af040c3a174923d928d134bee,will-jesus-christ-return-before-2027,https://polymarket.com/event/will-jesus-christ-return-before-2027,https://embed.polymarket.com/market.html?market=will-jesus-christ-return-before-2027&features=volume&theme=light,Will Jesus Christ return before 2027?,parent-for-derivative,,"24h $21,068 • spread 0.001 • TTR 111.3d",65651322.44938789,21068.65,0.002,13.7931,2027-01-01T04:59:00+00:00,111.342,1,0.001,-0.983,0.0165,0,"[{""name"": ""Top"", ""bestBid"": 0.016, ""bestAsk"": 0.017}]"
665374,0x5db999fad322cea2914535aae5517060c3f80ad6d8c0231cde2124a434d16846,will-the-us-invade-iran-before-2027,https://polymarket.com/event/will-the-us-invade-iran-before-2027,https://embed.polymarket.com/market.html?market=will-the-us-invade-iran-before-2027&features=volume&theme=light,Will the U.S. invade Iran before 2027?,military-strikes,,"24h $358,559 • spread 0.010 • TTR 111.3d",65628473.157090984,358559.12,0.0,0.0,2027-01-01T04:59:00+00:00,111.342,1,0.01,-0.84,0.155,0,"[{""name"": ""Top"", ""bestBid"": 0.15, ""bestAsk"": 0.16}]"
2252242,0x5e464d85eb49f22d876f3ed6168a7db5e2288e9ae1eb91effd2758e994676f86,will-the-fed-decrease-interest-rates-by-50-bps-after-the-september-2026-meeting-863,https://polymarket.com/event/will-the-fed-decrease-interest-rates-by-50-bps-after-the-september-2026-meeting-863,https://embed.polymarket.com/market.html?market=will-the-fed-decrease-interest-rates-by-50-bps-after-the-september-2026-meeting-863&features=volume&theme=light,Will the Fed decrease interest rates by 50+ bps after the September 2026 meeting?,fomc,,"24h $695,356 • TTR 4.1d",15570417.517784994,695356.1,-0.001,-66.6667,2026-09-16T00:00:00+00:00,4.134,1,,-0.999,,0,"[{""name"": ""Top"", ""bestBid"": null, ""bestAsk"": 0.001}]"
567621,0xd9fb1184af0064e5e34b129f5b79afa5a17b7e32f2953ab05efed82315fee6d4,will-china-invade-taiwan-before-2027,https://polymarket.com/event/will-china-invade-taiwan-before-2027,https://embed.polymarket.com/market.html?market=will-china-invade-taiwan-before-2027&features=volume&theme=light,Will China invade Taiwan by end of 2026?,politics,,"24h $39,453 • spread 0.001 • TTR 110.1d",41167016.94061388,39453.51,0.0,0.0,2026-12-31T00:00:00+00:00,110.134,1,0.001,-0.961,0.0385,0,"[{""name"": ""Top"", ""bestBid"": 0.038, ""bestAsk"": 0.039}]"
561251,0x836b850fc838195374862551a36f1c8691d96ff01e58b0a071f0fc1a0e357fb1,will-lebron-james-win-the-2028-us-presidential-election,https://polymarket.com/event/will-lebron-james-win-the-2028-us-presidential-election,https://embed.polymarket.com/market.html?market=will-lebron-james-win-the-2028-us-presidential-election&features=volume&theme=light,Will LeBron James win the 2028 US Presidential Election?,president,,24h $86 • TTR 787.1d,54773036.29410799,86.7,0.0,0.0,2028-11-07T00:00:00+00:00,787.134,1,,-0.999,,0,"[{""name"": ""Top"", ""bestBid"": null, ""bestAsk"": 0.001}]"
703257,0x747dc809fb79e1b05be09c42d6179459a58de2ef3e40f02484a4e1260f741f75,will-the-us-confirm-that-aliens-exist-before-2027-789-924-249,https://polymarket.com/event/will-the-us-confirm-that-aliens-exist-before-2027-789-924-249,https://embed.polymarket.com/market.html?market=will-the-us-confirm-that-aliens-exist-before-2027-789-924-249&features=volume&theme=light,Will the US confirm that aliens exist before 2027?,aliens,,"24h $104,497 • spread 0.002 • TTR 111.3d",38339000.83009796,104497.21,0.0065,21.3115,2027-01-01T04:59:00+00:00,111.342,1,0.002,-0.962,0.037,0,"[{""name"": ""Top"", ""bestBid"": 0.036, ""bestAsk"": 0.038}]"
559687,0xe06a7e94cf2fa8dc2085b7610fe16e9be1cde6654f34d365c13da1149b276c61,will-oprah-winfrey-win-the-2028-democratic-presidential-nomination,https://polymarket.com/event/will-oprah-winfrey-win-the-2028-democratic-presidential-nomination,https://embed.polymarket.com/market.html?market=will-oprah-winfrey-win-the-2028-democratic-presidential-nomination&features=volume&theme=light,Will Oprah Winfrey win the 2028 Democratic presidential nomination?,united-states,,24h $274 • TTR 787.1d,54387864.66432901,274.0,0.0,0.0,2028-11-07T00:00:00+00:00,787.134,1,,-0.999,,0,"[{""name"": ""Top"", ""bestBid"": null, ""bestAsk"": 0.001}]"
559679,0x30cfb887558b20373a984da60c372fe5a90c0296aa6d8bb413a8aa7543846da2,will-bernie-sanders-win-the-2028-democratic-presidential-nomination-879,https://polymarket.com/event/will-bernie-sanders-win-the-2028-democratic-presidential-nomination-879,https://embed.polymarket.com/market.html?market=will-bernie-sanders-win-the-2028-democratic-presidential-nomination-879&features=volume&theme=light,Will Bernie Sanders win the 2028 Democratic presidential nomination?,united-states,,24h $770 • spread 0.001 • TTR 787.1d,52736929.133580014,770.6,0.0,0.0,2028-11-07T00:00:00+00:00,787.134,1,0.001,-0.996,0.0035,0,"[{""name"": ""Top"", ""bestBid"": 0.003, ""bestAsk"": 0.004}]"
559684,0xf2e51acfbb6d0414dc2ace81b7dc2af7c165e443dcb91f6caa7aab6d6ab4f06d,will-chelsea-clinton-win-the-2028-democratic-presidential-nomination,https://polymarket.com/event/will-chelsea-clinton-win-the-2028-democratic-presidential-nomination,https://embed.polymarket.com/market.html?market=will-chelsea-clinton-win-the-2028-democratic-presidential-nomination&features=volume&theme=light,Will Chelsea Clinton win the 2028 Democratic presidential nomination?,united-states,,24h $29 • spread 0.002 • TTR 787.1d,50430288.34425196,29.52,0.0,0.0,2028-11-07T00:00:00+00:00,787.134,1,0.002,-0.993,0.006,0,"[{""name"": ""Top"", ""bestBid"": 0.005, ""bestAsk"": 0.007}]"
997488,0xd595eb9b81885ff018738300c79047e3ec89e87294424f57a29a7fa9162bf116,will-trump-acquire-greenland-before-2027,https://polymarket.com/event/will-trump-acquire-greenland-before-2027,https://embed.polymarket.com/market.html?market=will-trump-acquire-greenland-before-2027&features=volume&theme=light,Will Trump acquire Greenland before 2027?,davos,,"24h $3,363 • spread 0.001 • TTR 111.3d",35433453.51045905,3363.67,0.0,0.0,2027-01-01T04:59:00+00:00,111.342,1,0.001,-0.968,0.0315,0,"[{""name"": ""Top"", ""bestBid"": 0.031, ""bestAsk"": 0.032}]"
559688,0x450810ae738a0ff820d3248f2b24937f63fb8c8cf422ed2a915125adb4d9d3c8,will-andrew-yang-win-the-2028-democratic-presidential-nomination,https://polymarket.com/event/will-andrew-yang-win-the-2028-democratic-presidential-nomination,https://embed.polymarket.com/market.html?market=will-andrew-yang-win-the-2028-democratic-presidential-nomination&features=volume&theme=light,Will Andrew Yang win the 2028 Democratic presidential nomination?,united-states,,24h $484 • spread 0.001 • TTR 787.1d,48730267.77260402,484.14,0.0,0.0,2028-11-07T00:00:00+00:00,787.134,1,0.001,-0.998,0.0015,0,"[{""name"": ""Top"", ""bestBid"": 0.001, ""bestAsk"": 0.002}]"
1105754,0x831493dce463d9adcad78c492f2cbec6ecdac31f4e8c5a894fdac68c130549d4,will-richard-grenell-be-the-leader-of-venezuela-end-of-2026,https://polymarket.com/event/will-richard-grenell-be-the-leader-of-venezuela-end-of-2026,https://embed.polymarket.com/market.html?market=will-richard-grenell-be-the-leader-of-venezuela-end-of-2026&features=volume&theme=light,Will Richard Grenell be the leader of Venezuela end of 2026?,trump-machado,,TTR 110.1d,32790723.048845,,0.0,0.0,2026-12-31T00:00:00+00:00,110.134,1,,-0.999,,0,"[{""name"": ""Top"", ""bestBid"": null, ""bestAsk"": 0.001}]"
561247,0xae70ab9bf1c3726fe430a2ba8b517697ae24e0f0ab554b876a5b521153068882,will-tim-walz-win-the-2028-us-presidential-election,https://polymarket.com/event/will-tim-walz-win-the-2028-us-presidential-election,https://embed.polymarket.com/market.html?market=will-tim-walz-win-the-2028-us-presidential-election&features=volume&theme=light,Will Tim Walz win the 2028 US Presidential Election?,president,,24h $5 • TTR 787.1d,44724372.395103,5.01,0.0,0.0,2028-11-07T00:00:00+00:00,787.134,1,,-0.999,,0,"[{""name"": ""Top"", ""bestBid"": null, ""bestAsk"": 0.001}]"
561986,0xd1747284d6048b2a3dcfbee489db405f36de18f9590197dd0e5c9f0c246bf050,will-byron-donalds-win-the-2028-republican-presidential-nomination,https://polymarket.com/event/will-byron-donalds-win-the-2028-republican-presidential-nomination,https://embed.polymarket.com/market.html?market=will-byron-donalds-win-the-2028-republican-presidential-nomination&features=volume&theme=light,Will Byron Donalds win the 2028 Republican presidential nomination?,united-states,,24h $346 • spread 0.001 • TTR 787.1d,44417342.98240203,346.72,0.0,0.0,2028-11-07T00:00:00+00:00,787.134,1,0.001,-0.997,0.0025,0,"[{""name"": ""Top"", ""bestBid"": 0.002, ""bestAsk"": 0.003}]"
559682,0x1945a8b23e313ed7423b6b6fd556f9ab5578900376b565a61dc480a5f4f35d21,will-person-a-win-the-2028-democratic-presidential-nomination,https://polymarket.com/event/will-person-a-win-the-2028-democratic-presidential-nomination,https://embed.polymarket.com/market.html?market=will-person-a-win-the-2028-democratic-presidential-nomination&features=volume&theme=light,Will Hunter Biden win the 2028 Democratic presidential nomination?,united-states,,"24h $1,282 • spread 0.002 • TTR 787.1d",44388421.660931036,1282.66,0.0,0.0,2028-11-07T00:00:00+00:00,787.134,1,0.002,-0.994,0.005,0,"[{""name"": ""Top"", ""bestBid"": 0.004, ""bestAsk"": 0.006}]"
559681,0x8b203037c7c0e21b500314f8398d2a8ea294b7ce1f4f9185f426425a3505bc45,will-lebron-james-win-the-2028-democratic-presidential-nomination,https://polymarket.com/event/will-lebron-james-win-the-2028-democratic-presidential-nomination,https://embed.polymarket.com/market.html?market=will-lebron-james-win-the-2028-democratic-presidential-nomination&features=volume&theme=light,Will LeBron James win the 2028 Democratic presidential nomination?,united-states,,24h $185 • TTR 787.1d,43965868.04742702,185.13,0.0,0.0,2028-11-07T00:00:00+00:00,787.134,1,,-0.999,,0,"[{""name"": ""Top"", ""bestBid"": null, ""bestAsk"": 0.001}]"
559677,0x663b88d3a8f2341bb8d878709dc78632bcaf7512e577bd15521e5d8ed933efbc,will-hillary-clinton-win-the-2028-democratic-presidential-nomination,https://polymarket.com/event/will-hillary-clinton-win-the-2028-democratic-presidential-nomination,https://embed.polymarket.com/market.html?market=will-hillary-clinton-win-the-2028-democratic-presidential-nomination&features=volume&theme=light,Will Hillary Clinton win the 2028 Democratic presidential nomination?,united-states,,"24h $2,924 • spread 0.001 • TTR 787.1d",43821772.59147001,2924.76,0.0,0.0,2028-11-07T00:00:00+00:00,787.134,1,0.001,-0.998,0.0015,0,"[{""name"": ""Top"", ""bestBid"": 0.001, ""bestAsk"": 0.002}]"
561995,0x41c6341dd79903aca4bb0c29f5a7976946c3774d2fd72f38cbb7de7092144520,will-mike-pence-win-the-2028-republican-presidential-nomination,https://polymarket.com/event/will-mike-pence-win-the-2028-republican-presidential-nomination,https://embed.polymarket.com/market.html?market=will-mike-pence-win-the-2028-republican-presidential-nomination&features=volume&theme=light,Will Mike Pence win the 2028 Republican presidential nomination?,united-states,,24h $699 • spread 0.001 • TTR 787.1d,43687805.74543103,699.92,0.0,0.0,2028-11-07T00:00:00+00:00,787.134,1,0.001,-0.998,0.0015,0,"[{""name"": ""Top"", ""bestBid"": 0.001, ""bestAsk"": 0.002}]"
559683,0x822e61527476cabf98927e3aad385c5ecdae7086f945535f2c1fd9ae8dbfa46e,will-george-clooney-win-the-2028-democratic-presidential-nomination,https://polymarket.com/event/will-george-clooney-win-the-2028-democratic-presidential-nomination,https://embed.polymarket.com/market.html?market=will-george-clooney-win-the-2028-democratic-presidential-nomination&features=volume&theme=light,Will George Clooney win the 2028 Democratic presidential nomination?,united-states,,"24h $50,175 • TTR 787.1d",43405987.27337501,50175.5,0.0,0.0,2028-11-07T00:00:00+00:00,787.134,1,,-0.999,,0,"[{""name"": ""Top"", ""bestBid"": null, ""bestAsk"": 0.001}]"
559666,0x3265b10daeb30dbcc3214bd02e488551d0a5d3028392f4152e4750b943fbfc91,will-tim-walz-win-the-2028-democratic-presidential-nomination-475,https://polymarket.com/event/will-tim-walz-win-the-2028-democratic-presidential-nomination-475,https://embed.polymarket.com/market.html?market=will-tim-walz-win-the-2028-democratic-presidential-nomination-475&features=volume&theme=light,Will Tim Walz win the 2028 Democratic presidential nomination?,united-states,,24h $62 • TTR 787.1d,43350794.013428,62.0,0.0,0.0,2028-11-07T00:00:00+00:00,787.134,1,,-0.999,,0,"[{""name"": ""Top"", ""bestBid"": null, ""bestAsk"": 0.001}]"
559690,0x0f8ef3cc906ba7ba94a44724738df44bdd5f73e59e40c9c8b4ff8569e349643c,will-kim-kardashian-win-the-2028-democratic-presidential-nomination,https://polymarket.com/event/will-kim-kardashian-win-the-2028-democratic-presidential-nomination,https://embed.polymarket.com/market.html?market=will-kim-kardashian-win-the-2028-democratic-presidential-nomination&features=volume&theme=light,Will Kim Kardashian win the 2028 Democratic presidential nomination?,united-states,,24h $46 • TTR 787.1d,42861290.638170995,46.5,0.0,0.0,2028-11-07T00:00:00+00:00,787.134,1,,-0.999,,0,"[{""name"": ""Top"", ""bestBid"": null, ""bestAsk"": 0.001}]"
559689,0x8ecd1d15e521b7d1020ad5596cc981c8764e9dcfbc3648f582e1a5138aee7185,will-beto-orourke-win-the-2028-democratic-presidential-nomination,https://polymarket.com/event/will-beto-orourke-win-the-2028-democratic-presidential-nomination,https://embed.polymarket.com/market.html?market=will-beto-orourke-win-the-2028-democratic-presidential-nomination&features=volume&theme=light,Will Beto O’Rourke win the 2028 Democratic presidential nomination?,united-states,,24h $114 • TTR 787.1d,42810594.07664798,114.48,0.0,0.0,2028-11-07T00:00:00+00:00,787.134,1,,-0.999,,0,"[{""name"": ""Top"", ""bestBid"": null, ""bestAsk"": 0.001}]"
559680,0x29283b56d3eec6d1d89fff51793d9d2e01579d2379b1d3e9ebda175d3561e809,will-phil-murphy-win-the-2028-democratic-presidential-nomination-611,https://polymarket.com/event/will-phil-murphy-win-the-2028-democratic-presidential-nomination-611,https://embed.polymarket.com/market.html?market=will-phil-murphy-win-the-2028-democratic-presidential-nomination-611&features=volume&theme=light,Will Phil Murphy win the 2028 Democratic presidential nomination?,united-states,,24h $46 • TTR 787.1d,42389324.48436504,46.5,0.0,0.0,2028-11-07T00:00:00+00:00,787.134,1,,-0.999,,0,"[{""name"": ""Top"", ""bestBid"": null, ""bestAsk"": 0.001}]"
601818,0x81a537b379a35e4e17c286d3b37394e94bd74c1779bbe9a13670eb991b201a3a,will-tarcisio-de-frietas-win-the-2026-brazilian-presidential-election,https://polymarket.com/event/will-tarcisio-de-frietas-win-the-2026-brazilian-presidential-election,https://embed.polymarket.com/market.html?market=will-tarcisio-de-frietas-win-the-2026-brazilian-presidential-election&features=volume&theme=light,Will Tarcisio de Freitas win the 2026 Brazilian presidential election?,politics,,24h $5 • TTR 22.1d,14067150.543296004,5.05,0.0,0.0,2026-10-04T00:00:00+00:00,22.134,1,,-0.999,,0,"[{""name"": ""Top"", ""bestBid"": null, ""bestAsk"": 0.001}]"
559685,0xc44edcfdedb422bae8ff1803e2178d1ee025fc41efd81400ccbede709e018841,will-mrbeast-win-the-2028-democratic-presidential-nomination,https://polymarket.com/event/will-mrbeast-win-the-2028-democratic-presidential-nomination,https://embed.polymarket.com/market.html?market=will-mrbeast-win-the-2028-democratic-presidential-nomination&features=volume&theme=light,Will MrBeast win the 2028 Democratic presidential nomination?,united-states,,24h $106 • TTR 787.1d,40994347.77176301,106.0,0.0,0.0,2028-11-07T00:00:00+00:00,787.134,1,,-0.998,,0,"[{""name"": ""Top"", ""bestBid"": null, ""bestAsk"": 0.002}]"
561254,0x7f695758278e6d4d9e63df862afa88d664d3402a3d26e4d32ae05121cdbddba6,will-kim-kardashian-win-the-2028-us-presidential-election,https://polymarket.com/event/will-kim-kardashian-win-the-2028-us-presidential-election,https://embed.polymarket.com/market.html?market=will-kim-kardashian-win-the-2028-us-presidential-election&features=volume&theme=light,Will Kim Kardashian win the 2028 US Presidential Election?,president,,24h $4 • TTR 787.1d,40268298.933616005,4.7,0.0,0.0,2028-11-07T00:00:00+00:00,787.134,1,,-0.999,,0,"[{""name"": ""Top"", ""bestBid"": null, ""bestAsk"": 0.001}]"
601825,0x05297f854d3b757d5e51a1a29c7f225a80b14b2a161d6b7f9a61677da7a80ced,will-renan-santos-win-the-2026-brazilian-presidential-election,https://polymarket.com/event/will-renan-santos-win-the-2026-brazilian-presidential-election,https://embed.polymarket.com/market.html?market=will-renan-santos-win-the-2026-brazilian-presidential-election&features=volume&theme=light,Will Renan Santos win the 2026 Brazilian presidential election?,politics,,"24h $95,551 • spread 0.002 • TTR 22.1d",13274079.456906995,95551.93,0.0015,8.5714,2026-10-04T00:00:00+00:00,22.134,1,0.002,-0.98,0.019,0,"[{""name"": ""Top"", ""bestBid"": 0.018, ""bestAsk"": 0.02}]"
559671,0x3535fb2f4aef6619dde8b367cb5e5d209526bb496d5d9778428c58a0252435e3,will-zohran-mamdani-win-the-2028-democratic-presidential-nomination-445,https://polymarket.com/event/will-zohran-mamdani-win-the-2028-democratic-presidential-nomination-445,https://embed.polymarket.com/market.html?market=will-zohran-mamdani-win-the-2028-democratic-presidential-nomination-445&features=volume&theme=light,Will Zohran Mamdani win the 2028 Democratic presidential nomination?,united-states,,24h $756 • spread 0.001 • TTR 787.1d,38928858.283210054,756.41,0.0,0.0,2028-11-07T00:00:00+00:00,787.134,1,0.001,-0.997,0.0025,0,"[{""name"": ""Top"", ""bestBid"": 0.002, ""bestAsk"": 0.003}]"
559678,0x46dbd48d6bde5b81edb480e0f676a2cdda6c6b592c4d86a9367c7ad5a9870195,will-liz-cheney-win-the-2028-democratic-presidential-nomination-551,https://polymarket.com/event/will-liz-cheney-win-the-2028-democratic-presidential-nomination-551,https://embed.polymarket.com/market.html?market=will-liz-cheney-win-the-2028-democratic-presidential-nomination-551&features=volume&theme=light,Will Liz Cheney win the 2028 Democratic presidential nomination?,united-states,,24h $114 • TTR 787.1d,38478137.34262203,114.07,0.0,0.0,2028-11-07T00:00:00+00:00,787.134,1,,-0.999,,0,"[{""name"": ""Top"", ""bestBid"": null, ""bestAsk"": 0.001}]"
561993,0x7190eccbd0677d5d0ae8cdf598b37e945a346915c666dda11468dc9970657a56,will-john-thune-win-the-2028-republican-presidential-nomination,https://polymarket.com/event/will-john-thune-win-the-2028-republican-presidential-nomination,https://embed.polymarket.com/market.html?market=will-john-thune-win-the-2028-republican-presidential-nomination&features=volume&theme=light,Will John Thune win the 2028 Republican presidential nomination?,united-states,,24h $2 • TTR 787.1d,38164728.725502014,2.53,0.0,0.0,2028-11-07T00:00:00+00:00,787.134,1,,-0.999,,0,"[{""name"": ""Top"", ""bestBid"": null, ""bestAsk"": 0.001}]"
561248,0x64396449b471b10b006285fa49dd9a5df535694de7b4c703fdeb0d88d5c4cd33,will-vivek-ramaswamy-win-the-2028-us-presidential-election,https://polymarket.com/event/will-vivek-ramaswamy-win-the-2028-us-presidential-election,https://embed.polymarket.com/market.html?market=will-vivek-ramaswamy-win-the-2028-us-presidential-election&features=volume&theme=light,Will Vivek Ramaswamy win the 2028 US Presidential Election?,president,,24h $3 • TTR 787.1d,37937231.74918998,3.8,0.0,0.0,2028-11-07T00:00:00+00:00,787.134,1,,-0.999,,0,"[{""name"": ""Top"", ""bestBid"": null, ""bestAsk"": 0.001}]"
561994,0x5f1b1caf70eb994bfff2986727a05a3ac9f7ec8b0da4017f7732596d023e5a07,will-kristi-noem-win-the-2028-republican-presidential-nomination,https://polymarket.com/event/will-kristi-noem-win-the-2028-republican-presidential-nomination,https://embed.polymarket.com/market.html?market=will-kristi-noem-win-the-2028-republican-presidential-nomination&features=volume&theme=light,Will Kristi Noem win the 2028 Republican presidential nomination?,united-states,,"24h $1,260,950 • spread 0.001 • TTR 787.1d",37619067.32609904,1260950.38,0.001,200.0,2028-11-07T00:00:00+00:00,787.134,1,0.001,-0.998,0.0015,0,"[{""name"": ""Top"", ""bestBid"": 0.001, ""bestAsk"": 0.002}]"
1105752,0x8063a2c9fa21c4a1470b33fee132d6d61fb5b7dcd667dcac3bb82ae15ad70c0d,will-frank-donovan-be-the-leader-of-venezuela-end-of-2026,https://polymarket.com/event/will-frank-donovan-be-the-leader-of-venezuela-end-of-2026,https://embed.polymarket.com/market.html?market=will-frank-donovan-be-the-leader-of-venezuela-end-of-2026&features=volume&theme=light,Will Frank Donovan be the leader of Venezuela end of 2026?,trump-machado,,24h $638 • spread 0.001 • TTR 110.1d,25813475.247587983,638.72,0.0,0.0,2026-12-31T00:00:00+00:00,110.134,1,0.001,-0.998,0.0015,0,"[{""name"": ""Top"", ""bestBid"": 0.001, ""bestAsk"": 0.002}]"
663583,0xbb4d51e6364066d92eb6f9b8413dd7193de70966736044463b205834805a1f3b,will-the-iranian-regime-fall-by-the-end-of-2026,https://polymarket.com/event/will-the-iranian-regime-fall-by-the-end-of-2026,https://embed.polymarket.com/market.html?market=will-the-iranian-regime-fall-by-the-end-of-2026&features=volume&theme=light,Will the Iranian regime fall before 2027?,reza-pahlavi,,"24h $12,631 • spread 0.010 • TTR 111.3d",25718575.790733974,12631.89,0.01,15.3846,2027-01-01T04:59:00+00:00,111.342,1,0.01,-0.92,0.075,0,"[{""name"": ""Top"", ""bestBid"": 0.07, ""bestAsk"": 0.08}]"
559692,0x3cd6e52603d80ddbbdac9b1a4d43f9b7faa6aae4fae4d0fdfad3bd58454da7d3,will-jasmine-crockett-win-the-2028-democratic-presidential-nomination,https://polymarket.com/event/will-jasmine-crockett-win-the-2028-democratic-presidential-nomination,https://embed.polymarket.com/market.html?market=will-jasmine-crockett-win-the-2028-democratic-presidential-nomination&features=volume&theme=light,Will Jasmine Crockett win the 2028 Democratic presidential nomination?,united-states,,24h $23 • TTR 787.1d,36462313.559114,23.72,0.0,0.0,2028-11-07T00:00:00+00:00,787.134,1,,-0.997,,0,"[{""name"": ""Top"", ""bestBid"": null, ""bestAsk"": 0.003}]"
559670,0xcb239105ed21a2420ba4d85090b9bc32755c56601ffdc528afd17fd6282fe930,will-gina-raimondo-win-the-2028-democratic-presidential-nomination-676,https://polymarket.com/event/will-gina-raimondo-win-the-2028-democratic-presidential-nomination-676,https://embed.polymarket.com/market.html?market=will-gina-raimondo-win-the-2028-democratic-presidential-nomination-676&features=volume&theme=light,Will Gina Raimondo win the 2028 Democratic presidential nomination?,united-states,,"24h $3,397 • spread 0.001 • TTR 787.1d",35766708.90099905,3397.58,0.0,0.0,2028-11-07T00:00:00+00:00,787.134,1,0.001,-0.998,0.0015,0,"[{""name"": ""Top"", ""bestBid"": 0.001, ""bestAsk"": 0.002}]"
561249,0x01dffa7abae7e5d9b7fb44b06d537c5ac932e2ca422ab4b53366672f5e2dc7d6,will-greg-abbott-win-the-2028-us-presidential-election,https://polymarket.com/event/will-greg-abbott-win-the-2028-us-presidential-election,https://embed.polymarket.com/market.html?market=will-greg-abbott-win-the-2028-us-presidential-election&features=volume&theme=light,Will Greg Abbott win the 2028 US Presidential Election?,president,,"24h $2,381 • spread 0.001 • TTR 787.1d",35355323.14983002,2381.37,0.0,0.0,2028-11-07T00:00:00+00:00,787.134,1,0.001,-0.991,0.0085,0,"[{""name"": ""Top"", ""bestBid"": 0.008, ""bestAsk"": 0.009}]"
561242,0x8fc141205ebce5adf437bfdf4d0c5ff58ff24293b79c9431991346c208bb48ed,will-tulsi-gabbard-win-the-2028-us-presidential-election,https://polymarket.com/event/will-tulsi-gabbard-win-the-2028-us-presidential-election,https://embed.polymarket.com/market.html?market=will-tulsi-gabbard-win-the-2028-us-presidential-election&features=volume&theme=light,Will Tulsi Gabbard win the 2028 US Presidential Election?,president,,24h $799 • spread 0.001 • TTR 787.1d,35350920.200344,799.7,0.0,0.0,2028-11-07T00:00:00+00:00,787.134,1,0.001,-0.998,0.0015,0,"[{""name"": ""Top"", ""bestBid"": 0.001, ""bestAsk"": 0.002}]"
561982,0x00ad3bb5284b0b2314b1a2d42812fe292f606619c6278bd95c9d905816c240f6,will-sarah-huckabee-sanders-win-the-2028-republican-presidential-nomination,https://polymarket.com/event/will-sarah-huckabee-sanders-win-the-2028-republican-presidential-nomination,https://embed.polymarket.com/market.html?market=will-sarah-huckabee-sanders-win-the-2028-republican-presidential-nomination&features=volume&theme=light,Will Sarah Huckabee Sanders win the 2028 Republican presidential nomination?,united-states,,TTR 787.1d,34430302.84397501,,0.0,0.0,2028-11-07T00:00:00+00:00,787.134,1,,-0.999,,0,"[{""name"": ""Top"", ""bestBid"": null, ""bestAsk"": 0.001}]"
559676,0x88d67705780a3d922317ecb0c78a947a306174d0510df2ae89394d5abfb28206,will-barack-obama-win-the-2028-democratic-presidential-nomination-265,https://polymarket.com/event/will-barack-obama-win-the-2028-democratic-presidential-nomination-265,https://embed.polymarket.com/market.html?market=will-barack-obama-win-the-2028-democratic-presidential-nomination-265&features=volume&theme=light,Will Barack Obama win the 2028 Democratic presidential nomination?,united-states,,24h $508 • spread 0.001 • TTR 787.1d,34032334.08525704,508.71,0.0,0.0,2028-11-07T00:00:00+00:00,787.134,1,0.001,-0.997,0.0025,0,"[{""name"": ""Top"", ""bestBid"": 0.002, ""bestAsk"": 0.003}]"
561240,0x66b906b8205f48a26beb8e553bbb1e7954e87e4f6e1d539823441221d1806e8f,will-stephen-smith-win-the-2028-us-presidential-election,https://polymarket.com/event/will-stephen-smith-win-the-2028-us-presidential-election,https://embed.polymarket.com/market.html?market=will-stephen-smith-win-the-2028-us-presidential-election&features=volume&theme=light,Will Stephen Smith win the 2028 US Presidential Election?,president,,TTR 787.1d,33461937.473494053,,0.0,0.0,2028-11-07T00:00:00+00:00,787.134,1,,-0.999,,0,"[{""name"": ""Top"", ""bestBid"": null, ""bestAsk"": 0.001}]"
561999,0xf8dbde8b6e038775a673947e59da2de15a2127272b50b9877400fdbf7cfc3026,will-tom-brady-win-the-2028-republican-presidential-nomination,https://polymarket.com/event/will-tom-brady-win-the-2028-republican-presidential-nomination,https://embed.polymarket.com/market.html?market=will-tom-brady-win-the-2028-republican-presidential-nomination&features=volume&theme=light,Will Tom Brady win the 2028 Republican presidential nomination?,united-states,,24h $969 • spread 0.001 • TTR 787.1d,32957593.380229022,969.95,0.0,0.0,2028-11-07T00:00:00+00:00,787.134,1,0.001,-0.998,0.0015,0,"[{""name"": ""Top"", ""bestBid"": 0.001, ""bestAsk"": 0.002}]"
559664,0xdce84960dce38aa4a5800a5eba7c9ac34d2ce49ba9d44c42572c472d468af264,will-raphael-warnock-win-the-2028-democratic-presidential-nomination-914,https://polymarket.com/event/will-raphael-warnock-win-the-2028-democratic-presidential-nomination-914,https://embed.polymarket.com/market.html?market=will-raphael-warnock-win-the-2028-democratic-presidential-nomination-914&features=volume&theme=light,Will Raphael Warnock win the 2028 Democratic presidential nomination?,united-states,,24h $500 • spread 0.001 • TTR 787.1d,32181657.47451401,500.51,0.0,0.0,2028-11-07T00:00:00+00:00,787.134,1,0.001,-0.994,0.0055,0,"[{""name"": ""Top"", ""bestBid"": 0.005, ""bestAsk"": 0.006}]"
559672,0x939eeb2dea216749bd409bedde483c3f2bfb0e24d4f2d34461c0b21c6e91f010,will-roy-cooper-win-the-2028-democratic-presidential-nomination-286,https://polymarket.com/event/will-roy-cooper-win-the-2028-democratic-presidential-nomination-286,https://embed.polymarket.com/market.html?market=will-roy-cooper-win-the-2028-democratic-presidential-nomination-286&features=volume&theme=light,Will Roy Cooper win the 2028 Democratic presidential nomination?,united-states,,"24h $7,679 • spread 0.001 • TTR 787.1d",31515591.374226008,7679.34,0.001,200.0,2028-11-07T00:00:00+00:00,787.134,1,0.001,-0.998,0.0015,0,"[{""name"": ""Top"", ""bestBid"": 0.001, ""bestAsk"": 0.002}]"
601819,0xdf8e2dc5860027decbe6164555c3c1c9645c3bd33e16b9dc57ca87125047d4a8,will-luiz-incio-lula-da-silva-win-the-2026-brazilian-presidential-election,https://polymarket.com/event/will-luiz-incio-lula-da-silva-win-the-2026-brazilian-presidential-election,https://embed.polymarket.com/market.html?market=will-luiz-incio-lula-da-silva-win-the-2026-brazilian-presidential-election&features=volume&theme=light,Will Luiz Inácio Lula da Silva win the 2026 Brazilian presidential election?,politics,,"24h $226,843 • spread 0.010 • TTR 22.1d • ~50% mid",10722174.193678007,226843.3,0.01,2.2989,2026-10-04T00:00:00+00:00,22.134,1,0.01,-0.55,0.445,1,"[{""name"": ""Top"", ""bestBid"": 0.44, ""bestAsk"": 0.45}]"
1130012,0x502a94e5c525766d5ee7f16c6568131ba1b2cbadb69c703af05a6ef00336ed64,will-united-russia-er-gain-the-most-seats-in-the-next-russian-parliamentary-election,https://polymarket.com/event/will-united-russia-er-gain-the-most-seats-in-the-next-russian-parliamentary-election,https://embed.polymarket.com/market.html?market=will-united-russia-er-gain-the-most-seats-in-the-next-russian-parliamentary-election&features=volume&theme=light,Will United Russia (ER) gain the most seats in the next Russian parliamentary election?,politics,,"24h $94,969 • spread 0.010 • TTR 18.1d",9695640.939597992,94969.25,0.02,2.649,2026-09-30T00:00:00+00:00,18.134,1,0.01,-0.22,0.775,0,"[{""name"": ""Top"", ""bestBid"": 0.77, ""bestAsk"": 0.78}]"
601823,0xe1d5733322fd2215f136412f419d9ff805d097f78c68de3261515ff736895f2b,will-eduardo-bolsonaro-win-the-2026-brazilian-presidential-election,https://polymarket.com/event/will-eduardo-bolsonaro-win-the-2026-brazilian-presidential-election,https://embed.polymarket.com/market.html?market=will-eduardo-bolsonaro-win-the-2026-brazilian-presidential-election&features=volume&theme=light,Will Eduardo Bolsonaro win the 2026 Brazilian presidential election?,politics,,TTR 22.1d,10445615.345772013,,0.0,0.0,2026-10-04T00:00:00+00:00,22.134,1,,-0.999,,0,"[{""name"": ""Top"", ""bestBid"": null, ""bestAsk"": 0.001}]"
601824,0xa59bb6bb91e5c1e4d533864520fbd3bb75d6d0ebb813b4cd8a8b88479bfa8966,will-carlos-roberto-massa-jnior-win-the-2026-brazilian-presidential-election,https://polymarket.com/event/will-carlos-roberto-massa-jnior-win-the-2026-brazilian-presidential-election,https://embed.polymarket.com/market.html?market=will-carlos-roberto-massa-jnior-win-the-2026-brazilian-presidential-election&features=volume&theme=light,Will Carlos Roberto Massa Júnior win the 2026 Brazilian presidential election?,politics,,TTR 22.1d,10429619.136619003,,0.0,0.0,2026-10-04T00:00:00+00:00,22.134,1,,-0.999,,0,"[{""name"": ""Top"", ""bestBid"": null, ""bestAsk"": 0.001}]"
601826,0x1a01bf78f56a507fcb666d564d8c8b91b0750679163ed6e96746102c9b7d285d,will-flvio-bolsonaro-win-the-2026-brazilian-presidential-election,https://polymarket.com/event/will-flvio-bolsonaro-win-the-2026-brazilian-presidential-election,https://embed.polymarket.com/market.html?market=will-flvio-bolsonaro-win-the-2026-brazilian-presidential-election&features=volume&theme=light,Will Flávio Bolsonaro win the 2026 Brazilian presidential election?,politics,,"24h $210,077 • spread 0.001 • TTR 22.1d • ~50% mid",10393951.214793999,210077.79,-0.013,-2.3788,2026-10-04T00:00:00+00:00,22.134,1,0.001,-0.466,0.5335,1,"[{""name"": ""Top"", ""bestBid"": 0.533, ""bestAsk"": 0.534}]"
561990,0xfbb80ea5f8fc02ee7df8bd4f58790e1d04b874078a49a7b7028a74a2075100c9,will-elon-musk-win-the-2028-republican-presidential-nomination,https://polymarket.com/event/will-elon-musk-win-the-2028-republican-presidential-nomination,https://embed.polymarket.com/market.html?market=will-elon-musk-win-the-2028-republican-presidential-nomination&features=volume&theme=light,Will Elon Musk win the 2028 Republican presidential nomination?,united-states,,24h $20 • TTR 787.1d,30418524.511254013,20.37,0.0,0.0,2028-11-07T00:00:00+00:00,787.134,1,,-0.999,,0,"[{""name"": ""Top"", ""bestBid"": null, ""bestAsk"": 0.001}]"
601822,0x37ec4c6b57a18b16eed1241f6155ee7ff45bc1697d7848f15ac33d406e38ed00,will-michelle-bolsonaro-win-the-2026-brazilian-presidential-election,https://polymarket.com/event/will-michelle-bolsonaro-win-the-2026-brazilian-presidential-election,https://embed.polymarket.com/market.html?market=will-michelle-bolsonaro-win-the-2026-brazilian-presidential-election&features=volume&theme=light,Will Michelle Bolsonaro win the 2026 Brazilian presidential election?,politics,,24h $3 • TTR 22.1d,10338219.102318,3.31,0.0,0.0,2026-10-04T00:00:00+00:00,22.134,1,,-0.999,,0,"[{""name"": ""Top"", ""bestBid"": null, ""bestAsk"": 0.001}]"
561245,0xe0173375b7eaccb836f7b92d28a9a2d1cc69e54e5a65fae89a5d7e49aadd332e,will-nikki-haley-win-the-2028-us-presidential-election,https://polymarket.com/event/will-nikki-haley-win-the-2028-us-presidential-election,https://embed.polymarket.com/market.html?market=will-nikki-haley-win-the-2028-us-presidential-election&features=volume&theme=light,Will Nikki Haley win the 2028 US Presidential Election?,president,,24h $111 • TTR 787.1d,30055972.317047037,111.56,0.0,0.0,2028-11-07T00:00:00+00:00,787.134,1,,-0.999,,0,"[{""name"": ""Top"", ""bestBid"": null, ""bestAsk"": 0.001}]"
560317,0x6bd56627aa21311850825edb27e53434a0e17a4f782be0086bc07f71eee00d0d,putin-out-before-2027-346,https://polymarket.com/event/putin-out-before-2027-346,https://embed.polymarket.com/market.html?market=putin-out-before-2027-346&features=volume&theme=light,"Putin out as President of Russia by December 31, 2026?",putin,,"24h $150,826 • spread 0.010 • TTR 111.3d",20646882.991584998,150826.08,0.01,15.3846,2027-01-01T04:59:00+00:00,111.342,1,0.01,-0.92,0.075,0,"[{""name"": ""Top"", ""bestBid"": 0.07, ""bestAsk"": 0.08}]"
561992,0x61a1278884fa70d68d4bcaaf72fad55bbdb063cac28c6947472ca91635fab10f,will-katie-britt-win-the-2028-republican-presidential-nomination,https://polymarket.com/event/will-katie-britt-win-the-2028-republican-presidential-nomination,https://embed.polymarket.com/market.html?market=will-katie-britt-win-the-2028-republican-presidential-nomination&features=volume&theme=light,Will Katie Britt win the 2028 Republican presidential nomination?,united-states,,24h $334 • spread 0.001 • TTR 787.1d,28948979.828781012,334.43,0.0,0.0,2028-11-07T00:00:00+00:00,787.134,1,0.001,-0.997,0.0025,0,"[{""name"": ""Top"", ""bestBid"": 0.002, ""bestAsk"": 0.003}]"
562003,0x414378275cb214b747245942be889ee1e077c56d1c00eb4d726629c95f22b5a5,will-kim-kardashian-win-the-2028-republican-presidential-nomination,https://polymarket.com/event/will-kim-kardashian-win-the-2028-republican-presidential-nomination,https://embed.polymarket.com/market.html?market=will-kim-kardashian-win-the-2028-republican-presidential-nomination&features=volume&theme=light,Will Kim Kardashian win the 2028 Republican presidential nomination?,united-states,,24h $172 • spread 0.001 • TTR 787.1d,28562564.405039,172.24,0.0,0.0,2028-11-07T00:00:00+00:00,787.134,1,0.001,-0.998,0.0015,0,"[{""name"": ""Top"", ""bestBid"": 0.001, ""bestAsk"": 0.002}]"
561987,0x655b4bfdfa55a95c24d6e9bf7e7cd62f1b57da9a1f4c7f40f090b8ba847dffa2,will-elise-stefanik-win-the-2028-republican-presidential-nomination,https://polymarket.com/event/will-elise-stefanik-win-the-2028-republican-presidential-nomination,https://embed.polymarket.com/market.html?market=will-elise-stefanik-win-the-2028-republican-presidential-nomination&features=volume&theme=light,Will Elise Stefanik win the 2028 Republican presidential nomination?,united-states,,24h $567 • spread 0.001 • TTR 787.1d,27988881.905553997,567.17,0.0,0.0,2028-11-07T00:00:00+00:00,787.134,1,0.001,-0.998,0.0015,0,"[{""name"": ""Top"", ""bestBid"": 0.001, ""bestAsk"": 0.002}]"
561238,0xc4435df23facee8c4cd86090310c7835c2a0425646b2588b0a02e67fa42f444e,will-glenn-youngkin-win-the-2028-us-presidential-election,https://polymarket.com/event/will-glenn-youngkin-win-the-2028-us-presidential-election,https://embed.polymarket.com/market.html?market=will-glenn-youngkin-win-the-2028-us-presidential-election&features=volume&theme=light,Will Glenn Youngkin win the 2028 US Presidential Election?,president,,24h $393 • spread 0.002 • TTR 787.1d,27461052.637142997,393.34,0.0005,20.0,2028-11-07T00:00:00+00:00,787.134,1,0.002,-0.996,0.003,0,"[{""name"": ""Top"", ""bestBid"": 0.002, ""bestAsk"": 0.004}]"
559674,0x8fbcb151e2c988df5a43abb02298014b7daf34c008f3eed9188dd16a2a19bec1,will-jared-polis-win-the-2028-democratic-presidential-nomination-837,https://polymarket.com/event/will-jared-polis-win-the-2028-democratic-presidential-nomination-837,https://embed.polymarket.com/market.html?market=will-jared-polis-win-the-2028-democratic-presidential-nomination-837&features=volume&theme=light,Will Jared Polis win the 2028 Democratic presidential nomination?,united-states,,"24h $2,526 • spread 0.001 • TTR 787.1d",27347170.611758016,2526.58,0.0,0.0,2028-11-07T00:00:00+00:00,787.134,1,0.001,-0.998,0.0015,0,"[{""name"": ""Top"", ""bestBid"": 0.001, ""bestAsk"": 0.002}]"
559652,0x0f49db97f71c68b1e42a6d16e3de93d85dbf7d4148e3f018eb79e88554be9f75,will-gavin-newsom-win-the-2028-democratic-presidential-nomination-568,https://polymarket.com/event/will-gavin-newsom-win-the-2028-democratic-presidential-nomination-568,https://embed.polymarket.com/market.html?market=will-gavin-newsom-win-the-2028-democratic-presidential-nomination-568&features=volume&theme=light,Will Gavin Newsom win the 2028 Democratic presidential nomination?,united-states,,"24h $30,396 • spread 0.003 • TTR 787.1d",27216959.932882987,30396.77,0.002,1.4035,2028-11-07T00:00:00+00:00,787.134,1,0.003,-0.854,0.1445,0,"[{""name"": ""Top"", ""bestBid"": 0.143, ""bestAsk"": 0.146}]"
2774057,0xa08a5ce99e14ce0b22767af6f16c08a2ab012249444c20887193a9a3e98e11fc,strait-of-hormuz-traffic-returns-to-normal-by-september-30-20260702154339440,https://polymarket.com/event/strait-of-hormuz-traffic-returns-to-normal-by-september-30-20260702154339440,https://embed.polymarket.com/market.html?market=strait-of-hormuz-traffic-returns-to-normal-by-september-30-20260702154339440&features=volume&theme=light,Strait of Hormuz traffic returns to normal by September 30?,oil,,"24h $114,616 • spread 0.003 • TTR 18.1d",8416254.351232,114616.35,0.0035,23.3333,2026-09-30T00:00:00+00:00,18.134,1,0.003,-0.981,0.0175,0,"[{""name"": ""Top"", ""bestBid"": 0.016, ""bestAsk"": 0.019}]"
561250,0x68e3c4e0dd8f82d010060032006fd157401b0bd8e04bd2953ae293e31eb99bf6,will-elon-musk-win-the-2028-us-presidential-election,https://polymarket.com/event/will-elon-musk-win-the-2028-us-presidential-election,https://embed.polymarket.com/market.html?market=will-elon-musk-win-the-2028-us-presidential-election&features=volume&theme=light,Will Elon Musk win the 2028 US Presidential Election?,president,,24h $559 • spread 0.001 • TTR 787.1d,27081847.284821033,559.03,0.0,0.0,2028-11-07T00:00:00+00:00,787.134,1,0.001,-0.998,0.0015,0,"[{""name"": ""Top"", ""bestBid"": 0.001, ""bestAsk"": 0.002}]"
559665,0x1970bcce75e3674660917ae4685b433a9b1e0152d810a8d7c346dfd5e00694c2,will-corey-booker-win-the-2028-democratic-presidential-nomination-125,https://polymarket.com/event/will-corey-booker-win-the-2028-democratic-presidential-nomination-125,https://embed.polymarket.com/market.html?market=will-corey-booker-win-the-2028-democratic-presidential-nomination-125&features=volume&theme=light,Will Cory Booker win the 2028 Democratic presidential nomination?,united-states,,"24h $12,943 • spread 0.001 • TTR 787.1d",26275886.29760001,12943.93,0.0,0.0,2028-11-07T00:00:00+00:00,787.134,1,0.001,-0.993,0.0065,0,"[{""name"": ""Top"", ""bestBid"": 0.006, ""bestAsk"": 0.007}]"
559667,0x3e218c99a1335641b3a5ee6c887521d19b0c28fddd6b99c254a07968e35c0b1b,will-michelle-obama-win-the-2028-democratic-presidential-nomination-777,https://polymarket.com/event/will-michelle-obama-win-the-2028-democratic-presidential-nomination-777,https://embed.polymarket.com/market.html?market=will-michelle-obama-win-the-2028-democratic-presidential-nomination-777&features=volume&theme=light,Will Michelle Obama win the 2028 Democratic presidential nomination?,united-states,,24h $41 • spread 0.001 • TTR 787.1d,26243049.635085,41.82,0.0,0.0,2028-11-07T00:00:00+00:00,787.134,1,0.001,-0.997,0.0025,0,"[{""name"": ""Top"", ""bestBid"": 0.002, ""bestAsk"": 0.003}]"
2155000,0xa4ddc18895cc7b14810283ef8f113939abffd3969c6a0e37f1897110c67e6f73,hantavirus-pandemic-in-2026,https://polymarket.com/event/hantavirus-pandemic-in-2026,https://embed.polymarket.com/market.html?market=hantavirus-pandemic-in-2026&features=volume&theme=light,Hantavirus pandemic in 2026?,pandemics,,"24h $40,291 • spread 0.001 • TTR 111.3d",18192287.311882984,40291.12,-0.005,-16.3934,2027-01-01T04:59:00+00:00,111.342,1,0.001,-0.974,0.0255,0,"[{""name"": ""Top"", ""bestBid"": 0.025, ""bestAsk"": 0.026}]"
559673,0xca1d1139b0c3a29983407f499476ae642482788e841a277eb86faeeb9fa4a85c,will-john-fetterman-win-the-2028-democratic-presidential-nomination-941,https://polymarket.com/event/will-john-fetterman-win-the-2028-democratic-presidential-nomination-941,https://embed.polymarket.com/market.html?market=will-john-fetterman-win-the-2028-democratic-presidential-nomination-941&features=volume&theme=light,Will John Fetterman win the 2028 Democratic presidential nomination?,united-states,,24h $59 • TTR 787.1d,25593941.354833994,59.3,0.0,0.0,2028-11-07T00:00:00+00:00,787.134,1,,-0.999,,0,"[{""name"": ""Top"", ""bestBid"": null, ""bestAsk"": 0.001}]"
559675,0xfee07be730188c94cd3644ed6f107fa3ea2dfab9989ce8d39aeeae064766abe3,will-jon-stewart-win-the-2028-democratic-presidential-nomination-518,https://polymarket.com/event/will-jon-stewart-win-the-2028-democratic-presidential-nomination-518,https://embed.polymarket.com/market.html?market=will-jon-stewart-win-the-2028-democratic-presidential-nomination-518&features=volume&theme=light,Will Jon Stewart win the 2028 Democratic presidential nomination?,united-states,,24h $115 • spread 0.001 • TTR 787.1d,24722852.226530015,115.64,0.0005,50.0,2028-11-07T00:00:00+00:00,787.134,1,0.001,-0.998,0.0015,0,"[{""name"": ""Top"", ""bestBid"": 0.001, ""bestAsk"": 0.002}]"
601831,0x70f1a7d2cd490b640676d5e31470bcbe16fef40087de1af8b6f6e44e299b5784,will-eduardo-leite-win-the-2026-brazilian-presidential-election,https://polymarket.com/event/will-eduardo-leite-win-the-2026-brazilian-presidential-election,https://embed.polymarket.com/market.html?market=will-eduardo-leite-win-the-2026-brazilian-presidential-election&features=volume&theme=light,Will Eduardo Leite win the 2026 Brazilian presidential election?,politics,,TTR 22.1d,7984936.969927,,0.0,0.0,2026-10-04T00:00:00+00:00,22.134,1,,-0.999,,0,"[{""name"": ""Top"", ""bestBid"": null, ""bestAsk"": 0.001}]"
559657,0xc8f1cf5d4f26e0fd9c8fe89f2a7b3263b902cf14fde7bfccef525753bb492e47,will-stephen-a-smith-win-the-2028-democratic-presidential-nomination-914,https://polymarket.com/event/will-stephen-a-smith-win-the-2028-democratic-presidential-nomination-914,https://embed.polymarket.com/market.html?market=will-stephen-a-smith-win-the-2028-democratic-presidential-nomination-914&features=volume&theme=light,Will Stephen A. Smith win the 2028 Democratic presidential nomination?,united-states,,"24h $602,993 • spread 0.001 • TTR 787.1d",23008587.213689007,602993.42,0.0,0.0,2028-11-07T00:00:00+00:00,787.134,1,0.001,-0.998,0.0015,0,"[{""name"": ""Top"", ""bestBid"": 0.001, ""bestAsk"": 0.002}]"
559662,0x9d4f94f82de9d13ff1d3318639ab9000ee2533949e525343156f374fb00bd9b1,will-mark-cuban-win-the-2028-democratic-presidential-nomination-329,https://polymarket.com/event/will-mark-cuban-win-the-2028-democratic-presidential-nomination-329,https://embed.polymarket.com/market.html?market=will-mark-cuban-win-the-2028-democratic-presidential-nomination-329&features=volume&theme=light,Will Mark Cuban win the 2028 Democratic presidential nomination?,united-states,,24h $121 • spread 0.001 • TTR 787.1d,22929413.79020099,121.34,0.0005,50.0,2028-11-07T00:00:00+00:00,787.134,1,0.001,-0.998,0.0015,0,"[{""name"": ""Top"", ""bestBid"": 0.001, ""bestAsk"": 0.002}]"
562001,0xd5659eea81cada0bac656f5a9099861786cbae6755e2e1ac2c9e9441908b551f,will-steve-bannon-win-the-2028-republican-presidential-nomination,https://polymarket.com/event/will-steve-bannon-win-the-2028-republican-presidential-nomination,https://embed.polymarket.com/market.html?market=will-steve-bannon-win-the-2028-republican-presidential-nomination&features=volume&theme=light,Will Steve Bannon win the 2028 Republican presidential nomination?,united-states,,24h $27 • spread 0.001 • TTR 787.1d,22921786.924788002,27.95,0.0,0.0,2028-11-07T00:00:00+00:00,787.134,1,0.001,-0.997,0.0025,0,"[{""name"": ""Top"", ""bestBid"": 0.002, ""bestAsk"": 0.003}]"
561256,0xf05b4b55336a4c1c7b44c726911d2b559732cff7bad339084de86ae364dc85f6,will-zohran-mamdani-win-the-2028-us-presidential-election,https://polymarket.com/event/will-zohran-mamdani-win-the-2028-us-presidential-election,https://embed.polymarket.com/market.html?market=will-zohran-mamdani-win-the-2028-us-presidential-election&features=volume&theme=light,Will Zohran Mamdani win the 2028 US Presidential Election?,president,,24h $21 • TTR 787.1d,22158984.758913,21.15,0.0,0.0,2028-11-07T00:00:00+00:00,787.134,1,,-0.999,,0,"[{""name"": ""Top"", ""bestBid"": null, ""bestAsk"": 0.001}]"
601821,0xdd3d104667774208eae2239f576122ecdd1c04ba81cc14d26d22a36b33887977,will-fernando-haddad-win-the-2026-brazilian-presidential-election,https://polymarket.com/event/will-fernando-haddad-win-the-2026-brazilian-presidential-election,https://embed.polymarket.com/market.html?market=will-fernando-haddad-win-the-2026-brazilian-presidential-election&features=volume&theme=light,Will Fernando Haddad win the 2026 Brazilian presidential election?,politics,,"24h $105,082 • TTR 22.1d",7531779.021962996,105082.41,0.0,0.0,2026-10-04T00:00:00+00:00,22.134,1,,-0.999,,0,"[{""name"": ""Top"", ""bestBid"": null, ""bestAsk"": 0.001}]"
601827,0xbca3d70ec52a5a441ccc365a3b1b48b9cd0f08dfff4bc5871e2cd92d0d92caa1,will-ronaldo-caiado-win-the-2026-brazilian-presidential-election,https://polymarket.com/event/will-ronaldo-caiado-win-the-2026-brazilian-presidential-election,https://embed.polymarket.com/market.html?market=will-ronaldo-caiado-win-the-2026-brazilian-presidential-election&features=volume&theme=light,Will Ronaldo Caiado win the 2026 Brazilian presidential election?,politics,,"24h $111,687 • spread 0.002 • TTR 22.1d",7487245.506276999,111687.99,-0.0005,-20.0,2026-10-04T00:00:00+00:00,22.134,1,0.002,-0.997,0.002,0,"[{""name"": ""Top"", ""bestBid"": 0.001, ""bestAsk"": 0.003}]"
1163699,0x9cb23d04b2ded06147482076688b69b487a8d982c63ebdda2ab3678cf27cf390,clarity-act-signed-into-law-in-2026,https://polymarket.com/event/clarity-act-signed-into-law-in-2026,https://embed.polymarket.com/market.html?market=clarity-act-signed-into-law-in-2026&features=volume&theme=light,Clarity Act (H.R.3633) signed into law in 2026?,crypto,,"24h $354,776 • spread 0.010 • TTR 111.3d",15085145.018425995,354776.31,-0.01,-5.4054,2027-01-01T05:00:00+00:00,111.342,1,0.01,-0.82,0.175,0,"[{""name"": ""Top"", ""bestBid"": 0.17, ""bestAsk"": 0.18}]"
601828,0x054725b2a7971376f7924a7021221b12acc50fe78d97817824fe411704d5b5a2,will-romeu-zema-win-the-2026-brazilian-presidential-election,https://polymarket.com/event/will-romeu-zema-win-the-2026-brazilian-presidential-election,https://embed.polymarket.com/market.html?market=will-romeu-zema-win-the-2026-brazilian-presidential-election&features=volume&theme=light,Will Romeu Zema win the 2026 Brazilian presidential election?,politics,,"24h $392,102 • spread 0.001 • TTR 22.1d",7247108.973401999,392102.7,0.0,0.0,2026-10-04T00:00:00+00:00,22.134,1,0.001,-0.998,0.0015,0,"[{""name"": ""Top"", ""bestBid"": 0.001, ""bestAsk"": 0.002}]"
561983,0x214093035e429b91df322bd20c55d9f611f741f67472a63f7623a9afc0cffa57,will-greg-abbott-win-the-2028-republican-presidential-nomination,https://polymarket.com/event/will-greg-abbott-win-the-2028-republican-presidential-nomination,https://embed.polymarket.com/market.html?market=will-greg-abbott-win-the-2028-republican-presidential-nomination&features=volume&theme=light,Will Greg Abbott win the 2028 Republican presidential nomination?,united-states,,24h $44 • spread 0.001 • TTR 787.1d,20713146.92070601,44.44,0.0,0.0,2028-11-07T00:00:00+00:00,787.134,1,0.001,-0.998,0.0015,0,"[{""name"": ""Top"", ""bestBid"": 0.001, ""bestAsk"": 0.002}]"
561991,0xf2cea45ec282af4f302d2ab85ede73678cd692ebf8c3ab6d52bfa5e19f44c553,will-matt-gaetz-win-the-2028-republican-presidential-nomination,https://polymarket.com/event/will-matt-gaetz-win-the-2028-republican-presidential-nomination,https://embed.polymarket.com/market.html?market=will-matt-gaetz-win-the-2028-republican-presidential-nomination&features=volume&theme=light,Will Matt Gaetz win the 2028 Republican presidential nomination?,united-states,,TTR 787.1d,20389101.695417993,,0.0,0.0,2028-11-07T00:00:00+00:00,787.134,1,,-0.999,,0,"[{""name"": ""Top"", ""bestBid"": null, ""bestAsk"": 0.001}]"
561988,0x4d4bceee5f59f75230c6438f69fc913a6da7afa4098ce0734655045c02a730fc,will-josh-hawley-win-the-2028-republican-presidential-nomination,https://polymarket.com/event/will-josh-hawley-win-the-2028-republican-presidential-nomination,https://embed.polymarket.com/market.html?market=will-josh-hawley-win-the-2028-republican-presidential-nomination&features=volume&theme=light,Will Josh Hawley win the 2028 Republican presidential nomination?,united-states,,24h $140 • spread 0.001 • TTR 787.1d,20264954.52119899,140.86,0.0,0.0,2028-11-07T00:00:00+00:00,787.134,1,0.001,-0.996,0.0035,0,"[{""name"": ""Top"", ""bestBid"": 0.003, ""bestAsk"": 0.004}]"
898420,0xa2b7d292821eafb97059947b9d834512deda11b7866e0f7b299bcb035071d626,will-oliver-bearman-be-the-2026-f1-drivers-champion,https://polymarket.com/event/will-oliver-bearman-be-the-2026-f1-drivers-champion,https://embed.polymarket.com/market.html?market=will-oliver-bearman-be-the-2026-f1-drivers-champion&features=volume&theme=light,Will Oliver Bearman be the 2026 F1 Drivers' Champion?,sports,,TTR 85.1d,12897812.186556,,0.0,0.0,2026-12-06T00:00:00+00:00,85.134,1,,-0.999,,0,"[{""name"": ""Top"", ""bestBid"": null, ""bestAsk"": 0.001}]"
601820,0x63d8f3a34c90bd5342dda8acf62b6a898dfa52f86475efaf180b66493ef6af80,will-jair-bolsonaro-win-the-2026-brazilian-presidential-election,https://polymarket.com/event/will-jair-bolsonaro-win-the-2026-brazilian-presidential-election,https://embed.polymarket.com/market.html?market=will-jair-bolsonaro-win-the-2026-brazilian-presidential-election&features=volume&theme=light,Will Jair Bolsonaro win the 2026 Brazilian presidential election?,politics,,"24h $47,423 • spread 0.001 • TTR 22.1d",6851860.813873998,47423.44,0.0,0.0,2026-10-04T00:00:00+00:00,22.134,1,0.001,-0.998,0.0015,0,"[{""name"": ""Top"", ""bestBid"": 0.001, ""bestAsk"": 0.002}]"
562000,0xd10bc768ede58b53ed400594240b0a0603134a32dab89ec823a18759cbc180ca,will-rand-paul-win-the-2028-republican-presidential-nomination,https://polymarket.com/event/will-rand-paul-win-the-2028-republican-presidential-nomination,https://embed.polymarket.com/market.html?market=will-rand-paul-win-the-2028-republican-presidential-nomination&features=volume&theme=light,Will Rand Paul win the 2028 Republican presidential nomination?,united-states,,24h $117 • spread 0.001 • TTR 787.1d,19528546.35530198,117.89,0.0,0.0,2028-11-07T00:00:00+00:00,787.134,1,0.001,-0.997,0.0025,0,"[{""name"": ""Top"", ""bestBid"": 0.002, ""bestAsk"": 0.003}]"
561989,0x0ac23db1e56971022bc7e822b907a2466c618b34104ea72bc9fa95e41c86a9c6,will-ted-cruz-win-the-2028-republican-presidential-nomination,https://polymarket.com/event/will-ted-cruz-win-the-2028-republican-presidential-nomination,https://embed.polymarket.com/market.html?market=will-ted-cruz-win-the-2028-republican-presidential-nomination&features=volume&theme=light,Will Ted Cruz win the 2028 Republican presidential nomination?,united-states,,24h $233 • spread 0.002 • TTR 787.1d,19356290.621237997,233.63,0.0,0.0,2028-11-07T00:00:00+00:00,787.134,1,0.002,-0.982,0.017,0,"[{""name"": ""Top"", ""bestBid"": 0.016, ""bestAsk"": 0.018}]"
561257,0xbbbece074c2d4010e39e39c85ed67b1131180fcea616073c893fb6beaf51d783,will-michelle-obama-win-the-2028-us-presidential-election,https://polymarket.com/event/will-michelle-obama-win-the-2028-us-presidential-election,https://embed.polymarket.com/market.html?market=will-michelle-obama-win-the-2028-us-presidential-election&features=volume&theme=light,Will Michelle Obama win the 2028 US Presidential Election?,president,,"24h $1,569 • spread 0.001 • TTR 787.1d",19236915.638159994,1569.51,0.0,0.0,2028-11-07T00:00:00+00:00,787.134,1,0.001,-0.998,0.0015,0,"[{""name"": ""Top"", ""bestBid"": 0.001, ""bestAsk"": 0.002}]"
561237,0x09ad4955c170d46c6d80b5f554435b19e229ff7dbe55370892b64782336cc3b9,will-andy-beshear-win-the-2028-us-presidential-election,https://polymarket.com/event/will-andy-beshear-win-the-2028-us-presidential-election,https://embed.polymarket.com/market.html?market=will-andy-beshear-win-the-2028-us-presidential-election&features=volume&theme=light,Will Andy Beshear win the 2028 US Presidential Election?,president,,spread 0.001 • TTR 787.1d,19168862.759995,,0.0,0.0,2028-11-07T00:00:00+00:00,787.134,1,0.001,-0.989,0.0105,0,"[{""name"": ""Top"", ""bestBid"": 0.01, ""bestAsk"": 0.011}]"
898424,0xde3d62becec90cd596e01294346786f5a9406a026e105c054d0f7e62cffdcf8f,will-franco-colapinto-be-the-2026-f1-drivers-champion,https://polymarket.com/event/will-franco-colapinto-be-the-2026-f1-drivers-champion,https://embed.polymarket.com/market.html?market=will-franco-colapinto-be-the-2026-f1-drivers-champion&features=volume&theme=light,Will Franco Colapinto be the 2026 F1 Drivers' Champion?,sports,,TTR 85.1d,12224741.901519995,,0.0,0.0,2026-12-06T00:00:00+00:00,85.134,1,,-0.999,,0,"[{""name"": ""Top"", ""bestBid"": null, ""bestAsk"": 0.001}]"
562002,0x7abed80b88301210ee83b7b14ec41bc9a5161e1af07254fbb26c6e2bf7182766,will-erika-kirk-win-the-2028-republican-presidential-nomination,https://polymarket.com/event/will-erika-kirk-win-the-2028-republican-presidential-nomination,https://embed.polymarket.com/market.html?market=will-erika-kirk-win-the-2028-republican-presidential-nomination&features=volume&theme=light,Will Erika Kirk win the 2028 Republican presidential nomination?,united-states,,24h $8 • TTR 787.1d,18944699.433152,8.4,0.0,0.0,2028-11-07T00:00:00+00:00,787.134,1,,-0.999,,0,"[{""name"": ""Top"", ""bestBid"": null, ""bestAsk"": 0.001}]"
898426,0x7a6491e3c906af3657b9b5cf2b371b454f1ddb91b4f4ca3344caaabf424a8056,will-arvid-lindblad-be-the-2026-f1-drivers-champion,https://polymarket.com/event/will-arvid-lindblad-be-the-2026-f1-drivers-champion,https://embed.polymarket.com/market.html?market=will-arvid-lindblad-be-the-2026-f1-drivers-champion&features=volume&theme=light,Will Arvid Lindblad be the 2026 F1 Drivers' Champion?,sports,,TTR 85.1d,12049424.145627003,,0.0,0.0,2026-12-06T00:00:00+00:00,85.134,1,,-0.999,,0,"[{""name"": ""Top"", ""bestBid"": null, ""bestAsk"": 0.001}]"
561263,0x2d3c4fc5cde6dfb43448402b912e41bd4453e3f030448ed026bff8f1a0bc072e,will-eric-trump-win-the-2028-us-presidential-election,https://polymarket.com/event/will-eric-trump-win-the-2028-us-presidential-election,https://embed.polymarket.com/market.html?market=will-eric-trump-win-the-2028-us-presidential-election&features=volume&theme=light,Will Eric Trump win the 2028 US Presidential Election?,president,,"24h $10,065 • TTR 787.1d",18826450.590760995,10065.79,0.0,0.0,2028-11-07T00:00:00+00:00,787.134,1,,-0.999,,0,"[{""name"": ""Top"", ""bestBid"": null, ""bestAsk"": 0.001}]"
559651,0xa467b14d51f01b957109d9cbb1d6c124fab2a089d52ed8f471d23c2812e743b7,xi-jinping-out-before-2027,https://polymarket.com/event/xi-jinping-out-before-2027,https://embed.polymarket.com/market.html?market=xi-jinping-out-before-2027&features=volume&theme=light,Xi Jinping out before 2027?,hfc,,"24h $33,598 • spread 0.001 • TTR 111.3d",13163229.621840985,33598.39,0.0015,3.9474,2027-01-01T04:59:00+00:00,111.342,1,0.001,-0.96,0.0395,0,"[{""name"": ""Top"", ""bestBid"": 0.039, ""bestAsk"": 0.04}]"
2772194,0xefa17dee3af09f69f9ddf245b969aa4efbe7c71cdf06ee49d694408bc33e2ed2,will-shakhtar-donetsk-win-the-2026-27-uefa-champions-league-championship-20260701202025578,https://polymarket.com/event/will-shakhtar-donetsk-win-the-2026-27-uefa-champions-league-championship-20260701202025578,https://embed.polymarket.com/market.html?market=will-shakhtar-donetsk-win-the-2026-27-uefa-champions-league-championship-20260701202025578&features=volume&theme=light,Will Shakhtar Donetsk win the 2026-27 UEFA Champions League Championship?,ucl,,"24h $424,861 • spread 0.001 • TTR 261.1d",16311364.805999996,424861.23,0.0,0.0,2027-05-30T23:59:00+00:00,261.133,1,0.001,-0.998,0.0015,0,"[{""name"": ""Top"", ""bestBid"": 0.001, ""bestAsk"": 0.002}]"
559656,0x61d9486c0f7e14ed98f3b177b6adcb3cd45646c92e8bbfbf209789b86472d4b6,will-wes-moore-win-the-2028-democratic-presidential-nomination-714,https://polymarket.com/event/will-wes-moore-win-the-2028-democratic-presidential-nomination-714,https://embed.polymarket.com/market.html?market=will-wes-moore-win-the-2028-democratic-presidential-nomination-714&features=volume&theme=light,Will Wes Moore win the 2028 Democratic presidential nomination?,united-states,,24h $288 • spread 0.001 • TTR 787.1d,18419021.797281004,288.45,0.0,0.0,2028-11-07T00:00:00+00:00,787.134,1,0.001,-0.984,0.0155,0,"[{""name"": ""Top"", ""bestBid"": 0.015, ""bestAsk"": 0.016}]"
601830,0xd0536d9612e041312235baceac52bde48821e8aad4607533513b3782904b7d49,will-geraldo-alckmin-win-the-2026-brazilian-presidential-election,https://polymarket.com/event/will-geraldo-alckmin-win-the-2026-brazilian-presidential-election,https://embed.polymarket.com/market.html?market=will-geraldo-alckmin-win-the-2026-brazilian-presidential-election&features=volume&theme=light,Will Geraldo Alckmin win the 2026 Brazilian presidential election?,politics,,"24h $10,712 • TTR 22.1d",6246614.754681999,10712.6,-0.001,-66.6667,2026-10-04T00:00:00+00:00,22.134,1,,-0.999,,0,"[{""name"": ""Top"", ""bestBid"": null, ""bestAsk"": 0.001}]"
561230,0x4567b275e6b667a6217f5cb4f06a797d3a1eaf1d0281fb5bc8c75e2046ae7e57,will-gavin-newsom-win-the-2028-us-presidential-election,https://polymarket.com/event/will-gavin-newsom-win-the-2028-us-presidential-election,https://embed.polymarket.com/market.html?market=will-gavin-newsom-win-the-2028-us-presidential-election&features=volume&theme=light,Will Gavin Newsom win the 2028 US Presidential Election?,president,,"24h $9,287 • spread 0.001 • TTR 787.1d",18242125.485236004,9287.01,0.007,9.6552,2028-11-07T00:00:00+00:00,787.134,1,0.001,-0.92,0.0795,0,"[{""name"": ""Top"", ""bestBid"": 0.079, ""bestAsk"": 0.08}]"
898423,0x88d573d2ba5e43e1320cf0eb733452feb4cb4a1d4780dcb05ac6ee6830c2e4c3,will-pierre-gasly-be-the-2026-f1-drivers-champion,https://polymarket.com/event/will-pierre-gasly-be-the-2026-f1-drivers-champion,https://embed.polymarket.com/market.html?market=will-pierre-gasly-be-the-2026-f1-drivers-champion&features=volume&theme=light,Will Pierre Gasly be the 2026 F1 Drivers' Champion?,sports,,TTR 85.1d,11510403.081432007,,0.0,0.0,2026-12-06T00:00:00+00:00,85.134,1,,-0.999,,0,"[{""name"": ""Top"", ""bestBid"": null, ""bestAsk"": 0.001}]"
561985,0x42631e1a8c8e6389422b58b8e15b1b551892b9833651aa3bab25afab124354b5,will-brian-kemp-win-the-2028-republican-presidential-nomination,https://polymarket.com/event/will-brian-kemp-win-the-2028-republican-presidential-nomination,https://embed.polymarket.com/market.html?market=will-brian-kemp-win-the-2028-republican-presidential-nomination&features=volume&theme=light,Will Brian Kemp win the 2028 Republican presidential nomination?,united-states,,24h $288 • spread 0.001 • TTR 787.1d,17935697.297431014,288.12,0.0,0.0,2028-11-07T00:00:00+00:00,787.134,1,0.001,-0.996,0.0035,0,"[{""name"": ""Top"", ""bestBid"": 0.003, ""bestAsk"": 0.004}]"
559668,0x36db77c539bcc8c7bf0686c1b99f30c5a5eed1f53d3b3a27a071550c81f83701,will-mark-kelly-win-the-2028-democratic-presidential-nomination-479,https://polymarket.com/event/will-mark-kelly-win-the-2028-democratic-presidential-nomination-479,https://embed.polymarket.com/market.html?market=will-mark-kelly-win-the-2028-democratic-presidential-nomination-479&features=volume&theme=light,Will Mark Kelly win the 2028 Democratic presidential nomination?,united-states,,"24h $3,643 • spread 0.001 • TTR 787.1d",17532080.51413799,3643.9,0.0,0.0,2028-11-07T00:00:00+00:00,787.134,1,0.001,-0.969,0.0305,0,"[{""name"": ""Top"", ""bestBid"": 0.03, ""bestAsk"": 0.031}]"
559691,0xc720fcfa9e29346a976902f87e0f0f3bdc31d43af501b4fdef4f1780a30dd359,will-chris-murphy-win-the-2028-democratic-presidential-nomination,https://polymarket.com/event/will-chris-murphy-win-the-2028-democratic-presidential-nomination,https://embed.polymarket.com/market.html?market=will-chris-murphy-win-the-2028-democratic-presidential-nomination&features=volume&theme=light,Will Chris Murphy win the 2028 Democratic presidential nomination?,united-states,,"24h $4,678 • spread 0.001 • TTR 787.1d",17267531.024536002,4678.27,0.0,0.0,2028-11-07T00:00:00+00:00,787.134,1,0.001,-0.995,0.0045,0,"[{""name"": ""Top"", ""bestBid"": 0.004, ""bestAsk"": 0.005}]"
898422,0x97b92c6c26b31dc3be183b76b1c39167806611396793eda0edf084d29b76fa46,will-gabriel-bortoleto-be-the-2026-f1-drivers-champion,https://polymarket.com/event/will-gabriel-bortoleto-be-the-2026-f1-drivers-champion,https://embed.polymarket.com/market.html?market=will-gabriel-bortoleto-be-the-2026-f1-drivers-champion&features=volume&theme=light,Will Gabriel Bortoleto be the 2026 F1 Drivers' Champion?,sports,,TTR 85.1d,10925713.748451002,,0.0,0.0,2026-12-06T00:00:00+00:00,85.134,1,,-0.999,,0,"[{""name"": ""Top"", ""bestBid"": null, ""bestAsk"": 0.001}]"
561984,0xc510176cf39d73295354fc797d84b510d050b45d29d6c9735ee18cdbc4fd6463,will-robert-f-kennedy-jr-win-the-2028-republican-presidential-nomination,https://polymarket.com/event/will-robert-f-kennedy-jr-win-the-2028-republican-presidential-nomination,https://embed.polymarket.com/market.html?market=will-robert-f-kennedy-jr-win-the-2028-republican-presidential-nomination&features=volume&theme=light,Will Robert F. Kennedy Jr. win the 2028 Republican presidential nomination?,united-states,,24h $352 • spread 0.001 • TTR 787.1d,16828222.685852,352.9,0.0,0.0,2028-11-07T00:00:00+00:00,787.134,1,0.001,-0.997,0.0025,0,"[{""name"": ""Top"", ""bestBid"": 0.002, ""bestAsk"": 0.003}]"
898425,0xcf72b0f49af9446288a897ac1d73afa72549d98de7860bb17dacc3c4379a2c58,will-liam-lawson-be-the-2026-f1-drivers-champion,https://polymarket.com/event/will-liam-lawson-be-the-2026-f1-drivers-champion,https://embed.polymarket.com/market.html?market=will-liam-lawson-be-the-2026-f1-drivers-champion&features=volume&theme=light,Will Liam Lawson be the 2026 F1 Drivers' Champion?,sports,,TTR 85.1d,10719256.476793997,,0.0,0.0,2026-12-06T00:00:00+00:00,85.134,1,,-0.999,,0,"[{""name"": ""Top"", ""bestBid"": null, ""bestAsk"": 0.001}]"
1472548,0xaa5cdb6830cbfa2ca711b7cf93bd42cf4f8e062d44ea188c0b8ec1fb2924c083,will-reza-pahlavi-lead-iran-in-2026,https://polymarket.com/event/will-reza-pahlavi-lead-iran-in-2026,https://embed.polymarket.com/market.html?market=will-reza-pahlavi-lead-iran-in-2026&features=volume&theme=light,Will Reza Pahlavi lead Iran in 2026?,iran,,24h $430 • spread 0.001 • TTR 111.3d,11746418.030721994,430.2,-0.0005,-1.6667,2027-01-01T04:59:00+00:00,111.342,1,0.001,-0.97,0.0295,0,"[{""name"": ""Top"", ""bestBid"": 0.029, ""bestAsk"": 0.03}]"
666861,0x48b0b0bca515f68fccf95af4793dbd0edbfec1f8ec6e8df2c0f69ba74f8c4722,trump-out-as-president-before-2027,https://polymarket.com/event/trump-out-as-president-before-2027,https://embed.polymarket.com/market.html?market=trump-out-as-president-before-2027&features=volume&theme=light,Trump out as President before 2027?,politics,,"24h $71,280 • spread 0.010 • TTR 111.3d",11528576.757027006,71280.94,0.0,0.0,2027-01-01T04:59:00+00:00,111.342,1,0.01,-0.94,0.055,0,"[{""name"": ""Top"", ""bestBid"": 0.05, ""bestAsk"": 0.06}]"
561229,0x7ad403c3508f8e3912940fd1a913f227591145ca0614074208e0b962d5fcc422,will-jd-vance-win-the-2028-us-presidential-election,https://polymarket.com/event/will-jd-vance-win-the-2028-us-presidential-election,https://embed.polymarket.com/market.html?market=will-jd-vance-win-the-2028-us-presidential-election&features=volume&theme=light,Will JD Vance win the 2028 US Presidential Election?,president,,"24h $12,988 • spread 0.001 • TTR 787.1d",16250302.346531985,12988.86,-0.002,-0.8247,2028-11-07T00:00:00+00:00,787.134,1,0.001,-0.759,0.2405,0,"[{""name"": ""Top"", ""bestBid"": 0.24, ""bestAsk"": 0.241}]"
2176270,0x5c79dfde05559b79a9cb9f7c4187e4d49632dd042572ae676952f812732591cc,strait-of-hormuz-traffic-returns-to-normal-by-december-31,https://polymarket.com/event/strait-of-hormuz-traffic-returns-to-normal-by-december-31,https://embed.polymarket.com/market.html?market=strait-of-hormuz-traffic-returns-to-normal-by-december-31&features=volume&theme=light,Strait of Hormuz traffic returns to normal by December 31?,politics,,"24h $164,540 • spread 0.010 • TTR 110.1d",11388677.392118996,164540.79,0.04,25.8065,2026-12-31T00:00:00+00:00,110.134,1,0.01,-0.8,0.195,0,"[{""name"": ""Top"", ""bestBid"": 0.19, ""bestAsk"": 0.2}]"
601829,0x101d084cd035070abde58d8a3113b78e11ba68028b0d9e7e38ea7d780797aecc,will-camilo-santana-win-the-2026-brazilian-presidential-election,https://polymarket.com/event/will-camilo-santana-win-the-2026-brazilian-presidential-election,https://embed.polymarket.com/market.html?market=will-camilo-santana-win-the-2026-brazilian-presidential-election&features=volume&theme=light,Will Camilo Santana win the 2026 Brazilian presidential election?,politics,,24h $7 • TTR 22.1d,5517459.559657,7.21,0.0,0.0,2026-10-04T00:00:00+00:00,22.134,1,,-0.999,,0,"[{""name"": ""Top"", ""bestBid"": null, ""bestAsk"": 0.001}]"
561981,0xd997dc2a212a7d6673375a3b016db1fb214247142f8cde0cbf07f8e6d789877c,will-vivek-ramaswamy-win-the-2028-republican-presidential-nomination,https://polymarket.com/event/will-vivek-ramaswamy-win-the-2028-republican-presidential-nomination,https://embed.polymarket.com/market.html?market=will-vivek-ramaswamy-win-the-2028-republican-presidential-nomination&features=volume&theme=light,Will Vivek Ramaswamy win the 2028 Republican presidential nomination?,united-states,,spread 0.001 • TTR 787.1d,16107223.296815006,,0.0,0.0,2028-11-07T00:00:00+00:00,787.134,1,0.001,-0.997,0.0025,0,"[{""name"": ""Top"", ""bestBid"": 0.002, ""bestAsk"": 0.003}]"
559663,0xe883f2fda25a605a184bb5fe583afce6cc21ea0b348b6a3728ec3067553c548d,will-jb-pritzker-win-the-2028-democratic-presidential-nomination-288,https://polymarket.com/event/will-jb-pritzker-win-the-2028-democratic-presidential-nomination-288,https://embed.polymarket.com/market.html?market=will-jb-pritzker-win-the-2028-democratic-presidential-nomination-288&features=volume&theme=light,Will J.B. Pritzker win the 2028 Democratic presidential nomination?,united-states,,"24h $4,757 • spread 0.003 • TTR 787.1d",15646680.603791974,4757.72,0.0,0.0,2028-11-07T00:00:00+00:00,787.134,1,0.003,-0.985,0.0135,0,"[{""name"": ""Top"", ""bestBid"": 0.012, ""bestAsk"": 0.015}]"
561974,0x18b1c135d0a40c5894da9412e77311827d9caf16cf4cd6591b247a34730af919,will-jd-vance-win-the-2028-republican-presidential-nomination,https://polymarket.com/event/will-jd-vance-win-the-2028-republican-presidential-nomination,https://embed.polymarket.com/market.html?market=will-jd-vance-win-the-2028-republican-presidential-nomination&features=volume&theme=light,Will J.D. Vance win the 2028 Republican presidential nomination?,united-states,,"24h $8,149 • spread 0.001 • TTR 787.1d • ~50% mid",15600265.208951,8149.57,0.001,0.199,2028-11-07T00:00:00+00:00,787.134,1,0.001,-0.496,0.5035,1,"[{""name"": ""Top"", ""bestBid"": 0.503, ""bestAsk"": 0.504}]"
561236,0xfd6176f8c9a59105f80e060a77c4099881c5f2d9e0ceab88e55cf978462fab7f,will-gretchen-whitmer-win-the-2028-us-presidential-election,https://polymarket.com/event/will-gretchen-whitmer-win-the-2028-us-presidential-election,https://embed.polymarket.com/market.html?market=will-gretchen-whitmer-win-the-2028-us-presidential-election&features=volume&theme=light,Will Gretchen Whitmer win the 2028 US Presidential Election?,president,,24h $868 • spread 0.001 • TTR 787.1d,15578970.152439006,868.47,0.0,0.0,2028-11-07T00:00:00+00:00,787.134,1,0.001,-0.996,0.0035,0,"[{""name"": ""Top"", ""bestBid"": 0.003, ""bestAsk"": 0.004}]"
561979,0x64d31a2af85518c6718a5757a35b840f08eca20c1e22c0eb1e96ec01cc55b8b6,will-ron-desantis-win-the-2028-republican-presidential-nomination,https://polymarket.com/event/will-ron-desantis-win-the-2028-republican-presidential-nomination,https://embed.polymarket.com/market.html?market=will-ron-desantis-win-the-2028-republican-presidential-nomination&features=volume&theme=light,Will Ron DeSantis win the 2028 Republican presidential nomination?,united-states,,"24h $1,252 • spread 0.001 • TTR 787.1d",15507093.098820994,1252.75,0.0,0.0,2028-11-07T00:00:00+00:00,787.134,1,0.001,-0.976,0.0235,0,"[{""name"": ""Top"", ""bestBid"": 0.023, ""bestAsk"": 0.024}]"
559653,0xe6bcc2f1dd025ce5e1833190f7c60a71171c94f805df55b9ab0ded695ec93565,will-alexandria-ocasio-cortez-win-the-2028-democratic-presidential-nomination-653,https://polymarket.com/event/will-alexandria-ocasio-cortez-win-the-2028-democratic-presidential-nomination-653,https://embed.polymarket.com/market.html?market=will-alexandria-ocasio-cortez-win-the-2028-democratic-presidential-nomination-653&features=volume&theme=light,Will Alexandria Ocasio-Cortez win the 2028 Democratic presidential nomination?,united-states,,"24h $1,841 • spread 0.001 • TTR 787.1d",15114631.378227,1841.9,0.0,0.0,2028-11-07T00:00:00+00:00,787.134,1,0.001,-0.806,0.1935,0,"[{""name"": ""Top"", ""bestBid"": 0.193, ""bestAsk"": 0.194}]"
2034729,0xace3c72c24fccb6731433483ece41c780432d84850edccd5a6bf3147ccea62a9,will-the-us-confirm-that-aliens-exist-by-september-30-396,https://polymarket.com/event/will-the-us-confirm-that-aliens-exist-by-september-30-396,https://embed.polymarket.com/market.html?market=will-the-us-confirm-that-aliens-exist-by-september-30-396&features=volume&theme=light,Will the US confirm that aliens exist by September 30?,aliens,,"24h $33,266 • spread 0.003 • TTR 19.3d",4797816.131377,33266.09,0.002,30.7692,2026-10-01T03:59:00+00:00,19.3,1,0.003,-0.99,0.0085,0,"[{""name"": ""Top"", ""bestBid"": 0.007, ""bestAsk"": 0.01}]"
898414,0x80971af8befc488bbdd6dcc075d388793851a0ea1c46f7ffd353b190691c7199,will-isack-hadjar-be-the-2026-f1-drivers-champion,https://polymarket.com/event/will-isack-hadjar-be-the-2026-f1-drivers-champion,https://embed.polymarket.com/market.html?market=will-isack-hadjar-be-the-2026-f1-drivers-champion&features=volume&theme=light,Will Isack Hadjar be the 2026 F1 Drivers' Champion?,sports,,TTR 85.1d,9373117.393226005,,0.0,0.0,2026-12-06T00:00:00+00:00,85.134,1,,-0.999,,0,"[{""name"": ""Top"", ""bestBid"": null, ""bestAsk"": 0.001}]"
4431568,0x9de7b05be5b5ee9ac186a60f558de8d3bcabe74a383c01dd0dd3a426e64240d7,atp-zverev-khachan-2026-09-11,https://polymarket.com/event/atp-zverev-khachan-2026-09-11,https://embed.polymarket.com/market.html?market=atp-zverev-khachan-2026-09-11&features=volume&theme=light,US Open ATP: Alexander Zverev vs Karen Khachanov,tennis,,"24h $3,069,858 • spread 0.010 • TTR 6.9d",3107990.874059994,3069858.82,0.05,6.135,2026-09-18T19:00:00+00:00,6.926,1,0.01,-0.13,0.865,0,"[{""name"": ""Top"", ""bestBid"": 0.86, ""bestAsk"": 0.87}]"
601832,0xafd3f96b7b6084509e625270538ff0699003fafc042263c1216e7f084cef753a,will-aldo-rebelo-win-the-2026-brazilian-presidential-election,https://polymarket.com/event/will-aldo-rebelo-win-the-2026-brazilian-presidential-election,https://embed.polymarket.com/market.html?market=will-aldo-rebelo-win-the-2026-brazilian-presidential-election&features=volume&theme=light,Will Aldo Rebelo win the 2026 Brazilian presidential election?,politics,,TTR 22.1d,4954807.674043001,,0.0,0.0,2026-10-04T00:00:00+00:00,22.134,1,,-0.999,,0,"[{""name"": ""Top"", ""bestBid"": null, ""bestAsk"": 0.001}]"
559669,0x3dc47a72ac6bb265e9cefebd2a2eeed00966394cb2d07245b5c94138b60e82a3,will-rahm-emanuel-win-the-2028-democratic-presidential-nomination-299,https://polymarket.com/event/will-rahm-emanuel-win-the-2028-democratic-presidential-nomination-299,https://embed.polymarket.com/market.html?market=will-rahm-emanuel-win-the-2028-democratic-presidential-nomination-299&features=volume&theme=light,Will Rahm Emanuel win the 2028 Democratic presidential nomination?,united-states,,24h $27 • spread 0.001 • TTR 787.1d,14548147.423985997,27.83,0.0,0.0,2028-11-07T00:00:00+00:00,787.134,1,0.001,-0.974,0.0255,0,"[{""name"": ""Top"", ""bestBid"": 0.025, ""bestAsk"": 0.026}]"
561253,0xd94b47bdeba16ae948bfb147bda059f3543d6fca73291644dfff5268bba7a797,will-tucker-carlson-win-the-2028-us-presidential-election,https://polymarket.com/event/will-tucker-carlson-win-the-2028-us-presidential-election,https://embed.polymarket.com/market.html?market=will-tucker-carlson-win-the-2028-us-presidential-election&features=volume&theme=light,Will Tucker Carlson win the 2028 US Presidential Election?,president,,"24h $2,707 • spread 0.001 • TTR 787.1d",14228144.813639008,2707.6,0.001,7.4074,2028-11-07T00:00:00+00:00,787.134,1,0.001,-0.985,0.0145,0,"[{""name"": ""Top"", ""bestBid"": 0.014, ""bestAsk"": 0.015}]"
908713,0x80b3af88cb991980e8da1ce86b9794a0957f96ec98c29319dd7ba65e9744d82b,fed-rate-hike-in-2026,https://polymarket.com/event/fed-rate-hike-in-2026,https://embed.polymarket.com/market.html?market=fed-rate-hike-in-2026&features=volume&theme=light,Fed rate hike in 2026?,cpi-release,,"24h $196,398 • spread 0.010 • TTR 88.1d",9040514.16234299,196398.5,0.12,15.2866,2026-12-09T00:00:00+00:00,88.134,1,0.01,-0.09,0.905,0,"[{""name"": ""Top"", ""bestBid"": 0.9, ""bestAsk"": 0.91}]"
561976,0x9cd77217b2ab264fe4f6d302f662c0a91f349fe5798f1f98d70bb2311712791b,will-tulsi-gabbard-win-the-2028-republican-presidential-nomination,https://polymarket.com/event/will-tulsi-gabbard-win-the-2028-republican-presidential-nomination,https://embed.polymarket.com/market.html?market=will-tulsi-gabbard-win-the-2028-republican-presidential-nomination&features=volume&theme=light,Will Tulsi Gabbard win the 2028 Republican presidential nomination?,united-states,,"24h $185,328 • spread 0.002 • TTR 787.1d",13951541.697065,185328.45,-0.0005,-9.0909,2028-11-07T00:00:00+00:00,787.134,1,0.002,-0.994,0.005,0,"[{""name"": ""Top"", ""bestBid"": 0.004, ""bestAsk"": 0.006}]"
561996,0x4273517fc8141d57ad1528ede46efdceebdb6a4da746d5de5bad216564209a1e,will-tucker-carlson-win-the-2028-republican-presidential-nomination,https://polymarket.com/event/will-tucker-carlson-win-the-2028-republican-presidential-nomination,https://embed.polymarket.com/market.html?market=will-tucker-carlson-win-the-2028-republican-presidential-nomination&features=volume&theme=light,Will Tucker Carlson win the 2028 Republican presidential nomination?,united-states,,"24h $4,942 • spread 0.002 • TTR 787.1d",13776428.736252997,4942.1,0.0005,1.4493,2028-11-07T00:00:00+00:00,787.134,1,0.002,-0.964,0.035,0,"[{""name"": ""Top"", ""bestBid"": 0.034, ""bestAsk"": 0.036}]"
561244,0x23481b811978194fa175143ed7cd8d0000878ca59c408fd552e33535f7aa771e,will-donald-trump-jr-win-the-2028-us-presidential-election,https://polymarket.com/event/will-donald-trump-jr-win-the-2028-us-presidential-election,https://embed.polymarket.com/market.html?market=will-donald-trump-jr-win-the-2028-us-presidential-election&features=volume&theme=light,Will Donald Trump Jr. win the 2028 US Presidential Election?,president,,24h $96 • spread 0.001 • TTR 787.1d,13724621.408713998,96.17,0.0,0.0,2028-11-07T00:00:00+00:00,787.134,1,0.001,-0.993,0.0065,0,"[{""name"": ""Top"", ""bestBid"": 0.006, ""bestAsk"": 0.007}]"
561231,0xf232b565995e4b3a3e7fa6cef775eeff1cecd20ad7c013cb9fc8dadabfe279a9,will-alexandria-ocasio-cortez-win-the-2028-us-presidential-election,https://polymarket.com/event/will-alexandria-ocasio-cortez-win-the-2028-us-presidential-election,https://embed.polymarket.com/market.html?market=will-alexandria-ocasio-cortez-win-the-2028-us-presidential-election&features=volume&theme=light,Will Alexandria Ocasio-Cortez win the 2028 US Presidential Election?,president,,"24h $7,699 • spread 0.001 • TTR 787.1d",13618767.146387005,7699.96,0.0,0.0,2028-11-07T00:00:00+00:00,787.134,1,0.001,-0.867,0.1325,0,"[{""name"": ""Top"", ""bestBid"": 0.132, ""bestAsk"": 0.133}]"
601836,0x536b507838dcdac8966510d84abb8f1c51362d632ab2023b94e810ba6fdf5cb7,will-augusto-cury-win-the-2026-brazilian-presidential-election,https://polymarket.com/event/will-augusto-cury-win-the-2026-brazilian-presidential-election,https://embed.polymarket.com/market.html?market=will-augusto-cury-win-the-2026-brazilian-presidential-election&features=volume&theme=light,Will Augusto Cury win the 2026 Brazilian presidential election?,politics,,"24h $17,890 • spread 0.001 • TTR 22.1d",4587958.357457003,17890.35,-0.001,-22.2222,2026-10-04T00:00:00+00:00,22.134,1,0.001,-0.996,0.0035,0,"[{""name"": ""Top"", ""bestBid"": 0.003, ""bestAsk"": 0.004}]"
559658,0x909659c9436228e2be56d5582ba6188166f2f8bf3c596335512c8f2e380d01ec,will-kamala-harris-win-the-2028-democratic-presidential-nomination-641,https://polymarket.com/event/will-kamala-harris-win-the-2028-democratic-presidential-nomination-641,https://embed.polymarket.com/market.html?market=will-kamala-harris-win-the-2028-democratic-presidential-nomination-641&features=volume&theme=light,Will Kamala Harris win the 2028 Democratic presidential nomination?,united-states,,"24h $18,346 • spread 0.001 • TTR 787.1d",13192679.705645999,18346.16,-0.001,-1.2739,2028-11-07T00:00:00+00:00,787.134,1,0.001,-0.922,0.0775,0,"[{""name"": ""Top"", ""bestBid"": 0.077, ""bestAsk"": 0.078}]"
559660,0x1d519b87999e3d4e90e1e8f57b5eee73a0ba488ff3fdb70867f294733aba84a9,will-andy-beshear-win-the-2028-democratic-presidential-nomination-832,https://polymarket.com/event/will-andy-beshear-win-the-2028-democratic-presidential-nomination-832,https://embed.polymarket.com/market.html?market=will-andy-beshear-win-the-2028-democratic-presidential-nomination-832&features=volume&theme=light,Will Andy Beshear win the 2028 Democratic presidential nomination?,united-states,,"24h $3,126 • spread 0.001 • TTR 787.1d",13156020.987737002,3126.21,0.0,0.0,2028-11-07T00:00:00+00:00,787.134,1,0.001,-0.973,0.0265,0,"[{""name"": ""Top"", ""bestBid"": 0.026, ""bestAsk"": 0.027}]"
1105750,0x4197bf7e572f1dd731669d33d05532c6d3b8cba71fb83dc69d789110e39c41b4,will-pete-hegseth-be-the-leader-of-venezuela-end-of-2026,https://polymarket.com/event/will-pete-hegseth-be-the-leader-of-venezuela-end-of-2026,https://embed.polymarket.com/market.html?market=will-pete-hegseth-be-the-leader-of-venezuela-end-of-2026&features=volume&theme=light,Will Pete Hegseth be the leader of Venezuela end of 2026?,trump-machado,,24h $580 • spread 0.001 • TTR 110.1d,9192463.195329994,580.58,0.0,0.0,2026-12-31T00:00:00+00:00,110.134,1,0.001,-0.998,0.0015,0,"[{""name"": ""Top"", ""bestBid"": 0.001, ""bestAsk"": 0.002}]"
561241,0xefe6300fd8a053cca53df8f1bd536c5f571a136392c0516e7b16e39f1addecb0,will-jb-pritzker-win-the-2028-us-presidential-election,https://polymarket.com/event/will-jb-pritzker-win-the-2028-us-presidential-election,https://embed.polymarket.com/market.html?market=will-jb-pritzker-win-the-2028-us-presidential-election&features=volume&theme=light,Will JB Pritzker win the 2028 US Presidential Election?,president,,24h $379 • spread 0.001 • TTR 787.1d,12938110.979248006,379.81,0.0,0.0,2028-11-07T00:00:00+00:00,787.134,1,0.001,-0.996,0.0035,0,"[{""name"": ""Top"", ""bestBid"": 0.003, ""bestAsk"": 0.004}]"
559661,0x74dba1ce1ae9dd535414e85f2d9ab5ea32c0fb1acc9b7130b67e6d91217e24e1,will-jon-ossoff-win-the-2028-democratic-presidential-nomination-885,https://polymarket.com/event/will-jon-ossoff-win-the-2028-democratic-presidential-nomination-885,https://embed.polymarket.com/market.html?market=will-jon-ossoff-win-the-2028-democratic-presidential-nomination-885&features=volume&theme=light,Will Jon Ossoff win the 2028 Democratic presidential nomination?,united-states,,"24h $1,092 • spread 0.001 • TTR 787.1d",12884159.637212997,1092.63,0.0,0.0,2028-11-07T00:00:00+00:00,787.134,1,0.001,-0.838,0.1615,0,"[{""name"": ""Top"", ""bestBid"": 0.161, ""bestAsk"": 0.162}]"
561246,0x3367d22cd2a673014f1960742afdf8601040a8ad856dc0a98bd1a44ee99504e2,will-ron-desantis-win-the-2028-us-presidential-election,https://polymarket.com/event/will-ron-desantis-win-the-2028-us-presidential-election,https://embed.polymarket.com/market.html?market=will-ron-desantis-win-the-2028-us-presidential-election&features=volume&theme=light,Will Ron DeSantis win the 2028 US Presidential Election?,president,,24h $791 • spread 0.001 • TTR 787.1d,12578237.593007002,791.54,0.0,0.0,2028-11-07T00:00:00+00:00,787.134,1,0.001,-0.981,0.0185,0,"[{""name"": ""Top"", ""bestBid"": 0.018, ""bestAsk"": 0.019}]"
561235,0xe29b33ef5bf351c8a22bfd79f8b58e62649d54ceee6f9735387cef79f52fecae,will-wes-moore-win-the-2028-us-presidential-election,https://polymarket.com/event/will-wes-moore-win-the-2028-us-presidential-election,https://embed.polymarket.com/market.html?market=will-wes-moore-win-the-2028-us-presidential-election&features=volume&theme=light,Will Wes Moore win the 2028 US Presidential Election?,president,,"24h $1,081 • spread 0.001 • TTR 787.1d",12573520.143174008,1081.05,0.0,0.0,2028-11-07T00:00:00+00:00,787.134,1,0.001,-0.992,0.0075,0,"[{""name"": ""Top"", ""bestBid"": 0.007, ""bestAsk"": 0.008}]"
559686,0x8dbf6b51f302fd401065706245c144e93fe209abce183199433d4484b3ed8aff,will-dwayne-the-rock-johnson-win-the-2028-democratic-presidential-nomination,https://polymarket.com/event/will-dwayne-the-rock-johnson-win-the-2028-democratic-presidential-nomination,https://embed.polymarket.com/market.html?market=will-dwayne-the-rock-johnson-win-the-2028-democratic-presidential-nomination&features=volume&theme=light,Will Dwayne 'The Rock' Johnson win the 2028 Democratic presidential nomination?,united-states,,24h $24 • spread 0.001 • TTR 787.1d,12497625.921582997,24.82,0.0005,4.5455,2028-11-07T00:00:00+00:00,787.134,1,0.001,-0.988,0.0115,0,"[{""name"": ""Top"", ""bestBid"": 0.011, ""bestAsk"": 0.012}]"
3501952,0xaad2727a01e09fd1b0d84e286a63a94998efe35fce83a65a3c58dfa9b54dff33,strait-of-hormuz-traffic-returns-to-normal-by-september-15-20260810150912478,https://polymarket.com/event/strait-of-hormuz-traffic-returns-to-normal-by-september-15-20260810150912478,https://embed.polymarket.com/market.html?market=strait-of-hormuz-traffic-returns-to-normal-by-september-15-20260810150912478&features=volume&theme=light,Strait of Hormuz traffic returns to normal by September 15?,oil,,"24h $305,594 • spread 0.001 • TTR 3.1d",2179643.252583001,305594.79,-0.002,-57.1429,2026-09-15T00:00:00+00:00,3.134,1,0.001,-0.998,0.0015,0,"[{""name"": ""Top"", ""bestBid"": 0.001, ""bestAsk"": 0.002}]"
561234,0x2053d8515f1b8cbeea4ccdb56e60e89c2617e43a8660d95166b8e71d27865277,will-marco-rubio-win-the-2028-us-presidential-election,https://polymarket.com/event/will-marco-rubio-win-the-2028-us-presidential-election,https://embed.polymarket.com/market.html?market=will-marco-rubio-win-the-2028-us-presidential-election&features=volume&theme=light,Will Marco Rubio win the 2028 US Presidential Election?,president,,"24h $8,673 • spread 0.001 • TTR 787.1d",12298183.703859994,8673.48,0.0,0.0,2028-11-07T00:00:00+00:00,787.134,1,0.001,-0.912,0.0875,0,"[{""name"": ""Top"", ""bestBid"": 0.087, ""bestAsk"": 0.088}]"
1130015,0x8c48f3acf4177b5ceb012a8a2dc7a9c219eeae4a032d6ddcbc3c2ffab907439a,will-the-liberal-democratic-party-of-russia-ldpr-gain-the-most-seats-in-the-next-russian-parliamentary-election,https://polymarket.com/event/will-the-liberal-democratic-party-of-russia-ldpr-gain-the-most-seats-in-the-next-russian-parliamentary-election,https://embed.polymarket.com/market.html?market=will-the-liberal-democratic-party-of-russia-ldpr-gain-the-most-seats-in-the-next-russian-parliamentary-election&features=volume&theme=light,Will the Liberal Democratic Party of Russia (LDPR) gain the most seats in the next Russian parliamentary election?,politics,,"24h $43,408 • spread 0.001 • TTR 18.1d",3779032.5442000013,43408.39,-0.0015,-4.6875,2026-09-30T00:00:00+00:00,18.134,1,0.001,-0.969,0.0305,0,"[{""name"": ""Top"", ""bestBid"": 0.03, ""bestAsk"": 0.031}]"
559659,0xe39adea057926dc197fe30a441f57a340b2a232d5a687010f78bba9b6e02620f,will-gretchen-whitmer-win-the-2028-democratic-presidential-nomination-676,https://polymarket.com/event/will-gretchen-whitmer-win-the-2028-democratic-presidential-nomination-676,https://embed.polymarket.com/market.html?market=will-gretchen-whitmer-win-the-2028-democratic-presidential-nomination-676&features=volume&theme=light,Will Gretchen Whitmer win the 2028 Democratic presidential nomination?,united-states,,"24h $11,390 • spread 0.002 • TTR 787.1d",12044582.928322982,11390.14,0.0005,11.1111,2028-11-07T00:00:00+00:00,787.134,1,0.002,-0.994,0.005,0,"[{""name"": ""Top"", ""bestBid"": 0.004, ""bestAsk"": 0.006}]"
559654,0x4c325469d9b516ef4e6b8f73a81a12607dec075e3c2fd454f91765aaeafc4760,will-pete-buttigieg-win-the-2028-democratic-presidential-nomination-687,https://polymarket.com/event/will-pete-buttigieg-win-the-2028-democratic-presidential-nomination-687,https://embed.polymarket.com/market.html?market=will-pete-buttigieg-win-the-2028-democratic-presidential-nomination-687&features=volume&theme=light,Will Pete Buttigieg win the 2028 Democratic presidential nomination?,united-states,,24h $46 • spread 0.001 • TTR 787.1d,11987765.151215002,46.97,0.0,0.0,2028-11-07T00:00:00+00:00,787.134,1,0.001,-0.943,0.0565,0,"[{""name"": ""Top"", ""bestBid"": 0.056, ""bestAsk"": 0.057}]"
562802,0xd5d9fc47718bd553592d126b1fa5e87183d27f3936975b0c04cc0f2dec1f1bb4,will-the-democratic-party-control-the-house-after-the-2026-midterm-elections,https://polymarket.com/event/will-the-democratic-party-control-the-house-after-the-2026-midterm-elections,https://embed.polymarket.com/market.html?market=will-the-democratic-party-control-the-house-after-the-2026-midterm-elections&features=volume&theme=light,Will the Democratic Party control the House after the 2026 Midterm elections?,parent-for-derivative,,"24h $165,128 • spread 0.010 • TTR 52.1d",6213791.054451003,165128.71,0.01,1.1561,2026-11-03T00:00:00+00:00,52.134,1,0.01,-0.12,0.875,0,"[{""name"": ""Top"", ""bestBid"": 0.87, ""bestAsk"": 0.88}]"
637002,0x962e5b226a77266ab429029ee04665e8fcfeb10b91af593786ceab871d2e945f,will-donald-trump-win-the-nobel-peace-prize-in-2026-382,https://polymarket.com/event/will-donald-trump-win-the-nobel-peace-prize-in-2026-382,https://embed.polymarket.com/market.html?market=will-donald-trump-win-the-nobel-peace-prize-in-2026-382&features=volume&theme=light,Will Donald Trump win the Nobel Peace Prize in 2026?,awards,,"24h $3,887 • spread 0.002 • TTR 28.1d",4529152.792491001,3887.98,0.0015,9.6774,2026-10-10T00:00:00+00:00,28.134,1,0.002,-0.982,0.017,0,"[{""name"": ""Top"", ""bestBid"": 0.016, ""bestAsk"": 0.018}]"
601833,0xae7dd99bf126b033b77af2553a98b97e1190fd7bdddd5a792ca2791ae23e4d13,will-tereza-cristina-win-the-2026-brazilian-presidential-election,https://polymarket.com/event/will-tereza-cristina-win-the-2026-brazilian-presidential-election,https://embed.polymarket.com/market.html?market=will-tereza-cristina-win-the-2026-brazilian-presidential-election&features=volume&theme=light,Will Tereza Cristina win the 2026 Brazilian presidential election?,politics,,24h $9 • TTR 22.1d,4012063.056596001,9.2,0.0,0.0,2026-10-04T00:00:00+00:00,22.134,1,,-0.999,,0,"[{""name"": ""Top"", ""bestBid"": null, ""bestAsk"": 0.001}]"
616902,0xd4e77ba6f29fc093509d24f508631abd445ecf506bbdc9c4c80e60256a318527,will-no-fed-rate-cuts-happen-in-2026,https://polymarket.com/event/will-no-fed-rate-cuts-happen-in-2026,https://embed.polymarket.com/market.html?market=will-no-fed-rate-cuts-happen-in-2026&features=volume&theme=light,Will no Fed rate cuts happen in 2026?,rewards-200-4pt5-50,,"24h $22,811 • spread 0.001 • TTR 110.1d",8252518.153782,22811.4,0.004,0.4308,2026-12-31T00:00:00+00:00,110.134,1,0.001,-0.067,0.9325,0,"[{""name"": ""Top"", ""bestBid"": 0.932, ""bestAsk"": 0.933}]"
601835,0xe7567eb9c84e1f859a7e18f1042c724dbf57c3cc0459b312bee22156a57e60ea,will-pablo-marcal-win-the-2026-brazilian-presidential-election,https://polymarket.com/event/will-pablo-marcal-win-the-2026-brazilian-presidential-election,https://embed.polymarket.com/market.html?market=will-pablo-marcal-win-the-2026-brazilian-presidential-election&features=volume&theme=light,Will Pablo Marçal win the 2026 Brazilian presidential election?,politics,,"24h $40,545 • TTR 22.1d",3967449.1922280006,40545.81,0.0,0.0,2026-10-04T00:00:00+00:00,22.134,1,,-0.999,,0,"[{""name"": ""Top"", ""bestBid"": null, ""bestAsk"": 0.001}]"
694936,0x733a3bb1f78a42bdf60092866ceb931664fb1dae1d66d3a6d2cf7b72cec96400,will-nebius-group-be-acquired-before-2027-514-765,https://polymarket.com/event/will-nebius-group-be-acquired-before-2027-514-765,https://embed.polymarket.com/market.html?market=will-nebius-group-be-acquired-before-2027-514-765&features=volume&theme=light,Will Nebius Group be acquired before 2027?,business,,24h $1 • spread 0.001 • TTR 111.3d,7956366.80819,1.42,0.0,0.0,2027-01-01T04:59:00+00:00,111.342,1,0.001,-0.963,0.0365,0,"[{""name"": ""Top"", ""bestBid"": 0.036, ""bestAsk"": 0.037}]"
559694,0x20d0bc282552ac5ec6f61cd7101cb42a5948cae07e7651bdf40ede1a8b2c5eac,will-ro-khanna-win-the-2028-democratic-presidential-nomination,https://polymarket.com/event/will-ro-khanna-win-the-2028-democratic-presidential-nomination,https://embed.polymarket.com/market.html?market=will-ro-khanna-win-the-2028-democratic-presidential-nomination&features=volume&theme=light,Will Ro Khanna win the 2028 Democratic presidential nomination?,united-states,,"24h $1,647 • spread 0.001 • TTR 787.1d",11266149.666875998,1647.77,-0.002,-10.8108,2028-11-07T00:00:00+00:00,787.134,1,0.001,-0.983,0.0165,0,"[{""name"": ""Top"", ""bestBid"": 0.016, ""bestAsk"": 0.017}]"
789953,0x8aaaca6ea5c037d3cdfe85272ab9029b7165694dcae8af0de5071f01a1a944f0,will-afd-win-the-most-seats-in-the-2026-berlin-state-elections,https://polymarket.com/event/will-afd-win-the-most-seats-in-the-2026-berlin-state-elections,https://embed.polymarket.com/market.html?market=will-afd-win-the-most-seats-in-the-2026-berlin-state-elections&features=volume&theme=light,Will AfD win the most seats in the 2026 Berlin state elections?,world-elections,,"24h $11,688 • spread 0.008 • TTR 8.1d",2460364.7119780006,11688.48,-0.056,-39.7163,2026-09-20T00:00:00+00:00,8.134,1,0.008,-0.911,0.085,0,"[{""name"": ""Top"", ""bestBid"": 0.081, ""bestAsk"": 0.089}]"
561258,0xa9549c44687993a9a154347c6907092341459b927efaa3f2b49009ca2c4e40a1,will-jamie-dimon-win-the-2028-us-presidential-election,https://polymarket.com/event/will-jamie-dimon-win-the-2028-us-presidential-election,https://embed.polymarket.com/market.html?market=will-jamie-dimon-win-the-2028-us-presidential-election&features=volume&theme=light,Will Jamie Dimon win the 2028 US Presidential Election?,president,,24h $244 • spread 0.001 • TTR 787.1d,10951452.749173999,244.41,0.0,0.0,2028-11-07T00:00:00+00:00,787.134,1,0.001,-0.994,0.0055,0,"[{""name"": ""Top"", ""bestBid"": 0.005, ""bestAsk"": 0.006}]"
561259,0xb314f5dbf75919a34d4997e8b22e6793505e3377a690eaa11a75a2547e926bee,will-ro-khanna-win-the-2028-us-presidential-election,https://polymarket.com/event/will-ro-khanna-win-the-2028-us-presidential-election,https://embed.polymarket.com/market.html?market=will-ro-khanna-win-the-2028-us-presidential-election&features=volume&theme=light,Will Ro Khanna win the 2028 US Presidential Election?,president,,24h $153 • spread 0.001 • TTR 787.1d,10781191.335042,153.38,0.0,0.0,2028-11-07T00:00:00+00:00,787.134,1,0.001,-0.99,0.0095,0,"[{""name"": ""Top"", ""bestBid"": 0.009, ""bestAsk"": 0.01}]"
898409,0x6eec2b6b1c8d62aaacda46471e8caf7320f4ea9235f5ee87cba970a32a4e6985,will-lando-norris-be-the-2026-f1-drivers-champion,https://polymarket.com/event/will-lando-norris-be-the-2026-f1-drivers-champion,https://embed.polymarket.com/market.html?market=will-lando-norris-be-the-2026-f1-drivers-champion&features=volume&theme=light,Will Lando Norris be the 2026 F1 Drivers' Champion?,sports,,"24h $4,798 • spread 0.001 • TTR 85.1d",6808164.008642999,4798.22,0.001,4.2553,2026-12-06T00:00:00+00:00,85.134,1,0.001,-0.975,0.0245,0,"[{""name"": ""Top"", ""bestBid"": 0.024, ""bestAsk"": 0.025}]"
559695,0xb91be12388b3d4079c3ed9b5783cb42d8c33051d37746a49300227e0f45fc089,will-james-talarico-win-the-2028-democratic-presidential-nomination,https://polymarket.com/event/will-james-talarico-win-the-2028-democratic-presidential-nomination,https://embed.polymarket.com/market.html?market=will-james-talarico-win-the-2028-democratic-presidential-nomination&features=volume&theme=light,Will James Talarico win the 2028 Democratic presidential nomination?,united-states,,24h $665 • spread 0.001 • TTR 787.1d,10638875.185310997,665.57,0.0,0.0,2028-11-07T00:00:00+00:00,787.134,1,0.001,-0.975,0.0245,0,"[{""name"": ""Top"", ""bestBid"": 0.024, ""bestAsk"": 0.025}]"
561975,0x21ad31a46bfaa51650766eff6dc69c866959e32d965ffb116020e37694b6317d,will-marco-rubio-win-the-2028-republican-presidential-nomination,https://polymarket.com/event/will-marco-rubio-win-the-2028-republican-presidential-nomination,https://embed.polymarket.com/market.html?market=will-marco-rubio-win-the-2028-republican-presidential-nomination&features=volume&theme=light,Will Marco Rubio win the 2028 Republican presidential nomination?,united-states,,"24h $1,990 • spread 0.002 • TTR 787.1d",10569418.699631002,1990.57,-0.001,-0.5362,2028-11-07T00:00:00+00:00,787.134,1,0.002,-0.813,0.186,0,"[{""name"": ""Top"", ""bestBid"": 0.185, ""bestAsk"": 0.187}]"
1193095,0x86fa2351e7a9469fd8bcd9a28ad5e300a59c3764747ad1eb7d6248546efbabfd,will-jimmie-kesson-be-the-next-prime-minister-of-sweden,https://polymarket.com/event/will-jimmie-kesson-be-the-next-prime-minister-of-sweden,https://embed.polymarket.com/market.html?market=will-jimmie-kesson-be-the-next-prime-minister-of-sweden&features=volume&theme=light,Will Jimmie Åkesson be the next Prime Minister of Sweden?,elections,,"24h $41,277 • spread 0.012 • TTR 1.1d",1626875.2622940002,41277.77,0.004,80.0,2026-09-13T00:00:00+00:00,1.134,1,0.012,-0.985,0.009,0,"[{""name"": ""Top"", ""bestBid"": 0.003, ""bestAsk"": 0.015}]"
561980,0xd7a0d72b19ca48b06b0029684677f581e32f133c367d7a19c2f1e4ad07066af7,will-nikki-haley-win-the-2028-republican-presidential-nomination,https://polymarket.com/event/will-nikki-haley-win-the-2028-republican-presidential-nomination,https://embed.polymarket.com/market.html?market=will-nikki-haley-win-the-2028-republican-presidential-nomination&features=volume&theme=light,Will Nikki Haley win the 2028 Republican presidential nomination?,united-states,,"24h $5,557 • spread 0.001 • TTR 787.1d",10382927.922271999,5557.68,0.001,200.0,2028-11-07T00:00:00+00:00,787.134,1,0.001,-0.998,0.0015,0,"[{""name"": ""Top"", ""bestBid"": 0.001, ""bestAsk"": 0.002}]"
562006,0xca68152902c3581ab42feb04921b8b1cd3c4e80d06f255ae077259fca0bba15c,will-eric-trump-win-the-2028-republican-presidential-nomination,https://polymarket.com/event/will-eric-trump-win-the-2028-republican-presidential-nomination,https://embed.polymarket.com/market.html?market=will-eric-trump-win-the-2028-republican-presidential-nomination&features=volume&theme=light,Will Eric Trump win the 2028 Republican presidential nomination?,united-states,,"24h $8,371 • spread 0.001 • TTR 787.1d",10366802.770643992,8371.48,0.0,0.0,2028-11-07T00:00:00+00:00,787.134,1,0.001,-0.998,0.0015,0,"[{""name"": ""Top"", ""bestBid"": 0.001, ""bestAsk"": 0.002}]"
561264,0xea649be6ea3447f3c145a173883c68a89faf4edda1f85109b76baa93b3ee7a87,will-pete-hegseth-win-the-2028-us-presidential-election,https://polymarket.com/event/will-pete-hegseth-win-the-2028-us-presidential-election,https://embed.polymarket.com/market.html?market=will-pete-hegseth-win-the-2028-us-presidential-election&features=volume&theme=light,Will Pete Hegseth win the 2028 US Presidential Election?,president,,"24h $1,121 • TTR 787.1d",10337984.656486003,1121.0,0.0,0.0,2028-11-07T00:00:00+00:00,787.134,1,,-0.999,,0,"[{""name"": ""Top"", ""bestBid"": null, ""bestAsk"": 0.001}]"
898410,0x1c373746c204f7437cb212d2bcfbc5fdf0f0263ae9b470dd92c676d4c2c5ba03,will-oscar-piastri-be-the-2026-f1-drivers-champion,https://polymarket.com/event/will-oscar-piastri-be-the-2026-f1-drivers-champion,https://embed.polymarket.com/market.html?market=will-oscar-piastri-be-the-2026-f1-drivers-champion&features=volume&theme=light,Will Oscar Piastri be the 2026 F1 Drivers' Champion?,sports,,24h $41 • TTR 85.1d,6492652.127878999,41.15,0.0,0.0,2026-12-06T00:00:00+00:00,85.134,1,,-0.998,,0,"[{""name"": ""Top"", ""bestBid"": null, ""bestAsk"": 0.002}]"
561243,0xce9a5fa30fe74e323b4a8f15afbb0b7a41a537aa880779ddf7dee22223b2f34a,will-donald-trump-win-the-2028-us-presidential-election,https://polymarket.com/event/will-donald-trump-win-the-2028-us-presidential-election,https://embed.polymarket.com/market.html?market=will-donald-trump-win-the-2028-us-presidential-election&features=volume&theme=light,Will Donald Trump win the 2028 US Presidential Election?,president,,"24h $2,539 • spread 0.003 • TTR 787.1d",10151341.841233008,2539.88,0.002,10.8108,2028-11-07T00:00:00+00:00,787.134,1,0.003,-0.978,0.0205,0,"[{""name"": ""Top"", ""bestBid"": 0.019, ""bestAsk"": 0.022}]"
559655,0xd65891729ce093cc12236856837eba1a0872fc7998fd4294c21346f7db68079c,will-josh-shapiro-win-the-2028-democratic-presidential-nomination-977,https://polymarket.com/event/will-josh-shapiro-win-the-2028-democratic-presidential-nomination-977,https://embed.polymarket.com/market.html?market=will-josh-shapiro-win-the-2028-democratic-presidential-nomination-977&features=volume&theme=light,Will Josh Shapiro win the 2028 Democratic presidential nomination?,united-states,,24h $251 • spread 0.001 • TTR 787.1d,9879650.257845996,251.93,0.0,0.0,2028-11-07T00:00:00+00:00,787.134,1,0.001,-0.936,0.0635,0,"[{""name"": ""Top"", ""bestBid"": 0.063, ""bestAsk"": 0.064}]"
1088475,0x39b718f6e0a66a3ae5e459e76c74a694b521eaff5f6015857d1d191f1fc03c61,will-alexander-zverev-win-the-2026-mens-us-open,https://polymarket.com/event/will-alexander-zverev-win-the-2026-mens-us-open,https://embed.polymarket.com/market.html?market=will-alexander-zverev-win-the-2026-mens-us-open&features=volume&theme=light,Will Alexander Zverev win the 2026 Men's US Open?,us-open,,"24h $240,153 • spread 0.016 • TTR 1.1d • ~50% mid",1533244.5986289997,240153.96,0.0405,7.949,2026-09-13T00:00:00+00:00,1.134,1,0.016,-0.444,0.548,1,"[{""name"": ""Top"", ""bestBid"": 0.54, ""bestAsk"": 0.556}]"
1130017,0x2636a06ef9192d50bf0100bf8c857cfe346e8b230978056f2857cb69276e5c46,will-rodina-gain-the-most-seats-in-the-next-russian-parliamentary-election,https://polymarket.com/event/will-rodina-gain-the-most-seats-in-the-next-russian-parliamentary-election,https://embed.polymarket.com/market.html?market=will-rodina-gain-the-most-seats-in-the-next-russian-parliamentary-election&features=volume&theme=light,Will Rodina gain the most seats in the next Russian parliamentary election?,politics,,TTR 18.1d,3022612.2046440006,,0.0,0.0,2026-09-30T00:00:00+00:00,18.134,1,,-0.999,,0,"[{""name"": ""Top"", ""bestBid"": null, ""bestAsk"": 0.001}]"
701502,0x024b68f77bfc019341ee3db8f57c103334e4b9430bba4746d8c94aafd8b36fee,will-bitcoin-dip-to-45000-by-december-31-2026-674-923-755-971-998-525-926-245-316-517-544-589-965-923-986-841-815-224-586-231-289-533-573,https://polymarket.com/event/will-bitcoin-dip-to-45000-by-december-31-2026-674-923-755-971-998-525-926-245-316-517-544-589-965-923-986-841-815-224-586-231-289-533-573,https://embed.polymarket.com/market.html?market=will-bitcoin-dip-to-45000-by-december-31-2026-674-923-755-971-998-525-926-245-316-517-544-589-965-923-986-841-815-224-586-231-289-533-573&features=volume&theme=light,"Will Bitcoin dip to $45,000 by December 31, 2026?",bitcoin,,"24h $56,032 • spread 0.020 • TTR 111.3d",6819089.632992,56032.37,-0.005,-5.2632,2027-01-01T05:00:00+00:00,111.342,1,0.02,-0.9,0.09,0,"[{""name"": ""Top"", ""bestBid"": 0.08, ""bestAsk"": 0.1}]"
561978,0x4a9d58d4da874e26708f5bdb014eb07a06aeebb927068d169d43831595386557,will-donald-trump-jr-win-the-2028-republican-presidential-nomination,https://polymarket.com/event/will-donald-trump-jr-win-the-2028-republican-presidential-nomination,https://embed.polymarket.com/market.html?market=will-donald-trump-jr-win-the-2028-republican-presidential-nomination&features=volume&theme=light,Will Donald Trump Jr. win the 2028 Republican presidential nomination?,united-states,,24h $379 • spread 0.001 • TTR 787.1d,9649660.516246999,379.28,0.0,0.0,2028-11-07T00:00:00+00:00,787.134,1,0.001,-0.984,0.0155,0,"[{""name"": ""Top"", ""bestBid"": 0.015, ""bestAsk"": 0.016}]"
3128887,0x30174f3f46398e37c96a07b45916e01eab9a8a854ecb624ac73a91a8490fd074,us-announces-end-of-iranian-blockade-by-september-30-2026-20260727171615364-722-649-646-561-213-644-414-831,https://polymarket.com/event/us-announces-end-of-iranian-blockade-by-september-30-2026-20260727171615364-722-649-646-561-213-644-414-831,https://embed.polymarket.com/market.html?market=us-announces-end-of-iranian-blockade-by-september-30-2026-20260727171615364-722-649-646-561-213-644-414-831&features=volume&theme=light,"US announces end of Iranian blockade by September 30, 2026?",iran,,"24h $78,319 • spread 0.010 • TTR 19.3d",3068368.9031649996,78319.58,0.06,41.3793,2026-10-01T03:59:00+00:00,19.3,1,0.01,-0.79,0.205,0,"[{""name"": ""Top"", ""bestBid"": 0.2, ""bestAsk"": 0.21}]"
898413,0x696576c9b20d20a71e0acd6f84d215f129fa361ed544b0df14f1ae540d84059f,will-max-verstappen-be-the-2026-f1-drivers-champion,https://polymarket.com/event/will-max-verstappen-be-the-2026-f1-drivers-champion,https://embed.polymarket.com/market.html?market=will-max-verstappen-be-the-2026-f1-drivers-champion&features=volume&theme=light,Will Max Verstappen be the 2026 F1 Drivers' Champion?,sports,,"24h $2,651 • spread 0.002 • TTR 85.1d",6151764.036135999,2651.84,-0.001,-20.0,2026-12-06T00:00:00+00:00,85.134,1,0.002,-0.995,0.004,0,"[{""name"": ""Top"", ""bestBid"": 0.003, ""bestAsk"": 0.005}]"
561973,0x895e01dbf3e6a33cd9a44ca0f8cdb5df1bd2b0b6ebed5300d28f8da7145145e4,will-donald-trump-win-the-2028-republican-presidential-nomination,https://polymarket.com/event/will-donald-trump-win-the-2028-republican-presidential-nomination,https://embed.polymarket.com/market.html?market=will-donald-trump-win-the-2028-republican-presidential-nomination&features=volume&theme=light,Will Donald Trump win the 2028 Republican presidential nomination?,united-states,,24h $640 • spread 0.001 • TTR 787.1d,9543235.965907997,640.23,0.0,0.0,2028-11-07T00:00:00+00:00,787.134,1,0.001,-0.98,0.0195,0,"[{""name"": ""Top"", ""bestBid"": 0.019, ""bestAsk"": 0.02}]"
1130016,0xc9615bb82d6535d630ff98e8094060bc767d8b9446516e98f84d2001a35e50e7,will-new-people-nl-gain-the-most-seats-in-the-next-russian-parliamentary-election,https://polymarket.com/event/will-new-people-nl-gain-the-most-seats-in-the-next-russian-parliamentary-election,https://embed.polymarket.com/market.html?market=will-new-people-nl-gain-the-most-seats-in-the-next-russian-parliamentary-election&features=volume&theme=light,Will New People (NL) gain the most seats in the next Russian parliamentary election?,politics,,"24h $55,166 • spread 0.005 • TTR 18.1d",2896229.4198460015,55166.68,-0.0315,-15.3659,2026-09-30T00:00:00+00:00,18.134,1,0.005,-0.824,0.1735,0,"[{""name"": ""Top"", ""bestBid"": 0.171, ""bestAsk"": 0.176}]"
562008,0x5f3b3456b2d6ef0d6f15d7492162725057be78d738d2465456e2835f1d89046c,will-pete-hegseth-win-the-2028-republican-presidential-nomination,https://polymarket.com/event/will-pete-hegseth-win-the-2028-republican-presidential-nomination,https://embed.polymarket.com/market.html?market=will-pete-hegseth-win-the-2028-republican-presidential-nomination&features=volume&theme=light,Will Pete Hegseth win the 2028 Republican presidential nomination?,united-states,,"24h $1,179 • spread 0.002 • TTR 787.1d",9352599.506892001,1179.05,0.0,0.0,2028-11-07T00:00:00+00:00,787.134,1,0.002,-0.994,0.005,0,"[{""name"": ""Top"", ""bestBid"": 0.004, ""bestAsk"": 0.006}]"
716942,0x1d916047bbca1be9808076a0590c17ff113fb92986a4b4bc7f0f962642158827,will-there-be-at-least-10000-measles-cases-in-the-us-in-2026-418-668-617-245-787,https://polymarket.com/event/will-there-be-at-least-10000-measles-cases-in-the-us-in-2026-418-668-617-245-787,https://embed.polymarket.com/market.html?market=will-there-be-at-least-10000-measles-cases-in-the-us-in-2026-418-668-617-245-787&features=volume&theme=light,Will there be at least 10000 measles cases in the U.S. in 2026?,rewards-20-4pt5-50,,24h $34 • spread 0.006 • TTR 111.3d,6524589.862463991,34.4,0.0,0.0,2027-01-01T04:59:00+00:00,111.342,1,0.006,-0.93,0.067,0,"[{""name"": ""Top"", ""bestBid"": 0.064, ""bestAsk"": 0.07}]"
628955,0x8d62f20324e9e7f1a3c663ab6aac9a2f6e7adb96c6a69ac2cea7e08a71a7f2ef,will-tom-steyer-win-the-california-governor-election-in-2026,https://polymarket.com/event/will-tom-steyer-win-the-california-governor-election-in-2026,https://embed.polymarket.com/market.html?market=will-tom-steyer-win-the-california-governor-election-in-2026&features=volume&theme=light,Will Tom Steyer win the California Governor Election in 2026?,california-midterm,,24h $1 • TTR 52.1d,4792563.145603999,1.9,0.0,0.0,2026-11-03T00:00:00+00:00,52.134,1,,-0.998,,0,"[{""name"": ""Top"", ""bestBid"": null, ""bestAsk"": 0.002}]"
1469737,0x25fb28382075f418a944a781a9f8840e2f541152eea0d9798d1cabfa1466adbb,will-mojtaba-khamenei-be-head-of-state-in-iran-end-of-2026,https://polymarket.com/event/will-mojtaba-khamenei-be-head-of-state-in-iran-end-of-2026,https://embed.polymarket.com/market.html?market=will-mojtaba-khamenei-be-head-of-state-in-iran-end-of-2026&features=volume&theme=light,Will Mojtaba Khamenei be head of state in Iran end of 2026?,middle-east,,"24h $3,721 • spread 0.003 • TTR 110.1d",6481772.405813,3721.86,-0.004,-0.4698,2026-12-31T00:00:00+00:00,110.134,1,0.003,-0.151,0.8475,0,"[{""name"": ""Top"", ""bestBid"": 0.846, ""bestAsk"": 0.849}]"
562803,0x4e4f77e7dbf4cab666e9a1943674d7ae66348e862df03ea6f44b11eb95731928,will-the-republican-party-control-the-house-after-the-2026-midterm-elections,https://polymarket.com/event/will-the-republican-party-control-the-house-after-the-2026-midterm-elections,https://embed.polymarket.com/market.html?market=will-the-republican-party-control-the-house-after-the-2026-midterm-elections&features=volume&theme=light,Will the Republican Party control the House after the 2026 Midterm elections?,parent-for-derivative,,"24h $168,675 • spread 0.010 • TTR 52.1d",4654881.767954999,168675.98,-0.01,-6.8966,2026-11-03T00:00:00+00:00,52.134,1,0.01,-0.86,0.135,0,"[{""name"": ""Top"", ""bestBid"": 0.13, ""bestAsk"": 0.14}]"
561239,0xb3298af85e00aafad937c119444a5f2800a55343b7482eb75581f6e454432501,will-kamala-harris-win-the-2028-us-presidential-election,https://polymarket.com/event/will-kamala-harris-win-the-2028-us-presidential-election,https://embed.polymarket.com/market.html?market=will-kamala-harris-win-the-2028-us-presidential-election&features=volume&theme=light,Will Kamala Harris win the 2028 US Presidential Election?,president,,"24h $7,880 • spread 0.002 • TTR 787.1d",8968731.309325,7880.95,0.0005,1.3699,2028-11-07T00:00:00+00:00,787.134,1,0.002,-0.962,0.037,0,"[{""name"": ""Top"", ""bestBid"": 0.036, ""bestAsk"": 0.038}]"
562007,0xf2cb33c6634ee4676b642e728715c68441fb8d8c90f730ba0b5c3cd1f436a4be,will-joe-kent-win-the-2028-republican-presidential-nomination,https://polymarket.com/event/will-joe-kent-win-the-2028-republican-presidential-nomination,https://embed.polymarket.com/market.html?market=will-joe-kent-win-the-2028-republican-presidential-nomination&features=volume&theme=light,Will Joe Kent win the 2028 Republican presidential nomination?,united-states,,24h $778 • spread 0.001 • TTR 787.1d,8926744.15354,778.32,0.0,0.0,2028-11-07T00:00:00+00:00,787.134,1,0.001,-0.998,0.0015,0,"[{""name"": ""Top"", ""bestBid"": 0.001, ""bestAsk"": 0.002}]"
2170255,0x95fc6a4ed7f6856d26aa7f21b9f902d05c9cf76b616fd3463de4d147f7a9126b,bab-el-mandeb-strait-effectively-closed-by-september-30-999-671-939,https://polymarket.com/event/bab-el-mandeb-strait-effectively-closed-by-september-30-999-671-939,https://embed.polymarket.com/market.html?market=bab-el-mandeb-strait-effectively-closed-by-september-30-999-671-939&features=volume&theme=light,Bab el-Mandeb Strait effectively closed by September 30?,politics,,"24h $186,906 • spread 0.003 • TTR 19.3d",2780170.57648,186906.44,0.0115,13.0682,2026-10-01T03:59:00+00:00,19.3,1,0.003,-0.899,0.0995,0,"[{""name"": ""Top"", ""bestBid"": 0.098, ""bestAsk"": 0.101}]"
561977,0xd0c4c60c8e68ee15974df3aa7d217225e98020fab9fcdb32d10f8e3d285e1619,will-glenn-youngkin-win-the-2028-republican-presidential-nomination,https://polymarket.com/event/will-glenn-youngkin-win-the-2028-republican-presidential-nomination,https://embed.polymarket.com/market.html?market=will-glenn-youngkin-win-the-2028-republican-presidential-nomination&features=volume&theme=light,Will Glenn Youngkin win the 2028 Republican presidential nomination?,united-states,,24h $6 • spread 0.001 • TTR 787.1d,8717020.555283003,6.48,0.0,0.0,2028-11-07T00:00:00+00:00,787.134,1,0.001,-0.995,0.0045,0,"[{""name"": ""Top"", ""bestBid"": 0.004, ""bestAsk"": 0.005}]"
561998,0x4f02b9cf70e514964fcb9aa2f7873d2b0d1aa0986da096cce7e6687e78da00f3,will-ivanka-trump-win-the-2028-republican-presidential-nomination,https://polymarket.com/event/will-ivanka-trump-win-the-2028-republican-presidential-nomination,https://embed.polymarket.com/market.html?market=will-ivanka-trump-win-the-2028-republican-presidential-nomination&features=volume&theme=light,Will Ivanka Trump win the 2028 Republican presidential nomination?,united-states,,24h $410 • spread 0.001 • TTR 787.1d,8558789.492591005,410.6,0.0,0.0,2028-11-07T00:00:00+00:00,787.134,1,0.001,-0.991,0.0085,0,"[{""name"": ""Top"", ""bestBid"": 0.008, ""bestAsk"": 0.009}]"
559696,0x6685b25cc7c89032efcdf81eb27fdc6bbf04a3e4299bcd99c9f3d62c8471001e,will-graham-platner-win-the-2028-democratic-presidential-nomination,https://polymarket.com/event/will-graham-platner-win-the-2028-democratic-presidential-nomination,https://embed.polymarket.com/market.html?market=will-graham-platner-win-the-2028-democratic-presidential-nomination&features=volume&theme=light,Will Graham Platner win the 2028 Democratic presidential nomination?,united-states,,24h $12 • TTR 787.1d,8523118.089158002,12.64,0.0,0.0,2028-11-07T00:00:00+00:00,787.134,1,,-0.999,,0,"[{""name"": ""Top"", ""bestBid"": null, ""bestAsk"": 0.001}]"
701501,0x752fa61c93f16c4b15e85b0bd438d9c684176b0ea7b319a84c8aca34616e8a8c,will-bitcoin-dip-to-55000-by-december-31-2026-527-627-868-745-188-361-314-673-612-946-821-624-855-557-684-381-884-939-182-939-516,https://polymarket.com/event/will-bitcoin-dip-to-55000-by-december-31-2026-527-627-868-745-188-361-314-673-612-946-821-624-855-557-684-381-884-939-182-939-516,https://embed.polymarket.com/market.html?market=will-bitcoin-dip-to-55000-by-december-31-2026-527-627-868-745-188-361-314-673-612-946-821-624-855-557-684-381-884-939-182-939-516&features=volume&theme=light,"Will Bitcoin dip to $55,000 by December 31, 2026?",bitcoin,,"24h $12,519 • spread 0.020 • TTR 111.3d",5996692.157699999,12519.73,-0.025,-11.6279,2027-01-01T05:00:00+00:00,111.342,1,0.02,-0.8,0.19,0,"[{""name"": ""Top"", ""bestBid"": 0.18, ""bestAsk"": 0.2}]"
559693,0x98933c78b5e277b62d91a6c174b412218de000b54c4c67ec8673bf561cec6e81,will-ruben-gallego-win-the-2028-democratic-presidential-nomination,https://polymarket.com/event/will-ruben-gallego-win-the-2028-democratic-presidential-nomination,https://embed.polymarket.com/market.html?market=will-ruben-gallego-win-the-2028-democratic-presidential-nomination&features=volume&theme=light,Will Ruben Gallego win the 2028 Democratic presidential nomination?,united-states,,24h $899 • spread 0.001 • TTR 787.1d,8427994.921941001,899.28,0.0,0.0,2028-11-07T00:00:00+00:00,787.134,1,0.001,-0.998,0.0015,0,"[{""name"": ""Top"", ""bestBid"": 0.001, ""bestAsk"": 0.002}]"
898416,0x2cefe6009ea518f77b8a82714e54c0af1d0f25e99b37d4861f4a5d3ebbf142d3,will-lewis-hamilton-be-the-2026-f1-drivers-champion,https://polymarket.com/event/will-lewis-hamilton-be-the-2026-f1-drivers-champion,https://embed.polymarket.com/market.html?market=will-lewis-hamilton-be-the-2026-f1-drivers-champion&features=volume&theme=light,Will Lewis Hamilton be the 2026 F1 Drivers' Champion?,sports,,"24h $10,110 • spread 0.006 • TTR 85.1d",5382613.681708999,10110.43,0.0105,53.8462,2026-12-06T00:00:00+00:00,85.134,1,0.006,-0.967,0.03,0,"[{""name"": ""Top"", ""bestBid"": 0.027, ""bestAsk"": 0.033}]"
561252,0xe2bdf6c18c8ab5ad5d3be5f95dd749e88d1dee7ac7c4dbf5101013a5c055e3df,will-dwayne-the-rock-johnson-win-the-2028-us-presidential-election,https://polymarket.com/event/will-dwayne-the-rock-johnson-win-the-2028-us-presidential-election,https://embed.polymarket.com/market.html?market=will-dwayne-the-rock-johnson-win-the-2028-us-presidential-election&features=volume&theme=light,Will Dwayne 'The Rock' Johnson win the 2028 US Presidential Election?,president,,24h $148 • spread 0.004 • TTR 787.1d,8360630.169336,148.62,0.0,0.0,2028-11-07T00:00:00+00:00,787.134,1,0.004,-0.981,0.017,0,"[{""name"": ""Top"", ""bestBid"": 0.015, ""bestAsk"": 0.019}]"
561260,0x32903694997a5c09afee30904970f9fab2a5fb4ec45f572f194341185574f1a4,will-thomas-massie-win-the-2028-us-presidential-election,https://polymarket.com/event/will-thomas-massie-win-the-2028-us-presidential-election,https://embed.polymarket.com/market.html?market=will-thomas-massie-win-the-2028-us-presidential-election&features=volume&theme=light,Will Thomas Massie win the 2028 US Presidential Election?,president,,24h $218 • spread 0.001 • TTR 787.1d,8347759.639473999,218.81,0.0,0.0,2028-11-07T00:00:00+00:00,787.134,1,0.001,-0.992,0.0075,0,"[{""name"": ""Top"", ""bestBid"": 0.007, ""bestAsk"": 0.008}]"
898415,0xe0711866c51f7d0c43284f43e3ae34125e462e909e16bf685718df7610e6a1e7,will-charles-leclerc-be-the-2026-f1-drivers-champion,https://polymarket.com/event/will-charles-leclerc-be-the-2026-f1-drivers-champion,https://embed.polymarket.com/market.html?market=will-charles-leclerc-be-the-2026-f1-drivers-champion&features=volume&theme=light,Will Charles Leclerc be the 2026 F1 Drivers' Champion?,sports,,"24h $7,268 • spread 0.001 • TTR 85.1d",5314268.252244001,7268.15,0.001,18.1818,2026-12-06T00:00:00+00:00,85.134,1,0.001,-0.993,0.0065,0,"[{""name"": ""Top"", ""bestBid"": 0.006, ""bestAsk"": 0.007}]"
3702042,0xcd9079a837d72a0eafde1dc692c819940bd030a295ddc67f27590e98df33878c,us-announces-end-of-iranian-blockade-by-september-14-2026,https://polymarket.com/event/us-announces-end-of-iranian-blockade-by-september-14-2026,https://embed.polymarket.com/market.html?market=us-announces-end-of-iranian-blockade-by-september-14-2026&features=volume&theme=light,"US announces end of Iranian blockade by September 14, 2026?",iran,,"24h $111,395 • spread 0.003 • TTR 3.3d",1475613.690935002,111395.73,-0.0035,-16.6667,2026-09-15T03:59:00+00:00,3.3,1,0.003,-0.981,0.0175,0,"[{""name"": ""Top"", ""bestBid"": 0.016, ""bestAsk"": 0.019}]"
561232,0x2c03c41e5032364cb7166e842bdd22913f28aa2c837d8432704aa89c338875c8,will-pete-buttigieg-win-the-2028-us-presidential-election,https://polymarket.com/event/will-pete-buttigieg-win-the-2028-us-presidential-election,https://embed.polymarket.com/market.html?market=will-pete-buttigieg-win-the-2028-us-presidential-election&features=volume&theme=light,Will Pete Buttigieg win the 2028 US Presidential Election?,president,,"24h $13,550 • spread 0.001 • TTR 787.1d",8223927.062611002,13550.52,0.001,3.9216,2028-11-07T00:00:00+00:00,787.134,1,0.001,-0.973,0.0265,0,"[{""name"": ""Top"", ""bestBid"": 0.026, ""bestAsk"": 0.027}]"
561255,0xc586d15be76278848a26c761c2fcf70f8cebca71815cfab83e656ff5c6ec13a9,will-ivanka-trump-win-the-2028-us-presidential-election,https://polymarket.com/event/will-ivanka-trump-win-the-2028-us-presidential-election,https://embed.polymarket.com/market.html?market=will-ivanka-trump-win-the-2028-us-presidential-election&features=volume&theme=light,Will Ivanka Trump win the 2028 US Presidential Election?,president,,"24h $47,952 • spread 0.003 • TTR 787.1d",8211332.503441,47952.62,0.001,22.2222,2028-11-07T00:00:00+00:00,787.134,1,0.003,-0.993,0.0055,0,"[{""name"": ""Top"", ""bestBid"": 0.004, ""bestAsk"": 0.007}]"
3701690,0xcfbc2e5fbabb9e8a03bf234367244d4c97eaaf3ac33e2ba001541ee3e0e62416,israel-closes-its-airspace-by-september-30,https://polymarket.com/event/israel-closes-its-airspace-by-september-30,https://embed.polymarket.com/market.html?market=israel-closes-its-airspace-by-september-30&features=volume&theme=light,Israel closes its airspace by September 30?,politics,,"24h $135,556 • spread 0.003 • TTR 19.3d",2608269.94592,135556.73,0.0155,1.6096,2026-10-01T03:59:00+00:00,19.3,1,0.003,-0.02,0.9785,0,"[{""name"": ""Top"", ""bestBid"": 0.977, ""bestAsk"": 0.98}]"
608547,0x12dc2b61723b2a54fc1947a307389b5f32038e7a29a0e936ad1fe410b969d06a,will-harry-kane-win-the-2026-ballon-dor,https://polymarket.com/event/will-harry-kane-win-the-2026-ballon-dor,https://embed.polymarket.com/market.html?market=will-harry-kane-win-the-2026-ballon-dor&features=volume&theme=light,Will Harry Kane win the 2026 Ballon d'Or?,soccer,,"24h $20,198 • spread 0.001 • TTR 49.1d",4111788.505267001,20198.53,-0.002,-0.3218,2026-10-31T00:00:00+00:00,49.134,1,0.001,-0.38,0.6195,0,"[{""name"": ""Top"", ""bestBid"": 0.619, ""bestAsk"": 0.62}]"
1105751,0x1dd7704a6d05cca078564bc0bac541261425bc9252acc5634639f5161daf45f9,will-evan-pettus-be-the-leader-of-venezuela-end-of-2026,https://polymarket.com/event/will-evan-pettus-be-the-leader-of-venezuela-end-of-2026,https://embed.polymarket.com/market.html?market=will-evan-pettus-be-the-leader-of-venezuela-end-of-2026&features=volume&theme=light,Will Evan Pettus be the leader of Venezuela end of 2026?,trump-machado,,24h $433 • spread 0.001 • TTR 110.1d,5649946.809313998,433.18,0.0,0.0,2026-12-31T00:00:00+00:00,110.134,1,0.001,-0.998,0.0015,0,"[{""name"": ""Top"", ""bestBid"": 0.001, ""bestAsk"": 0.002}]"
1130014,0xa04f9a5818493b03a94d86c6323b7c9d8e060fa86b7e1ed3c0a2ad9a5517425b,will-a-just-russia-for-truth-srzp-gain-the-most-seats-in-the-next-russian-parliamentary-election,https://polymarket.com/event/will-a-just-russia-for-truth-srzp-gain-the-most-seats-in-the-next-russian-parliamentary-election,https://embed.polymarket.com/market.html?market=will-a-just-russia-for-truth-srzp-gain-the-most-seats-in-the-next-russian-parliamentary-election&features=volume&theme=light,Will A Just Russia – For Truth (SRZP) gain the most seats in the next Russian parliamentary election?,politics,,"24h $106,191 • spread 0.001 • TTR 18.1d",2489272.1819380005,106191.86,0.0,0.0,2026-09-30T00:00:00+00:00,18.134,1,0.001,-0.998,0.0015,0,"[{""name"": ""Top"", ""bestBid"": 0.001, ""bestAsk"": 0.002}]"
1088476,0x5d1e8a08b738d682ce49308c73f0a83ae192476cc9472cb82cc989e4d83a7e7f,will-ben-shelton-win-the-2026-mens-us-open,https://polymarket.com/event/will-ben-shelton-win-the-2026-mens-us-open,https://embed.polymarket.com/market.html?market=will-ben-shelton-win-the-2026-mens-us-open&features=volume&theme=light,Will Ben Shelton win the 2026 Men's US Open?,us-open,,"24h $71,907 • spread 0.028 • TTR 1.1d",1225255.1019329994,71907.67,-0.0165,-4.5392,2026-09-13T00:00:00+00:00,1.134,1,0.028,-0.636,0.35,0,"[{""name"": ""Top"", ""bestBid"": 0.336, ""bestAsk"": 0.364}]"
1057883,0x6fefc0438c7598b23531457c8c60541990d0786bd4bd9dfc3eabc8d95c291092,will-bitcoin-reach-250000-by-december-31-2026-579-442,https://polymarket.com/event/will-bitcoin-reach-250000-by-december-31-2026-579-442,https://embed.polymarket.com/market.html?market=will-bitcoin-reach-250000-by-december-31-2026-579-442&features=volume&theme=light,"Will Bitcoin reach $250,000 by December 31, 2026?",bitcoin,,24h $336 • spread 0.002 • TTR 111.3d,5469083.590604005,336.47,0.0,0.0,2027-01-01T05:00:00+00:00,111.342,1,0.002,-0.99,0.009,0,"[{""name"": ""Top"", ""bestBid"": 0.008, ""bestAsk"": 0.01}]"
561233,0x5969cbb46aca5319b19e19a3c6f63de098950b675bf268f30f4d035508da1957,will-josh-shapiro-win-the-2028-us-presidential-election,https://polymarket.com/event/will-josh-shapiro-win-the-2028-us-presidential-election,https://embed.polymarket.com/market.html?market=will-josh-shapiro-win-the-2028-us-presidential-election&features=volume&theme=light,Will Josh Shapiro win the 2028 US Presidential Election?,president,,24h $595 • spread 0.001 • TTR 787.1d,7539321.253425997,595.22,0.0,0.0,2028-11-07T00:00:00+00:00,787.134,1,0.001,-0.965,0.0345,0,"[{""name"": ""Top"", ""bestBid"": 0.034, ""bestAsk"": 0.035}]"
679049,0x06ea9c02b4c6a2f7f07f78e21411bd367636564edb27c72cd038b556aada1a64,will-mathilde-panot-win-the-2027-french-presidential-election,https://polymarket.com/event/will-mathilde-panot-win-the-2027-french-presidential-election,https://embed.polymarket.com/market.html?market=will-mathilde-panot-win-the-2027-french-presidential-election&features=volume&theme=light,Will Mathilde Panot win the 2027 French presidential election?,french-election,,TTR 230.1d,6420666.215721998,,0.0,0.0,2027-04-30T00:00:00+00:00,230.134,1,,-0.999,,0,"[{""name"": ""Top"", ""bestBid"": null, ""bestAsk"": 0.001}]"
616913,0x1adf074e048fa613f4ddbc0766088748a48d120a3a713b0183e219032a411ae3,will-11-fed-rate-cuts-happen-in-2026,https://polymarket.com/event/will-11-fed-rate-cuts-happen-in-2026,https://embed.polymarket.com/market.html?market=will-11-fed-rate-cuts-happen-in-2026&features=volume&theme=light,Will 11 Fed rate cuts happen in 2026?,rewards-200-4pt5-50,,TTR 110.1d,5263061.268101,,0.0,0.0,2026-12-31T00:00:00+00:00,110.134,1,,-0.999,,0,"[{""name"": ""Top"", ""bestBid"": null, ""bestAsk"": 0.001}]"
1469755,0x4266ab921148974f104cbadd099e13bca989441bf58acfd2a08fc6cc7440e1a1,will-mohammad-khatami-be-head-of-state-in-iran-end-of-2026,https://polymarket.com/event/will-mohammad-khatami-be-head-of-state-in-iran-end-of-2026,https://embed.polymarket.com/market.html?market=will-mohammad-khatami-be-head-of-state-in-iran-end-of-2026&features=volume&theme=light,Will Mohammad Khatami be head of state in Iran end of 2026?,middle-east,,24h $99 • spread 0.001 • TTR 110.1d,5214547.728480999,99.97,0.0,0.0,2026-12-31T00:00:00+00:00,110.134,1,0.001,-0.998,0.0015,0,"[{""name"": ""Top"", ""bestBid"": 0.001, ""bestAsk"": 0.002}]"
648383,0x9345d5142a67f5541264c96515496affee02580f1c572680759eac9fd2a1588a,billionaire-one-time-wealth-tax-passes-in-california-election-2026,https://polymarket.com/event/billionaire-one-time-wealth-tax-passes-in-california-election-2026,https://embed.polymarket.com/market.html?market=billionaire-one-time-wealth-tax-passes-in-california-election-2026&features=volume&theme=light,Billionaire one-time wealth tax passes in California election 2026?,taxes,,"24h $6,219 • spread 0.010 • TTR 52.1d",3721036.562823001,6219.01,-0.02,-6.5574,2026-11-03T00:00:00+00:00,52.134,1,0.01,-0.71,0.285,0,"[{""name"": ""Top"", ""bestBid"": 0.28, ""bestAsk"": 0.29}]"
561262,0x9eb7ac1524fdacb46ceb8758454f0004c7b117eae76e6295852643644bb862c1,will-james-talarico-win-the-2028-us-presidential-election,https://polymarket.com/event/will-james-talarico-win-the-2028-us-presidential-election,https://embed.polymarket.com/market.html?market=will-james-talarico-win-the-2028-us-presidential-election&features=volume&theme=light,Will James Talarico win the 2028 US Presidential Election?,president,,24h $22 • spread 0.001 • TTR 787.1d,7129480.886367,22.63,0.0,0.0,2028-11-07T00:00:00+00:00,787.134,1,0.001,-0.993,0.0065,0,"[{""name"": ""Top"", ""bestBid"": 0.006, ""bestAsk"": 0.007}]"
1057916,0xa885bfe10688056a9d0f4e9a1523bfa18f66fda065f0400d714ba54776083713,will-bitcoin-dip-to-15000-by-december-31-2026-416-954-417-853-885-363-335-458-585-275-615-269-479-379-516-218-918-374-598-429-212,https://polymarket.com/event/will-bitcoin-dip-to-15000-by-december-31-2026-416-954-417-853-885-363-335-458-585-275-615-269-479-379-516-218-918-374-598-429-212,https://embed.polymarket.com/market.html?market=will-bitcoin-dip-to-15000-by-december-31-2026-416-954-417-853-885-363-335-458-585-275-615-269-479-379-516-218-918-374-598-429-212&features=volume&theme=light,"Will Bitcoin dip to $15,000 by December 31, 2026?",bitcoin,,24h $299 • spread 0.001 • TTR 111.3d,4974847.455359006,299.33,0.0,0.0,2027-01-01T05:00:00+00:00,111.342,1,0.001,-0.984,0.0155,0,"[{""name"": ""Top"", ""bestBid"": 0.015, ""bestAsk"": 0.016}]"
1144471,0x3b0107a80edd066fe987784d7ab5963c177888433efbec10689951c17320606c,will-satoshi-move-any-bitcoin-in-2026,https://polymarket.com/event/will-satoshi-move-any-bitcoin-in-2026,https://embed.polymarket.com/market.html?market=will-satoshi-move-any-bitcoin-in-2026&features=volume&theme=light,Will Satoshi move any Bitcoin in 2026?,crypto-culture,,"24h $1,791 • spread 0.001 • TTR 111.3d",4970385.432920002,1791.13,0.0,0.0,2027-01-01T05:00:00+00:00,111.342,1,0.001,-0.955,0.0445,0,"[{""name"": ""Top"", ""bestBid"": 0.044, ""bestAsk"": 0.045}]"
616912,0x757c144993b3cb831e04c42bfcff8c18864c7da4f4688a5939d2f62e031cbc87,will-10-fed-rate-cuts-happen-in-2026,https://polymarket.com/event/will-10-fed-rate-cuts-happen-in-2026,https://embed.polymarket.com/market.html?market=will-10-fed-rate-cuts-happen-in-2026&features=volume&theme=light,Will 10 Fed rate cuts happen in 2026?,rewards-200-4pt5-50,,"24h $2,000 • TTR 110.1d",4945007.649516001,2000.0,0.0,0.0,2026-12-31T00:00:00+00:00,110.134,1,,-0.999,,0,"[{""name"": ""Top"", ""bestBid"": null, ""bestAsk"": 0.001}]"
601834,0x919c9bc428d2d19400437852066582b11bb7b00ad78529a0069cde76766b9faf,will-helder-barbalho-win-the-2026-brazilian-presidential-election,https://polymarket.com/event/will-helder-barbalho-win-the-2026-brazilian-presidential-election,https://embed.polymarket.com/market.html?market=will-helder-barbalho-win-the-2026-brazilian-presidential-election&features=volume&theme=light,Will Helder Barbalho win the 2026 Brazilian presidential election?,politics,,TTR 22.1d,2388918.4968820014,,0.0,0.0,2026-10-04T00:00:00+00:00,22.134,1,,-0.999,,0,"[{""name"": ""Top"", ""bestBid"": null, ""bestAsk"": 0.001}]"
679035,0x34ed4ad7a7825f168e1084f53e8f60a161579d783b2740e50aa52f710925a136,will-sgolne-royal-win-the-2027-french-presidential-election,https://polymarket.com/event/will-sgolne-royal-win-the-2027-french-presidential-election,https://embed.polymarket.com/market.html?market=will-sgolne-royal-win-the-2027-french-presidential-election&features=volume&theme=light,Will Ségolène Royal win the 2027 French presidential election?,french-election,,TTR 230.1d,5981573.125024,,0.0,0.0,2027-04-30T00:00:00+00:00,230.134,1,,-0.999,,0,"[{""name"": ""Top"", ""bestBid"": null, ""bestAsk"": 0.001}]"
679041,0x3a8209fbd45fef3be23fb3480eb1c961c85f7bdd07d4a3391f5949252156c594,will-franois-bayrou-win-the-2027-french-presidential-election,https://polymarket.com/event/will-franois-bayrou-win-the-2027-french-presidential-election,https://embed.polymarket.com/market.html?market=will-franois-bayrou-win-the-2027-french-presidential-election&features=volume&theme=light,Will François Bayrou win the 2027 French presidential election?,french-election,,24h $31 • TTR 230.1d,5939540.311652001,31.33,0.0,0.0,2027-04-30T00:00:00+00:00,230.134,1,,-0.999,,0,"[{""name"": ""Top"", ""bestBid"": null, ""bestAsk"": 0.001}]"
679023,0x06a27c2810eaca94b53e7a17f15ad47761399ba445a6b02039b2679da203262d,will-xavier-bertrand-win-the-2027-french-presidential-election,https://polymarket.com/event/will-xavier-bertrand-win-the-2027-french-presidential-election,https://embed.polymarket.com/market.html?market=will-xavier-bertrand-win-the-2027-french-presidential-election&features=volume&theme=light,Will Xavier Bertrand win the 2027 French presidential election?,french-election,,"24h $67,609 • spread 0.001 • TTR 230.1d",5909817.307838999,67609.76,0.001,200.0,2027-04-30T00:00:00+00:00,230.134,1,0.001,-0.998,0.0015,0,"[{""name"": ""Top"", ""bestBid"": 0.001, ""bestAsk"": 0.002}]"
562004,0x17902b9490c6a73152772316b4705935c5c6801ba269f2afc81686532e34fb9a,will-marjorie-taylor-greene-win-the-2028-republican-presidential-nomination,https://polymarket.com/event/will-marjorie-taylor-greene-win-the-2028-republican-presidential-nomination,https://embed.polymarket.com/market.html?market=will-marjorie-taylor-greene-win-the-2028-republican-presidential-nomination&features=volume&theme=light,Will Marjorie Taylor Greene win the 2028 Republican presidential nomination?,united-states,,"24h $4,433 • spread 0.002 • TTR 787.1d",6764504.492551997,4433.18,0.0,0.0,2028-11-07T00:00:00+00:00,787.134,1,0.002,-0.996,0.003,0,"[{""name"": ""Top"", ""bestBid"": 0.002, ""bestAsk"": 0.004}]"
679036,0xaba4bb720c6c1b2e48087f5af4a57fd1e9f05814a936e9f6b1c37f10436a34fc,will-franois-asselineau-win-the-2027-french-presidential-election,https://polymarket.com/event/will-franois-asselineau-win-the-2027-french-presidential-election,https://embed.polymarket.com/market.html?market=will-franois-asselineau-win-the-2027-french-presidential-election&features=volume&theme=light,Will François Asselineau win the 2027 French presidential election?,french-election,,TTR 230.1d,5755656.303116998,,0.0,0.0,2027-04-30T00:00:00+00:00,230.134,1,,-0.999,,0,"[{""name"": ""Top"", ""bestBid"": null, ""bestAsk"": 0.001}]"
679033,0xbac8d3ca6cc7297022850562d9d66669d5e0a112767337f8a5955417f1984b54,will-olivier-faure-win-the-2027-french-presidential-election,https://polymarket.com/event/will-olivier-faure-win-the-2027-french-presidential-election,https://embed.polymarket.com/market.html?market=will-olivier-faure-win-the-2027-french-presidential-election&features=volume&theme=light,Will Olivier Faure win the 2027 French presidential election?,french-election,,"24h $19,479 • TTR 230.1d",5722886.775615001,19479.74,-0.001,-66.6667,2027-04-30T00:00:00+00:00,230.134,1,,-0.999,,0,"[{""name"": ""Top"", ""bestBid"": null, ""bestAsk"": 0.001}]"
898412,0xcd2640464754b9a894ffec98ac11554fdd507ea89ca01237eabb3a6de4a606e6,will-kimi-antonelli-be-the-2026-f1-drivers-champion,https://polymarket.com/event/will-kimi-antonelli-be-the-2026-f1-drivers-champion,https://embed.polymarket.com/market.html?market=will-kimi-antonelli-be-the-2026-f1-drivers-champion&features=volume&theme=light,Will Kimi Antonelli be the 2026 F1 Drivers' Champion?,sports,,"24h $26,137 • spread 0.011 • TTR 85.1d",4275301.734672002,26137.23,0.008,0.9373,2026-12-06T00:00:00+00:00,85.134,1,0.011,-0.133,0.8615,0,"[{""name"": ""Top"", ""bestBid"": 0.856, ""bestAsk"": 0.867}]"
679043,0xfd431e070263b5f24e43a8fc44532bf41aa008d99cab2330d979913b1c580bd2,will-yal-braun-pivet-win-the-2027-french-presidential-election,https://polymarket.com/event/will-yal-braun-pivet-win-the-2027-french-presidential-election,https://embed.polymarket.com/market.html?market=will-yal-braun-pivet-win-the-2027-french-presidential-election&features=volume&theme=light,Will Yaël Braun-Pivet win the 2027 French presidential election?,french-election,,TTR 230.1d,5701431.989579002,,0.0,0.0,2027-04-30T00:00:00+00:00,230.134,1,,-0.999,,0,"[{""name"": ""Top"", ""bestBid"": null, ""bestAsk"": 0.001}]"
1633606,0x5ca616aaa0e1e5df6c38439f8bee4b96bacfe32f8f39cb2f1604c0196548662f,will-china-invade-taiwan-by-september-30-2026,https://polymarket.com/event/will-china-invade-taiwan-by-september-30-2026,https://embed.polymarket.com/market.html?market=will-china-invade-taiwan-by-september-30-2026&features=volume&theme=light,"Will China invade Taiwan by September 30, 2026?",china,,"24h $3,853 • spread 0.001 • TTR 19.3d",2116913.2266539987,3853.33,0.0005,12.5,2026-10-01T03:59:00+00:00,19.3,1,0.001,-0.995,0.0045,0,"[{""name"": ""Top"", ""bestBid"": 0.004, ""bestAsk"": 0.005}]"
2737255,0xb55b2b13aee7a480ab0695912a65cb34a5fe5e84d5da810873d9c3e1182f9fd0,will-the-iranian-regime-fall-by-september-30-20260629143335077,https://polymarket.com/event/will-the-iranian-regime-fall-by-september-30-20260629143335077,https://embed.polymarket.com/market.html?market=will-the-iranian-regime-fall-by-september-30-20260629143335077&features=volume&theme=light,Will the Iranian regime fall by September 30?,iran,,"24h $39,546 • spread 0.001 • TTR 19.3d",2109982.7745470004,39546.92,0.003,31.5789,2026-10-01T03:59:00+00:00,19.3,1,0.001,-0.987,0.0125,0,"[{""name"": ""Top"", ""bestBid"": 0.012, ""bestAsk"": 0.013}]"
1193098,0xe7a2275b0c6b965a7b44d005203789d7dbe2edd352a565793f9460de7a99fd27,will-nooshi-dadgostar-be-the-next-prime-minister-of-sweden,https://polymarket.com/event/will-nooshi-dadgostar-be-the-next-prime-minister-of-sweden,https://embed.polymarket.com/market.html?market=will-nooshi-dadgostar-be-the-next-prime-minister-of-sweden&features=volume&theme=light,Will Nooshi Dadgostar be the next Prime Minister of Sweden?,elections,,TTR 1.1d,1026092.9483079999,,0.0,0.0,2026-09-13T00:00:00+00:00,1.134,1,,-0.999,,0,"[{""name"": ""Top"", ""bestBid"": null, ""bestAsk"": 0.001}]"
679042,0x0b298ab2b2cad3308d486c804985c1ede7ea949bde363f44784a3b2a460be788,will-lisabeth-borne-win-the-2027-french-presidential-election,https://polymarket.com/event/will-lisabeth-borne-win-the-2027-french-presidential-election,https://embed.polymarket.com/market.html?market=will-lisabeth-borne-win-the-2027-french-presidential-election&features=volume&theme=light,Will Élisabeth Borne win the 2027 French presidential election?,french-election,,TTR 230.1d,5446116.151540999,,0.0,0.0,2027-04-30T00:00:00+00:00,230.134,1,,-0.999,,0,"[{""name"": ""Top"", ""bestBid"": null, ""bestAsk"": 0.001}]"
1535973,0x377e7fe65cf198a7fc4fdae3f2136b74729279267858daaf96718b23bc2a5607,iran-leadership-change-by-december-31-974-976-658-482-568-685-996-469-827,https://polymarket.com/event/iran-leadership-change-by-december-31-974-976-658-482-568-685-996-469-827,https://embed.polymarket.com/market.html?market=iran-leadership-change-by-december-31-974-976-658-482-568-685-996-469-827&features=volume&theme=light,Iran leadership change by December 31?,politics,,"24h $22,917 • spread 0.010 • TTR 111.3d",4462468.757137999,22917.37,0.01,7.4074,2027-01-01T04:59:00+00:00,111.342,1,0.01,-0.85,0.145,0,"[{""name"": ""Top"", ""bestBid"": 0.14, ""bestAsk"": 0.15}]"
679039,0x6ccebbc57547f8b777aa4ef70a452bb5034055d183131a9b6db47fd8d0777921,will-michel-barnier-win-the-2027-french-presidential-election,https://polymarket.com/event/will-michel-barnier-win-the-2027-french-presidential-election,https://embed.polymarket.com/market.html?market=will-michel-barnier-win-the-2027-french-presidential-election&features=volume&theme=light,Will Michel Barnier win the 2027 French presidential election?,french-election,,24h $4 • TTR 230.1d,5253697.487683999,4.6,0.0,0.0,2027-04-30T00:00:00+00:00,230.134,1,,-0.999,,0,"[{""name"": ""Top"", ""bestBid"": null, ""bestAsk"": 0.001}]"
1130013,0x7b91997c6c8ca00643ab322f63af50acf1a0e9b86be130b67e5a19005215e252,will-the-communist-party-of-the-russian-federation-kprf-gain-the-most-seats-in-the-next-russian-parliamentary-election,https://polymarket.com/event/will-the-communist-party-of-the-russian-federation-kprf-gain-the-most-seats-in-the-next-russian-parliamentary-election,https://embed.polymarket.com/market.html?market=will-the-communist-party-of-the-russian-federation-kprf-gain-the-most-seats-in-the-next-russian-parliamentary-election&features=volume&theme=light,Will the Communist Party of the Russian Federation (KPRF) gain the most seats in the next Russian parliamentary election?,politics,,"24h $35,640 • spread 0.001 • TTR 18.1d",1895319.7674049998,35640.23,0.0,0.0,2026-09-30T00:00:00+00:00,18.134,1,0.001,-0.989,0.0105,0,"[{""name"": ""Top"", ""bestBid"": 0.01, ""bestAsk"": 0.011}]"
616911,0x4ec6fcb43fe1a32163c7da09d54a99ab9bf6abdc6fd49939d7ad67d696a3248b,will-9-fed-rate-cuts-happen-in-2026,https://polymarket.com/event/will-9-fed-rate-cuts-happen-in-2026,https://embed.polymarket.com/market.html?market=will-9-fed-rate-cuts-happen-in-2026&features=volume&theme=light,Will 9 Fed rate cuts happen in 2026?,rewards-200-4pt5-50,,24h $5 • TTR 110.1d,4284243.567518,5.8,0.0,0.0,2026-12-31T00:00:00+00:00,110.134,1,,-0.999,,0,"[{""name"": ""Top"", ""bestBid"": null, ""bestAsk"": 0.001}]"
562005,0x24258776d0a926b4550b0f213267b95ba0a7741fc972d0b3c2b5f6bf8ced2c50,will-thomas-massie-win-the-2028-republican-presidential-nomination,https://polymarket.com/event/will-thomas-massie-win-the-2028-republican-presidential-nomination,https://embed.polymarket.com/market.html?market=will-thomas-massie-win-the-2028-republican-presidential-nomination&features=volume&theme=light,Will Thomas Massie win the 2028 Republican presidential nomination?,united-states,,"24h $3,436 • spread 0.001 • TTR 787.1d",6098658.619038,3436.6,0.0,0.0,2028-11-07T00:00:00+00:00,787.134,1,0.001,-0.994,0.0055,0,"[{""name"": ""Top"", ""bestBid"": 0.005, ""bestAsk"": 0.006}]"
1357388,0x6c9407f7841e7507ba435d540af237d742674ba05bac48998cf94f4b7ef5d909,will-the-los-angeles-chargers-win-the-2027-nfl-league-championship,https://polymarket.com/event/will-the-los-angeles-chargers-win-the-2027-nfl-league-championship,https://embed.polymarket.com/market.html?market=will-the-los-angeles-chargers-win-the-2027-nfl-league-championship&features=volume&theme=light,Will the Los Angeles Chargers win the 2027 NFL league championship?,sports,,"24h $2,386 • spread 0.001 • TTR 201.1d",5058916.254283998,2386.35,0.0,0.0,2027-03-31T23:55:00+00:00,201.131,1,0.001,-0.956,0.0435,0,"[{""name"": ""Top"", ""bestBid"": 0.043, ""bestAsk"": 0.044}]"
1130020,0xc65fb00eb998335039e5120dc390967576c4bfaee22a2342a17ced0fbc2c7e4e,will-yabloko-gain-the-most-seats-in-the-next-russian-parliamentary-election,https://polymarket.com/event/will-yabloko-gain-the-most-seats-in-the-next-russian-parliamentary-election,https://embed.polymarket.com/market.html?market=will-yabloko-gain-the-most-seats-in-the-next-russian-parliamentary-election&features=volume&theme=light,Will Yabloko gain the most seats in the next Russian parliamentary election?,politics,,"24h $102,246 • spread 0.001 • TTR 18.1d",1878085.1509819997,102246.11,-0.001,-40.0,2026-09-30T00:00:00+00:00,18.134,1,0.001,-0.998,0.0015,0,"[{""name"": ""Top"", ""bestBid"": 0.001, ""bestAsk"": 0.002}]"
1088490,0x8ac035f347e31dec359c8167e38e161b8a1a168f31104d2580d21e6e57555ea5,will-frances-tiafoe-win-the-2026-mens-us-open,https://polymarket.com/event/will-frances-tiafoe-win-the-2026-mens-us-open,https://embed.polymarket.com/market.html?market=will-frances-tiafoe-win-the-2026-mens-us-open&features=volume&theme=light,Will Frances Tiafoe win the 2026 Men's US Open?,us-open,,"24h $64,229 • spread 0.004 • TTR 1.1d",950642.5286719999,64229.89,0.0065,8.5526,2026-09-13T00:00:00+00:00,1.134,1,0.004,-0.916,0.082,0,"[{""name"": ""Top"", ""bestBid"": 0.08, ""bestAsk"": 0.084}]"
616908,0x4914bfdd892a48c341b5e0f41ec10475a815f2277273110b16f95e21084bfe75,will-6-fed-rate-cuts-happen-in-2026,https://polymarket.com/event/will-6-fed-rate-cuts-happen-in-2026,https://embed.polymarket.com/market.html?market=will-6-fed-rate-cuts-happen-in-2026&features=volume&theme=light,Will 6 Fed rate cuts happen in 2026?,rewards-200-4pt5-50,,24h $20 • TTR 110.1d,4218749.72532,20.62,0.0,0.0,2026-12-31T00:00:00+00:00,110.134,1,,-0.999,,0,"[{""name"": ""Top"", ""bestBid"": null, ""bestAsk"": 0.001}]"
1105753,0x1198bf982483cc6f0a3d3de63d7703117ed19c5b5a9474541a2a3b6b0b5e51f3,will-dan-caine-be-the-leader-of-venezuela-end-of-2026,https://polymarket.com/event/will-dan-caine-be-the-leader-of-venezuela-end-of-2026,https://embed.polymarket.com/market.html?market=will-dan-caine-be-the-leader-of-venezuela-end-of-2026&features=volume&theme=light,Will Dan Caine be the leader of Venezuela end of 2026?,trump-machado,,24h $45 • spread 0.001 • TTR 110.1d,4143601.4740410014,45.84,0.0,0.0,2026-12-31T00:00:00+00:00,110.134,1,0.001,-0.998,0.0015,0,"[{""name"": ""Top"", ""bestBid"": 0.001, ""bestAsk"": 0.002}]"
3399458,0x524ce344b80a160c237d91a33efdd8b82468b0dc0d33f60d500f8bf69b80b8bb,israel-x-iran-ceasefire-continues-through-september-30,https://polymarket.com/event/israel-x-iran-ceasefire-continues-through-september-30,https://embed.polymarket.com/market.html?market=israel-x-iran-ceasefire-continues-through-september-30&features=volume&theme=light,Israel x Iran ceasefire continues through September 30?,iran,,"24h $62,712 • spread 0.010 • TTR 19.0d",1849416.8521110008,62712.3,0.02,2.3952,2026-09-30T20:29:00+00:00,18.988,1,0.01,-0.14,0.855,0,"[{""name"": ""Top"", ""bestBid"": 0.85, ""bestAsk"": 0.86}]"
679037,0x2bf80d93be42dac6c1b03298b5ec329a4b9f87b689c7892d544d1029f3a0caf0,will-clmentine-autain-win-the-2027-french-presidential-election,https://polymarket.com/event/will-clmentine-autain-win-the-2027-french-presidential-election,https://embed.polymarket.com/market.html?market=will-clmentine-autain-win-the-2027-french-presidential-election&features=volume&theme=light,Will Clémentine Autain win the 2027 French presidential election?,french-election,,TTR 230.1d,4990060.381528001,,0.0,0.0,2027-04-30T00:00:00+00:00,230.134,1,,-0.999,,0,"[{""name"": ""Top"", ""bestBid"": null, ""bestAsk"": 0.001}]"
562831,0xc5eae79d1ffe716572353962eb926b1e3964c500a4880a7a94f58408218ee76b,2026-balance-of-power-r-senate-r-house-537,https://polymarket.com/event/2026-balance-of-power-r-senate-r-house-537,https://embed.polymarket.com/market.html?market=2026-balance-of-power-r-senate-r-house-537&features=volume&theme=light,"2026 Balance of Power: R Senate, R House",united-states,,"24h $48,406 • spread 0.010 • TTR 52.1d",2998923.677700001,48407.0,-0.015,-10.7143,2026-11-03T00:00:00+00:00,52.134,1,0.01,-0.87,0.125,0,"[{""name"": ""Top"", ""bestBid"": 0.12, ""bestAsk"": 0.13}]"
561261,0x61600d487069f99e775307a0655c1a79f26e4fc6d8d1ba66790c64d78d0beba2,will-jon-ossoff-win-the-2028-us-presidential-election,https://polymarket.com/event/will-jon-ossoff-win-the-2028-us-presidential-election,https://embed.polymarket.com/market.html?market=will-jon-ossoff-win-the-2028-us-presidential-election&features=volume&theme=light,Will Jon Ossoff win the 2028 US Presidential Election?,president,,"24h $1,205 • spread 0.001 • TTR 787.1d",5667704.378056,1205.0,0.0,0.0,2028-11-07T00:00:00+00:00,787.134,1,0.001,-0.881,0.1185,0,"[{""name"": ""Top"", ""bestBid"": 0.118, ""bestAsk"": 0.119}]"
562828,0x16c63b7cc37f012b9f59ee164ec03877914c701d06d48291ae8d6fc08a088b0d,2026-balance-of-power-d-senate-d-house-949,https://polymarket.com/event/2026-balance-of-power-d-senate-d-house-949,https://embed.polymarket.com/market.html?market=2026-balance-of-power-d-senate-d-house-949&features=volume&theme=light,"2026 Balance of Power: D Senate, D House",united-states,,"24h $9,820 • spread 0.010 • TTR 52.1d • ~50% mid",2937513.048956998,9820.9,0.0,0.0,2026-11-03T00:00:00+00:00,52.134,1,0.01,-0.5,0.495,1,"[{""name"": ""Top"", ""bestBid"": 0.49, ""bestAsk"": 0.5}]"
679048,0xa6c3848b7861841cc9d93a5c2c1d26b3f44e0298a49889968a627214a2b177ae,will-manuel-bompard-win-the-2027-french-presidential-election,https://polymarket.com/event/will-manuel-bompard-win-the-2027-french-presidential-election,https://embed.polymarket.com/market.html?market=will-manuel-bompard-win-the-2027-french-presidential-election&features=volume&theme=light,Will Manuel Bompard win the 2027 French presidential election?,french-election,,"24h $2,019 • TTR 230.1d",4826235.103262999,2019.05,0.0,0.0,2027-04-30T00:00:00+00:00,230.134,1,,-0.999,,0,"[{""name"": ""Top"", ""bestBid"": null, ""bestAsk"": 0.001}]"
616914,0xffa0accb74987c0dc33a70eb3780c1da160206bcfb3ef5d16c1667bc5c459c78,will-12-or-more-fed-rate-cuts-happen-in-2026,https://polymarket.com/event/will-12-or-more-fed-rate-cuts-happen-in-2026,https://embed.polymarket.com/market.html?market=will-12-or-more-fed-rate-cuts-happen-in-2026&features=volume&theme=light,Will 12 or more Fed rate cuts happen in 2026?,rewards-200-4pt5-50,,"24h $2,373 • TTR 110.1d",3952613.4339199997,2373.96,0.0,0.0,2026-12-31T00:00:00+00:00,110.134,1,,-0.999,,0,"[{""name"": ""Top"", ""bestBid"": null, ""bestAsk"": 0.001}]"
679046,0xcd050c1af02067e33e03861ff6f67c1c85def8bf4bd196256e6d2b178509533b,will-carole-delga-win-the-2027-french-presidential-election,https://polymarket.com/event/will-carole-delga-win-the-2027-french-presidential-election,https://embed.polymarket.com/market.html?market=will-carole-delga-win-the-2027-french-presidential-election&features=volume&theme=light,Will Carole Delga win the 2027 French presidential election?,french-election,,24h $2 • TTR 230.1d,4742191.905387002,2.4,0.0,0.0,2027-04-30T00:00:00+00:00,230.134,1,,-0.999,,0,"[{""name"": ""Top"", ""bestBid"": null, ""bestAsk"": 0.001}]"
679038,0x637a2423461f5b531fef314e1e14982b80819de217e32f4f96653caa8af2c47a,will-nicolas-dupont-aignan-win-the-2027-french-presidential-election,https://polymarket.com/event/will-nicolas-dupont-aignan-win-the-2027-french-presidential-election,https://embed.polymarket.com/market.html?market=will-nicolas-dupont-aignan-win-the-2027-french-presidential-election&features=volume&theme=light,Will Nicolas Dupont-Aignan win the 2027 French presidential election?,french-election,,24h $85 • TTR 230.1d,4731095.285842998,85.04,0.0,0.0,2027-04-30T00:00:00+00:00,230.134,1,,-0.999,,0,"[{""name"": ""Top"", ""bestBid"": null, ""bestAsk"": 0.001}]"
682705,0x7586a96520578acaaaa4ea84a2582f197f84255da1f3392a7aa300386c187b37,will-benjamin-netanyahu-be-the-next-prime-minister-of-israel,https://polymarket.com/event/will-benjamin-netanyahu-be-the-next-prime-minister-of-israel,https://embed.polymarket.com/market.html?market=will-benjamin-netanyahu-be-the-next-prime-minister-of-israel&features=volume&theme=light,Will Benjamin Netanyahu be the next Prime Minister of Israel?,main-election,,"24h $18,391 • spread 0.010 • TTR 110.1d",3796669.2718259995,18391.56,0.0,0.0,2026-12-31T00:00:00+00:00,110.134,1,0.01,-0.71,0.285,0,"[{""name"": ""Top"", ""bestBid"": 0.28, ""bestAsk"": 0.29}]"
637008,0xb3fefe9667acca5ca31a8e330219dc67a01b374331d9bf4875357655a5508815,will-unrwa-win-the-nobel-peace-prize-in-2026-983,https://polymarket.com/event/will-unrwa-win-the-nobel-peace-prize-in-2026-983,https://embed.polymarket.com/market.html?market=will-unrwa-win-the-nobel-peace-prize-in-2026-983&features=volume&theme=light,Will UNRWA win the Nobel Peace Prize in 2026?,awards,,24h $272 • spread 0.004 • TTR 28.1d,2050982.4000199996,272.65,-0.0065,-11.1111,2026-10-10T00:00:00+00:00,28.134,1,0.004,-0.946,0.052,0,"[{""name"": ""Top"", ""bestBid"": 0.05, ""bestAsk"": 0.054}]"
628940,0x119b6b3b744ac3239c7a71100165d254234eaecea401abde5a3d303bef21d19e,will-steve-hilton-win-the-california-governor-election-in-2026,https://polymarket.com/event/will-steve-hilton-win-the-california-governor-election-in-2026,https://embed.polymarket.com/market.html?market=will-steve-hilton-win-the-california-governor-election-in-2026&features=volume&theme=light,Will Steve Hilton win the California Governor Election in 2026?,california-midterm,,24h $328 • spread 0.005 • TTR 52.1d,2736466.2192850006,328.97,-0.0015,-3.1579,2026-11-03T00:00:00+00:00,52.134,1,0.005,-0.951,0.0465,0,"[{""name"": ""Top"", ""bestBid"": 0.044, ""bestAsk"": 0.049}]"
1469743,0x821f357da390a32347e4df0c3fb0aa4a8eadf4af72730c8dc7a7f1ab58798a02,will-seyed-hossein-mousavian-be-head-of-state-in-iran-end-of-2026,https://polymarket.com/event/will-seyed-hossein-mousavian-be-head-of-state-in-iran-end-of-2026,https://embed.polymarket.com/market.html?market=will-seyed-hossein-mousavian-be-head-of-state-in-iran-end-of-2026&features=volume&theme=light,Will Seyed Hossein Mousavian be head of state in Iran end of 2026?,middle-east,,TTR 110.1d,3694989.266215,,0.0,0.0,2026-12-31T00:00:00+00:00,110.134,1,,-0.998,,0,"[{""name"": ""Top"", ""bestBid"": null, ""bestAsk"": 0.002}]"
1193094,0x58d5cc2bf06a3289b127049239aee051f3b941f219efebbca02d3f50f0eb2a64,will-magdalena-andersson-be-the-next-prime-minister-of-sweden,https://polymarket.com/event/will-magdalena-andersson-be-the-next-prime-minister-of-sweden,https://embed.polymarket.com/market.html?market=will-magdalena-andersson-be-the-next-prime-minister-of-sweden&features=volume&theme=light,Will Magdalena Andersson be the next Prime Minister of Sweden?,elections,,"24h $211,436 • spread 0.010 • TTR 1.1d",822517.8723819999,211436.28,-0.08,-9.816,2026-09-13T00:00:00+00:00,1.134,1,0.01,-0.26,0.735,0,"[{""name"": ""Top"", ""bestBid"": 0.73, ""bestAsk"": 0.74}]"
898668,0xa6c8d7d0d25f27f1b6ecadd74be78256bf7c248d9d7c6fb9bc42d2059cfdca4f,will-alpine-be-the-2026-f1-constructors-champion,https://polymarket.com/event/will-alpine-be-the-2026-f1-constructors-champion,https://embed.polymarket.com/market.html?market=will-alpine-be-the-2026-f1-constructors-champion&features=volume&theme=light,Will Alpine be the 2026 F1 Constructors' Champion?,formula1,,TTR 85.1d,3351048.7130130003,,0.0,0.0,2026-12-06T00:00:00+00:00,85.134,1,,-0.999,,0,"[{""name"": ""Top"", ""bestBid"": null, ""bestAsk"": 0.001}]"
2126460,0x6a18969bc603992de4c5c9d53c2881e1378ac193cdad01e7f932afa7fdc4af3e,will-crude-oil-reach-a-new-all-time-high-by-september-30,https://polymarket.com/event/will-crude-oil-reach-a-new-all-time-high-by-september-30,https://embed.polymarket.com/market.html?market=will-crude-oil-reach-a-new-all-time-high-by-september-30&features=volume&theme=light,Will Crude Oil reach a new all-time high by September 30?,oil,,"24h $63,909 • spread 0.003 • TTR 19.3d",1670057.5511180004,63909.26,-0.0105,-31.8182,2026-10-01T03:59:00+00:00,19.3,1,0.003,-0.976,0.0225,0,"[{""name"": ""Top"", ""bestBid"": 0.021, ""bestAsk"": 0.024}]"
1339767,0xce3c54c3e773e8b3bf73e4c12af93205b21195d03b9c386e22f274b9acfc2c56,will-bitcoin-dip-to-50000-by-december-31-2026-454-325-222-878-949-487-451-853-523-111,https://polymarket.com/event/will-bitcoin-dip-to-50000-by-december-31-2026-454-325-222-878-949-487-451-853-523-111,https://embed.polymarket.com/market.html?market=will-bitcoin-dip-to-50000-by-december-31-2026-454-325-222-878-949-487-451-853-523-111&features=volume&theme=light,"Will Bitcoin dip to $50,000 by December 31, 2026?",bitcoin,,"24h $7,630 • spread 0.010 • TTR 111.3d",3629907.824946,7630.01,-0.01,-6.4516,2027-01-01T05:00:00+00:00,111.342,1,0.01,-0.85,0.145,0,"[{""name"": ""Top"", ""bestBid"": 0.14, ""bestAsk"": 0.15}]"
1235553,0x7279005cdc5f4533b0cf53ce94a6c4fd43039c721ba39a3ad02dddacabd47d93,will-the-chicago-white-sox-win-the-2026-world-series,https://polymarket.com/event/will-the-chicago-white-sox-win-the-2026-world-series,https://embed.polymarket.com/market.html?market=will-the-chicago-white-sox-win-the-2026-world-series&features=volume&theme=light,Will the Chicago White Sox win the 2026 World Series?,sports,,"24h $1,804 • spread 0.001 • TTR 50.1d",2618887.377823001,1804.41,-0.008,-21.3333,2026-10-31T23:55:00+00:00,50.131,1,0.001,-0.97,0.0295,0,"[{""name"": ""Top"", ""bestBid"": 0.029, ""bestAsk"": 0.03}]"
1235566,0x99b0984b690ad49fb2bdef1d31dc398516d3318740c8595995bd37539d49afce,will-the-washington-nationals-win-the-2026-world-series,https://polymarket.com/event/will-the-washington-nationals-win-the-2026-world-series,https://embed.polymarket.com/market.html?market=will-the-washington-nationals-win-the-2026-world-series&features=volume&theme=light,Will the Washington Nationals win the 2026 World Series?,sports,,TTR 50.1d,2591469.708706998,,0.0,0.0,2026-10-31T23:55:00+00:00,50.131,1,,-0.999,,0,"[{""name"": ""Top"", ""bestBid"": null, ""bestAsk"": 0.001}]"
898664,0xc031351cea755544a76be09c2e884554c04eeea7fc172fb9de2caac4b92fc854,will-racing-bulls-be-the-2026-f1-constructors-champion,https://polymarket.com/event/will-racing-bulls-be-the-2026-f1-constructors-champion,https://embed.polymarket.com/market.html?market=will-racing-bulls-be-the-2026-f1-constructors-champion&features=volume&theme=light,Will Racing Bulls be the 2026 F1 Constructors' Champion?,formula1,,TTR 85.1d,3243180.848274999,,0.0,0.0,2026-12-06T00:00:00+00:00,85.134,1,,-0.999,,0,"[{""name"": ""Top"", ""bestBid"": null, ""bestAsk"": 0.001}]"
616909,0x2368d2604c9c2b95bc98c51bd50c66e5351caebf05b9fe79d3398c387fe29a89,will-7-fed-rate-cuts-happen-in-2026,https://polymarket.com/event/will-7-fed-rate-cuts-happen-in-2026,https://embed.polymarket.com/market.html?market=will-7-fed-rate-cuts-happen-in-2026&features=volume&theme=light,Will 7 Fed rate cuts happen in 2026?,rewards-200-4pt5-50,,TTR 110.1d,3519561.7951669996,,0.0,0.0,2026-12-31T00:00:00+00:00,110.134,1,,-0.999,,0,"[{""name"": ""Top"", ""bestBid"": null, ""bestAsk"": 0.001}]"
2696746,0x23667427b34ca1c7144d50540beba9e7ffb608443a84252c194bb8b40919a0cb,us-iran-final-nuclear-deal-by-september-30-2026,https://polymarket.com/event/us-iran-final-nuclear-deal-by-september-30-2026,https://embed.polymarket.com/market.html?market=us-iran-final-nuclear-deal-by-september-30-2026&features=volume&theme=light,"US-Iran Final Nuclear Deal by September 30, 2026?",iran,,"24h $5,897 • spread 0.002 • TTR 19.3d",1595669.9688930002,5897.41,0.0015,20.0,2026-10-01T03:59:00+00:00,19.3,1,0.002,-0.99,0.009,0,"[{""name"": ""Top"", ""bestBid"": 0.008, ""bestAsk"": 0.01}]"
1357400,0x2abc2ca23b04c1d8e170b33f1de93937eec740bf5b3e9309e250f3562f1a166b,will-the-tampa-bay-buccaneers-win-the-2027-nfl-league-championship,https://polymarket.com/event/will-the-tampa-bay-buccaneers-win-the-2027-nfl-league-championship,https://embed.polymarket.com/market.html?market=will-the-tampa-bay-buccaneers-win-the-2027-nfl-league-championship&features=volume&theme=light,Will the Tampa Bay Buccaneers win the 2027 NFL league championship?,sports,,"24h $11,547 • spread 0.001 • TTR 201.1d",4141655.576797,11547.01,0.001,9.5238,2027-03-31T23:55:00+00:00,201.131,1,0.001,-0.988,0.0115,0,"[{""name"": ""Top"", ""bestBid"": 0.011, ""bestAsk"": 0.012}]"
679032,0x6ad63235931f80951a48f2338956dea7bb70c97f99a7bd03f5f501d6e4673842,will-fabien-roussel-win-the-2027-french-presidential-election,https://polymarket.com/event/will-fabien-roussel-win-the-2027-french-presidential-election,https://embed.polymarket.com/market.html?market=will-fabien-roussel-win-the-2027-french-presidential-election&features=volume&theme=light,Will Fabien Roussel win the 2027 French presidential election?,french-election,,TTR 230.1d,4244282.101008,,0.0,0.0,2027-04-30T00:00:00+00:00,230.134,1,,-0.999,,0,"[{""name"": ""Top"", ""bestBid"": null, ""bestAsk"": 0.001}]"
