id,conditionId,slug,url,embedSrc,question,category,eventId,why,volume,volume24h,momentumDelta24h,momentumPct24h,endDateISO,timeToResolveDays,outcomeCount,avgSpread,underround,binaryMidYes,near50Flag,bestQuotesJSON
703258,0x0b4cc3b739e1dfe5d73274740e7308b6fb389c5af040c3a174923d928d134bee,will-jesus-christ-return-before-2027,https://polymarket.com/event/will-jesus-christ-return-before-2027,https://embed.polymarket.com/market.html?market=will-jesus-christ-return-before-2027&features=volume&theme=light,Will Jesus Christ return before 2027?,parent-for-derivative,,"24h $15,412 • spread 0.001 • TTR 145.2d",64966057.78981799,15412.69,0.001,5.1282,2026-12-31T00:00:00+00:00,145.205,1,0.001,-0.979,0.0205,0,"[{""name"": ""Top"", ""bestBid"": 0.02, ""bestAsk"": 0.021}]"
665374,0x5db999fad322cea2914535aae5517060c3f80ad6d8c0231cde2124a434d16846,will-the-us-invade-iran-before-2027,https://polymarket.com/event/will-the-us-invade-iran-before-2027,https://embed.polymarket.com/market.html?market=will-the-us-invade-iran-before-2027&features=volume&theme=light,Will the U.S. invade Iran before 2027?,military-strikes,,"24h $406,104 • spread 0.010 • TTR 145.2d",57529442.90921802,406104.16,0.01,6.0606,2026-12-31T00:00:00+00:00,145.205,1,0.01,-0.82,0.175,0,"[{""name"": ""Top"", ""bestBid"": 0.17, ""bestAsk"": 0.18}]"
561251,0x836b850fc838195374862551a36f1c8691d96ff01e58b0a071f0fc1a0e357fb1,will-lebron-james-win-the-2028-us-presidential-election,https://polymarket.com/event/will-lebron-james-win-the-2028-us-presidential-election,https://embed.polymarket.com/market.html?market=will-lebron-james-win-the-2028-us-presidential-election&features=volume&theme=light,Will LeBron James win the 2028 US Presidential Election?,president,,"24h $4,979 • spread 0.001 • TTR 822.2d",54494192.422108024,4979.92,0.0,0.0,2028-11-07T00:00:00+00:00,822.205,1,0.001,-0.998,0.0015,0,"[{""name"": ""Top"", ""bestBid"": 0.001, ""bestAsk"": 0.002}]"
559687,0xe06a7e94cf2fa8dc2085b7610fe16e9be1cde6654f34d365c13da1149b276c61,will-oprah-winfrey-win-the-2028-democratic-presidential-nomination,https://polymarket.com/event/will-oprah-winfrey-win-the-2028-democratic-presidential-nomination,https://embed.polymarket.com/market.html?market=will-oprah-winfrey-win-the-2028-democratic-presidential-nomination&features=volume&theme=light,Will Oprah Winfrey win the 2028 Democratic presidential nomination?,united-states,,"24h $1,780 • spread 0.001 • TTR 822.2d",54189829.60087001,1780.34,0.0,0.0,2028-11-07T00:00:00+00:00,822.205,1,0.001,-0.995,0.0045,0,"[{""name"": ""Top"", ""bestBid"": 0.004, ""bestAsk"": 0.005}]"
559679,0x30cfb887558b20373a984da60c372fe5a90c0296aa6d8bb413a8aa7543846da2,will-bernie-sanders-win-the-2028-democratic-presidential-nomination-879,https://polymarket.com/event/will-bernie-sanders-win-the-2028-democratic-presidential-nomination-879,https://embed.polymarket.com/market.html?market=will-bernie-sanders-win-the-2028-democratic-presidential-nomination-879&features=volume&theme=light,Will Bernie Sanders win the 2028 Democratic presidential nomination?,united-states,,"24h $41,400 • spread 0.002 • TTR 822.2d",52628944.84620802,41400.79,-0.0005,-7.6923,2028-11-07T00:00:00+00:00,822.205,1,0.002,-0.993,0.006,0,"[{""name"": ""Top"", ""bestBid"": 0.005, ""bestAsk"": 0.007}]"
567621,0xd9fb1184af0064e5e34b129f5b79afa5a17b7e32f2953ab05efed82315fee6d4,will-china-invade-taiwan-before-2027,https://polymarket.com/event/will-china-invade-taiwan-before-2027,https://embed.polymarket.com/market.html?market=will-china-invade-taiwan-before-2027&features=volume&theme=light,Will China invade Taiwan by end of 2026?,politics,,"24h $10,095 • spread 0.001 • TTR 145.2d",39489218.70867598,10095.98,0.0,0.0,2026-12-31T00:00:00+00:00,145.205,1,0.001,-0.963,0.0365,0,"[{""name"": ""Top"", ""bestBid"": 0.036, ""bestAsk"": 0.037}]"
559684,0xf2e51acfbb6d0414dc2ace81b7dc2af7c165e443dcb91f6caa7aab6d6ab4f06d,will-chelsea-clinton-win-the-2028-democratic-presidential-nomination,https://polymarket.com/event/will-chelsea-clinton-win-the-2028-democratic-presidential-nomination,https://embed.polymarket.com/market.html?market=will-chelsea-clinton-win-the-2028-democratic-presidential-nomination&features=volume&theme=light,Will Chelsea Clinton win the 2028 Democratic presidential nomination?,united-states,,"24h $3,797 • spread 0.001 • TTR 822.2d",50143686.50060303,3797.75,0.0,0.0,2028-11-07T00:00:00+00:00,822.205,1,0.001,-0.992,0.0075,0,"[{""name"": ""Top"", ""bestBid"": 0.007, ""bestAsk"": 0.008}]"
559688,0x450810ae738a0ff820d3248f2b24937f63fb8c8cf422ed2a915125adb4d9d3c8,will-andrew-yang-win-the-2028-democratic-presidential-nomination,https://polymarket.com/event/will-andrew-yang-win-the-2028-democratic-presidential-nomination,https://embed.polymarket.com/market.html?market=will-andrew-yang-win-the-2028-democratic-presidential-nomination&features=volume&theme=light,Will Andrew Yang win the 2028 Democratic presidential nomination?,united-states,,24h $666 • spread 0.001 • TTR 822.2d,48419652.713382974,666.0,0.0,0.0,2028-11-07T00:00:00+00:00,822.205,1,0.001,-0.997,0.0025,0,"[{""name"": ""Top"", ""bestBid"": 0.002, ""bestAsk"": 0.003}]"
703257,0x747dc809fb79e1b05be09c42d6179459a58de2ef3e40f02484a4e1260f741f75,will-the-us-confirm-that-aliens-exist-before-2027-789-924-249,https://polymarket.com/event/will-the-us-confirm-that-aliens-exist-before-2027-789-924-249,https://embed.polymarket.com/market.html?market=will-the-us-confirm-that-aliens-exist-before-2027-789-924-249&features=volume&theme=light,Will the US confirm that aliens exist before 2027?,aliens,,"24h $12,291 • spread 0.010 • TTR 145.2d",36543644.08524598,12291.78,0.0,0.0,2026-12-31T00:00:00+00:00,145.205,1,0.01,-0.94,0.055,0,"[{""name"": ""Top"", ""bestBid"": 0.05, ""bestAsk"": 0.06}]"
997488,0xd595eb9b81885ff018738300c79047e3ec89e87294424f57a29a7fa9162bf116,will-trump-acquire-greenland-before-2027,https://polymarket.com/event/will-trump-acquire-greenland-before-2027,https://embed.polymarket.com/market.html?market=will-trump-acquire-greenland-before-2027&features=volume&theme=light,Will Trump acquire Greenland before 2027?,davos,,24h $944 • spread 0.001 • TTR 145.2d,35234139.08598009,944.28,-0.0005,-1.3514,2026-12-31T00:00:00+00:00,145.205,1,0.001,-0.963,0.0365,0,"[{""name"": ""Top"", ""bestBid"": 0.036, ""bestAsk"": 0.037}]"
561986,0xd1747284d6048b2a3dcfbee489db405f36de18f9590197dd0e5c9f0c246bf050,will-byron-donalds-win-the-2028-republican-presidential-nomination,https://polymarket.com/event/will-byron-donalds-win-the-2028-republican-presidential-nomination,https://embed.polymarket.com/market.html?market=will-byron-donalds-win-the-2028-republican-presidential-nomination&features=volume&theme=light,Will Byron Donalds win the 2028 Republican presidential nomination?,united-states,,"24h $1,856 • spread 0.001 • TTR 822.2d",44376185.127275005,1856.74,0.0,0.0,2028-11-07T00:00:00+00:00,822.205,1,0.001,-0.993,0.0065,0,"[{""name"": ""Top"", ""bestBid"": 0.006, ""bestAsk"": 0.007}]"
561247,0xae70ab9bf1c3726fe430a2ba8b517697ae24e0f0ab554b876a5b521153068882,will-tim-walz-win-the-2028-us-presidential-election,https://polymarket.com/event/will-tim-walz-win-the-2028-us-presidential-election,https://embed.polymarket.com/market.html?market=will-tim-walz-win-the-2028-us-presidential-election&features=volume&theme=light,Will Tim Walz win the 2028 US Presidential Election?,president,,"24h $3,987 • spread 0.001 • TTR 822.2d",44372578.992634006,3987.92,0.0,0.0,2028-11-07T00:00:00+00:00,822.205,1,0.001,-0.998,0.0015,0,"[{""name"": ""Top"", ""bestBid"": 0.001, ""bestAsk"": 0.002}]"
559682,0x1945a8b23e313ed7423b6b6fd556f9ab5578900376b565a61dc480a5f4f35d21,will-person-a-win-the-2028-democratic-presidential-nomination,https://polymarket.com/event/will-person-a-win-the-2028-democratic-presidential-nomination,https://embed.polymarket.com/market.html?market=will-person-a-win-the-2028-democratic-presidential-nomination&features=volume&theme=light,Will Hunter Biden win the 2028 Democratic presidential nomination?,united-states,,"24h $22,499 • spread 0.001 • TTR 822.2d",44023412.20629903,22499.95,0.0,0.0,2028-11-07T00:00:00+00:00,822.205,1,0.001,-0.994,0.0055,0,"[{""name"": ""Top"", ""bestBid"": 0.005, ""bestAsk"": 0.006}]"
559681,0x8b203037c7c0e21b500314f8398d2a8ea294b7ce1f4f9185f426425a3505bc45,will-lebron-james-win-the-2028-democratic-presidential-nomination,https://polymarket.com/event/will-lebron-james-win-the-2028-democratic-presidential-nomination,https://embed.polymarket.com/market.html?market=will-lebron-james-win-the-2028-democratic-presidential-nomination&features=volume&theme=light,Will LeBron James win the 2028 Democratic presidential nomination?,united-states,,24h $614 • spread 0.001 • TTR 822.2d,43815149.81016999,614.64,0.0,0.0,2028-11-07T00:00:00+00:00,822.205,1,0.001,-0.997,0.0025,0,"[{""name"": ""Top"", ""bestBid"": 0.002, ""bestAsk"": 0.003}]"
559677,0x663b88d3a8f2341bb8d878709dc78632bcaf7512e577bd15521e5d8ed933efbc,will-hillary-clinton-win-the-2028-democratic-presidential-nomination,https://polymarket.com/event/will-hillary-clinton-win-the-2028-democratic-presidential-nomination,https://embed.polymarket.com/market.html?market=will-hillary-clinton-win-the-2028-democratic-presidential-nomination&features=volume&theme=light,Will Hillary Clinton win the 2028 Democratic presidential nomination?,united-states,,"24h $2,362 • spread 0.001 • TTR 822.2d",43541110.71030404,2362.3,0.0,0.0,2028-11-07T00:00:00+00:00,822.205,1,0.001,-0.997,0.0025,0,"[{""name"": ""Top"", ""bestBid"": 0.002, ""bestAsk"": 0.003}]"
561995,0x41c6341dd79903aca4bb0c29f5a7976946c3774d2fd72f38cbb7de7092144520,will-mike-pence-win-the-2028-republican-presidential-nomination,https://polymarket.com/event/will-mike-pence-win-the-2028-republican-presidential-nomination,https://embed.polymarket.com/market.html?market=will-mike-pence-win-the-2028-republican-presidential-nomination&features=volume&theme=light,Will Mike Pence win the 2028 Republican presidential nomination?,united-states,,24h $376 • spread 0.001 • TTR 822.2d,43368675.508431,376.92,0.0,0.0,2028-11-07T00:00:00+00:00,822.205,1,0.001,-0.997,0.0025,0,"[{""name"": ""Top"", ""bestBid"": 0.002, ""bestAsk"": 0.003}]"
559683,0x822e61527476cabf98927e3aad385c5ecdae7086f945535f2c1fd9ae8dbfa46e,will-george-clooney-win-the-2028-democratic-presidential-nomination,https://polymarket.com/event/will-george-clooney-win-the-2028-democratic-presidential-nomination,https://embed.polymarket.com/market.html?market=will-george-clooney-win-the-2028-democratic-presidential-nomination&features=volume&theme=light,Will George Clooney win the 2028 Democratic presidential nomination?,united-states,,"24h $1,007 • spread 0.001 • TTR 822.2d",42897111.345323995,1007.14,0.0,0.0,2028-11-07T00:00:00+00:00,822.205,1,0.001,-0.996,0.0035,0,"[{""name"": ""Top"", ""bestBid"": 0.003, ""bestAsk"": 0.004}]"
1105754,0x831493dce463d9adcad78c492f2cbec6ecdac31f4e8c5a894fdac68c130549d4,will-richard-grenell-be-the-leader-of-venezuela-end-of-2026,https://polymarket.com/event/will-richard-grenell-be-the-leader-of-venezuela-end-of-2026,https://embed.polymarket.com/market.html?market=will-richard-grenell-be-the-leader-of-venezuela-end-of-2026&features=volume&theme=light,Will Richard Grenell be the leader of Venezuela end of 2026?,trump-machado,,TTR 145.2d,32638137.058844995,,0.0,0.0,2026-12-31T00:00:00+00:00,145.205,1,,-0.999,,0,"[{""name"": ""Top"", ""bestBid"": null, ""bestAsk"": 0.001}]"
559666,0x3265b10daeb30dbcc3214bd02e488551d0a5d3028392f4152e4750b943fbfc91,will-tim-walz-win-the-2028-democratic-presidential-nomination-475,https://polymarket.com/event/will-tim-walz-win-the-2028-democratic-presidential-nomination-475,https://embed.polymarket.com/market.html?market=will-tim-walz-win-the-2028-democratic-presidential-nomination-475&features=volume&theme=light,Will Tim Walz win the 2028 Democratic presidential nomination?,united-states,,"24h $1,627 • spread 0.001 • TTR 822.2d",42724721.95492801,1627.66,0.0,0.0,2028-11-07T00:00:00+00:00,822.205,1,0.001,-0.997,0.0025,0,"[{""name"": ""Top"", ""bestBid"": 0.002, ""bestAsk"": 0.003}]"
559689,0x8ecd1d15e521b7d1020ad5596cc981c8764e9dcfbc3648f582e1a5138aee7185,will-beto-orourke-win-the-2028-democratic-presidential-nomination,https://polymarket.com/event/will-beto-orourke-win-the-2028-democratic-presidential-nomination,https://embed.polymarket.com/market.html?market=will-beto-orourke-win-the-2028-democratic-presidential-nomination&features=volume&theme=light,Will Beto O’Rourke win the 2028 Democratic presidential nomination?,united-states,,"24h $1,019 • spread 0.001 • TTR 822.2d",42665252.73314798,1019.09,0.0,0.0,2028-11-07T00:00:00+00:00,822.205,1,0.001,-0.997,0.0025,0,"[{""name"": ""Top"", ""bestBid"": 0.002, ""bestAsk"": 0.003}]"
559690,0x0f8ef3cc906ba7ba94a44724738df44bdd5f73e59e40c9c8b4ff8569e349643c,will-kim-kardashian-win-the-2028-democratic-presidential-nomination,https://polymarket.com/event/will-kim-kardashian-win-the-2028-democratic-presidential-nomination,https://embed.polymarket.com/market.html?market=will-kim-kardashian-win-the-2028-democratic-presidential-nomination&features=volume&theme=light,Will Kim Kardashian win the 2028 Democratic presidential nomination?,united-states,,24h $567 • spread 0.001 • TTR 822.2d,42293401.454670995,567.77,0.0,0.0,2028-11-07T00:00:00+00:00,822.205,1,0.001,-0.997,0.0025,0,"[{""name"": ""Top"", ""bestBid"": 0.002, ""bestAsk"": 0.003}]"
559680,0x29283b56d3eec6d1d89fff51793d9d2e01579d2379b1d3e9ebda175d3561e809,will-phil-murphy-win-the-2028-democratic-presidential-nomination-611,https://polymarket.com/event/will-phil-murphy-win-the-2028-democratic-presidential-nomination-611,https://embed.polymarket.com/market.html?market=will-phil-murphy-win-the-2028-democratic-presidential-nomination-611&features=volume&theme=light,Will Phil Murphy win the 2028 Democratic presidential nomination?,united-states,,"24h $95,074 • spread 0.001 • TTR 822.2d",42175651.850365005,95074.52,0.0,0.0,2028-11-07T00:00:00+00:00,822.205,1,0.001,-0.997,0.0025,0,"[{""name"": ""Top"", ""bestBid"": 0.002, ""bestAsk"": 0.003}]"
559685,0xc44edcfdedb422bae8ff1803e2178d1ee025fc41efd81400ccbede709e018841,will-mrbeast-win-the-2028-democratic-presidential-nomination,https://polymarket.com/event/will-mrbeast-win-the-2028-democratic-presidential-nomination,https://embed.polymarket.com/market.html?market=will-mrbeast-win-the-2028-democratic-presidential-nomination&features=volume&theme=light,Will MrBeast win the 2028 Democratic presidential nomination?,united-states,,"24h $2,010 • spread 0.001 • TTR 822.2d",40310544.801617995,2010.8,0.0,0.0,2028-11-07T00:00:00+00:00,822.205,1,0.001,-0.997,0.0025,0,"[{""name"": ""Top"", ""bestBid"": 0.002, ""bestAsk"": 0.003}]"
561254,0x7f695758278e6d4d9e63df862afa88d664d3402a3d26e4d32ae05121cdbddba6,will-kim-kardashian-win-the-2028-us-presidential-election,https://polymarket.com/event/will-kim-kardashian-win-the-2028-us-presidential-election,https://embed.polymarket.com/market.html?market=will-kim-kardashian-win-the-2028-us-presidential-election&features=volume&theme=light,Will Kim Kardashian win the 2028 US Presidential Election?,president,,"24h $3,516 • spread 0.001 • TTR 822.2d",39745870.856116004,3516.66,0.0,0.0,2028-11-07T00:00:00+00:00,822.205,1,0.001,-0.997,0.0025,0,"[{""name"": ""Top"", ""bestBid"": 0.002, ""bestAsk"": 0.003}]"
559671,0x3535fb2f4aef6619dde8b367cb5e5d209526bb496d5d9778428c58a0252435e3,will-zohran-mamdani-win-the-2028-democratic-presidential-nomination-445,https://polymarket.com/event/will-zohran-mamdani-win-the-2028-democratic-presidential-nomination-445,https://embed.polymarket.com/market.html?market=will-zohran-mamdani-win-the-2028-democratic-presidential-nomination-445&features=volume&theme=light,Will Zohran Mamdani win the 2028 Democratic presidential nomination?,united-states,,"24h $1,880 • spread 0.001 • TTR 822.2d",38588713.725846075,1880.02,0.0,0.0,2028-11-07T00:00:00+00:00,822.205,1,0.001,-0.996,0.0035,0,"[{""name"": ""Top"", ""bestBid"": 0.003, ""bestAsk"": 0.004}]"
559678,0x46dbd48d6bde5b81edb480e0f676a2cdda6c6b592c4d86a9367c7ad5a9870195,will-liz-cheney-win-the-2028-democratic-presidential-nomination-551,https://polymarket.com/event/will-liz-cheney-win-the-2028-democratic-presidential-nomination-551,https://embed.polymarket.com/market.html?market=will-liz-cheney-win-the-2028-democratic-presidential-nomination-551&features=volume&theme=light,Will Liz Cheney win the 2028 Democratic presidential nomination?,united-states,,"24h $1,608 • spread 0.001 • TTR 822.2d",38342918.708788976,1608.23,0.0,0.0,2028-11-07T00:00:00+00:00,822.205,1,0.001,-0.997,0.0025,0,"[{""name"": ""Top"", ""bestBid"": 0.002, ""bestAsk"": 0.003}]"
561248,0x64396449b471b10b006285fa49dd9a5df535694de7b4c703fdeb0d88d5c4cd33,will-vivek-ramaswamy-win-the-2028-us-presidential-election,https://polymarket.com/event/will-vivek-ramaswamy-win-the-2028-us-presidential-election,https://embed.polymarket.com/market.html?market=will-vivek-ramaswamy-win-the-2028-us-presidential-election&features=volume&theme=light,Will Vivek Ramaswamy win the 2028 US Presidential Election?,president,,"24h $1,249 • spread 0.001 • TTR 822.2d",37615466.60818998,1249.7,0.0,0.0,2028-11-07T00:00:00+00:00,822.205,1,0.001,-0.997,0.0025,0,"[{""name"": ""Top"", ""bestBid"": 0.002, ""bestAsk"": 0.003}]"
559692,0x3cd6e52603d80ddbbdac9b1a4d43f9b7faa6aae4fae4d0fdfad3bd58454da7d3,will-jasmine-crockett-win-the-2028-democratic-presidential-nomination,https://polymarket.com/event/will-jasmine-crockett-win-the-2028-democratic-presidential-nomination,https://embed.polymarket.com/market.html?market=will-jasmine-crockett-win-the-2028-democratic-presidential-nomination&features=volume&theme=light,Will Jasmine Crockett win the 2028 Democratic presidential nomination?,united-states,,"24h $3,276 • spread 0.001 • TTR 822.2d",36260302.28684,3276.1,0.0,0.0,2028-11-07T00:00:00+00:00,822.205,1,0.001,-0.996,0.0035,0,"[{""name"": ""Top"", ""bestBid"": 0.003, ""bestAsk"": 0.004}]"
561993,0x7190eccbd0677d5d0ae8cdf598b37e945a346915c666dda11468dc9970657a56,will-john-thune-win-the-2028-republican-presidential-nomination,https://polymarket.com/event/will-john-thune-win-the-2028-republican-presidential-nomination,https://embed.polymarket.com/market.html?market=will-john-thune-win-the-2028-republican-presidential-nomination&features=volume&theme=light,Will John Thune win the 2028 Republican presidential nomination?,united-states,,"24h $1,377 • spread 0.001 • TTR 822.2d",36156359.94883601,1377.27,0.0,0.0,2028-11-07T00:00:00+00:00,822.205,1,0.001,-0.998,0.0015,0,"[{""name"": ""Top"", ""bestBid"": 0.001, ""bestAsk"": 0.002}]"
561994,0x5f1b1caf70eb994bfff2986727a05a3ac9f7ec8b0da4017f7732596d023e5a07,will-kristi-noem-win-the-2028-republican-presidential-nomination,https://polymarket.com/event/will-kristi-noem-win-the-2028-republican-presidential-nomination,https://embed.polymarket.com/market.html?market=will-kristi-noem-win-the-2028-republican-presidential-nomination&features=volume&theme=light,Will Kristi Noem win the 2028 Republican presidential nomination?,united-states,,24h $636 • spread 0.001 • TTR 822.2d,36088254.05359901,636.73,0.0,0.0,2028-11-07T00:00:00+00:00,822.205,1,0.001,-0.997,0.0025,0,"[{""name"": ""Top"", ""bestBid"": 0.002, ""bestAsk"": 0.003}]"
559670,0xcb239105ed21a2420ba4d85090b9bc32755c56601ffdc528afd17fd6282fe930,will-gina-raimondo-win-the-2028-democratic-presidential-nomination-676,https://polymarket.com/event/will-gina-raimondo-win-the-2028-democratic-presidential-nomination-676,https://embed.polymarket.com/market.html?market=will-gina-raimondo-win-the-2028-democratic-presidential-nomination-676&features=volume&theme=light,Will Gina Raimondo win the 2028 Democratic presidential nomination?,united-states,,24h $949 • spread 0.001 • TTR 822.2d,35567436.98281501,949.46,0.0,0.0,2028-11-07T00:00:00+00:00,822.205,1,0.001,-0.997,0.0025,0,"[{""name"": ""Top"", ""bestBid"": 0.002, ""bestAsk"": 0.003}]"
561249,0x01dffa7abae7e5d9b7fb44b06d537c5ac932e2ca422ab4b53366672f5e2dc7d6,will-greg-abbott-win-the-2028-us-presidential-election,https://polymarket.com/event/will-greg-abbott-win-the-2028-us-presidential-election,https://embed.polymarket.com/market.html?market=will-greg-abbott-win-the-2028-us-presidential-election&features=volume&theme=light,Will Greg Abbott win the 2028 US Presidential Election?,president,,"24h $2,977 • spread 0.001 • TTR 822.2d",35145041.12419102,2977.0,0.0,0.0,2028-11-07T00:00:00+00:00,822.205,1,0.001,-0.991,0.0085,0,"[{""name"": ""Top"", ""bestBid"": 0.008, ""bestAsk"": 0.009}]"
561242,0x8fc141205ebce5adf437bfdf4d0c5ff58ff24293b79c9431991346c208bb48ed,will-tulsi-gabbard-win-the-2028-us-presidential-election,https://polymarket.com/event/will-tulsi-gabbard-win-the-2028-us-presidential-election,https://embed.polymarket.com/market.html?market=will-tulsi-gabbard-win-the-2028-us-presidential-election&features=volume&theme=light,Will Tulsi Gabbard win the 2028 US Presidential Election?,president,,24h $561 • spread 0.001 • TTR 822.2d,34332666.75567898,561.34,0.0,0.0,2028-11-07T00:00:00+00:00,822.205,1,0.001,-0.997,0.0025,0,"[{""name"": ""Top"", ""bestBid"": 0.002, ""bestAsk"": 0.003}]"
559676,0x88d67705780a3d922317ecb0c78a947a306174d0510df2ae89394d5abfb28206,will-barack-obama-win-the-2028-democratic-presidential-nomination-265,https://polymarket.com/event/will-barack-obama-win-the-2028-democratic-presidential-nomination-265,https://embed.polymarket.com/market.html?market=will-barack-obama-win-the-2028-democratic-presidential-nomination-265&features=volume&theme=light,Will Barack Obama win the 2028 Democratic presidential nomination?,united-states,,"24h $1,428 • spread 0.001 • TTR 822.2d",33849817.81764801,1428.73,0.0,0.0,2028-11-07T00:00:00+00:00,822.205,1,0.001,-0.997,0.0025,0,"[{""name"": ""Top"", ""bestBid"": 0.002, ""bestAsk"": 0.003}]"
1105752,0x8063a2c9fa21c4a1470b33fee132d6d61fb5b7dcd667dcac3bb82ae15ad70c0d,will-frank-donovan-be-the-leader-of-venezuela-end-of-2026,https://polymarket.com/event/will-frank-donovan-be-the-leader-of-venezuela-end-of-2026,https://embed.polymarket.com/market.html?market=will-frank-donovan-be-the-leader-of-venezuela-end-of-2026&features=volume&theme=light,Will Frank Donovan be the leader of Venezuela end of 2026?,trump-machado,,"24h $1,106 • spread 0.001 • TTR 145.2d",25781853.242587995,1106.86,0.0,0.0,2026-12-31T00:00:00+00:00,145.205,1,0.001,-0.998,0.0015,0,"[{""name"": ""Top"", ""bestBid"": 0.001, ""bestAsk"": 0.002}]"
561240,0x66b906b8205f48a26beb8e553bbb1e7954e87e4f6e1d539823441221d1806e8f,will-stephen-smith-win-the-2028-us-presidential-election,https://polymarket.com/event/will-stephen-smith-win-the-2028-us-presidential-election,https://embed.polymarket.com/market.html?market=will-stephen-smith-win-the-2028-us-presidential-election&features=volume&theme=light,Will Stephen Smith win the 2028 US Presidential Election?,president,,"24h $2,789 • spread 0.001 • TTR 822.2d",33264346.316786006,2789.5,0.0,0.0,2028-11-07T00:00:00+00:00,822.205,1,0.001,-0.997,0.0025,0,"[{""name"": ""Top"", ""bestBid"": 0.002, ""bestAsk"": 0.003}]"
561999,0xf8dbde8b6e038775a673947e59da2de15a2127272b50b9877400fdbf7cfc3026,will-tom-brady-win-the-2028-republican-presidential-nomination,https://polymarket.com/event/will-tom-brady-win-the-2028-republican-presidential-nomination,https://embed.polymarket.com/market.html?market=will-tom-brady-win-the-2028-republican-presidential-nomination&features=volume&theme=light,Will Tom Brady win the 2028 Republican presidential nomination?,united-states,,"24h $2,865 • spread 0.001 • TTR 822.2d",32892153.94772901,2865.05,0.0,0.0,2028-11-07T00:00:00+00:00,822.205,1,0.001,-0.997,0.0025,0,"[{""name"": ""Top"", ""bestBid"": 0.002, ""bestAsk"": 0.003}]"
561982,0x00ad3bb5284b0b2314b1a2d42812fe292f606619c6278bd95c9d905816c240f6,will-sarah-huckabee-sanders-win-the-2028-republican-presidential-nomination,https://polymarket.com/event/will-sarah-huckabee-sanders-win-the-2028-republican-presidential-nomination,https://embed.polymarket.com/market.html?market=will-sarah-huckabee-sanders-win-the-2028-republican-presidential-nomination&features=volume&theme=light,Will Sarah Huckabee Sanders win the 2028 Republican presidential nomination?,united-states,,24h $173 • spread 0.001 • TTR 822.2d,32643036.456243,173.24,0.0,0.0,2028-11-07T00:00:00+00:00,822.205,1,0.001,-0.994,0.0055,0,"[{""name"": ""Top"", ""bestBid"": 0.005, ""bestAsk"": 0.006}]"
559664,0xdce84960dce38aa4a5800a5eba7c9ac34d2ce49ba9d44c42572c472d468af264,will-raphael-warnock-win-the-2028-democratic-presidential-nomination-914,https://polymarket.com/event/will-raphael-warnock-win-the-2028-democratic-presidential-nomination-914,https://embed.polymarket.com/market.html?market=will-raphael-warnock-win-the-2028-democratic-presidential-nomination-914&features=volume&theme=light,Will Raphael Warnock win the 2028 Democratic presidential nomination?,united-states,,"24h $53,096 • spread 0.001 • TTR 822.2d",31946960.803474996,53096.06,0.001,18.1818,2028-11-07T00:00:00+00:00,822.205,1,0.001,-0.993,0.0065,0,"[{""name"": ""Top"", ""bestBid"": 0.006, ""bestAsk"": 0.007}]"
663583,0xbb4d51e6364066d92eb6f9b8413dd7193de70966736044463b205834805a1f3b,will-the-iranian-regime-fall-by-the-end-of-2026,https://polymarket.com/event/will-the-iranian-regime-fall-by-the-end-of-2026,https://embed.polymarket.com/market.html?market=will-the-iranian-regime-fall-by-the-end-of-2026&features=volume&theme=light,Will the Iranian regime fall before 2027?,reza-pahlavi,,"24h $219,836 • spread 0.010 • TTR 145.2d",24274942.385773025,219836.01,0.0,0.0,2026-12-31T00:00:00+00:00,145.205,1,0.01,-0.93,0.065,0,"[{""name"": ""Top"", ""bestBid"": 0.06, ""bestAsk"": 0.07}]"
559672,0x939eeb2dea216749bd409bedde483c3f2bfb0e24d4f2d34461c0b21c6e91f010,will-roy-cooper-win-the-2028-democratic-presidential-nomination-286,https://polymarket.com/event/will-roy-cooper-win-the-2028-democratic-presidential-nomination-286,https://embed.polymarket.com/market.html?market=will-roy-cooper-win-the-2028-democratic-presidential-nomination-286&features=volume&theme=light,Will Roy Cooper win the 2028 Democratic presidential nomination?,united-states,,24h $60 • spread 0.001 • TTR 822.2d,31346709.35381001,60.86,0.0,0.0,2028-11-07T00:00:00+00:00,822.205,1,0.001,-0.995,0.0045,0,"[{""name"": ""Top"", ""bestBid"": 0.004, ""bestAsk"": 0.005}]"
561990,0xfbb80ea5f8fc02ee7df8bd4f58790e1d04b874078a49a7b7028a74a2075100c9,will-elon-musk-win-the-2028-republican-presidential-nomination,https://polymarket.com/event/will-elon-musk-win-the-2028-republican-presidential-nomination,https://embed.polymarket.com/market.html?market=will-elon-musk-win-the-2028-republican-presidential-nomination&features=volume&theme=light,Will Elon Musk win the 2028 Republican presidential nomination?,united-states,,"24h $3,850 • spread 0.001 • TTR 822.2d",28890751.493272025,3850.81,0.0,0.0,2028-11-07T00:00:00+00:00,822.205,1,0.001,-0.992,0.0075,0,"[{""name"": ""Top"", ""bestBid"": 0.007, ""bestAsk"": 0.008}]"
561992,0x61a1278884fa70d68d4bcaaf72fad55bbdb063cac28c6947472ca91635fab10f,will-katie-britt-win-the-2028-republican-presidential-nomination,https://polymarket.com/event/will-katie-britt-win-the-2028-republican-presidential-nomination,https://embed.polymarket.com/market.html?market=will-katie-britt-win-the-2028-republican-presidential-nomination&features=volume&theme=light,Will Katie Britt win the 2028 Republican presidential nomination?,united-states,,24h $313 • spread 0.001 • TTR 822.2d,28752727.851318005,313.88,0.0,0.0,2028-11-07T00:00:00+00:00,822.205,1,0.001,-0.996,0.0035,0,"[{""name"": ""Top"", ""bestBid"": 0.003, ""bestAsk"": 0.004}]"
561245,0xe0173375b7eaccb836f7b92d28a9a2d1cc69e54e5a65fae89a5d7e49aadd332e,will-nikki-haley-win-the-2028-us-presidential-election,https://polymarket.com/event/will-nikki-haley-win-the-2028-us-presidential-election,https://embed.polymarket.com/market.html?market=will-nikki-haley-win-the-2028-us-presidential-election&features=volume&theme=light,Will Nikki Haley win the 2028 US Presidential Election?,president,,"24h $1,534 • spread 0.001 • TTR 822.2d",28560085.061861,1534.98,0.0,0.0,2028-11-07T00:00:00+00:00,822.205,1,0.001,-0.994,0.0055,0,"[{""name"": ""Top"", ""bestBid"": 0.005, ""bestAsk"": 0.006}]"
562003,0x414378275cb214b747245942be889ee1e077c56d1c00eb4d726629c95f22b5a5,will-kim-kardashian-win-the-2028-republican-presidential-nomination,https://polymarket.com/event/will-kim-kardashian-win-the-2028-republican-presidential-nomination,https://embed.polymarket.com/market.html?market=will-kim-kardashian-win-the-2028-republican-presidential-nomination&features=volume&theme=light,Will Kim Kardashian win the 2028 Republican presidential nomination?,united-states,,"24h $1,604 • spread 0.001 • TTR 822.2d",28509219.270048,1604.99,0.0,0.0,2028-11-07T00:00:00+00:00,822.205,1,0.001,-0.996,0.0035,0,"[{""name"": ""Top"", ""bestBid"": 0.003, ""bestAsk"": 0.004}]"
561987,0x655b4bfdfa55a95c24d6e9bf7e7cd62f1b57da9a1f4c7f40f090b8ba847dffa2,will-elise-stefanik-win-the-2028-republican-presidential-nomination,https://polymarket.com/event/will-elise-stefanik-win-the-2028-republican-presidential-nomination,https://embed.polymarket.com/market.html?market=will-elise-stefanik-win-the-2028-republican-presidential-nomination&features=volume&theme=light,Will Elise Stefanik win the 2028 Republican presidential nomination?,united-states,,"24h $4,450 • spread 0.001 • TTR 822.2d",27962383.076141983,4450.76,0.0,0.0,2028-11-07T00:00:00+00:00,822.205,1,0.001,-0.995,0.0045,0,"[{""name"": ""Top"", ""bestBid"": 0.004, ""bestAsk"": 0.005}]"
559674,0x8fbcb151e2c988df5a43abb02298014b7daf34c008f3eed9188dd16a2a19bec1,will-jared-polis-win-the-2028-democratic-presidential-nomination-837,https://polymarket.com/event/will-jared-polis-win-the-2028-democratic-presidential-nomination-837,https://embed.polymarket.com/market.html?market=will-jared-polis-win-the-2028-democratic-presidential-nomination-837&features=volume&theme=light,Will Jared Polis win the 2028 Democratic presidential nomination?,united-states,,24h $876 • spread 0.001 • TTR 822.2d,27172756.670657996,876.07,0.0,0.0,2028-11-07T00:00:00+00:00,822.205,1,0.001,-0.997,0.0025,0,"[{""name"": ""Top"", ""bestBid"": 0.002, ""bestAsk"": 0.003}]"
559652,0x0f49db97f71c68b1e42a6d16e3de93d85dbf7d4148e3f018eb79e88554be9f75,will-gavin-newsom-win-the-2028-democratic-presidential-nomination-568,https://polymarket.com/event/will-gavin-newsom-win-the-2028-democratic-presidential-nomination-568,https://embed.polymarket.com/market.html?market=will-gavin-newsom-win-the-2028-democratic-presidential-nomination-568&features=volume&theme=light,Will Gavin Newsom win the 2028 Democratic presidential nomination?,united-states,,"24h $2,201 • spread 0.001 • TTR 822.2d",26648309.11219299,2201.87,0.0,0.0,2028-11-07T00:00:00+00:00,822.205,1,0.001,-0.817,0.1825,0,"[{""name"": ""Top"", ""bestBid"": 0.182, ""bestAsk"": 0.183}]"
561238,0xc4435df23facee8c4cd86090310c7835c2a0425646b2588b0a02e67fa42f444e,will-glenn-youngkin-win-the-2028-us-presidential-election,https://polymarket.com/event/will-glenn-youngkin-win-the-2028-us-presidential-election,https://embed.polymarket.com/market.html?market=will-glenn-youngkin-win-the-2028-us-presidential-election&features=volume&theme=light,Will Glenn Youngkin win the 2028 US Presidential Election?,president,,24h $373 • spread 0.001 • TTR 822.2d,26411086.925258,373.35,0.0,0.0,2028-11-07T00:00:00+00:00,822.205,1,0.001,-0.993,0.0065,0,"[{""name"": ""Top"", ""bestBid"": 0.006, ""bestAsk"": 0.007}]"
2774056,0x60c2c085ee8c16bc8f2419739a94971d4c9d00f637ead10fc0f540afa1be64e8,strait-of-hormuz-traffic-returns-to-normal-by-august-31-20260702154212320,https://polymarket.com/event/strait-of-hormuz-traffic-returns-to-normal-by-august-31-20260702154212320,https://embed.polymarket.com/market.html?market=strait-of-hormuz-traffic-returns-to-normal-by-august-31-20260702154212320&features=volume&theme=light,Strait of Hormuz traffic returns to normal by August 31?,oil,,"24h $564,637 • spread 0.010 • TTR 23.2d",9166087.685023004,564637.75,0.01,8.6957,2026-08-31T00:00:00+00:00,23.205,1,0.01,-0.87,0.125,0,"[{""name"": ""Top"", ""bestBid"": 0.12, ""bestAsk"": 0.13}]"
559667,0x3e218c99a1335641b3a5ee6c887521d19b0c28fddd6b99c254a07968e35c0b1b,will-michelle-obama-win-the-2028-democratic-presidential-nomination-777,https://polymarket.com/event/will-michelle-obama-win-the-2028-democratic-presidential-nomination-777,https://embed.polymarket.com/market.html?market=will-michelle-obama-win-the-2028-democratic-presidential-nomination-777&features=volume&theme=light,Will Michelle Obama win the 2028 Democratic presidential nomination?,united-states,,24h $671 • spread 0.001 • TTR 822.2d,26033992.45546702,671.94,0.0,0.0,2028-11-07T00:00:00+00:00,822.205,1,0.001,-0.99,0.0095,0,"[{""name"": ""Top"", ""bestBid"": 0.009, ""bestAsk"": 0.01}]"
561250,0x68e3c4e0dd8f82d010060032006fd157401b0bd8e04bd2953ae293e31eb99bf6,will-elon-musk-win-the-2028-us-presidential-election,https://polymarket.com/event/will-elon-musk-win-the-2028-us-presidential-election,https://embed.polymarket.com/market.html?market=will-elon-musk-win-the-2028-us-presidential-election&features=volume&theme=light,Will Elon Musk win the 2028 US Presidential Election?,president,,"24h $9,625 • spread 0.001 • TTR 822.2d",25869505.70537802,9625.05,0.0,0.0,2028-11-07T00:00:00+00:00,822.205,1,0.001,-0.993,0.0065,0,"[{""name"": ""Top"", ""bestBid"": 0.006, ""bestAsk"": 0.007}]"
601818,0x81a537b379a35e4e17c286d3b37394e94bd74c1779bbe9a13670eb991b201a3a,will-tarcisio-de-frietas-win-the-2026-brazilian-presidential-election,https://polymarket.com/event/will-tarcisio-de-frietas-win-the-2026-brazilian-presidential-election,https://embed.polymarket.com/market.html?market=will-tarcisio-de-frietas-win-the-2026-brazilian-presidential-election&features=volume&theme=light,Will Tarcisio de Freitas win the 2026 Brazilian presidential election?,politics,,"24h $3,016 • TTR 57.2d",13873569.963296,3016.0,0.0,0.0,2026-10-04T00:00:00+00:00,57.205,1,,-0.999,,0,"[{""name"": ""Top"", ""bestBid"": null, ""bestAsk"": 0.001}]"
559665,0x1970bcce75e3674660917ae4685b433a9b1e0152d810a8d7c346dfd5e00694c2,will-corey-booker-win-the-2028-democratic-presidential-nomination-125,https://polymarket.com/event/will-corey-booker-win-the-2028-democratic-presidential-nomination-125,https://embed.polymarket.com/market.html?market=will-corey-booker-win-the-2028-democratic-presidential-nomination-125&features=volume&theme=light,Will Cory Booker win the 2028 Democratic presidential nomination?,united-states,,"24h $11,562 • spread 0.001 • TTR 822.2d",25473813.613574,11562.16,0.0,0.0,2028-11-07T00:00:00+00:00,822.205,1,0.001,-0.994,0.0055,0,"[{""name"": ""Top"", ""bestBid"": 0.005, ""bestAsk"": 0.006}]"
559675,0xfee07be730188c94cd3644ed6f107fa3ea2dfab9989ce8d39aeeae064766abe3,will-jon-stewart-win-the-2028-democratic-presidential-nomination-518,https://polymarket.com/event/will-jon-stewart-win-the-2028-democratic-presidential-nomination-518,https://embed.polymarket.com/market.html?market=will-jon-stewart-win-the-2028-democratic-presidential-nomination-518&features=volume&theme=light,Will Jon Stewart win the 2028 Democratic presidential nomination?,united-states,,"24h $9,980 • spread 0.001 • TTR 822.2d",24577798.217575002,9980.04,0.005,32.2581,2028-11-07T00:00:00+00:00,822.205,1,0.001,-0.979,0.0205,0,"[{""name"": ""Top"", ""bestBid"": 0.02, ""bestAsk"": 0.021}]"
560317,0x6bd56627aa21311850825edb27e53434a0e17a4f782be0086bc07f71eee00d0d,putin-out-before-2027-346,https://polymarket.com/event/putin-out-before-2027-346,https://embed.polymarket.com/market.html?market=putin-out-before-2027-346&features=volume&theme=light,"Putin out as President of Russia by December 31, 2026?",putin,,"24h $8,774 • spread 0.010 • TTR 146.0d",18592817.61652198,8774.91,0.0,0.0,2026-12-31T18:30:00+00:00,145.976,1,0.01,-0.92,0.075,0,"[{""name"": ""Top"", ""bestBid"": 0.07, ""bestAsk"": 0.08}]"
559673,0xca1d1139b0c3a29983407f499476ae642482788e841a277eb86faeeb9fa4a85c,will-john-fetterman-win-the-2028-democratic-presidential-nomination-941,https://polymarket.com/event/will-john-fetterman-win-the-2028-democratic-presidential-nomination-941,https://embed.polymarket.com/market.html?market=will-john-fetterman-win-the-2028-democratic-presidential-nomination-941&features=volume&theme=light,Will John Fetterman win the 2028 Democratic presidential nomination?,united-states,,"24h $2,070 • spread 0.001 • TTR 822.2d",24354650.41666699,2070.95,0.0,0.0,2028-11-07T00:00:00+00:00,822.205,1,0.001,-0.996,0.0035,0,"[{""name"": ""Top"", ""bestBid"": 0.003, ""bestAsk"": 0.004}]"
2155000,0xa4ddc18895cc7b14810283ef8f113939abffd3969c6a0e37f1897110c67e6f73,hantavirus-pandemic-in-2026,https://polymarket.com/event/hantavirus-pandemic-in-2026,https://embed.polymarket.com/market.html?market=hantavirus-pandemic-in-2026&features=volume&theme=light,Hantavirus pandemic in 2026?,pandemics,,"24h $19,962 • spread 0.001 • TTR 145.2d",17676224.413969044,19962.36,0.001,2.5316,2026-12-31T00:00:00+00:00,145.205,1,0.001,-0.959,0.0405,0,"[{""name"": ""Top"", ""bestBid"": 0.04, ""bestAsk"": 0.041}]"
559662,0x9d4f94f82de9d13ff1d3318639ab9000ee2533949e525343156f374fb00bd9b1,will-mark-cuban-win-the-2028-democratic-presidential-nomination-329,https://polymarket.com/event/will-mark-cuban-win-the-2028-democratic-presidential-nomination-329,https://embed.polymarket.com/market.html?market=will-mark-cuban-win-the-2028-democratic-presidential-nomination-329&features=volume&theme=light,Will Mark Cuban win the 2028 Democratic presidential nomination?,united-states,,24h $531 • spread 0.001 • TTR 822.2d,22752905.311184,531.35,0.0,0.0,2028-11-07T00:00:00+00:00,822.205,1,0.001,-0.994,0.0055,0,"[{""name"": ""Top"", ""bestBid"": 0.005, ""bestAsk"": 0.006}]"
562001,0xd5659eea81cada0bac656f5a9099861786cbae6755e2e1ac2c9e9441908b551f,will-steve-bannon-win-the-2028-republican-presidential-nomination,https://polymarket.com/event/will-steve-bannon-win-the-2028-republican-presidential-nomination,https://embed.polymarket.com/market.html?market=will-steve-bannon-win-the-2028-republican-presidential-nomination&features=volume&theme=light,Will Steve Bannon win the 2028 Republican presidential nomination?,united-states,,24h $176 • spread 0.001 • TTR 822.2d,22731619.451465998,176.58,0.0,0.0,2028-11-07T00:00:00+00:00,822.205,1,0.001,-0.995,0.0045,0,"[{""name"": ""Top"", ""bestBid"": 0.004, ""bestAsk"": 0.005}]"
561256,0xf05b4b55336a4c1c7b44c726911d2b559732cff7bad339084de86ae364dc85f6,will-zohran-mamdani-win-the-2028-us-presidential-election,https://polymarket.com/event/will-zohran-mamdani-win-the-2028-us-presidential-election,https://embed.polymarket.com/market.html?market=will-zohran-mamdani-win-the-2028-us-presidential-election&features=volume&theme=light,Will Zohran Mamdani win the 2028 US Presidential Election?,president,,"24h $81,534 • spread 0.001 • TTR 822.2d",21761620.860248,81534.01,0.0,0.0,2028-11-07T00:00:00+00:00,822.205,1,0.001,-0.997,0.0025,0,"[{""name"": ""Top"", ""bestBid"": 0.002, ""bestAsk"": 0.003}]"
559657,0xc8f1cf5d4f26e0fd9c8fe89f2a7b3263b902cf14fde7bfccef525753bb492e47,will-stephen-a-smith-win-the-2028-democratic-presidential-nomination-914,https://polymarket.com/event/will-stephen-a-smith-win-the-2028-democratic-presidential-nomination-914,https://embed.polymarket.com/market.html?market=will-stephen-a-smith-win-the-2028-democratic-presidential-nomination-914&features=volume&theme=light,Will Stephen A. Smith win the 2028 Democratic presidential nomination?,united-states,,"24h $2,872 • spread 0.001 • TTR 822.2d",21492770.893443,2872.01,-0.001,-22.2222,2028-11-07T00:00:00+00:00,822.205,1,0.001,-0.996,0.0035,0,"[{""name"": ""Top"", ""bestBid"": 0.003, ""bestAsk"": 0.004}]"
561983,0x214093035e429b91df322bd20c55d9f611f741f67472a63f7623a9afc0cffa57,will-greg-abbott-win-the-2028-republican-presidential-nomination,https://polymarket.com/event/will-greg-abbott-win-the-2028-republican-presidential-nomination,https://embed.polymarket.com/market.html?market=will-greg-abbott-win-the-2028-republican-presidential-nomination&features=volume&theme=light,Will Greg Abbott win the 2028 Republican presidential nomination?,united-states,,24h $64 • spread 0.001 • TTR 822.2d,20655006.640783995,64.6,0.0,0.0,2028-11-07T00:00:00+00:00,822.205,1,0.001,-0.992,0.0075,0,"[{""name"": ""Top"", ""bestBid"": 0.007, ""bestAsk"": 0.008}]"
561988,0x4d4bceee5f59f75230c6438f69fc913a6da7afa4098ce0734655045c02a730fc,will-josh-hawley-win-the-2028-republican-presidential-nomination,https://polymarket.com/event/will-josh-hawley-win-the-2028-republican-presidential-nomination,https://embed.polymarket.com/market.html?market=will-josh-hawley-win-the-2028-republican-presidential-nomination&features=volume&theme=light,Will Josh Hawley win the 2028 Republican presidential nomination?,united-states,,"24h $1,364 • spread 0.001 • TTR 822.2d",20171160.895660996,1364.03,0.0,0.0,2028-11-07T00:00:00+00:00,822.205,1,0.001,-0.996,0.0035,0,"[{""name"": ""Top"", ""bestBid"": 0.003, ""bestAsk"": 0.004}]"
561991,0xf2cea45ec282af4f302d2ab85ede73678cd692ebf8c3ab6d52bfa5e19f44c553,will-matt-gaetz-win-the-2028-republican-presidential-nomination,https://polymarket.com/event/will-matt-gaetz-win-the-2028-republican-presidential-nomination,https://embed.polymarket.com/market.html?market=will-matt-gaetz-win-the-2028-republican-presidential-nomination&features=volume&theme=light,Will Matt Gaetz win the 2028 Republican presidential nomination?,united-states,,"24h $1,338 • spread 0.001 • TTR 822.2d",20037176.17841799,1338.29,0.0,0.0,2028-11-07T00:00:00+00:00,822.205,1,0.001,-0.997,0.0025,0,"[{""name"": ""Top"", ""bestBid"": 0.002, ""bestAsk"": 0.003}]"
601823,0xe1d5733322fd2215f136412f419d9ff805d097f78c68de3261515ff736895f2b,will-eduardo-bolsonaro-win-the-2026-brazilian-presidential-election,https://polymarket.com/event/will-eduardo-bolsonaro-win-the-2026-brazilian-presidential-election,https://embed.polymarket.com/market.html?market=will-eduardo-bolsonaro-win-the-2026-brazilian-presidential-election&features=volume&theme=light,Will Eduardo Bolsonaro win the 2026 Brazilian presidential election?,politics,,TTR 57.2d,10415091.975772,,0.0,0.0,2026-10-04T00:00:00+00:00,57.205,1,,-0.999,,0,"[{""name"": ""Top"", ""bestBid"": null, ""bestAsk"": 0.001}]"
601824,0xa59bb6bb91e5c1e4d533864520fbd3bb75d6d0ebb813b4cd8a8b88479bfa8966,will-carlos-roberto-massa-jnior-win-the-2026-brazilian-presidential-election,https://polymarket.com/event/will-carlos-roberto-massa-jnior-win-the-2026-brazilian-presidential-election,https://embed.polymarket.com/market.html?market=will-carlos-roberto-massa-jnior-win-the-2026-brazilian-presidential-election&features=volume&theme=light,Will Carlos Roberto Massa Júnior win the 2026 Brazilian presidential election?,politics,,24h $2 • TTR 57.2d,10411358.296619006,2.07,0.0,0.0,2026-10-04T00:00:00+00:00,57.205,1,,-0.999,,0,"[{""name"": ""Top"", ""bestBid"": null, ""bestAsk"": 0.001}]"
562000,0xd10bc768ede58b53ed400594240b0a0603134a32dab89ec823a18759cbc180ca,will-rand-paul-win-the-2028-republican-presidential-nomination,https://polymarket.com/event/will-rand-paul-win-the-2028-republican-presidential-nomination,https://embed.polymarket.com/market.html?market=will-rand-paul-win-the-2028-republican-presidential-nomination&features=volume&theme=light,Will Rand Paul win the 2028 Republican presidential nomination?,united-states,,"24h $16,886 • spread 0.001 • TTR 822.2d",19263563.490818996,16886.88,-0.001,-15.3846,2028-11-07T00:00:00+00:00,822.205,1,0.001,-0.994,0.0055,0,"[{""name"": ""Top"", ""bestBid"": 0.005, ""bestAsk"": 0.006}]"
561237,0x09ad4955c170d46c6d80b5f554435b19e229ff7dbe55370892b64782336cc3b9,will-andy-beshear-win-the-2028-us-presidential-election,https://polymarket.com/event/will-andy-beshear-win-the-2028-us-presidential-election,https://embed.polymarket.com/market.html?market=will-andy-beshear-win-the-2028-us-presidential-election&features=volume&theme=light,Will Andy Beshear win the 2028 US Presidential Election?,president,,"24h $1,333 • spread 0.001 • TTR 822.2d",18932537.05584099,1333.5,0.0,0.0,2028-11-07T00:00:00+00:00,822.205,1,0.001,-0.984,0.0155,0,"[{""name"": ""Top"", ""bestBid"": 0.015, ""bestAsk"": 0.016}]"
561989,0x0ac23db1e56971022bc7e822b907a2466c618b34104ea72bc9fa95e41c86a9c6,will-ted-cruz-win-the-2028-republican-presidential-nomination,https://polymarket.com/event/will-ted-cruz-win-the-2028-republican-presidential-nomination,https://embed.polymarket.com/market.html?market=will-ted-cruz-win-the-2028-republican-presidential-nomination&features=volume&theme=light,Will Ted Cruz win the 2028 Republican presidential nomination?,united-states,,"24h $5,135 • spread 0.001 • TTR 822.2d",18761994.484922003,5135.13,0.0,0.0,2028-11-07T00:00:00+00:00,822.205,1,0.001,-0.99,0.0095,0,"[{""name"": ""Top"", ""bestBid"": 0.009, ""bestAsk"": 0.01}]"
562002,0x7abed80b88301210ee83b7b14ec41bc9a5161e1af07254fbb26c6e2bf7182766,will-erika-kirk-win-the-2028-republican-presidential-nomination,https://polymarket.com/event/will-erika-kirk-win-the-2028-republican-presidential-nomination,https://embed.polymarket.com/market.html?market=will-erika-kirk-win-the-2028-republican-presidential-nomination&features=volume&theme=light,Will Erika Kirk win the 2028 Republican presidential nomination?,united-states,,24h $174 • spread 0.001 • TTR 822.2d,18666510.925153006,174.68,0.0,0.0,2028-11-07T00:00:00+00:00,822.205,1,0.001,-0.997,0.0025,0,"[{""name"": ""Top"", ""bestBid"": 0.002, ""bestAsk"": 0.003}]"
561257,0xbbbece074c2d4010e39e39c85ed67b1131180fcea616073c893fb6beaf51d783,will-michelle-obama-win-the-2028-us-presidential-election,https://polymarket.com/event/will-michelle-obama-win-the-2028-us-presidential-election,https://embed.polymarket.com/market.html?market=will-michelle-obama-win-the-2028-us-presidential-election&features=volume&theme=light,Will Michelle Obama win the 2028 US Presidential Election?,president,,"24h $1,427 • spread 0.001 • TTR 822.2d",18628801.673832,1427.92,0.0,0.0,2028-11-07T00:00:00+00:00,822.205,1,0.001,-0.993,0.0065,0,"[{""name"": ""Top"", ""bestBid"": 0.006, ""bestAsk"": 0.007}]"
3128885,0x49479ffa88e2897569b1d413e3bc558003e21912edee09d080ca6bac6eb20805,strait-of-hormuz-traffic-returns-to-normal-by-august-15-20260727171036148,https://polymarket.com/event/strait-of-hormuz-traffic-returns-to-normal-by-august-15-20260727171036148,https://embed.polymarket.com/market.html?market=strait-of-hormuz-traffic-returns-to-normal-by-august-15-20260727171036148&features=volume&theme=light,Strait of Hormuz traffic returns to normal by August 15?,oil,,"24h $245,897 • spread 0.001 • TTR 7.2d",3968136.2502960013,245897.93,-0.002,-19.0476,2026-08-15T00:00:00+00:00,7.205,1,0.001,-0.991,0.0085,0,"[{""name"": ""Top"", ""bestBid"": 0.008, ""bestAsk"": 0.009}]"
561263,0x2d3c4fc5cde6dfb43448402b912e41bd4453e3f030448ed026bff8f1a0bc072e,will-eric-trump-win-the-2028-us-presidential-election,https://polymarket.com/event/will-eric-trump-win-the-2028-us-presidential-election,https://embed.polymarket.com/market.html?market=will-eric-trump-win-the-2028-us-presidential-election&features=volume&theme=light,Will Eric Trump win the 2028 US Presidential Election?,president,,"24h $3,070 • spread 0.001 • TTR 822.2d",18530348.28926099,3070.27,0.0,0.0,2028-11-07T00:00:00+00:00,822.205,1,0.001,-0.997,0.0025,0,"[{""name"": ""Top"", ""bestBid"": 0.002, ""bestAsk"": 0.003}]"
898420,0xa2b7d292821eafb97059947b9d834512deda11b7866e0f7b299bcb035071d626,will-oliver-bearman-be-the-2026-f1-drivers-champion,https://polymarket.com/event/will-oliver-bearman-be-the-2026-f1-drivers-champion,https://embed.polymarket.com/market.html?market=will-oliver-bearman-be-the-2026-f1-drivers-champion&features=volume&theme=light,Will Oliver Bearman be the 2026 F1 Drivers' Champion?,sports,,"24h $1,430 • TTR 120.2d",12885002.746555995,1430.0,0.0,0.0,2026-12-06T00:00:00+00:00,120.205,1,,-0.999,,0,"[{""name"": ""Top"", ""bestBid"": null, ""bestAsk"": 0.001}]"
601822,0x37ec4c6b57a18b16eed1241f6155ee7ff45bc1697d7848f15ac33d406e38ed00,will-michelle-bolsonaro-win-the-2026-brazilian-presidential-election,https://polymarket.com/event/will-michelle-bolsonaro-win-the-2026-brazilian-presidential-election,https://embed.polymarket.com/market.html?market=will-michelle-bolsonaro-win-the-2026-brazilian-presidential-election&features=volume&theme=light,Will Michelle Bolsonaro win the 2026 Brazilian presidential election?,politics,,"24h $8,036 • spread 0.001 • TTR 57.2d",9654741.166819002,8036.76,0.0,0.0,2026-10-04T00:00:00+00:00,57.205,1,0.001,-0.997,0.0025,0,"[{""name"": ""Top"", ""bestBid"": 0.002, ""bestAsk"": 0.003}]"
561230,0x4567b275e6b667a6217f5cb4f06a797d3a1eaf1d0281fb5bc8c75e2046ae7e57,will-gavin-newsom-win-the-2028-us-presidential-election,https://polymarket.com/event/will-gavin-newsom-win-the-2028-us-presidential-election,https://embed.polymarket.com/market.html?market=will-gavin-newsom-win-the-2028-us-presidential-election&features=volume&theme=light,Will Gavin Newsom win the 2028 US Presidential Election?,president,,"24h $13,812 • spread 0.001 • TTR 822.2d",17673570.304192003,13812.8,-0.005,-4.5662,2028-11-07T00:00:00+00:00,822.205,1,0.001,-0.895,0.1045,0,"[{""name"": ""Top"", ""bestBid"": 0.104, ""bestAsk"": 0.105}]"
3128889,0x5dc212b712dcf514432221436140eec9717aea8f9fbead457c858d14ee519b90,us-announces-end-of-iranian-blockade-by-august-7-2026-20260727171523690,https://polymarket.com/event/us-announces-end-of-iranian-blockade-by-august-7-2026-20260727171523690,https://embed.polymarket.com/market.html?market=us-announces-end-of-iranian-blockade-by-august-7-2026-20260727171523690&features=volume&theme=light,"US announces end of Iranian blockade by August 7, 2026?",iran,,"24h $563,916 • spread 0.012 • TTR 0.2d",2580905.7737130006,563916.14,-0.0195,-12.3418,2026-08-07T23:59:00+00:00,0.204,1,0.012,-0.913,0.081,0,"[{""name"": ""Top"", ""bestBid"": 0.075, ""bestAsk"": 0.087}]"
561985,0x42631e1a8c8e6389422b58b8e15b1b551892b9833651aa3bab25afab124354b5,will-brian-kemp-win-the-2028-republican-presidential-nomination,https://polymarket.com/event/will-brian-kemp-win-the-2028-republican-presidential-nomination,https://embed.polymarket.com/market.html?market=will-brian-kemp-win-the-2028-republican-presidential-nomination&features=volume&theme=light,Will Brian Kemp win the 2028 Republican presidential nomination?,united-states,,24h $180 • spread 0.001 • TTR 822.2d,17522407.026401,180.96,0.0,0.0,2028-11-07T00:00:00+00:00,822.205,1,0.001,-0.996,0.0035,0,"[{""name"": ""Top"", ""bestBid"": 0.003, ""bestAsk"": 0.004}]"
559656,0x61d9486c0f7e14ed98f3b177b6adcb3cd45646c92e8bbfbf209789b86472d4b6,will-wes-moore-win-the-2028-democratic-presidential-nomination-714,https://polymarket.com/event/will-wes-moore-win-the-2028-democratic-presidential-nomination-714,https://embed.polymarket.com/market.html?market=will-wes-moore-win-the-2028-democratic-presidential-nomination-714&features=volume&theme=light,Will Wes Moore win the 2028 Democratic presidential nomination?,united-states,,"24h $11,526 • spread 0.001 • TTR 822.2d",17447522.495815,11526.5,0.0,0.0,2028-11-07T00:00:00+00:00,822.205,1,0.001,-0.985,0.0145,0,"[{""name"": ""Top"", ""bestBid"": 0.014, ""bestAsk"": 0.015}]"
559668,0x36db77c539bcc8c7bf0686c1b99f30c5a5eed1f53d3b3a27a071550c81f83701,will-mark-kelly-win-the-2028-democratic-presidential-nomination-479,https://polymarket.com/event/will-mark-kelly-win-the-2028-democratic-presidential-nomination-479,https://embed.polymarket.com/market.html?market=will-mark-kelly-win-the-2028-democratic-presidential-nomination-479&features=volume&theme=light,Will Mark Kelly win the 2028 Democratic presidential nomination?,united-states,,"24h $22,883 • spread 0.001 • TTR 822.2d",17143828.416850995,22883.16,0.0,0.0,2028-11-07T00:00:00+00:00,822.205,1,0.001,-0.97,0.0295,0,"[{""name"": ""Top"", ""bestBid"": 0.029, ""bestAsk"": 0.03}]"
559691,0xc720fcfa9e29346a976902f87e0f0f3bdc31d43af501b4fdef4f1780a30dd359,will-chris-murphy-win-the-2028-democratic-presidential-nomination,https://polymarket.com/event/will-chris-murphy-win-the-2028-democratic-presidential-nomination,https://embed.polymarket.com/market.html?market=will-chris-murphy-win-the-2028-democratic-presidential-nomination&features=volume&theme=light,Will Chris Murphy win the 2028 Democratic presidential nomination?,united-states,,24h $535 • spread 0.001 • TTR 822.2d,17053241.775216,535.89,0.0,0.0,2028-11-07T00:00:00+00:00,822.205,1,0.001,-0.995,0.0045,0,"[{""name"": ""Top"", ""bestBid"": 0.004, ""bestAsk"": 0.005}]"
601825,0x05297f854d3b757d5e51a1a29c7f225a80b14b2a161d6b7f9a61677da7a80ced,will-renan-santos-win-the-2026-brazilian-presidential-election,https://polymarket.com/event/will-renan-santos-win-the-2026-brazilian-presidential-election,https://embed.polymarket.com/market.html?market=will-renan-santos-win-the-2026-brazilian-presidential-election&features=volume&theme=light,Will Renan Santos win the 2026 Brazilian presidential election?,politics,,"24h $90,834 • spread 0.002 • TTR 57.2d",9187249.100379,90834.65,0.0035,5.1095,2026-10-04T00:00:00+00:00,57.205,1,0.002,-0.927,0.072,0,"[{""name"": ""Top"", ""bestBid"": 0.071, ""bestAsk"": 0.073}]"
898424,0xde3d62becec90cd596e01294346786f5a9406a026e105c054d0f7e62cffdcf8f,will-franco-colapinto-be-the-2026-f1-drivers-champion,https://polymarket.com/event/will-franco-colapinto-be-the-2026-f1-drivers-champion,https://embed.polymarket.com/market.html?market=will-franco-colapinto-be-the-2026-f1-drivers-champion&features=volume&theme=light,Will Franco Colapinto be the 2026 F1 Drivers' Champion?,sports,,TTR 120.2d,12214787.821519993,,0.0,0.0,2026-12-06T00:00:00+00:00,120.205,1,,-0.999,,0,"[{""name"": ""Top"", ""bestBid"": null, ""bestAsk"": 0.001}]"
898429,0x00f89ad58499dfda366bf9182878c81d9ec6a73cdf4bf9a85b9d24474debf684,will-valtteri-bottas-be-the-2026-f1-drivers-champion,https://polymarket.com/event/will-valtteri-bottas-be-the-2026-f1-drivers-champion,https://embed.polymarket.com/market.html?market=will-valtteri-bottas-be-the-2026-f1-drivers-champion&features=volume&theme=light,Will Valtteri Bottas be the 2026 F1 Drivers' Champion?,sports,,24h $9 • TTR 120.2d,12192585.923810998,9.7,0.0,0.0,2026-12-06T00:00:00+00:00,120.205,1,,-0.999,,0,"[{""name"": ""Top"", ""bestBid"": null, ""bestAsk"": 0.001}]"
561984,0xc510176cf39d73295354fc797d84b510d050b45d29d6c9735ee18cdbc4fd6463,will-robert-f-kennedy-jr-win-the-2028-republican-presidential-nomination,https://polymarket.com/event/will-robert-f-kennedy-jr-win-the-2028-republican-presidential-nomination,https://embed.polymarket.com/market.html?market=will-robert-f-kennedy-jr-win-the-2028-republican-presidential-nomination&features=volume&theme=light,Will Robert F. Kennedy Jr. win the 2028 Republican presidential nomination?,united-states,,24h $458 • spread 0.001 • TTR 822.2d,16782899.629474003,458.79,0.0,0.0,2028-11-07T00:00:00+00:00,822.205,1,0.001,-0.995,0.0045,0,"[{""name"": ""Top"", ""bestBid"": 0.004, ""bestAsk"": 0.005}]"
898426,0x7a6491e3c906af3657b9b5cf2b371b454f1ddb91b4f4ca3344caaabf424a8056,will-arvid-lindblad-be-the-2026-f1-drivers-champion,https://polymarket.com/event/will-arvid-lindblad-be-the-2026-f1-drivers-champion,https://embed.polymarket.com/market.html?market=will-arvid-lindblad-be-the-2026-f1-drivers-champion&features=volume&theme=light,Will Arvid Lindblad be the 2026 F1 Drivers' Champion?,sports,,TTR 120.2d,12039148.305626994,,0.0,0.0,2026-12-06T00:00:00+00:00,120.205,1,,-0.999,,0,"[{""name"": ""Top"", ""bestBid"": null, ""bestAsk"": 0.001}]"
898427,0x596b82d8371efcfcc2fd5312d5dde04f5e9aa1f0c61fd3f93be2a8be09e0da5f,will-alexander-albon-be-the-2026-f1-drivers-champion,https://polymarket.com/event/will-alexander-albon-be-the-2026-f1-drivers-champion,https://embed.polymarket.com/market.html?market=will-alexander-albon-be-the-2026-f1-drivers-champion&features=volume&theme=light,Will Alexander Albon be the 2026 F1 Drivers' Champion?,sports,,24h $7 • TTR 120.2d,11865018.240012998,7.8,0.0,0.0,2026-12-06T00:00:00+00:00,120.205,1,,-0.999,,0,"[{""name"": ""Top"", ""bestBid"": null, ""bestAsk"": 0.001}]"
898430,0x9ca9ea6bcad843f3e94c213ad978b4f21d712d90f9a28372d9248ec99bb7193a,will-sergio-prez-be-the-2026-f1-drivers-champion,https://polymarket.com/event/will-sergio-prez-be-the-2026-f1-drivers-champion,https://embed.polymarket.com/market.html?market=will-sergio-prez-be-the-2026-f1-drivers-champion&features=volume&theme=light,Will Sergio Pérez be the 2026 F1 Drivers' Champion?,sports,,24h $9 • TTR 120.2d,11786857.536911,9.21,0.0,0.0,2026-12-06T00:00:00+00:00,120.205,1,,-0.999,,0,"[{""name"": ""Top"", ""bestBid"": null, ""bestAsk"": 0.001}]"
898418,0xc62b78f7a1b56a4e2cc713a0633fe4cd2a6a5dce6cd3b4eec0bd292a6cbdff71,will-lance-stroll-be-the-2026-f1-drivers-champion,https://polymarket.com/event/will-lance-stroll-be-the-2026-f1-drivers-champion,https://embed.polymarket.com/market.html?market=will-lance-stroll-be-the-2026-f1-drivers-champion&features=volume&theme=light,Will Lance Stroll be the 2026 F1 Drivers' Champion?,sports,,TTR 120.2d,11729206.635504646,,0.0,0.0,2026-12-06T00:00:00+00:00,120.205,1,,-0.999,,0,"[{""name"": ""Top"", ""bestBid"": null, ""bestAsk"": 0.001}]"
561981,0xd997dc2a212a7d6673375a3b016db1fb214247142f8cde0cbf07f8e6d789877c,will-vivek-ramaswamy-win-the-2028-republican-presidential-nomination,https://polymarket.com/event/will-vivek-ramaswamy-win-the-2028-republican-presidential-nomination,https://embed.polymarket.com/market.html?market=will-vivek-ramaswamy-win-the-2028-republican-presidential-nomination&features=volume&theme=light,Will Vivek Ramaswamy win the 2028 Republican presidential nomination?,united-states,,24h $77 • spread 0.001 • TTR 822.2d,16034200.653162008,77.2,0.0,0.0,2028-11-07T00:00:00+00:00,822.205,1,0.001,-0.989,0.0105,0,"[{""name"": ""Top"", ""bestBid"": 0.01, ""bestAsk"": 0.011}]"
898423,0x88d573d2ba5e43e1320cf0eb733452feb4cb4a1d4780dcb05ac6ee6830c2e4c3,will-pierre-gasly-be-the-2026-f1-drivers-champion,https://polymarket.com/event/will-pierre-gasly-be-the-2026-f1-drivers-champion,https://embed.polymarket.com/market.html?market=will-pierre-gasly-be-the-2026-f1-drivers-champion&features=volume&theme=light,Will Pierre Gasly be the 2026 F1 Drivers' Champion?,sports,,TTR 120.2d,11500585.761431502,,0.0,0.0,2026-12-06T00:00:00+00:00,120.205,1,,-0.999,,0,"[{""name"": ""Top"", ""bestBid"": null, ""bestAsk"": 0.001}]"
559651,0xa467b14d51f01b957109d9cbb1d6c124fab2a089d52ed8f471d23c2812e743b7,xi-jinping-out-before-2027,https://polymarket.com/event/xi-jinping-out-before-2027,https://embed.polymarket.com/market.html?market=xi-jinping-out-before-2027&features=volume&theme=light,Xi Jinping out before 2027?,hfc,,"24h $24,619 • spread 0.001 • TTR 145.2d",11905457.825515982,24619.74,-0.002,-4.3011,2026-12-31T00:00:00+00:00,145.205,1,0.001,-0.955,0.0445,0,"[{""name"": ""Top"", ""bestBid"": 0.044, ""bestAsk"": 0.045}]"
898428,0xaf15f055f10713cbd3c7c30cece5c20c4ff00a76e51da59d635bb5160654bd34,will-carlos-sainz-jr-be-the-2026-f1-drivers-champion,https://polymarket.com/event/will-carlos-sainz-jr-be-the-2026-f1-drivers-champion,https://embed.polymarket.com/market.html?market=will-carlos-sainz-jr-be-the-2026-f1-drivers-champion&features=volume&theme=light,Will Carlos Sainz Jr. be the 2026 F1 Drivers' Champion?,sports,,TTR 120.2d,11085361.690266997,,0.0,0.0,2026-12-06T00:00:00+00:00,120.205,1,,-0.999,,0,"[{""name"": ""Top"", ""bestBid"": null, ""bestAsk"": 0.001}]"
561236,0xfd6176f8c9a59105f80e060a77c4099881c5f2d9e0ceab88e55cf978462fab7f,will-gretchen-whitmer-win-the-2028-us-presidential-election,https://polymarket.com/event/will-gretchen-whitmer-win-the-2028-us-presidential-election,https://embed.polymarket.com/market.html?market=will-gretchen-whitmer-win-the-2028-us-presidential-election&features=volume&theme=light,Will Gretchen Whitmer win the 2028 US Presidential Election?,president,,"24h $2,464 • spread 0.001 • TTR 822.2d",15369488.306726,2464.9,0.0,0.0,2028-11-07T00:00:00+00:00,822.205,1,0.001,-0.993,0.0065,0,"[{""name"": ""Top"", ""bestBid"": 0.006, ""bestAsk"": 0.007}]"
1472548,0xaa5cdb6830cbfa2ca711b7cf93bd42cf4f8e062d44ea188c0b8ec1fb2924c083,will-reza-pahlavi-lead-iran-in-2026,https://polymarket.com/event/will-reza-pahlavi-lead-iran-in-2026,https://embed.polymarket.com/market.html?market=will-reza-pahlavi-lead-iran-in-2026&features=volume&theme=light,Will Reza Pahlavi lead Iran in 2026?,iran,,24h $547 • spread 0.002 • TTR 145.2d,11679216.749591997,547.1,-0.0015,-3.4483,2026-12-31T00:00:00+00:00,145.205,1,0.002,-0.957,0.042,0,"[{""name"": ""Top"", ""bestBid"": 0.041, ""bestAsk"": 0.043}]"
559663,0xe883f2fda25a605a184bb5fe583afce6cc21ea0b348b6a3728ec3067553c548d,will-jb-pritzker-win-the-2028-democratic-presidential-nomination-288,https://polymarket.com/event/will-jb-pritzker-win-the-2028-democratic-presidential-nomination-288,https://embed.polymarket.com/market.html?market=will-jb-pritzker-win-the-2028-democratic-presidential-nomination-288&features=volume&theme=light,Will J.B. Pritzker win the 2028 Democratic presidential nomination?,united-states,,"24h $40,172 • spread 0.001 • TTR 822.2d",15329335.203158993,40172.63,-0.001,-8.6957,2028-11-07T00:00:00+00:00,822.205,1,0.001,-0.989,0.0105,0,"[{""name"": ""Top"", ""bestBid"": 0.01, ""bestAsk"": 0.011}]"
898422,0x97b92c6c26b31dc3be183b76b1c39167806611396793eda0edf084d29b76fa46,will-gabriel-bortoleto-be-the-2026-f1-drivers-champion,https://polymarket.com/event/will-gabriel-bortoleto-be-the-2026-f1-drivers-champion,https://embed.polymarket.com/market.html?market=will-gabriel-bortoleto-be-the-2026-f1-drivers-champion&features=volume&theme=light,Will Gabriel Bortoleto be the 2026 F1 Drivers' Champion?,sports,,TTR 120.2d,10915947.838450996,,0.0,0.0,2026-12-06T00:00:00+00:00,120.205,1,,-0.999,,0,"[{""name"": ""Top"", ""bestBid"": null, ""bestAsk"": 0.001}]"
561229,0x7ad403c3508f8e3912940fd1a913f227591145ca0614074208e0b962d5fcc422,will-jd-vance-win-the-2028-us-presidential-election,https://polymarket.com/event/will-jd-vance-win-the-2028-us-presidential-election,https://embed.polymarket.com/market.html?market=will-jd-vance-win-the-2028-us-presidential-election&features=volume&theme=light,Will JD Vance win the 2028 US Presidential Election?,president,,"24h $5,383 • spread 0.001 • TTR 822.2d",15160213.689403987,5383.19,-0.001,-0.4662,2028-11-07T00:00:00+00:00,822.205,1,0.001,-0.786,0.2135,0,"[{""name"": ""Top"", ""bestBid"": 0.213, ""bestAsk"": 0.214}]"
561979,0x64d31a2af85518c6718a5757a35b840f08eca20c1e22c0eb1e96ec01cc55b8b6,will-ron-desantis-win-the-2028-republican-presidential-nomination,https://polymarket.com/event/will-ron-desantis-win-the-2028-republican-presidential-nomination,https://embed.polymarket.com/market.html?market=will-ron-desantis-win-the-2028-republican-presidential-nomination&features=volume&theme=light,Will Ron DeSantis win the 2028 Republican presidential nomination?,united-states,,"24h $1,968 • spread 0.001 • TTR 822.2d",15129298.687094998,1968.0,0.0,0.0,2028-11-07T00:00:00+00:00,822.205,1,0.001,-0.969,0.0305,0,"[{""name"": ""Top"", ""bestBid"": 0.03, ""bestAsk"": 0.031}]"
561974,0x18b1c135d0a40c5894da9412e77311827d9caf16cf4cd6591b247a34730af919,will-jd-vance-win-the-2028-republican-presidential-nomination,https://polymarket.com/event/will-jd-vance-win-the-2028-republican-presidential-nomination,https://embed.polymarket.com/market.html?market=will-jd-vance-win-the-2028-republican-presidential-nomination&features=volume&theme=light,Will J.D. Vance win the 2028 Republican presidential nomination?,united-states,,"24h $45,430 • spread 0.001 • TTR 822.2d • ~50% mid",15089663.736323,45430.98,-0.007,-1.5964,2028-11-07T00:00:00+00:00,822.205,1,0.001,-0.568,0.4315,1,"[{""name"": ""Top"", ""bestBid"": 0.431, ""bestAsk"": 0.432}]"
601819,0xdf8e2dc5860027decbe6164555c3c1c9645c3bd33e16b9dc57ca87125047d4a8,will-luiz-incio-lula-da-silva-win-the-2026-brazilian-presidential-election,https://polymarket.com/event/will-luiz-incio-lula-da-silva-win-the-2026-brazilian-presidential-election,https://embed.polymarket.com/market.html?market=will-luiz-incio-lula-da-silva-win-the-2026-brazilian-presidential-election&features=volume&theme=light,Will Luiz Inácio Lula da Silva win the 2026 Brazilian presidential election?,politics,,"24h $20,944 • spread 0.010 • TTR 57.2d",8110181.918785997,20944.64,0.0,0.0,2026-10-04T00:00:00+00:00,57.205,1,0.01,-0.35,0.645,0,"[{""name"": ""Top"", ""bestBid"": 0.64, ""bestAsk"": 0.65}]"
601826,0x1a01bf78f56a507fcb666d564d8c8b91b0750679163ed6e96746102c9b7d285d,will-flvio-bolsonaro-win-the-2026-brazilian-presidential-election,https://polymarket.com/event/will-flvio-bolsonaro-win-the-2026-brazilian-presidential-election,https://embed.polymarket.com/market.html?market=will-flvio-bolsonaro-win-the-2026-brazilian-presidential-election&features=volume&theme=light,Will Flávio Bolsonaro win the 2026 Brazilian presidential election?,politics,,"24h $22,746 • spread 0.001 • TTR 57.2d",8075271.090751998,22746.43,0.002,0.7477,2026-10-04T00:00:00+00:00,57.205,1,0.001,-0.73,0.2695,0,"[{""name"": ""Top"", ""bestBid"": 0.269, ""bestAsk"": 0.27}]"
898425,0xcf72b0f49af9446288a897ac1d73afa72549d98de7860bb17dacc3c4379a2c58,will-liam-lawson-be-the-2026-f1-drivers-champion,https://polymarket.com/event/will-liam-lawson-be-the-2026-f1-drivers-champion,https://embed.polymarket.com/market.html?market=will-liam-lawson-be-the-2026-f1-drivers-champion&features=volume&theme=light,Will Liam Lawson be the 2026 F1 Drivers' Champion?,sports,,24h $7 • TTR 120.2d,10709344.926794,7.5,0.0,0.0,2026-12-06T00:00:00+00:00,120.205,1,,-0.999,,0,"[{""name"": ""Top"", ""bestBid"": null, ""bestAsk"": 0.001}]"
601831,0x70f1a7d2cd490b640676d5e31470bcbe16fef40087de1af8b6f6e44e299b5784,will-eduardo-leite-win-the-2026-brazilian-presidential-election,https://polymarket.com/event/will-eduardo-leite-win-the-2026-brazilian-presidential-election,https://embed.polymarket.com/market.html?market=will-eduardo-leite-win-the-2026-brazilian-presidential-election&features=volume&theme=light,Will Eduardo Leite win the 2026 Brazilian presidential election?,politics,,TTR 57.2d,7943600.139927,,0.0,0.0,2026-10-04T00:00:00+00:00,57.205,1,,-0.999,,0,"[{""name"": ""Top"", ""bestBid"": null, ""bestAsk"": 0.001}]"
559669,0x3dc47a72ac6bb265e9cefebd2a2eeed00966394cb2d07245b5c94138b60e82a3,will-rahm-emanuel-win-the-2028-democratic-presidential-nomination-299,https://polymarket.com/event/will-rahm-emanuel-win-the-2028-democratic-presidential-nomination-299,https://embed.polymarket.com/market.html?market=will-rahm-emanuel-win-the-2028-democratic-presidential-nomination-299&features=volume&theme=light,Will Rahm Emanuel win the 2028 Democratic presidential nomination?,united-states,,"24h $4,557 • spread 0.001 • TTR 822.2d",14385167.565288998,4557.06,0.0,0.0,2028-11-07T00:00:00+00:00,822.205,1,0.001,-0.976,0.0235,0,"[{""name"": ""Top"", ""bestBid"": 0.023, ""bestAsk"": 0.024}]"
559653,0xe6bcc2f1dd025ce5e1833190f7c60a71171c94f805df55b9ab0ded695ec93565,will-alexandria-ocasio-cortez-win-the-2028-democratic-presidential-nomination-653,https://polymarket.com/event/will-alexandria-ocasio-cortez-win-the-2028-democratic-presidential-nomination-653,https://embed.polymarket.com/market.html?market=will-alexandria-ocasio-cortez-win-the-2028-democratic-presidential-nomination-653&features=volume&theme=light,Will Alexandria Ocasio-Cortez win the 2028 Democratic presidential nomination?,united-states,,"24h $8,593 • spread 0.001 • TTR 822.2d",14215426.134011999,8593.43,0.003,2.0339,2028-11-07T00:00:00+00:00,822.205,1,0.001,-0.849,0.1505,0,"[{""name"": ""Top"", ""bestBid"": 0.15, ""bestAsk"": 0.151}]"
561253,0xd94b47bdeba16ae948bfb147bda059f3543d6fca73291644dfff5268bba7a797,will-tucker-carlson-win-the-2028-us-presidential-election,https://polymarket.com/event/will-tucker-carlson-win-the-2028-us-presidential-election,https://embed.polymarket.com/market.html?market=will-tucker-carlson-win-the-2028-us-presidential-election&features=volume&theme=light,Will Tucker Carlson win the 2028 US Presidential Election?,president,,"24h $12,357 • spread 0.001 • TTR 822.2d",13852308.305501005,12357.41,0.0,0.0,2028-11-07T00:00:00+00:00,822.205,1,0.001,-0.98,0.0195,0,"[{""name"": ""Top"", ""bestBid"": 0.019, ""bestAsk"": 0.02}]"
1126504,0x890fc3ba40458db0b67560691aa1597344c2a0560d18e80f586a4b35f510b4ce,will-the-us-acquire-any-part-of-greenland-in-2026,https://polymarket.com/event/will-the-us-acquire-any-part-of-greenland-in-2026,https://embed.polymarket.com/market.html?market=will-the-us-acquire-any-part-of-greenland-in-2026&features=volume&theme=light,Will the US acquire part of Greenland in 2026?,davos,,"24h $1,450 • spread 0.010 • TTR 145.2d",10549073.050329996,1450.84,0.0,0.0,2026-12-31T00:00:00+00:00,145.205,1,0.01,-0.94,0.055,0,"[{""name"": ""Top"", ""bestBid"": 0.05, ""bestAsk"": 0.06}]"
666861,0x48b0b0bca515f68fccf95af4793dbd0edbfec1f8ec6e8df2c0f69ba74f8c4722,trump-out-as-president-before-2027,https://polymarket.com/event/trump-out-as-president-before-2027,https://embed.polymarket.com/market.html?market=trump-out-as-president-before-2027&features=volume&theme=light,Trump out as President before 2027?,politics,,"24h $17,356 • spread 0.010 • TTR 145.2d",10507112.216878,17356.83,0.0,0.0,2026-12-31T00:00:00+00:00,145.205,1,0.01,-0.93,0.065,0,"[{""name"": ""Top"", ""bestBid"": 0.06, ""bestAsk"": 0.07}]"
561976,0x9cd77217b2ab264fe4f6d302f662c0a91f349fe5798f1f98d70bb2311712791b,will-tulsi-gabbard-win-the-2028-republican-presidential-nomination,https://polymarket.com/event/will-tulsi-gabbard-win-the-2028-republican-presidential-nomination,https://embed.polymarket.com/market.html?market=will-tulsi-gabbard-win-the-2028-republican-presidential-nomination&features=volume&theme=light,Will Tulsi Gabbard win the 2028 Republican presidential nomination?,united-states,,24h $558 • spread 0.001 • TTR 822.2d,13594859.041527001,558.95,0.0,0.0,2028-11-07T00:00:00+00:00,822.205,1,0.001,-0.995,0.0045,0,"[{""name"": ""Top"", ""bestBid"": 0.004, ""bestAsk"": 0.005}]"
561244,0x23481b811978194fa175143ed7cd8d0000878ca59c408fd552e33535f7aa771e,will-donald-trump-jr-win-the-2028-us-presidential-election,https://polymarket.com/event/will-donald-trump-jr-win-the-2028-us-presidential-election,https://embed.polymarket.com/market.html?market=will-donald-trump-jr-win-the-2028-us-presidential-election&features=volume&theme=light,Will Donald Trump Jr. win the 2028 US Presidential Election?,president,,"24h $3,484 • spread 0.001 • TTR 822.2d",13587084.981412007,3484.3,0.0,0.0,2028-11-07T00:00:00+00:00,822.205,1,0.001,-0.99,0.0095,0,"[{""name"": ""Top"", ""bestBid"": 0.009, ""bestAsk"": 0.01}]"
898419,0x0cf91d3955d89ec43b8ac1e918b159fa1a62531f29b26093273c4048337a84d7,will-esteban-ocon-be-the-2026-f1-drivers-champion,https://polymarket.com/event/will-esteban-ocon-be-the-2026-f1-drivers-champion,https://embed.polymarket.com/market.html?market=will-esteban-ocon-be-the-2026-f1-drivers-champion&features=volume&theme=light,Will Esteban Ocon be the 2026 F1 Drivers' Champion?,sports,,"24h $2,517 • TTR 120.2d",9493383.107028,2517.01,-0.0005,-33.3333,2026-12-06T00:00:00+00:00,120.205,1,,-0.998,,0,"[{""name"": ""Top"", ""bestBid"": null, ""bestAsk"": 0.002}]"
561996,0x4273517fc8141d57ad1528ede46efdceebdb6a4da746d5de5bad216564209a1e,will-tucker-carlson-win-the-2028-republican-presidential-nomination,https://polymarket.com/event/will-tucker-carlson-win-the-2028-republican-presidential-nomination,https://embed.polymarket.com/market.html?market=will-tucker-carlson-win-the-2028-republican-presidential-nomination&features=volume&theme=light,Will Tucker Carlson win the 2028 Republican presidential nomination?,united-states,,"24h $170,989 • spread 0.001 • TTR 822.2d",13190419.362290004,170989.63,0.002,7.5472,2028-11-07T00:00:00+00:00,822.205,1,0.001,-0.971,0.0285,0,"[{""name"": ""Top"", ""bestBid"": 0.028, ""bestAsk"": 0.029}]"
898414,0x80971af8befc488bbdd6dcc075d388793851a0ea1c46f7ffd353b190691c7199,will-isack-hadjar-be-the-2026-f1-drivers-champion,https://polymarket.com/event/will-isack-hadjar-be-the-2026-f1-drivers-champion,https://embed.polymarket.com/market.html?market=will-isack-hadjar-be-the-2026-f1-drivers-champion&features=volume&theme=light,Will Isack Hadjar be the 2026 F1 Drivers' Champion?,sports,,24h $5 • TTR 120.2d,9362100.593225999,5.8,0.0,0.0,2026-12-06T00:00:00+00:00,120.205,1,,-0.999,,0,"[{""name"": ""Top"", ""bestBid"": null, ""bestAsk"": 0.001}]"
559660,0x1d519b87999e3d4e90e1e8f57b5eee73a0ba488ff3fdb70867f294733aba84a9,will-andy-beshear-win-the-2028-democratic-presidential-nomination-832,https://polymarket.com/event/will-andy-beshear-win-the-2028-democratic-presidential-nomination-832,https://embed.polymarket.com/market.html?market=will-andy-beshear-win-the-2028-democratic-presidential-nomination-832&features=volume&theme=light,Will Andy Beshear win the 2028 Democratic presidential nomination?,united-states,,"24h $22,631 • spread 0.001 • TTR 822.2d",12867653.441758996,22631.43,-0.002,-7.8431,2028-11-07T00:00:00+00:00,822.205,1,0.001,-0.976,0.0235,0,"[{""name"": ""Top"", ""bestBid"": 0.023, ""bestAsk"": 0.024}]"
561231,0xf232b565995e4b3a3e7fa6cef775eeff1cecd20ad7c013cb9fc8dadabfe279a9,will-alexandria-ocasio-cortez-win-the-2028-us-presidential-election,https://polymarket.com/event/will-alexandria-ocasio-cortez-win-the-2028-us-presidential-election,https://embed.polymarket.com/market.html?market=will-alexandria-ocasio-cortez-win-the-2028-us-presidential-election&features=volume&theme=light,Will Alexandria Ocasio-Cortez win the 2028 US Presidential Election?,president,,"24h $22,888 • spread 0.002 • TTR 822.2d",12862997.094885007,22888.01,0.0015,1.4493,2028-11-07T00:00:00+00:00,822.205,1,0.002,-0.894,0.105,0,"[{""name"": ""Top"", ""bestBid"": 0.104, ""bestAsk"": 0.106}]"
559658,0x909659c9436228e2be56d5582ba6188166f2f8bf3c596335512c8f2e380d01ec,will-kamala-harris-win-the-2028-democratic-presidential-nomination-641,https://polymarket.com/event/will-kamala-harris-win-the-2028-democratic-presidential-nomination-641,https://embed.polymarket.com/market.html?market=will-kamala-harris-win-the-2028-democratic-presidential-nomination-641&features=volume&theme=light,Will Kamala Harris win the 2028 Democratic presidential nomination?,united-states,,24h $842 • spread 0.001 • TTR 822.2d,12855657.522759996,842.21,0.0,0.0,2028-11-07T00:00:00+00:00,822.205,1,0.001,-0.923,0.0765,0,"[{""name"": ""Top"", ""bestBid"": 0.076, ""bestAsk"": 0.077}]"
898417,0x38bb9355fd91f6d7053465caefbbf691bd4a81ec1b08edcca656fc9dde259b14,will-fernando-alonso-be-the-2026-f1-drivers-champion,https://polymarket.com/event/will-fernando-alonso-be-the-2026-f1-drivers-champion,https://embed.polymarket.com/market.html?market=will-fernando-alonso-be-the-2026-f1-drivers-champion&features=volume&theme=light,Will Fernando Alonso be the 2026 F1 Drivers' Champion?,sports,,TTR 120.2d,9130759.818707002,,0.0,0.0,2026-12-06T00:00:00+00:00,120.205,1,,-0.999,,0,"[{""name"": ""Top"", ""bestBid"": null, ""bestAsk"": 0.001}]"
601821,0xdd3d104667774208eae2239f576122ecdd1c04ba81cc14d26d22a36b33887977,will-fernando-haddad-win-the-2026-brazilian-presidential-election,https://polymarket.com/event/will-fernando-haddad-win-the-2026-brazilian-presidential-election,https://embed.polymarket.com/market.html?market=will-fernando-haddad-win-the-2026-brazilian-presidential-election&features=volume&theme=light,Will Fernando Haddad win the 2026 Brazilian presidential election?,politics,,"24h $31,563 • spread 0.001 • TTR 57.2d",6774384.357467997,31563.96,0.0,0.0,2026-10-04T00:00:00+00:00,57.205,1,0.001,-0.998,0.0015,0,"[{""name"": ""Top"", ""bestBid"": 0.001, ""bestAsk"": 0.002}]"
559661,0x74dba1ce1ae9dd535414e85f2d9ab5ea32c0fb1acc9b7130b67e6d91217e24e1,will-jon-ossoff-win-the-2028-democratic-presidential-nomination-885,https://polymarket.com/event/will-jon-ossoff-win-the-2028-democratic-presidential-nomination-885,https://embed.polymarket.com/market.html?market=will-jon-ossoff-win-the-2028-democratic-presidential-nomination-885&features=volume&theme=light,Will Jon Ossoff win the 2028 Democratic presidential nomination?,united-states,,"24h $3,887 • spread 0.001 • TTR 822.2d",12506319.402919,3887.42,-0.003,-1.8018,2028-11-07T00:00:00+00:00,822.205,1,0.001,-0.836,0.1635,0,"[{""name"": ""Top"", ""bestBid"": 0.163, ""bestAsk"": 0.164}]"
561241,0xefe6300fd8a053cca53df8f1bd536c5f571a136392c0516e7b16e39f1addecb0,will-jb-pritzker-win-the-2028-us-presidential-election,https://polymarket.com/event/will-jb-pritzker-win-the-2028-us-presidential-election,https://embed.polymarket.com/market.html?market=will-jb-pritzker-win-the-2028-us-presidential-election&features=volume&theme=light,Will JB Pritzker win the 2028 US Presidential Election?,president,,24h $283 • spread 0.001 • TTR 822.2d,12423830.42671,283.53,0.0,0.0,2028-11-07T00:00:00+00:00,822.205,1,0.001,-0.995,0.0045,0,"[{""name"": ""Top"", ""bestBid"": 0.004, ""bestAsk"": 0.005}]"
559686,0x8dbf6b51f302fd401065706245c144e93fe209abce183199433d4484b3ed8aff,will-dwayne-the-rock-johnson-win-the-2028-democratic-presidential-nomination,https://polymarket.com/event/will-dwayne-the-rock-johnson-win-the-2028-democratic-presidential-nomination,https://embed.polymarket.com/market.html?market=will-dwayne-the-rock-johnson-win-the-2028-democratic-presidential-nomination&features=volume&theme=light,Will Dwayne 'The Rock' Johnson win the 2028 Democratic presidential nomination?,united-states,,"24h $2,275 • spread 0.001 • TTR 822.2d",12342915.172093,2275.2,0.0,0.0,2028-11-07T00:00:00+00:00,822.205,1,0.001,-0.989,0.0105,0,"[{""name"": ""Top"", ""bestBid"": 0.01, ""bestAsk"": 0.011}]"
561246,0x3367d22cd2a673014f1960742afdf8601040a8ad856dc0a98bd1a44ee99504e2,will-ron-desantis-win-the-2028-us-presidential-election,https://polymarket.com/event/will-ron-desantis-win-the-2028-us-presidential-election,https://embed.polymarket.com/market.html?market=will-ron-desantis-win-the-2028-us-presidential-election&features=volume&theme=light,Will Ron DeSantis win the 2028 US Presidential Election?,president,,24h $361 • spread 0.001 • TTR 822.2d,12171291.432514004,361.69,0.0,0.0,2028-11-07T00:00:00+00:00,822.205,1,0.001,-0.984,0.0155,0,"[{""name"": ""Top"", ""bestBid"": 0.015, ""bestAsk"": 0.016}]"
1130012,0x502a94e5c525766d5ee7f16c6568131ba1b2cbadb69c703af05a6ef00336ed64,will-united-russia-er-gain-the-most-seats-in-the-next-russian-parliamentary-election,https://polymarket.com/event/will-united-russia-er-gain-the-most-seats-in-the-next-russian-parliamentary-election,https://embed.polymarket.com/market.html?market=will-united-russia-er-gain-the-most-seats-in-the-next-russian-parliamentary-election&features=volume&theme=light,Will United Russia (ER) gain the most seats in the next Russian parliamentary election?,politics,,"24h $50,142 • spread 0.010 • TTR 53.2d",6341744.484403999,50142.54,-0.035,-5.0,2026-09-30T00:00:00+00:00,53.205,1,0.01,-0.33,0.665,0,"[{""name"": ""Top"", ""bestBid"": 0.66, ""bestAsk"": 0.67}]"
561235,0xe29b33ef5bf351c8a22bfd79f8b58e62649d54ceee6f9735387cef79f52fecae,will-wes-moore-win-the-2028-us-presidential-election,https://polymarket.com/event/will-wes-moore-win-the-2028-us-presidential-election,https://embed.polymarket.com/market.html?market=will-wes-moore-win-the-2028-us-presidential-election&features=volume&theme=light,Will Wes Moore win the 2028 US Presidential Election?,president,,"24h $12,764 • spread 0.001 • TTR 822.2d",12060241.256033994,12764.04,0.0,0.0,2028-11-07T00:00:00+00:00,822.205,1,0.001,-0.991,0.0085,0,"[{""name"": ""Top"", ""bestBid"": 0.008, ""bestAsk"": 0.009}]"
1105750,0x4197bf7e572f1dd731669d33d05532c6d3b8cba71fb83dc69d789110e39c41b4,will-pete-hegseth-be-the-leader-of-venezuela-end-of-2026,https://polymarket.com/event/will-pete-hegseth-be-the-leader-of-venezuela-end-of-2026,https://embed.polymarket.com/market.html?market=will-pete-hegseth-be-the-leader-of-venezuela-end-of-2026&features=volume&theme=light,Will Pete Hegseth be the leader of Venezuela end of 2026?,trump-machado,,"24h $3,905 • spread 0.001 • TTR 145.2d",9136915.189329999,3905.53,0.0,0.0,2026-12-31T00:00:00+00:00,145.205,1,0.001,-0.998,0.0015,0,"[{""name"": ""Top"", ""bestBid"": 0.001, ""bestAsk"": 0.002}]"
559659,0xe39adea057926dc197fe30a441f57a340b2a232d5a687010f78bba9b6e02620f,will-gretchen-whitmer-win-the-2028-democratic-presidential-nomination-676,https://polymarket.com/event/will-gretchen-whitmer-win-the-2028-democratic-presidential-nomination-676,https://embed.polymarket.com/market.html?market=will-gretchen-whitmer-win-the-2028-democratic-presidential-nomination-676&features=volume&theme=light,Will Gretchen Whitmer win the 2028 Democratic presidential nomination?,united-states,,24h $279 • spread 0.001 • TTR 822.2d,11858355.924594998,279.87,0.0,0.0,2028-11-07T00:00:00+00:00,822.205,1,0.001,-0.987,0.0125,0,"[{""name"": ""Top"", ""bestBid"": 0.012, ""bestAsk"": 0.013}]"
2832147,0x513bf1706e9cbf61b7cc56f12803b1b72a522bae3c5157e7b356abdf36e2e72d,will-count-binface-win-the-clacton-by-election-20260707211451133,https://polymarket.com/event/will-count-binface-win-the-clacton-by-election-20260707211451133,https://embed.polymarket.com/market.html?market=will-count-binface-win-the-clacton-by-election-20260707211451133&features=volume&theme=light,Will Count Binface win the Clacton by-election?,uk,,"24h $53,195 • spread 0.001 • TTR 5.9d",2375320.490208,53195.89,0.0,0.0,2026-08-13T16:00:00+00:00,5.872,1,0.001,-0.988,0.0115,0,"[{""name"": ""Top"", ""bestBid"": 0.011, ""bestAsk"": 0.012}]"
559654,0x4c325469d9b516ef4e6b8f73a81a12607dec075e3c2fd454f91765aaeafc4760,will-pete-buttigieg-win-the-2028-democratic-presidential-nomination-687,https://polymarket.com/event/will-pete-buttigieg-win-the-2028-democratic-presidential-nomination-687,https://embed.polymarket.com/market.html?market=will-pete-buttigieg-win-the-2028-democratic-presidential-nomination-687&features=volume&theme=light,Will Pete Buttigieg win the 2028 Democratic presidential nomination?,united-states,,"24h $5,162 • spread 0.002 • TTR 822.2d",11756288.390957026,5162.26,0.0005,0.9524,2028-11-07T00:00:00+00:00,822.205,1,0.002,-0.946,0.053,0,"[{""name"": ""Top"", ""bestBid"": 0.052, ""bestAsk"": 0.054}]"
898421,0xa460c6bcf298f0c8412df5807a1dbb733f83a2bae69a57854f405a6148151258,will-nico-hlkenberg-be-the-2026-f1-drivers-champion,https://polymarket.com/event/will-nico-hlkenberg-be-the-2026-f1-drivers-champion,https://embed.polymarket.com/market.html?market=will-nico-hlkenberg-be-the-2026-f1-drivers-champion&features=volume&theme=light,Will Nico Hülkenberg be the 2026 F1 Drivers' Champion?,sports,,24h $66 • TTR 120.2d,8459764.117715998,66.0,0.0,0.0,2026-12-06T00:00:00+00:00,120.205,1,,-0.999,,0,"[{""name"": ""Top"", ""bestBid"": null, ""bestAsk"": 0.001}]"
561234,0x2053d8515f1b8cbeea4ccdb56e60e89c2617e43a8660d95166b8e71d27865277,will-marco-rubio-win-the-2028-us-presidential-election,https://polymarket.com/event/will-marco-rubio-win-the-2028-us-presidential-election,https://embed.polymarket.com/market.html?market=will-marco-rubio-win-the-2028-us-presidential-election&features=volume&theme=light,Will Marco Rubio win the 2028 US Presidential Election?,president,,"24h $8,761 • spread 0.001 • TTR 822.2d",11604138.213093996,8761.77,-0.003,-2.3166,2028-11-07T00:00:00+00:00,822.205,1,0.001,-0.873,0.1265,0,"[{""name"": ""Top"", ""bestBid"": 0.126, ""bestAsk"": 0.127}]"
2252243,0xac02cbb049e46d6a3627c0fdf52fa554982a9025d45968207b362acb6ca4b830,will-the-fed-decrease-interest-rates-by-25-bps-after-the-september-2026-meeting-586,https://polymarket.com/event/will-the-fed-decrease-interest-rates-by-25-bps-after-the-september-2026-meeting-586,https://embed.polymarket.com/market.html?market=will-the-fed-decrease-interest-rates-by-25-bps-after-the-september-2026-meeting-586&features=volume&theme=light,Will the Fed decrease interest rates by 25 bps after the September 2026 meeting?,fomc,,"24h $878,120 • spread 0.001 • TTR 39.2d",5208278.357421999,878120.36,-0.001,-5.7143,2026-09-16T00:00:00+00:00,39.205,1,0.001,-0.983,0.0165,0,"[{""name"": ""Top"", ""bestBid"": 0.016, ""bestAsk"": 0.017}]"
559694,0x20d0bc282552ac5ec6f61cd7101cb42a5948cae07e7651bdf40ede1a8b2c5eac,will-ro-khanna-win-the-2028-democratic-presidential-nomination,https://polymarket.com/event/will-ro-khanna-win-the-2028-democratic-presidential-nomination,https://embed.polymarket.com/market.html?market=will-ro-khanna-win-the-2028-democratic-presidential-nomination&features=volume&theme=light,Will Ro Khanna win the 2028 Democratic presidential nomination?,united-states,,24h $60 • spread 0.001 • TTR 822.2d,11107513.934837995,60.6,0.0,0.0,2028-11-07T00:00:00+00:00,822.205,1,0.001,-0.978,0.0215,0,"[{""name"": ""Top"", ""bestBid"": 0.021, ""bestAsk"": 0.022}]"
2252244,0xa3b36b2d6104d34af4e6c6215fc818e43352e78a748fbfb0b85e3a35f71dec9a,will-there-be-no-change-in-fed-interest-rates-after-the-september-2026-meeting-615,https://polymarket.com/event/will-there-be-no-change-in-fed-interest-rates-after-the-september-2026-meeting-615,https://embed.polymarket.com/market.html?market=will-there-be-no-change-in-fed-interest-rates-after-the-september-2026-meeting-615&features=volume&theme=light,Will there be no change in Fed interest rates after the September 2026 meeting?,fomc,,"24h $429,592 • spread 0.010 • TTR 39.2d",4860077.4189850055,429592.3,0.14,28.866,2026-09-16T00:00:00+00:00,39.205,1,0.01,-0.37,0.625,0,"[{""name"": ""Top"", ""bestBid"": 0.62, ""bestAsk"": 0.63}]"
561258,0xa9549c44687993a9a154347c6907092341459b927efaa3f2b49009ca2c4e40a1,will-jamie-dimon-win-the-2028-us-presidential-election,https://polymarket.com/event/will-jamie-dimon-win-the-2028-us-presidential-election,https://embed.polymarket.com/market.html?market=will-jamie-dimon-win-the-2028-us-presidential-election&features=volume&theme=light,Will Jamie Dimon win the 2028 US Presidential Election?,president,,24h $900 • spread 0.001 • TTR 822.2d,10689524.897691999,900.53,0.0,0.0,2028-11-07T00:00:00+00:00,822.205,1,0.001,-0.993,0.0065,0,"[{""name"": ""Top"", ""bestBid"": 0.006, ""bestAsk"": 0.007}]"
561259,0xb314f5dbf75919a34d4997e8b22e6793505e3377a690eaa11a75a2547e926bee,will-ro-khanna-win-the-2028-us-presidential-election,https://polymarket.com/event/will-ro-khanna-win-the-2028-us-presidential-election,https://embed.polymarket.com/market.html?market=will-ro-khanna-win-the-2028-us-presidential-election&features=volume&theme=light,Will Ro Khanna win the 2028 US Presidential Election?,president,,"24h $31,985 • spread 0.001 • TTR 822.2d",10599800.960071,31985.95,0.0,0.0,2028-11-07T00:00:00+00:00,822.205,1,0.001,-0.989,0.0105,0,"[{""name"": ""Top"", ""bestBid"": 0.01, ""bestAsk"": 0.011}]"
2633430,0xa1b3158fedfddaf2a0d8b364f6a57ee68146fb6ad458222aa8e02bcf0abbb099,us-iran-final-nuclear-deal-by-august-31-2026-20260621201255154,https://polymarket.com/event/us-iran-final-nuclear-deal-by-august-31-2026-20260621201255154,https://embed.polymarket.com/market.html?market=us-iran-final-nuclear-deal-by-august-31-2026-20260621201255154&features=volume&theme=light,"US-Iran Final Nuclear Deal by August 31, 2026?",iran,,"24h $56,887 • spread 0.002 • TTR 24.2d",3738162.7993090013,56887.45,0.005,23.8095,2026-08-31T23:59:00+00:00,24.204,1,0.002,-0.973,0.026,0,"[{""name"": ""Top"", ""bestBid"": 0.025, ""bestAsk"": 0.027}]"
694936,0x733a3bb1f78a42bdf60092866ceb931664fb1dae1d66d3a6d2cf7b72cec96400,will-nebius-group-be-acquired-before-2027-514-765,https://polymarket.com/event/will-nebius-group-be-acquired-before-2027-514-765,https://embed.polymarket.com/market.html?market=will-nebius-group-be-acquired-before-2027-514-765&features=volume&theme=light,Will Nebius Group be acquired before 2027?,business,,24h $204 • spread 0.004 • TTR 145.2d,7949883.083993003,204.01,0.001,1.5385,2026-12-31T00:00:00+00:00,145.205,1,0.004,-0.932,0.066,0,"[{""name"": ""Top"", ""bestBid"": 0.064, ""bestAsk"": 0.068}]"
601827,0xbca3d70ec52a5a441ccc365a3b1b48b9cd0f08dfff4bc5871e2cd92d0d92caa1,will-ronaldo-caiado-win-the-2026-brazilian-presidential-election,https://polymarket.com/event/will-ronaldo-caiado-win-the-2026-brazilian-presidential-election,https://embed.polymarket.com/market.html?market=will-ronaldo-caiado-win-the-2026-brazilian-presidential-election&features=volume&theme=light,Will Ronaldo Caiado win the 2026 Brazilian presidential election?,politics,,"24h $20,324 • spread 0.001 • TTR 57.2d",5583849.583841,20324.34,-0.003,-16.2162,2026-10-04T00:00:00+00:00,57.205,1,0.001,-0.984,0.0155,0,"[{""name"": ""Top"", ""bestBid"": 0.015, ""bestAsk"": 0.016}]"
559695,0xb91be12388b3d4079c3ed9b5783cb42d8c33051d37746a49300227e0f45fc089,will-james-talarico-win-the-2028-democratic-presidential-nomination,https://polymarket.com/event/will-james-talarico-win-the-2028-democratic-presidential-nomination,https://embed.polymarket.com/market.html?market=will-james-talarico-win-the-2028-democratic-presidential-nomination&features=volume&theme=light,Will James Talarico win the 2028 Democratic presidential nomination?,united-states,,"24h $8,872 • spread 0.001 • TTR 822.2d",10269511.157669997,8872.3,-0.001,-6.8966,2028-11-07T00:00:00+00:00,822.205,1,0.001,-0.986,0.0135,0,"[{""name"": ""Top"", ""bestBid"": 0.013, ""bestAsk"": 0.014}]"
561980,0xd7a0d72b19ca48b06b0029684677f581e32f133c367d7a19c2f1e4ad07066af7,will-nikki-haley-win-the-2028-republican-presidential-nomination,https://polymarket.com/event/will-nikki-haley-win-the-2028-republican-presidential-nomination,https://embed.polymarket.com/market.html?market=will-nikki-haley-win-the-2028-republican-presidential-nomination&features=volume&theme=light,Will Nikki Haley win the 2028 Republican presidential nomination?,united-states,,"24h $1,071 • spread 0.001 • TTR 822.2d",10177603.809634,1071.57,0.0,0.0,2028-11-07T00:00:00+00:00,822.205,1,0.001,-0.996,0.0035,0,"[{""name"": ""Top"", ""bestBid"": 0.003, ""bestAsk"": 0.004}]"
561975,0x21ad31a46bfaa51650766eff6dc69c866959e32d965ffb116020e37694b6317d,will-marco-rubio-win-the-2028-republican-presidential-nomination,https://polymarket.com/event/will-marco-rubio-win-the-2028-republican-presidential-nomination,https://embed.polymarket.com/market.html?market=will-marco-rubio-win-the-2028-republican-presidential-nomination&features=volume&theme=light,Will Marco Rubio win the 2028 Republican presidential nomination?,united-states,,"24h $13,085 • spread 0.001 • TTR 822.2d",10096327.239372998,13085.28,-0.005,-2.0964,2028-11-07T00:00:00+00:00,822.205,1,0.001,-0.766,0.2335,0,"[{""name"": ""Top"", ""bestBid"": 0.233, ""bestAsk"": 0.234}]"
601820,0x63d8f3a34c90bd5342dda8acf62b6a898dfa52f86475efaf180b66493ef6af80,will-jair-bolsonaro-win-the-2026-brazilian-presidential-election,https://polymarket.com/event/will-jair-bolsonaro-win-the-2026-brazilian-presidential-election,https://embed.polymarket.com/market.html?market=will-jair-bolsonaro-win-the-2026-brazilian-presidential-election&features=volume&theme=light,Will Jair Bolsonaro win the 2026 Brazilian presidential election?,politics,,"24h $8,504 • spread 0.001 • TTR 57.2d",5431572.414093,8504.48,0.0,0.0,2026-10-04T00:00:00+00:00,57.205,1,0.001,-0.996,0.0035,0,"[{""name"": ""Top"", ""bestBid"": 0.003, ""bestAsk"": 0.004}]"
562006,0xca68152902c3581ab42feb04921b8b1cd3c4e80d06f255ae077259fca0bba15c,will-eric-trump-win-the-2028-republican-presidential-nomination,https://polymarket.com/event/will-eric-trump-win-the-2028-republican-presidential-nomination,https://embed.polymarket.com/market.html?market=will-eric-trump-win-the-2028-republican-presidential-nomination&features=volume&theme=light,Will Eric Trump win the 2028 Republican presidential nomination?,united-states,,24h $112 • spread 0.001 • TTR 822.2d,9924187.646280998,112.51,0.0,0.0,2028-11-07T00:00:00+00:00,822.205,1,0.001,-0.996,0.0035,0,"[{""name"": ""Top"", ""bestBid"": 0.003, ""bestAsk"": 0.004}]"
2176270,0x5c79dfde05559b79a9cb9f7c4187e4d49632dd042572ae676952f812732591cc,strait-of-hormuz-traffic-returns-to-normal-by-december-31,https://polymarket.com/event/strait-of-hormuz-traffic-returns-to-normal-by-december-31,https://embed.polymarket.com/market.html?market=strait-of-hormuz-traffic-returns-to-normal-by-december-31&features=volume&theme=light,Strait of Hormuz traffic returns to normal by December 31?,politics,,"24h $66,699 • spread 0.020 • TTR 145.2d • ~50% mid",7339636.107913997,66699.15,-0.015,-2.4793,2026-12-31T00:00:00+00:00,145.205,1,0.02,-0.4,0.59,1,"[{""name"": ""Top"", ""bestBid"": 0.58, ""bestAsk"": 0.6}]"
561978,0x4a9d58d4da874e26708f5bdb014eb07a06aeebb927068d169d43831595386557,will-donald-trump-jr-win-the-2028-republican-presidential-nomination,https://polymarket.com/event/will-donald-trump-jr-win-the-2028-republican-presidential-nomination,https://embed.polymarket.com/market.html?market=will-donald-trump-jr-win-the-2028-republican-presidential-nomination&features=volume&theme=light,Will Donald Trump Jr. win the 2028 Republican presidential nomination?,united-states,,"24h $21,760 • spread 0.001 • TTR 822.2d",9520209.595847,21760.72,-0.002,-14.8148,2028-11-07T00:00:00+00:00,822.205,1,0.001,-0.988,0.0115,0,"[{""name"": ""Top"", ""bestBid"": 0.011, ""bestAsk"": 0.012}]"
601830,0xd0536d9612e041312235baceac52bde48821e8aad4607533513b3782904b7d49,will-geraldo-alckmin-win-the-2026-brazilian-presidential-election,https://polymarket.com/event/will-geraldo-alckmin-win-the-2026-brazilian-presidential-election,https://embed.polymarket.com/market.html?market=will-geraldo-alckmin-win-the-2026-brazilian-presidential-election&features=volume&theme=light,Will Geraldo Alckmin win the 2026 Brazilian presidential election?,politics,,"24h $7,173 • spread 0.001 • TTR 57.2d",5116425.297684001,7173.25,0.0,0.0,2026-10-04T00:00:00+00:00,57.205,1,0.001,-0.997,0.0025,0,"[{""name"": ""Top"", ""bestBid"": 0.002, ""bestAsk"": 0.003}]"
908713,0x80b3af88cb991980e8da1ce86b9794a0957f96ec98c29319dd7ba65e9744d82b,fed-rate-hike-in-2026,https://polymarket.com/event/fed-rate-hike-in-2026,https://embed.polymarket.com/market.html?market=fed-rate-hike-in-2026&features=volume&theme=light,Fed rate hike in 2026?,cpi-release,,"24h $515,444 • spread 0.010 • TTR 123.2d • ~50% mid",6876032.747384,515444.83,-0.1,-15.748,2026-12-09T00:00:00+00:00,123.205,1,0.01,-0.46,0.535,1,"[{""name"": ""Top"", ""bestBid"": 0.53, ""bestAsk"": 0.54}]"
559655,0xd65891729ce093cc12236856837eba1a0872fc7998fd4294c21346f7db68079c,will-josh-shapiro-win-the-2028-democratic-presidential-nomination-977,https://polymarket.com/event/will-josh-shapiro-win-the-2028-democratic-presidential-nomination-977,https://embed.polymarket.com/market.html?market=will-josh-shapiro-win-the-2028-democratic-presidential-nomination-977&features=volume&theme=light,Will Josh Shapiro win the 2028 Democratic presidential nomination?,united-states,,"24h $9,162 • spread 0.001 • TTR 822.2d",9445069.664321994,9162.15,0.0,0.0,2028-11-07T00:00:00+00:00,822.205,1,0.001,-0.951,0.0485,0,"[{""name"": ""Top"", ""bestBid"": 0.048, ""bestAsk"": 0.049}]"
561973,0x895e01dbf3e6a33cd9a44ca0f8cdb5df1bd2b0b6ebed5300d28f8da7145145e4,will-donald-trump-win-the-2028-republican-presidential-nomination,https://polymarket.com/event/will-donald-trump-win-the-2028-republican-presidential-nomination,https://embed.polymarket.com/market.html?market=will-donald-trump-win-the-2028-republican-presidential-nomination&features=volume&theme=light,Will Donald Trump win the 2028 Republican presidential nomination?,united-states,,"24h $3,895 • spread 0.001 • TTR 822.2d",9364039.517571004,3895.86,0.0,0.0,2028-11-07T00:00:00+00:00,822.205,1,0.001,-0.979,0.0205,0,"[{""name"": ""Top"", ""bestBid"": 0.02, ""bestAsk"": 0.021}]"
561243,0xce9a5fa30fe74e323b4a8f15afbb0b7a41a537aa880779ddf7dee22223b2f34a,will-donald-trump-win-the-2028-us-presidential-election,https://polymarket.com/event/will-donald-trump-win-the-2028-us-presidential-election,https://embed.polymarket.com/market.html?market=will-donald-trump-win-the-2028-us-presidential-election&features=volume&theme=light,Will Donald Trump win the 2028 US Presidential Election?,president,,"24h $16,417 • spread 0.001 • TTR 822.2d",9335262.547935005,16417.12,-0.002,-9.3023,2028-11-07T00:00:00+00:00,822.205,1,0.001,-0.98,0.0195,0,"[{""name"": ""Top"", ""bestBid"": 0.019, ""bestAsk"": 0.02}]"
616902,0xd4e77ba6f29fc093509d24f508631abd445ecf506bbdc9c4c80e60256a318527,will-no-fed-rate-cuts-happen-in-2026,https://polymarket.com/event/will-no-fed-rate-cuts-happen-in-2026,https://embed.polymarket.com/market.html?market=will-no-fed-rate-cuts-happen-in-2026&features=volume&theme=light,Will no Fed rate cuts happen in 2026?,rewards-200-4pt5-50,,"24h $115,252 • spread 0.001 • TTR 145.2d",7075423.046864,115252.53,-0.01,-1.1396,2026-12-31T00:00:00+00:00,145.205,1,0.001,-0.132,0.8675,0,"[{""name"": ""Top"", ""bestBid"": 0.867, ""bestAsk"": 0.868}]"
898409,0x6eec2b6b1c8d62aaacda46471e8caf7320f4ea9235f5ee87cba970a32a4e6985,will-lando-norris-be-the-2026-f1-drivers-champion,https://polymarket.com/event/will-lando-norris-be-the-2026-f1-drivers-champion,https://embed.polymarket.com/market.html?market=will-lando-norris-be-the-2026-f1-drivers-champion&features=volume&theme=light,Will Lando Norris be the 2026 F1 Drivers' Champion?,sports,,24h $105 • spread 0.001 • TTR 120.2d,6618231.3336040005,105.31,0.0,0.0,2026-12-06T00:00:00+00:00,120.205,1,0.001,-0.967,0.0325,0,"[{""name"": ""Top"", ""bestBid"": 0.032, ""bestAsk"": 0.033}]"
2252245,0x876506d8b2bd7a0d3fa4fe18c024eee6e1dd81ee24c26795dadd6cfe4a7b5d0d,will-the-fed-increase-interest-rates-by-25-bps-after-the-september-2026-meeting-649,https://polymarket.com/event/will-the-fed-increase-interest-rates-by-25-bps-after-the-september-2026-meeting-649,https://embed.polymarket.com/market.html?market=will-the-fed-increase-interest-rates-by-25-bps-after-the-september-2026-meeting-649&features=volume&theme=light,Will the Fed increase interest rates by 25 bps after the September 2026 meeting?,fomc,,"24h $546,237 • spread 0.010 • TTR 39.2d",4133213.355754,546237.29,-0.11,-23.1579,2026-09-16T00:00:00+00:00,39.205,1,0.01,-0.63,0.365,0,"[{""name"": ""Top"", ""bestBid"": 0.36, ""bestAsk"": 0.37}]"
601832,0xafd3f96b7b6084509e625270538ff0699003fafc042263c1216e7f084cef753a,will-aldo-rebelo-win-the-2026-brazilian-presidential-election,https://polymarket.com/event/will-aldo-rebelo-win-the-2026-brazilian-presidential-election,https://embed.polymarket.com/market.html?market=will-aldo-rebelo-win-the-2026-brazilian-presidential-election&features=volume&theme=light,Will Aldo Rebelo win the 2026 Brazilian presidential election?,politics,,TTR 57.2d,4912220.934043,,0.0,0.0,2026-10-04T00:00:00+00:00,57.205,1,,-0.999,,0,"[{""name"": ""Top"", ""bestBid"": null, ""bestAsk"": 0.001}]"
601828,0x054725b2a7971376f7924a7021221b12acc50fe78d97817824fe411704d5b5a2,will-romeu-zema-win-the-2026-brazilian-presidential-election,https://polymarket.com/event/will-romeu-zema-win-the-2026-brazilian-presidential-election,https://embed.polymarket.com/market.html?market=will-romeu-zema-win-the-2026-brazilian-presidential-election&features=volume&theme=light,Will Romeu Zema win the 2026 Brazilian presidential election?,politics,,"24h $12,247 • spread 0.001 • TTR 57.2d",4828268.418031,12247.09,0.0,0.0,2026-10-04T00:00:00+00:00,57.205,1,0.001,-0.995,0.0045,0,"[{""name"": ""Top"", ""bestBid"": 0.004, ""bestAsk"": 0.005}]"
3355641,0xf0e2cc5ce0dc2405ca35a8614313839cf04cdb08f99e367afcb1bc3982e5e58d,lol-shft-gx-2026-08-07,https://polymarket.com/event/lol-shft-gx-2026-08-07,https://embed.polymarket.com/market.html?market=lol-shft-gx-2026-08-07&features=volume&theme=light,LoL: Shifters vs GIANTX (BO3) - LEC Regular Season,esports,,"24h $1,298,817 • TTR 0.1d",1300974.2337909997,1298817.59,-0.3445,-99.8551,2026-08-07T21:00:00+00:00,0.08,1,,-0.999,,0,"[{""name"": ""Top"", ""bestBid"": null, ""bestAsk"": 0.001}]"
2633429,0xc0aed6d5d893988b4bef5a8242435bbc7c3b45b1e438bcffc9e9bf71d173ae46,us-iran-final-nuclear-deal-by-august-18-2026-20260621201255153,https://polymarket.com/event/us-iran-final-nuclear-deal-by-august-18-2026-20260621201255153,https://embed.polymarket.com/market.html?market=us-iran-final-nuclear-deal-by-august-18-2026-20260621201255153&features=volume&theme=light,"US-Iran Final Nuclear Deal by August 18, 2026?",iran,,"24h $40,460 • spread 0.003 • TTR 11.2d",2203370.4396929997,40460.09,0.001,8.0,2026-08-18T23:59:00+00:00,11.204,1,0.003,-0.985,0.0135,0,"[{""name"": ""Top"", ""bestBid"": 0.012, ""bestAsk"": 0.015}]"
3128786,0x68818a54ca4c49406bb28ada26ecf9ce732dba21505454ce874e7066da6d788c,israel-x-iran-ceasefire-continues-through-august-9-20260727170733638,https://polymarket.com/event/israel-x-iran-ceasefire-continues-through-august-9-20260727170733638,https://embed.polymarket.com/market.html?market=israel-x-iran-ceasefire-continues-through-august-9-20260727170733638&features=volume&theme=light,Israel x Iran ceasefire continues through August 9?,iran,,"24h $175,376 • spread 0.004 • TTR 2.2d",1461914.7766259997,175376.73,0.0305,3.2638,2026-08-09T23:59:00+00:00,2.204,1,0.004,-0.033,0.965,0,"[{""name"": ""Top"", ""bestBid"": 0.963, ""bestAsk"": 0.967}]"
562008,0x5f3b3456b2d6ef0d6f15d7492162725057be78d738d2465456e2835f1d89046c,will-pete-hegseth-win-the-2028-republican-presidential-nomination,https://polymarket.com/event/will-pete-hegseth-win-the-2028-republican-presidential-nomination,https://embed.polymarket.com/market.html?market=will-pete-hegseth-win-the-2028-republican-presidential-nomination&features=volume&theme=light,Will Pete Hegseth win the 2028 Republican presidential nomination?,united-states,,"24h $1,425 • spread 0.001 • TTR 822.2d",8777429.38384,1425.22,0.0,0.0,2028-11-07T00:00:00+00:00,822.205,1,0.001,-0.997,0.0025,0,"[{""name"": ""Top"", ""bestBid"": 0.002, ""bestAsk"": 0.003}]"
561264,0xea649be6ea3447f3c145a173883c68a89faf4edda1f85109b76baa93b3ee7a87,will-pete-hegseth-win-the-2028-us-presidential-election,https://polymarket.com/event/will-pete-hegseth-win-the-2028-us-presidential-election,https://embed.polymarket.com/market.html?market=will-pete-hegseth-win-the-2028-us-presidential-election&features=volume&theme=light,Will Pete Hegseth win the 2028 US Presidential Election?,president,,"24h $1,149 • spread 0.001 • TTR 822.2d",8627068.074989004,1149.54,0.0,0.0,2028-11-07T00:00:00+00:00,822.205,1,0.001,-0.997,0.0025,0,"[{""name"": ""Top"", ""bestBid"": 0.002, ""bestAsk"": 0.003}]"
561239,0xb3298af85e00aafad937c119444a5f2800a55343b7482eb75581f6e454432501,will-kamala-harris-win-the-2028-us-presidential-election,https://polymarket.com/event/will-kamala-harris-win-the-2028-us-presidential-election,https://embed.polymarket.com/market.html?market=will-kamala-harris-win-the-2028-us-presidential-election&features=volume&theme=light,Will Kamala Harris win the 2028 US Presidential Election?,president,,"24h $8,874 • spread 0.001 • TTR 822.2d",8615783.924556004,8875.0,0.0,0.0,2028-11-07T00:00:00+00:00,822.205,1,0.001,-0.957,0.0425,0,"[{""name"": ""Top"", ""bestBid"": 0.042, ""bestAsk"": 0.043}]"
562007,0xf2cb33c6634ee4676b642e728715c68441fb8d8c90f730ba0b5c3cd1f436a4be,will-joe-kent-win-the-2028-republican-presidential-nomination,https://polymarket.com/event/will-joe-kent-win-the-2028-republican-presidential-nomination,https://embed.polymarket.com/market.html?market=will-joe-kent-win-the-2028-republican-presidential-nomination&features=volume&theme=light,Will Joe Kent win the 2028 Republican presidential nomination?,united-states,,"24h $141,124 • spread 0.001 • TTR 822.2d",8608499.552881997,141124.52,0.0,0.0,2028-11-07T00:00:00+00:00,822.205,1,0.001,-0.996,0.0035,0,"[{""name"": ""Top"", ""bestBid"": 0.003, ""bestAsk"": 0.004}]"
898410,0x1c373746c204f7437cb212d2bcfbc5fdf0f0263ae9b470dd92c676d4c2c5ba03,will-oscar-piastri-be-the-2026-f1-drivers-champion,https://polymarket.com/event/will-oscar-piastri-be-the-2026-f1-drivers-champion,https://embed.polymarket.com/market.html?market=will-oscar-piastri-be-the-2026-f1-drivers-champion&features=volume&theme=light,Will Oscar Piastri be the 2026 F1 Drivers' Champion?,sports,,"24h $4,827 • spread 0.001 • TTR 120.2d",6165623.703034997,4827.69,0.0,0.0,2026-12-06T00:00:00+00:00,120.205,1,0.001,-0.995,0.0045,0,"[{""name"": ""Top"", ""bestBid"": 0.004, ""bestAsk"": 0.005}]"
716942,0x1d916047bbca1be9808076a0590c17ff113fb92986a4b4bc7f0f962642158827,will-there-be-at-least-10000-measles-cases-in-the-us-in-2026-418-668-617-245,https://polymarket.com/event/will-there-be-at-least-10000-measles-cases-in-the-us-in-2026-418-668-617-245,https://embed.polymarket.com/market.html?market=will-there-be-at-least-10000-measles-cases-in-the-us-in-2026-418-668-617-245&features=volume&theme=light,Will there be at least 10000 measles cases in the U.S. in 2026?,rewards-20-4pt5-50,,24h $2 • spread 0.005 • TTR 145.2d,6513444.684629999,2.51,0.0,0.0,2026-12-31T00:00:00+00:00,145.205,1,0.005,-0.932,0.0655,0,"[{""name"": ""Top"", ""bestBid"": 0.063, ""bestAsk"": 0.068}]"
561977,0xd0c4c60c8e68ee15974df3aa7d217225e98020fab9fcdb32d10f8e3d285e1619,will-glenn-youngkin-win-the-2028-republican-presidential-nomination,https://polymarket.com/event/will-glenn-youngkin-win-the-2028-republican-presidential-nomination,https://embed.polymarket.com/market.html?market=will-glenn-youngkin-win-the-2028-republican-presidential-nomination&features=volume&theme=light,Will Glenn Youngkin win the 2028 Republican presidential nomination?,united-states,,"24h $1,768 • spread 0.001 • TTR 822.2d",8536809.315481002,1768.81,0.0,0.0,2028-11-07T00:00:00+00:00,822.205,1,0.001,-0.99,0.0095,0,"[{""name"": ""Top"", ""bestBid"": 0.009, ""bestAsk"": 0.01}]"
559693,0x98933c78b5e277b62d91a6c174b412218de000b54c4c67ec8673bf561cec6e81,will-ruben-gallego-win-the-2028-democratic-presidential-nomination,https://polymarket.com/event/will-ruben-gallego-win-the-2028-democratic-presidential-nomination,https://embed.polymarket.com/market.html?market=will-ruben-gallego-win-the-2028-democratic-presidential-nomination&features=volume&theme=light,Will Ruben Gallego win the 2028 Democratic presidential nomination?,united-states,,"24h $8,255 • spread 0.001 • TTR 822.2d",8304605.760498999,8255.79,0.0,0.0,2028-11-07T00:00:00+00:00,822.205,1,0.001,-0.996,0.0035,0,"[{""name"": ""Top"", ""bestBid"": 0.003, ""bestAsk"": 0.004}]"
561998,0x4f02b9cf70e514964fcb9aa2f7873d2b0d1aa0986da096cce7e6687e78da00f3,will-ivanka-trump-win-the-2028-republican-presidential-nomination,https://polymarket.com/event/will-ivanka-trump-win-the-2028-republican-presidential-nomination,https://embed.polymarket.com/market.html?market=will-ivanka-trump-win-the-2028-republican-presidential-nomination&features=volume&theme=light,Will Ivanka Trump win the 2028 Republican presidential nomination?,united-states,,24h $122 • spread 0.001 • TTR 822.2d,8285121.419287998,122.31,0.0,0.0,2028-11-07T00:00:00+00:00,822.205,1,0.001,-0.992,0.0075,0,"[{""name"": ""Top"", ""bestBid"": 0.007, ""bestAsk"": 0.008}]"
601829,0x101d084cd035070abde58d8a3113b78e11ba68028b0d9e7e38ea7d780797aecc,will-camilo-santana-win-the-2026-brazilian-presidential-election,https://polymarket.com/event/will-camilo-santana-win-the-2026-brazilian-presidential-election,https://embed.polymarket.com/market.html?market=will-camilo-santana-win-the-2026-brazilian-presidential-election&features=volume&theme=light,Will Camilo Santana win the 2026 Brazilian presidential election?,politics,,"24h $9,945 • spread 0.001 • TTR 57.2d",4461705.197657,9945.99,0.0,0.0,2026-10-04T00:00:00+00:00,57.205,1,0.001,-0.998,0.0015,0,"[{""name"": ""Top"", ""bestBid"": 0.001, ""bestAsk"": 0.002}]"
561252,0xe2bdf6c18c8ab5ad5d3be5f95dd749e88d1dee7ac7c4dbf5101013a5c055e3df,will-dwayne-the-rock-johnson-win-the-2028-us-presidential-election,https://polymarket.com/event/will-dwayne-the-rock-johnson-win-the-2028-us-presidential-election,https://embed.polymarket.com/market.html?market=will-dwayne-the-rock-johnson-win-the-2028-us-presidential-election&features=volume&theme=light,Will Dwayne 'The Rock' Johnson win the 2028 US Presidential Election?,president,,"24h $7,778 • spread 0.001 • TTR 822.2d",8140399.274790001,7778.58,0.0,0.0,2028-11-07T00:00:00+00:00,822.205,1,0.001,-0.984,0.0155,0,"[{""name"": ""Top"", ""bestBid"": 0.015, ""bestAsk"": 0.016}]"
898413,0x696576c9b20d20a71e0acd6f84d215f129fa361ed544b0df14f1ae540d84059f,will-max-verstappen-be-the-2026-f1-drivers-champion,https://polymarket.com/event/will-max-verstappen-be-the-2026-f1-drivers-champion,https://embed.polymarket.com/market.html?market=will-max-verstappen-be-the-2026-f1-drivers-champion&features=volume&theme=light,Will Max Verstappen be the 2026 F1 Drivers' Champion?,sports,,"24h $8,569 • spread 0.001 • TTR 120.2d",5793658.176839001,8569.18,0.002,12.1212,2026-12-06T00:00:00+00:00,120.205,1,0.001,-0.981,0.0185,0,"[{""name"": ""Top"", ""bestBid"": 0.018, ""bestAsk"": 0.019}]"
561260,0x32903694997a5c09afee30904970f9fab2a5fb4ec45f572f194341185574f1a4,will-thomas-massie-win-the-2028-us-presidential-election,https://polymarket.com/event/will-thomas-massie-win-the-2028-us-presidential-election,https://embed.polymarket.com/market.html?market=will-thomas-massie-win-the-2028-us-presidential-election&features=volume&theme=light,Will Thomas Massie win the 2028 US Presidential Election?,president,,"24h $10,237 • spread 0.001 • TTR 822.2d",8007880.746730998,10237.45,-0.001,-5.4054,2028-11-07T00:00:00+00:00,822.205,1,0.001,-0.982,0.0175,0,"[{""name"": ""Top"", ""bestBid"": 0.017, ""bestAsk"": 0.018}]"
559696,0x6685b25cc7c89032efcdf81eb27fdc6bbf04a3e4299bcd99c9f3d62c8471001e,will-graham-platner-win-the-2028-democratic-presidential-nomination,https://polymarket.com/event/will-graham-platner-win-the-2028-democratic-presidential-nomination,https://embed.polymarket.com/market.html?market=will-graham-platner-win-the-2028-democratic-presidential-nomination&features=volume&theme=light,Will Graham Platner win the 2028 Democratic presidential nomination?,united-states,,"24h $6,469 • spread 0.001 • TTR 822.2d",7959945.778492,6469.49,0.0,0.0,2028-11-07T00:00:00+00:00,822.205,1,0.001,-0.997,0.0025,0,"[{""name"": ""Top"", ""bestBid"": 0.002, ""bestAsk"": 0.003}]"
561255,0xc586d15be76278848a26c761c2fcf70f8cebca71815cfab83e656ff5c6ec13a9,will-ivanka-trump-win-the-2028-us-presidential-election,https://polymarket.com/event/will-ivanka-trump-win-the-2028-us-presidential-election,https://embed.polymarket.com/market.html?market=will-ivanka-trump-win-the-2028-us-presidential-election&features=volume&theme=light,Will Ivanka Trump win the 2028 US Presidential Election?,president,,"24h $1,995 • spread 0.001 • TTR 822.2d",7939780.353927,1995.84,0.0,0.0,2028-11-07T00:00:00+00:00,822.205,1,0.001,-0.995,0.0045,0,"[{""name"": ""Top"", ""bestBid"": 0.004, ""bestAsk"": 0.005}]"
561232,0x2c03c41e5032364cb7166e842bdd22913f28aa2c837d8432704aa89c338875c8,will-pete-buttigieg-win-the-2028-us-presidential-election,https://polymarket.com/event/will-pete-buttigieg-win-the-2028-us-presidential-election,https://embed.polymarket.com/market.html?market=will-pete-buttigieg-win-the-2028-us-presidential-election&features=volume&theme=light,Will Pete Buttigieg win the 2028 US Presidential Election?,president,,"24h $1,658 • spread 0.001 • TTR 822.2d",7920380.420936002,1658.36,0.0,0.0,2028-11-07T00:00:00+00:00,822.205,1,0.001,-0.975,0.0245,0,"[{""name"": ""Top"", ""bestBid"": 0.024, ""bestAsk"": 0.025}]"
562802,0xd5d9fc47718bd553592d126b1fa5e87183d27f3936975b0c04cc0f2dec1f1bb4,will-the-democratic-party-control-the-house-after-the-2026-midterm-elections,https://polymarket.com/event/will-the-democratic-party-control-the-house-after-the-2026-midterm-elections,https://embed.polymarket.com/market.html?market=will-the-democratic-party-control-the-house-after-the-2026-midterm-elections&features=volume&theme=light,Will the Democratic Party control the House after the 2026 Midterm elections?,parent-for-derivative,,"24h $65,427 • spread 0.010 • TTR 87.2d",5073735.6469950015,65427.89,0.0,0.0,2026-11-03T00:00:00+00:00,87.205,1,0.01,-0.12,0.875,0,"[{""name"": ""Top"", ""bestBid"": 0.87, ""bestAsk"": 0.88}]"
637002,0x962e5b226a77266ab429029ee04665e8fcfeb10b91af593786ceab871d2e945f,will-donald-trump-win-the-nobel-peace-prize-in-2026-382,https://polymarket.com/event/will-donald-trump-win-the-nobel-peace-prize-in-2026-382,https://embed.polymarket.com/market.html?market=will-donald-trump-win-the-nobel-peace-prize-in-2026-382&features=volume&theme=light,Will Donald Trump win the Nobel Peace Prize in 2026?,awards,,"24h $38,191 • spread 0.001 • TTR 63.2d",4308926.166112001,38191.07,0.001,3.9216,2026-10-10T00:00:00+00:00,63.205,1,0.001,-0.973,0.0265,0,"[{""name"": ""Top"", ""bestBid"": 0.026, ""bestAsk"": 0.027}]"
1469737,0x25fb28382075f418a944a781a9f8840e2f541152eea0d9798d1cabfa1466adbb,will-mojtaba-khamenei-be-head-of-state-in-iran-end-of-2026,https://polymarket.com/event/will-mojtaba-khamenei-be-head-of-state-in-iran-end-of-2026,https://embed.polymarket.com/market.html?market=will-mojtaba-khamenei-be-head-of-state-in-iran-end-of-2026&features=volume&theme=light,Will Mojtaba Khamenei be head of state in Iran end of 2026?,middle-east,,"24h $85,205 • spread 0.001 • TTR 145.2d",5685957.6634140005,85205.21,-0.064,-7.5964,2026-12-31T00:00:00+00:00,145.205,1,0.001,-0.221,0.7785,0,"[{""name"": ""Top"", ""bestBid"": 0.778, ""bestAsk"": 0.779}]"
628955,0x8d62f20324e9e7f1a3c663ab6aac9a2f6e7adb96c6a69ac2cea7e08a71a7f2ef,will-tom-steyer-win-the-california-governor-election-in-2026,https://polymarket.com/event/will-tom-steyer-win-the-california-governor-election-in-2026,https://embed.polymarket.com/market.html?market=will-tom-steyer-win-the-california-governor-election-in-2026&features=volume&theme=light,Will Tom Steyer win the California Governor Election in 2026?,california-midterm,,24h $7 • TTR 87.2d,4770093.037779001,7.0,0.0,0.0,2026-11-03T00:00:00+00:00,87.205,1,,-0.998,,0,"[{""name"": ""Top"", ""bestBid"": null, ""bestAsk"": 0.002}]"
2034729,0xace3c72c24fccb6731433483ece41c780432d84850edccd5a6bf3147ccea62a9,will-the-us-confirm-that-aliens-exist-by-september-30-396,https://polymarket.com/event/will-the-us-confirm-that-aliens-exist-by-september-30-396,https://embed.polymarket.com/market.html?market=will-the-us-confirm-that-aliens-exist-by-september-30-396&features=volume&theme=light,Will the US confirm that aliens exist by September 30?,aliens,,"24h $38,490 • spread 0.002 • TTR 53.2d",3851872.850387,38490.16,0.0015,6.383,2026-09-30T00:00:00+00:00,53.205,1,0.002,-0.974,0.025,0,"[{""name"": ""Top"", ""bestBid"": 0.024, ""bestAsk"": 0.026}]"
1105751,0x1dd7704a6d05cca078564bc0bac541261425bc9252acc5634639f5161daf45f9,will-evan-pettus-be-the-leader-of-venezuela-end-of-2026,https://polymarket.com/event/will-evan-pettus-be-the-leader-of-venezuela-end-of-2026,https://embed.polymarket.com/market.html?market=will-evan-pettus-be-the-leader-of-venezuela-end-of-2026&features=volume&theme=light,Will Evan Pettus be the leader of Venezuela end of 2026?,trump-machado,,"24h $1,054 • spread 0.001 • TTR 145.2d",5608395.685313998,1054.64,0.0,0.0,2026-12-31T00:00:00+00:00,145.205,1,0.001,-0.998,0.0015,0,"[{""name"": ""Top"", ""bestBid"": 0.001, ""bestAsk"": 0.002}]"
2832140,0x95a7c8f39ccda84bf59b54c474f2a006cbc4167737630365f416670466b37ab9,will-nigel-farage-win-the-clacton-by-election-20260707144027825,https://polymarket.com/event/will-nigel-farage-win-the-clacton-by-election-20260707144027825,https://embed.polymarket.com/market.html?market=will-nigel-farage-win-the-clacton-by-election-20260707144027825&features=volume&theme=light,Will Nigel Farage win the Clacton by-election?,uk,,"24h $12,906 • spread 0.001 • TTR 5.9d",1460028.0389730001,12906.12,0.001,0.1012,2026-08-13T16:00:00+00:00,5.872,1,0.001,-0.01,0.9895,0,"[{""name"": ""Top"", ""bestBid"": 0.989, ""bestAsk"": 0.99}]"
898415,0xe0711866c51f7d0c43284f43e3ae34125e462e909e16bf685718df7610e6a1e7,will-charles-leclerc-be-the-2026-f1-drivers-champion,https://polymarket.com/event/will-charles-leclerc-be-the-2026-f1-drivers-champion,https://embed.polymarket.com/market.html?market=will-charles-leclerc-be-the-2026-f1-drivers-champion&features=volume&theme=light,Will Charles Leclerc be the 2026 F1 Drivers' Champion?,sports,,24h $210 • spread 0.001 • TTR 120.2d,5164431.470889,210.08,0.001,3.3898,2026-12-06T00:00:00+00:00,120.205,1,0.001,-0.969,0.0305,0,"[{""name"": ""Top"", ""bestBid"": 0.03, ""bestAsk"": 0.031}]"
898416,0x2cefe6009ea518f77b8a82714e54c0af1d0f25e99b37d4861f4a5d3ebbf142d3,will-lewis-hamilton-be-the-2026-f1-drivers-champion,https://polymarket.com/event/will-lewis-hamilton-be-the-2026-f1-drivers-champion,https://embed.polymarket.com/market.html?market=will-lewis-hamilton-be-the-2026-f1-drivers-champion&features=volume&theme=light,Will Lewis Hamilton be the 2026 F1 Drivers' Champion?,sports,,"24h $16,029 • spread 0.001 • TTR 120.2d",5163580.989683,16029.92,0.002,2.0101,2026-12-06T00:00:00+00:00,120.205,1,0.001,-0.898,0.1015,0,"[{""name"": ""Top"", ""bestBid"": 0.101, ""bestAsk"": 0.102}]"
679049,0x06ea9c02b4c6a2f7f07f78e21411bd367636564edb27c72cd038b556aada1a64,will-mathilde-panot-win-the-2027-french-presidential-election,https://polymarket.com/event/will-mathilde-panot-win-the-2027-french-presidential-election,https://embed.polymarket.com/market.html?market=will-mathilde-panot-win-the-2027-french-presidential-election&features=volume&theme=light,Will Mathilde Panot win the 2027 French presidential election?,french-election,,"24h $2,339 • spread 0.001 • TTR 265.2d",6246210.649722,2339.41,0.0,0.0,2027-04-30T00:00:00+00:00,265.205,1,0.001,-0.998,0.0015,0,"[{""name"": ""Top"", ""bestBid"": 0.001, ""bestAsk"": 0.002}]"
561233,0x5969cbb46aca5319b19e19a3c6f63de098950b675bf268f30f4d035508da1957,will-josh-shapiro-win-the-2028-us-presidential-election,https://polymarket.com/event/will-josh-shapiro-win-the-2028-us-presidential-election,https://embed.polymarket.com/market.html?market=will-josh-shapiro-win-the-2028-us-presidential-election&features=volume&theme=light,Will Josh Shapiro win the 2028 US Presidential Election?,president,,24h $46 • spread 0.001 • TTR 822.2d,7028829.143139998,46.6,0.001,3.9216,2028-11-07T00:00:00+00:00,822.205,1,0.001,-0.973,0.0265,0,"[{""name"": ""Top"", ""bestBid"": 0.026, ""bestAsk"": 0.027}]"
1057883,0x6fefc0438c7598b23531457c8c60541990d0786bd4bd9dfc3eabc8d95c291092,will-bitcoin-reach-250000-by-december-31-2026-579-442,https://polymarket.com/event/will-bitcoin-reach-250000-by-december-31-2026-579-442,https://embed.polymarket.com/market.html?market=will-bitcoin-reach-250000-by-december-31-2026-579-442&features=volume&theme=light,"Will Bitcoin reach $250,000 by December 31, 2026?",bitcoin,,24h $297 • spread 0.001 • TTR 146.4d,5363397.713323003,297.81,0.0,0.0,2027-01-01T05:00:00+00:00,146.413,1,0.001,-0.983,0.0165,0,"[{""name"": ""Top"", ""bestBid"": 0.016, ""bestAsk"": 0.017}]"
1163699,0x9cb23d04b2ded06147482076688b69b487a8d982c63ebdda2ab3678cf27cf390,clarity-act-signed-into-law-in-2026,https://polymarket.com/event/clarity-act-signed-into-law-in-2026,https://embed.polymarket.com/market.html?market=clarity-act-signed-into-law-in-2026&features=volume&theme=light,Clarity Act (H.R.3633) signed into law in 2026?,crypto,,"24h $167,069 • spread 0.010 • TTR 146.4d",5274414.367969,167069.78,-0.03,-18.1818,2027-01-01T05:00:00+00:00,146.413,1,0.01,-0.86,0.135,0,"[{""name"": ""Top"", ""bestBid"": 0.13, ""bestAsk"": 0.14}]"
1469755,0x4266ab921148974f104cbadd099e13bca989441bf58acfd2a08fc6cc7440e1a1,will-mohammad-khatami-be-head-of-state-in-iran-end-of-2026,https://polymarket.com/event/will-mohammad-khatami-be-head-of-state-in-iran-end-of-2026,https://embed.polymarket.com/market.html?market=will-mohammad-khatami-be-head-of-state-in-iran-end-of-2026&features=volume&theme=light,Will Mohammad Khatami be head of state in Iran end of 2026?,middle-east,,"24h $96,060 • spread 0.001 • TTR 145.2d",5187389.845480999,96060.12,0.0,0.0,2026-12-31T00:00:00+00:00,145.205,1,0.001,-0.998,0.0015,0,"[{""name"": ""Top"", ""bestBid"": 0.001, ""bestAsk"": 0.002}]"
561262,0x9eb7ac1524fdacb46ceb8758454f0004c7b117eae76e6295852643644bb862c1,will-james-talarico-win-the-2028-us-presidential-election,https://polymarket.com/event/will-james-talarico-win-the-2028-us-presidential-election,https://embed.polymarket.com/market.html?market=will-james-talarico-win-the-2028-us-presidential-election&features=volume&theme=light,Will James Talarico win the 2028 US Presidential Election?,president,,24h $746 • spread 0.001 • TTR 822.2d,6705483.927507999,746.33,0.0,0.0,2028-11-07T00:00:00+00:00,822.205,1,0.001,-0.995,0.0045,0,"[{""name"": ""Top"", ""bestBid"": 0.004, ""bestAsk"": 0.005}]"
562004,0x17902b9490c6a73152772316b4705935c5c6801ba269f2afc81686532e34fb9a,will-marjorie-taylor-greene-win-the-2028-republican-presidential-nomination,https://polymarket.com/event/will-marjorie-taylor-greene-win-the-2028-republican-presidential-nomination,https://embed.polymarket.com/market.html?market=will-marjorie-taylor-greene-win-the-2028-republican-presidential-nomination&features=volume&theme=light,Will Marjorie Taylor Greene win the 2028 Republican presidential nomination?,united-states,,24h $840 • spread 0.001 • TTR 822.2d,6682910.02334,840.04,0.0,0.0,2028-11-07T00:00:00+00:00,822.205,1,0.001,-0.994,0.0055,0,"[{""name"": ""Top"", ""bestBid"": 0.005, ""bestAsk"": 0.006}]"
616913,0x1adf074e048fa613f4ddbc0766088748a48d120a3a713b0183e219032a411ae3,will-11-fed-rate-cuts-happen-in-2026,https://polymarket.com/event/will-11-fed-rate-cuts-happen-in-2026,https://embed.polymarket.com/market.html?market=will-11-fed-rate-cuts-happen-in-2026&features=volume&theme=light,Will 11 Fed rate cuts happen in 2026?,rewards-200-4pt5-50,,"24h $28,945 • spread 0.001 • TTR 145.2d",5029292.9971010005,28945.69,0.0,0.0,2026-12-31T00:00:00+00:00,145.205,1,0.001,-0.998,0.0015,0,"[{""name"": ""Top"", ""bestBid"": 0.001, ""bestAsk"": 0.002}]"
1107582,0x3de0f3d7d7efb40cde68e814d40a0b232832083653c8e78260eb999baa967de0,us-strike-on-cuba-by-december-31,https://polymarket.com/event/us-strike-on-cuba-by-december-31,https://embed.polymarket.com/market.html?market=us-strike-on-cuba-by-december-31&features=volume&theme=light,US strike on Cuba by December 31?,cuba,,"24h $5,975 • spread 0.010 • TTR 145.2d",5011069.037621,5975.22,-0.01,-4.2553,2026-12-31T00:00:00+00:00,145.205,1,0.01,-0.77,0.225,0,"[{""name"": ""Top"", ""bestBid"": 0.22, ""bestAsk"": 0.23}]"
679041,0x3a8209fbd45fef3be23fb3480eb1c961c85f7bdd07d4a3391f5949252156c594,will-franois-bayrou-win-the-2027-french-presidential-election,https://polymarket.com/event/will-franois-bayrou-win-the-2027-french-presidential-election,https://embed.polymarket.com/market.html?market=will-franois-bayrou-win-the-2027-french-presidential-election&features=volume&theme=light,Will François Bayrou win the 2027 French presidential election?,french-election,,24h $814 • spread 0.001 • TTR 265.2d,5736155.158651998,814.37,0.0,0.0,2027-04-30T00:00:00+00:00,265.205,1,0.001,-0.998,0.0015,0,"[{""name"": ""Top"", ""bestBid"": 0.001, ""bestAsk"": 0.002}]"
701501,0x752fa61c93f16c4b15e85b0bd438d9c684176b0ea7b319a84c8aca34616e8a8c,will-bitcoin-dip-to-55000-by-december-31-2026-527-627-868-745-188-361-314-673-612-946-821-624-855-557-684-381-884-939-182-939-516,https://polymarket.com/event/will-bitcoin-dip-to-55000-by-december-31-2026-527-627-868-745-188-361-314-673-612-946-821-624-855-557-684-381-884-939-182-939-516,https://embed.polymarket.com/market.html?market=will-bitcoin-dip-to-55000-by-december-31-2026-527-627-868-745-188-361-314-673-612-946-821-624-855-557-684-381-884-939-182-939-516&features=volume&theme=light,"Will Bitcoin dip to $55,000 by December 31, 2026?",bitcoin,,"24h $14,544 • spread 0.010 • TTR 146.4d • ~50% mid",4988655.567533,14544.47,0.0,0.0,2027-01-01T05:00:00+00:00,146.413,1,0.01,-0.45,0.545,1,"[{""name"": ""Top"", ""bestBid"": 0.54, ""bestAsk"": 0.55}]"
601833,0xae7dd99bf126b033b77af2553a98b97e1190fd7bdddd5a792ca2791ae23e4d13,will-tereza-cristina-win-the-2026-brazilian-presidential-election,https://polymarket.com/event/will-tereza-cristina-win-the-2026-brazilian-presidential-election,https://embed.polymarket.com/market.html?market=will-tereza-cristina-win-the-2026-brazilian-presidential-election&features=volume&theme=light,Will Tereza Cristina win the 2026 Brazilian presidential election?,politics,,"24h $12,796 • spread 0.001 • TTR 57.2d",3517009.6135960002,12796.87,0.0,0.0,2026-10-04T00:00:00+00:00,57.205,1,0.001,-0.998,0.0015,0,"[{""name"": ""Top"", ""bestBid"": 0.001, ""bestAsk"": 0.002}]"
1057916,0xa885bfe10688056a9d0f4e9a1523bfa18f66fda065f0400d714ba54776083713,will-bitcoin-dip-to-15000-by-december-31-2026-416-954-417-853-885-363-335-458-585-275-615-269-479-379-516-218-918-374-598-429-212,https://polymarket.com/event/will-bitcoin-dip-to-15000-by-december-31-2026-416-954-417-853-885-363-335-458-585-275-615-269-479-379-516-218-918-374-598-429-212,https://embed.polymarket.com/market.html?market=will-bitcoin-dip-to-15000-by-december-31-2026-416-954-417-853-885-363-335-458-585-275-615-269-479-379-516-218-918-374-598-429-212&features=volume&theme=light,"Will Bitcoin dip to $15,000 by December 31, 2026?",bitcoin,,24h $142 • spread 0.001 • TTR 146.4d,4920244.61286,142.65,0.0,0.0,2027-01-01T05:00:00+00:00,146.413,1,0.001,-0.967,0.0325,0,"[{""name"": ""Top"", ""bestBid"": 0.032, ""bestAsk"": 0.033}]"
616912,0x757c144993b3cb831e04c42bfcff8c18864c7da4f4688a5939d2f62e031cbc87,will-10-fed-rate-cuts-happen-in-2026,https://polymarket.com/event/will-10-fed-rate-cuts-happen-in-2026,https://embed.polymarket.com/market.html?market=will-10-fed-rate-cuts-happen-in-2026&features=volume&theme=light,Will 10 Fed rate cuts happen in 2026?,rewards-200-4pt5-50,,"24h $11,469 • spread 0.001 • TTR 145.2d",4848552.474515999,11469.16,0.0,0.0,2026-12-31T00:00:00+00:00,145.205,1,0.001,-0.998,0.0015,0,"[{""name"": ""Top"", ""bestBid"": 0.001, ""bestAsk"": 0.002}]"
562803,0x4e4f77e7dbf4cab666e9a1943674d7ae66348e862df03ea6f44b11eb95731928,will-the-republican-party-control-the-house-after-the-2026-midterm-elections,https://polymarket.com/event/will-the-republican-party-control-the-house-after-the-2026-midterm-elections,https://embed.polymarket.com/market.html?market=will-the-republican-party-control-the-house-after-the-2026-midterm-elections&features=volume&theme=light,Will the Republican Party control the House after the 2026 Midterm elections?,parent-for-derivative,,"24h $12,640 • spread 0.010 • TTR 87.2d",4065082.978316998,12640.2,0.0,0.0,2026-11-03T00:00:00+00:00,87.205,1,0.01,-0.86,0.135,0,"[{""name"": ""Top"", ""bestBid"": 0.13, ""bestAsk"": 0.14}]"
679043,0xfd431e070263b5f24e43a8fc44532bf41aa008d99cab2330d979913b1c580bd2,will-yal-braun-pivet-win-the-2027-french-presidential-election,https://polymarket.com/event/will-yal-braun-pivet-win-the-2027-french-presidential-election,https://embed.polymarket.com/market.html?market=will-yal-braun-pivet-win-the-2027-french-presidential-election&features=volume&theme=light,Will Yaël Braun-Pivet win the 2027 French presidential election?,french-election,,24h $465 • spread 0.001 • TTR 265.2d,5526588.205578999,465.77,0.0,0.0,2027-04-30T00:00:00+00:00,265.205,1,0.001,-0.998,0.0015,0,"[{""name"": ""Top"", ""bestBid"": 0.001, ""bestAsk"": 0.002}]"
679036,0xaba4bb720c6c1b2e48087f5af4a57fd1e9f05814a936e9f6b1c37f10436a34fc,will-franois-asselineau-win-the-2027-french-presidential-election,https://polymarket.com/event/will-franois-asselineau-win-the-2027-french-presidential-election,https://embed.polymarket.com/market.html?market=will-franois-asselineau-win-the-2027-french-presidential-election&features=volume&theme=light,Will François Asselineau win the 2027 French presidential election?,french-election,,"24h $4,563 • spread 0.001 • TTR 265.2d",5515087.0191170005,4563.16,0.0,0.0,2027-04-30T00:00:00+00:00,265.205,1,0.001,-0.998,0.0015,0,"[{""name"": ""Top"", ""bestBid"": 0.001, ""bestAsk"": 0.002}]"
1144471,0x3b0107a80edd066fe987784d7ab5963c177888433efbec10689951c17320606c,will-satoshi-move-any-bitcoin-in-2026,https://polymarket.com/event/will-satoshi-move-any-bitcoin-in-2026,https://embed.polymarket.com/market.html?market=will-satoshi-move-any-bitcoin-in-2026&features=volume&theme=light,Will Satoshi move any Bitcoin in 2026?,crypto-culture,,"24h $16,307 • spread 0.001 • TTR 146.4d",4680053.755314,16307.53,-0.001,-1.9048,2027-01-01T05:00:00+00:00,146.413,1,0.001,-0.948,0.0515,0,"[{""name"": ""Top"", ""bestBid"": 0.051, ""bestAsk"": 0.052}]"
679035,0x34ed4ad7a7825f168e1084f53e8f60a161579d783b2740e50aa52f710925a136,will-sgolne-royal-win-the-2027-french-presidential-election,https://polymarket.com/event/will-sgolne-royal-win-the-2027-french-presidential-election,https://embed.polymarket.com/market.html?market=will-sgolne-royal-win-the-2027-french-presidential-election&features=volume&theme=light,Will Ségolène Royal win the 2027 French presidential election?,french-election,,24h $59 • spread 0.001 • TTR 265.2d,5298842.949023998,59.92,0.0,0.0,2027-04-30T00:00:00+00:00,265.205,1,0.001,-0.998,0.0015,0,"[{""name"": ""Top"", ""bestBid"": 0.001, ""bestAsk"": 0.002}]"
679042,0x0b298ab2b2cad3308d486c804985c1ede7ea949bde363f44784a3b2a460be788,will-lisabeth-borne-win-the-2027-french-presidential-election,https://polymarket.com/event/will-lisabeth-borne-win-the-2027-french-presidential-election,https://embed.polymarket.com/market.html?market=will-lisabeth-borne-win-the-2027-french-presidential-election&features=volume&theme=light,Will Élisabeth Borne win the 2027 French presidential election?,french-election,,"24h $1,321 • spread 0.001 • TTR 265.2d",5272966.346541003,1321.72,0.0,0.0,2027-04-30T00:00:00+00:00,265.205,1,0.001,-0.998,0.0015,0,"[{""name"": ""Top"", ""bestBid"": 0.001, ""bestAsk"": 0.002}]"
562005,0x24258776d0a926b4550b0f213267b95ba0a7741fc972d0b3c2b5f6bf8ced2c50,will-thomas-massie-win-the-2028-republican-presidential-nomination,https://polymarket.com/event/will-thomas-massie-win-the-2028-republican-presidential-nomination,https://embed.polymarket.com/market.html?market=will-thomas-massie-win-the-2028-republican-presidential-nomination&features=volume&theme=light,Will Thomas Massie win the 2028 Republican presidential nomination?,united-states,,"24h $3,434 • spread 0.001 • TTR 822.2d",5984242.555441999,3434.97,0.0,0.0,2028-11-07T00:00:00+00:00,822.205,1,0.001,-0.992,0.0075,0,"[{""name"": ""Top"", ""bestBid"": 0.007, ""bestAsk"": 0.008}]"
679023,0x06a27c2810eaca94b53e7a17f15ad47761399ba445a6b02039b2679da203262d,will-xavier-bertrand-win-the-2027-french-presidential-election,https://polymarket.com/event/will-xavier-bertrand-win-the-2027-french-presidential-election,https://embed.polymarket.com/market.html?market=will-xavier-bertrand-win-the-2027-french-presidential-election&features=volume&theme=light,Will Xavier Bertrand win the 2027 French presidential election?,french-election,,"24h $2,740 • spread 0.001 • TTR 265.2d",5140440.486697002,2740.41,0.0,0.0,2027-04-30T00:00:00+00:00,265.205,1,0.001,-0.998,0.0015,0,"[{""name"": ""Top"", ""bestBid"": 0.001, ""bestAsk"": 0.002}]"
1130015,0x8c48f3acf4177b5ceb012a8a2dc7a9c219eeae4a032d6ddcbc3c2ffab907439a,will-the-liberal-democratic-party-of-russia-ldpr-gain-the-most-seats-in-the-next-russian-parliamentary-election,https://polymarket.com/event/will-the-liberal-democratic-party-of-russia-ldpr-gain-the-most-seats-in-the-next-russian-parliamentary-election,https://embed.polymarket.com/market.html?market=will-the-liberal-democratic-party-of-russia-ldpr-gain-the-most-seats-in-the-next-russian-parliamentary-election&features=volume&theme=light,Will the Liberal Democratic Party of Russia (LDPR) gain the most seats in the next Russian parliamentary election?,politics,,"24h $21,776 • spread 0.001 • TTR 53.2d",3056416.0754780006,21776.28,0.0055,11.1111,2026-09-30T00:00:00+00:00,53.205,1,0.001,-0.948,0.0515,0,"[{""name"": ""Top"", ""bestBid"": 0.051, ""bestAsk"": 0.052}]"
679039,0x6ccebbc57547f8b777aa4ef70a452bb5034055d183131a9b6db47fd8d0777921,will-michel-barnier-win-the-2027-french-presidential-election,https://polymarket.com/event/will-michel-barnier-win-the-2027-french-presidential-election,https://embed.polymarket.com/market.html?market=will-michel-barnier-win-the-2027-french-presidential-election&features=volume&theme=light,Will Michel Barnier win the 2027 French presidential election?,french-election,,"24h $1,161 • spread 0.001 • TTR 265.2d",5067828.615684001,1161.93,0.0,0.0,2027-04-30T00:00:00+00:00,265.205,1,0.001,-0.997,0.0025,0,"[{""name"": ""Top"", ""bestBid"": 0.002, ""bestAsk"": 0.003}]"
679033,0xbac8d3ca6cc7297022850562d9d66669d5e0a112767337f8a5955417f1984b54,will-olivier-faure-win-the-2027-french-presidential-election,https://polymarket.com/event/will-olivier-faure-win-the-2027-french-presidential-election,https://embed.polymarket.com/market.html?market=will-olivier-faure-win-the-2027-french-presidential-election&features=volume&theme=light,Will Olivier Faure win the 2027 French presidential election?,french-election,,24h $475 • spread 0.001 • TTR 265.2d,4993153.043115003,475.82,0.0,0.0,2027-04-30T00:00:00+00:00,265.205,1,0.001,-0.997,0.0025,0,"[{""name"": ""Top"", ""bestBid"": 0.002, ""bestAsk"": 0.003}]"
648383,0x9345d5142a67f5541264c96515496affee02580f1c572680759eac9fd2a1588a,billionaire-one-time-wealth-tax-passes-in-california-election-2026,https://polymarket.com/event/billionaire-one-time-wealth-tax-passes-in-california-election-2026,https://embed.polymarket.com/market.html?market=billionaire-one-time-wealth-tax-passes-in-california-election-2026&features=volume&theme=light,Billionaire one-time wealth tax passes in California election 2026?,taxes,,24h $250 • spread 0.010 • TTR 87.2d,3618222.902894004,250.53,0.0,0.0,2026-11-03T00:00:00+00:00,87.205,1,0.01,-0.69,0.305,0,"[{""name"": ""Top"", ""bestBid"": 0.3, ""bestAsk"": 0.31}]"
1357388,0x6c9407f7841e7507ba435d540af237d742674ba05bac48998cf94f4b7ef5d909,will-the-los-angeles-chargers-win-the-2027-nfl-league-championship,https://polymarket.com/event/will-the-los-angeles-chargers-win-the-2027-nfl-league-championship,https://embed.polymarket.com/market.html?market=will-the-los-angeles-chargers-win-the-2027-nfl-league-championship&features=volume&theme=light,Will the Los Angeles Chargers win the 2027 NFL league championship?,sports,,24h $235 • spread 0.001 • TTR 236.2d,4774562.139915995,235.24,-0.001,-1.9417,2027-03-31T23:55:00+00:00,236.202,1,0.001,-0.949,0.0505,0,"[{""name"": ""Top"", ""bestBid"": 0.05, ""bestAsk"": 0.051}]"
898412,0xcd2640464754b9a894ffec98ac11554fdd507ea89ca01237eabb3a6de4a606e6,will-kimi-antonelli-be-the-2026-f1-drivers-champion,https://polymarket.com/event/will-kimi-antonelli-be-the-2026-f1-drivers-champion,https://embed.polymarket.com/market.html?market=will-kimi-antonelli-be-the-2026-f1-drivers-champion&features=volume&theme=light,Will Kimi Antonelli be the 2026 F1 Drivers' Champion?,sports,,"24h $11,835 • spread 0.001 • TTR 120.2d",3953883.68154,11835.81,-0.006,-0.8081,2026-12-06T00:00:00+00:00,120.205,1,0.001,-0.263,0.7365,0,"[{""name"": ""Top"", ""bestBid"": 0.736, ""bestAsk"": 0.737}]"
616911,0x4ec6fcb43fe1a32163c7da09d54a99ab9bf6abdc6fd49939d7ad67d696a3248b,will-9-fed-rate-cuts-happen-in-2026,https://polymarket.com/event/will-9-fed-rate-cuts-happen-in-2026,https://embed.polymarket.com/market.html?market=will-9-fed-rate-cuts-happen-in-2026&features=volume&theme=light,Will 9 Fed rate cuts happen in 2026?,rewards-200-4pt5-50,,"24h $26,504 • spread 0.001 • TTR 145.2d",4154525.611517999,26504.1,0.0,0.0,2026-12-31T00:00:00+00:00,145.205,1,0.001,-0.998,0.0015,0,"[{""name"": ""Top"", ""bestBid"": 0.001, ""bestAsk"": 0.002}]"
679037,0x2bf80d93be42dac6c1b03298b5ec329a4b9f87b689c7892d544d1029f3a0caf0,will-clmentine-autain-win-the-2027-french-presidential-election,https://polymarket.com/event/will-clmentine-autain-win-the-2027-french-presidential-election,https://embed.polymarket.com/market.html?market=will-clmentine-autain-win-the-2027-french-presidential-election&features=volume&theme=light,Will Clémentine Autain win the 2027 French presidential election?,french-election,,"24h $2,676 • spread 0.001 • TTR 265.2d",4753900.366528,2676.46,0.0,0.0,2027-04-30T00:00:00+00:00,265.205,1,0.001,-0.998,0.0015,0,"[{""name"": ""Top"", ""bestBid"": 0.001, ""bestAsk"": 0.002}]"
1105753,0x1198bf982483cc6f0a3d3de63d7703117ed19c5b5a9474541a2a3b6b0b5e51f3,will-dan-caine-be-the-leader-of-venezuela-end-of-2026,https://polymarket.com/event/will-dan-caine-be-the-leader-of-venezuela-end-of-2026,https://embed.polymarket.com/market.html?market=will-dan-caine-be-the-leader-of-venezuela-end-of-2026&features=volume&theme=light,Will Dan Caine be the leader of Venezuela end of 2026?,trump-machado,,TTR 145.2d,4113078.7750409995,,0.0,0.0,2026-12-31T00:00:00+00:00,145.205,1,,-0.999,,0,"[{""name"": ""Top"", ""bestBid"": null, ""bestAsk"": 0.001}]"
561261,0x61600d487069f99e775307a0655c1a79f26e4fc6d8d1ba66790c64d78d0beba2,will-jon-ossoff-win-the-2028-us-presidential-election,https://polymarket.com/event/will-jon-ossoff-win-the-2028-us-presidential-election,https://embed.polymarket.com/market.html?market=will-jon-ossoff-win-the-2028-us-presidential-election&features=volume&theme=light,Will Jon Ossoff win the 2028 US Presidential Election?,president,,"24h $2,985 • spread 0.001 • TTR 822.2d",5363320.776404,2985.43,-0.002,-2.0513,2028-11-07T00:00:00+00:00,822.205,1,0.001,-0.904,0.0955,0,"[{""name"": ""Top"", ""bestBid"": 0.095, ""bestAsk"": 0.096}]"
679048,0xa6c3848b7861841cc9d93a5c2c1d26b3f44e0298a49889968a627214a2b177ae,will-manuel-bompard-win-the-2027-french-presidential-election,https://polymarket.com/event/will-manuel-bompard-win-the-2027-french-presidential-election,https://embed.polymarket.com/market.html?market=will-manuel-bompard-win-the-2027-french-presidential-election&features=volume&theme=light,Will Manuel Bompard win the 2027 French presidential election?,french-election,,24h $412 • spread 0.001 • TTR 265.2d,4637907.201262999,412.29,0.0,0.0,2027-04-30T00:00:00+00:00,265.205,1,0.001,-0.998,0.0015,0,"[{""name"": ""Top"", ""bestBid"": 0.001, ""bestAsk"": 0.002}]"
898663,0x336ee35845099e7d11fa2edbe417ef7791507130689f0f71a35ecc7480807404,will-williams-be-the-2026-f1-constructors-champion,https://polymarket.com/event/will-williams-be-the-2026-f1-constructors-champion,https://embed.polymarket.com/market.html?market=will-williams-be-the-2026-f1-constructors-champion&features=volume&theme=light,Will Williams be the 2026 F1 Constructors' Champion?,formula1,,TTR 120.2d,3808173.692617894,,0.0,0.0,2026-12-06T00:00:00+00:00,120.205,1,,-0.999,,0,"[{""name"": ""Top"", ""bestBid"": null, ""bestAsk"": 0.001}]"
704475,0xd8b94a79241263ba30e9cd7f58e88bf2a9013ce2ccdce73606916b2f53033466,will-james-fishback-be-the-republican-nominee-for-florida-governor,https://polymarket.com/event/will-james-fishback-be-the-republican-nominee-for-florida-governor,https://embed.polymarket.com/market.html?market=will-james-fishback-be-the-republican-nominee-for-florida-governor&features=volume&theme=light,Will James Fishback be the Republican nominee for Florida Governor?,primary-elections,,"24h $86,300 • spread 0.002 • TTR 10.2d",1270935.685482,86300.15,-0.0005,-3.4483,2026-08-18T00:00:00+00:00,10.205,1,0.002,-0.985,0.014,0,"[{""name"": ""Top"", ""bestBid"": 0.013, ""bestAsk"": 0.015}]"
701502,0x024b68f77bfc019341ee3db8f57c103334e4b9430bba4746d8c94aafd8b36fee,will-bitcoin-dip-to-45000-by-december-31-2026-674-923-755-971-998-525-926-245-316-517-544-589-965-923-986-841-815-224-586-231-289-533-573,https://polymarket.com/event/will-bitcoin-dip-to-45000-by-december-31-2026-674-923-755-971-998-525-926-245-316-517-544-589-965-923-986-841-815-224-586-231-289-533-573,https://embed.polymarket.com/market.html?market=will-bitcoin-dip-to-45000-by-december-31-2026-674-923-755-971-998-525-926-245-316-517-544-589-965-923-986-841-815-224-586-231-289-533-573&features=volume&theme=light,"Will Bitcoin dip to $45,000 by December 31, 2026?",bitcoin,,24h $545 • spread 0.010 • TTR 146.4d,3992221.576895,545.21,0.0,0.0,2027-01-01T05:00:00+00:00,146.413,1,0.01,-0.77,0.225,0,"[{""name"": ""Top"", ""bestBid"": 0.22, ""bestAsk"": 0.23}]"
679046,0xcd050c1af02067e33e03861ff6f67c1c85def8bf4bd196256e6d2b178509533b,will-carole-delga-win-the-2027-french-presidential-election,https://polymarket.com/event/will-carole-delga-win-the-2027-french-presidential-election,https://embed.polymarket.com/market.html?market=will-carole-delga-win-the-2027-french-presidential-election&features=volume&theme=light,Will Carole Delga win the 2027 French presidential election?,french-election,,"24h $1,140 • spread 0.001 • TTR 265.2d",4558767.967386998,1140.81,0.0,0.0,2027-04-30T00:00:00+00:00,265.205,1,0.001,-0.998,0.0015,0,"[{""name"": ""Top"", ""bestBid"": 0.001, ""bestAsk"": 0.002}]"
679038,0x637a2423461f5b531fef314e1e14982b80819de217e32f4f96653caa8af2c47a,will-nicolas-dupont-aignan-win-the-2027-french-presidential-election,https://polymarket.com/event/will-nicolas-dupont-aignan-win-the-2027-french-presidential-election,https://embed.polymarket.com/market.html?market=will-nicolas-dupont-aignan-win-the-2027-french-presidential-election&features=volume&theme=light,Will Nicolas Dupont-Aignan win the 2027 French presidential election?,french-election,,24h $562 • spread 0.001 • TTR 265.2d,4544804.430843,562.11,0.0,0.0,2027-04-30T00:00:00+00:00,265.205,1,0.001,-0.998,0.0015,0,"[{""name"": ""Top"", ""bestBid"": 0.001, ""bestAsk"": 0.002}]"
898669,0x0bd8a57fe56926b10c34052d3d8581db3354b257b150e43301f4bb94913c2d85,will-cadillac-be-the-2026-f1-constructors-champion,https://polymarket.com/event/will-cadillac-be-the-2026-f1-constructors-champion,https://embed.polymarket.com/market.html?market=will-cadillac-be-the-2026-f1-constructors-champion&features=volume&theme=light,Will Cadillac be the 2026 F1 Constructors' Champion?,formula1,,TTR 120.2d,3708647.557052827,,0.0,0.0,2026-12-06T00:00:00+00:00,120.205,1,,-0.999,,0,"[{""name"": ""Top"", ""bestBid"": null, ""bestAsk"": 0.001}]"
2910437,0xa055e1cf533c2fcb1f1c89c20c41c8aa25526dcf27c3ff6be69c230fd8898282,us-announces-end-of-iranian-blockade-by-august-15-2026-20260713152715083-347-987-697-628-574-676,https://polymarket.com/event/us-announces-end-of-iranian-blockade-by-august-15-2026-20260713152715083-347-987-697-628-574-676,https://embed.polymarket.com/market.html?market=us-announces-end-of-iranian-blockade-by-august-15-2026-20260713152715083-347-987-697-628-574-676&features=volume&theme=light,"US announces end of Iranian blockade by August 15, 2026?",iran,,"24h $165,413 • spread 0.070 • TTR 8.2d",1149331.7193689994,165413.17,0.125,25.2525,2026-08-15T23:59:00+00:00,8.204,1,0.07,-0.33,0.635,0,"[{""name"": ""Top"", ""bestBid"": 0.6, ""bestAsk"": 0.67}]"
2952488,0x6acdc3316f0b43ca4fbc13623fc018e30f2fd20ae7b93bdc07c8193e99b0ac4d,israel-x-iran-ceasefire-continues-through-august-15-20260716224448969-246-815-987-693,https://polymarket.com/event/israel-x-iran-ceasefire-continues-through-august-15-20260716224448969-246-815-987-693,https://embed.polymarket.com/market.html?market=israel-x-iran-ceasefire-continues-through-august-15-20260716224448969-246-815-987-693&features=volume&theme=light,Israel x Iran ceasefire continues through August 15?,iran,,"24h $44,814 • spread 0.010 • TTR 8.2d",1142611.9214839984,44814.82,0.025,2.8736,2026-08-15T23:59:00+00:00,8.204,1,0.01,-0.1,0.895,0,"[{""name"": ""Top"", ""bestBid"": 0.89, ""bestAsk"": 0.9}]"
616908,0x4914bfdd892a48c341b5e0f41ec10475a815f2277273110b16f95e21084bfe75,will-6-fed-rate-cuts-happen-in-2026,https://polymarket.com/event/will-6-fed-rate-cuts-happen-in-2026,https://embed.polymarket.com/market.html?market=will-6-fed-rate-cuts-happen-in-2026&features=volume&theme=light,Will 6 Fed rate cuts happen in 2026?,rewards-200-4pt5-50,,"24h $34,044 • spread 0.001 • TTR 145.2d",3894147.906491999,34044.81,-0.0015,-37.5,2026-12-31T00:00:00+00:00,145.205,1,0.001,-0.997,0.0025,0,"[{""name"": ""Top"", ""bestBid"": 0.002, ""bestAsk"": 0.003}]"
2937526,0x833f0bac240ad7d5c947d58a8acac0f77a74cf03dccd8f9b72a28811836a920f,us-x-iran-effective-ceasfire-by-august-14-20260715194822046,https://polymarket.com/event/us-x-iran-effective-ceasfire-by-august-14-20260715194822046,https://embed.polymarket.com/market.html?market=us-x-iran-effective-ceasfire-by-august-14-20260715194822046&features=volume&theme=light,US x Iran Effective Ceasefire by August 14?,iran,,"24h $69,619 • spread 0.010 • TTR 7.2d",1093095.6703519975,69619.4,0.13,17.2185,2026-08-14T23:59:00+00:00,7.204,1,0.01,-0.11,0.885,0,"[{""name"": ""Top"", ""bestBid"": 0.88, ""bestAsk"": 0.89}]"
608547,0x12dc2b61723b2a54fc1947a307389b5f32038e7a29a0e936ad1fe410b969d06a,will-harry-kane-win-the-2026-ballon-dor,https://polymarket.com/event/will-harry-kane-win-the-2026-ballon-dor,https://embed.polymarket.com/market.html?market=will-harry-kane-win-the-2026-ballon-dor&features=volume&theme=light,Will Harry Kane win the 2026 Ballon d'Or?,soccer,,"24h $21,191 • spread 0.001 • TTR 84.2d • ~50% mid",3205716.124759999,21191.34,0.0,0.0,2026-10-31T00:00:00+00:00,84.205,1,0.001,-0.424,0.5755,1,"[{""name"": ""Top"", ""bestBid"": 0.575, ""bestAsk"": 0.576}]"
1535973,0x377e7fe65cf198a7fc4fdae3f2136b74729279267858daaf96718b23bc2a5607,iran-leadership-change-by-december-31-974-976-658-482-568-685-996-469-827,https://polymarket.com/event/iran-leadership-change-by-december-31-974-976-658-482-568-685-996-469-827,https://embed.polymarket.com/market.html?market=iran-leadership-change-by-december-31-974-976-658-482-568-685-996-469-827&features=volume&theme=light,Iran leadership change by December 31?,politics,,"24h $73,307 • spread 0.010 • TTR 145.2d",3834611.731320999,73307.34,0.05,30.303,2026-12-31T00:00:00+00:00,145.205,1,0.01,-0.78,0.215,0,"[{""name"": ""Top"", ""bestBid"": 0.21, ""bestAsk"": 0.22}]"
2252242,0x5e464d85eb49f22d876f3ed6168a7db5e2288e9ae1eb91effd2758e994676f86,will-the-fed-decrease-interest-rates-by-50-bps-after-the-september-2026-meeting-863,https://polymarket.com/event/will-the-fed-decrease-interest-rates-by-50-bps-after-the-september-2026-meeting-863,https://embed.polymarket.com/market.html?market=will-the-fed-decrease-interest-rates-by-50-bps-after-the-september-2026-meeting-863&features=volume&theme=light,Will the Fed decrease interest rates by 50+ bps after the September 2026 meeting?,fomc,,"24h $203,878 • spread 0.001 • TTR 39.2d",2260401.8543979996,203878.66,-0.001,-9.5238,2026-09-16T00:00:00+00:00,39.205,1,0.001,-0.99,0.0095,0,"[{""name"": ""Top"", ""bestBid"": 0.009, ""bestAsk"": 0.01}]"
2633428,0x659bff8b341ee3f74dfd82b1608bf37dff28501774f25dd48f93076621aa8f8a,us-iran-final-nuclear-deal-by-august-13-2026-20260621201255152,https://polymarket.com/event/us-iran-final-nuclear-deal-by-august-13-2026-20260621201255152,https://embed.polymarket.com/market.html?market=us-iran-final-nuclear-deal-by-august-13-2026-20260621201255152&features=volume&theme=light,"US-Iran Final Nuclear Deal by August 13, 2026?",iran,,"24h $34,490 • spread 0.001 • TTR 6.2d",1019889.1937439999,34490.66,-0.0015,-25.0,2026-08-13T23:59:00+00:00,6.204,1,0.001,-0.995,0.0045,0,"[{""name"": ""Top"", ""bestBid"": 0.004, ""bestAsk"": 0.005}]"
789953,0x8aaaca6ea5c037d3cdfe85272ab9029b7165694dcae8af0de5071f01a1a944f0,will-afd-win-the-most-seats-in-the-2026-berlin-state-elections,https://polymarket.com/event/will-afd-win-the-most-seats-in-the-2026-berlin-state-elections,https://embed.polymarket.com/market.html?market=will-afd-win-the-most-seats-in-the-2026-berlin-state-elections&features=volume&theme=light,Will AfD win the most seats in the 2026 Berlin state elections?,world-elections,,24h $360 • spread 0.005 • TTR 43.2d,2352597.981605,360.24,0.0025,1.462,2026-09-20T00:00:00+00:00,43.205,1,0.005,-0.824,0.1735,0,"[{""name"": ""Top"", ""bestBid"": 0.171, ""bestAsk"": 0.176}]"
2252246,0x2e4b58fc18dbffd74d5275d89fb076943f21992763c45dcadd81391b83bde13c,will-the-fed-increase-interest-rates-by-50-bps-after-the-september-2026-meeting-664,https://polymarket.com/event/will-the-fed-increase-interest-rates-by-50-bps-after-the-september-2026-meeting-664,https://embed.polymarket.com/market.html?market=will-the-fed-increase-interest-rates-by-50-bps-after-the-september-2026-meeting-664&features=volume&theme=light,Will the Fed increase interest rates by 50+ bps after the September 2026 meeting?,fomc,,"24h $371,572 • spread 0.001 • TTR 39.2d",2242081.350758,371572.74,-0.003,-28.5714,2026-09-16T00:00:00+00:00,39.205,1,0.001,-0.992,0.0075,0,"[{""name"": ""Top"", ""bestBid"": 0.007, ""bestAsk"": 0.008}]"
616914,0xffa0accb74987c0dc33a70eb3780c1da160206bcfb3ef5d16c1667bc5c459c78,will-12-or-more-fed-rate-cuts-happen-in-2026,https://polymarket.com/event/will-12-or-more-fed-rate-cuts-happen-in-2026,https://embed.polymarket.com/market.html?market=will-12-or-more-fed-rate-cuts-happen-in-2026&features=volume&theme=light,Will 12 or more Fed rate cuts happen in 2026?,rewards-200-4pt5-50,,"24h $32,779 • spread 0.001 • TTR 145.2d",3708724.43592,32779.99,0.0,0.0,2026-12-31T00:00:00+00:00,145.205,1,0.001,-0.997,0.0025,0,"[{""name"": ""Top"", ""bestBid"": 0.002, ""bestAsk"": 0.003}]"
1469743,0x821f357da390a32347e4df0c3fb0aa4a8eadf4af72730c8dc7a7f1ab58798a02,will-seyed-hossein-mousavian-be-head-of-state-in-iran-end-of-2026,https://polymarket.com/event/will-seyed-hossein-mousavian-be-head-of-state-in-iran-end-of-2026,https://embed.polymarket.com/market.html?market=will-seyed-hossein-mousavian-be-head-of-state-in-iran-end-of-2026&features=volume&theme=light,Will Seyed Hossein Mousavian be head of state in Iran end of 2026?,middle-east,,spread 0.001 • TTR 145.2d,3684508.7672150005,,0.0,0.0,2026-12-31T00:00:00+00:00,145.205,1,0.001,-0.998,0.0015,0,"[{""name"": ""Top"", ""bestBid"": 0.001, ""bestAsk"": 0.002}]"
3374356,0xc8c2d49665ab4bac36e685d801e733341b7e28cd2a17463864f218f0405c2b29,atp-grieksp-arnaldi-2026-08-07,https://polymarket.com/event/atp-grieksp-arnaldi-2026-08-07,https://embed.polymarket.com/market.html?market=atp-grieksp-arnaldi-2026-08-07&features=volume&theme=light,National Bank Open: Tallon Griekspoor vs Matteo Arnaldi,tennis,,"24h $1,012,552 • spread 0.001 • TTR 6.8d",1012872.9131579994,1012552.4,0.4245,73.8261,2026-08-14T14:00:00+00:00,6.788,1,0.001,0.0,0.9995,0,"[{""name"": ""Top"", ""bestBid"": 0.999, ""bestAsk"": 1.0}]"
898668,0xa6c8d7d0d25f27f1b6ecadd74be78256bf7c248d9d7c6fb9bc42d2059cfdca4f,will-alpine-be-the-2026-f1-constructors-champion,https://polymarket.com/event/will-alpine-be-the-2026-f1-constructors-champion,https://embed.polymarket.com/market.html?market=will-alpine-be-the-2026-f1-constructors-champion&features=volume&theme=light,Will Alpine be the 2026 F1 Constructors' Champion?,formula1,,TTR 120.2d,3349930.486012963,,0.0,0.0,2026-12-06T00:00:00+00:00,120.205,1,,-0.999,,0,"[{""name"": ""Top"", ""bestBid"": null, ""bestAsk"": 0.001}]"
898666,0x115401967f653200b41852811453cb5aac5052f339af0a63920fb84e6485f316,will-haas-be-the-2026-f1-constructors-champion,https://polymarket.com/event/will-haas-be-the-2026-f1-constructors-champion,https://embed.polymarket.com/market.html?market=will-haas-be-the-2026-f1-constructors-champion&features=volume&theme=light,Will Haas be the 2026 F1 Constructors' Champion?,formula1,,TTR 120.2d,3316067.244210928,,0.0,0.0,2026-12-06T00:00:00+00:00,120.205,1,,-0.999,,0,"[{""name"": ""Top"", ""bestBid"": null, ""bestAsk"": 0.001}]"
679053,0x1779552bade1ad85d35b2e5128136ea04602f26e2b67b7e1b6f9ec46ea8811d3,will-clmence-guett-win-the-2027-french-presidential-election,https://polymarket.com/event/will-clmence-guett-win-the-2027-french-presidential-election,https://embed.polymarket.com/market.html?market=will-clmence-guett-win-the-2027-french-presidential-election&features=volume&theme=light,Will Clémence Guetté win the 2027 French presidential election?,french-election,,"24h $2,447 • spread 0.001 • TTR 265.2d",3960670.7940649996,2447.21,0.0,0.0,2027-04-30T00:00:00+00:00,265.205,1,0.001,-0.998,0.0015,0,"[{""name"": ""Top"", ""bestBid"": 0.001, ""bestAsk"": 0.002}]"
898667,0x523f29f4370b912f8434eba7726b7dd2e463f252cd14c2b97a2c7f256f0921a6,will-audi-be-the-2026-f1-constructors-champion,https://polymarket.com/event/will-audi-be-the-2026-f1-constructors-champion,https://embed.polymarket.com/market.html?market=will-audi-be-the-2026-f1-constructors-champion&features=volume&theme=light,Will Audi be the 2026 F1 Constructors' Champion?,formula1,,TTR 120.2d,3245193.016027,,0.0,0.0,2026-12-06T00:00:00+00:00,120.205,1,,-0.999,,0,"[{""name"": ""Top"", ""bestBid"": null, ""bestAsk"": 0.001}]"
1357400,0x2abc2ca23b04c1d8e170b33f1de93937eec740bf5b3e9309e250f3562f1a166b,will-the-tampa-bay-buccaneers-win-the-2027-nfl-league-championship,https://polymarket.com/event/will-the-tampa-bay-buccaneers-win-the-2027-nfl-league-championship,https://embed.polymarket.com/market.html?market=will-the-tampa-bay-buccaneers-win-the-2027-nfl-league-championship&features=volume&theme=light,Will the Tampa Bay Buccaneers win the 2027 NFL league championship?,sports,,24h $290 • spread 0.001 • TTR 236.2d,3861801.8824769994,290.11,0.0,0.0,2027-03-31T23:55:00+00:00,236.202,1,0.001,-0.987,0.0125,0,"[{""name"": ""Top"", ""bestBid"": 0.012, ""bestAsk"": 0.013}]"
898664,0xc031351cea755544a76be09c2e884554c04eeea7fc172fb9de2caac4b92fc854,will-racing-bulls-be-the-2026-f1-constructors-champion,https://polymarket.com/event/will-racing-bulls-be-the-2026-f1-constructors-champion,https://embed.polymarket.com/market.html?market=will-racing-bulls-be-the-2026-f1-constructors-champion&features=volume&theme=light,Will Racing Bulls be the 2026 F1 Constructors' Champion?,formula1,,TTR 120.2d,3242273.1482750005,,0.0,0.0,2026-12-06T00:00:00+00:00,120.205,1,,-0.999,,0,"[{""name"": ""Top"", ""bestBid"": null, ""bestAsk"": 0.001}]"
898665,0x4d7eeb6b14f64cc6b847a5fea348e78f54a7ebbbf3a8e0df2141c916cc4ee3d3,will-aston-martin-be-the-2026-f1-constructors-champion,https://polymarket.com/event/will-aston-martin-be-the-2026-f1-constructors-champion,https://embed.polymarket.com/market.html?market=will-aston-martin-be-the-2026-f1-constructors-champion&features=volume&theme=light,Will Aston Martin be the 2026 F1 Constructors' Champion?,formula1,,"24h $5,765 • spread 0.001 • TTR 120.2d",3230557.436287,5765.09,0.0,0.0,2026-12-06T00:00:00+00:00,120.205,1,0.001,-0.998,0.0015,0,"[{""name"": ""Top"", ""bestBid"": 0.001, ""bestAsk"": 0.002}]"
679032,0x6ad63235931f80951a48f2338956dea7bb70c97f99a7bd03f5f501d6e4673842,will-fabien-roussel-win-the-2027-french-presidential-election,https://polymarket.com/event/will-fabien-roussel-win-the-2027-french-presidential-election,https://embed.polymarket.com/market.html?market=will-fabien-roussel-win-the-2027-french-presidential-election&features=volume&theme=light,Will Fabien Roussel win the 2027 French presidential election?,french-election,,24h $127 • spread 0.001 • TTR 265.2d,3916091.6360080014,127.48,0.0,0.0,2027-04-30T00:00:00+00:00,265.205,1,0.001,-0.998,0.0015,0,"[{""name"": ""Top"", ""bestBid"": 0.001, ""bestAsk"": 0.002}]"
679040,0x2859bb44f6c8feac18494db286c2a8b55d9e7394a8366bc8c58cfde353e41c90,will-valrie-pcresse-win-the-2027-french-presidential-election,https://polymarket.com/event/will-valrie-pcresse-win-the-2027-french-presidential-election,https://embed.polymarket.com/market.html?market=will-valrie-pcresse-win-the-2027-french-presidential-election&features=volume&theme=light,Will Valérie Pécresse win the 2027 French presidential election?,french-election,,24h $41 • spread 0.001 • TTR 265.2d,3903683.9732620004,41.41,0.0,0.0,2027-04-30T00:00:00+00:00,265.205,1,0.001,-0.998,0.0015,0,"[{""name"": ""Top"", ""bestBid"": 0.001, ""bestAsk"": 0.002}]"
1469749,0xaa53ce562be767321e2f0cba9f7b3207fde7d2204dbb7f9b5d804996eba7de7c,will-mostafa-pourmohammadi-be-head-of-state-in-iran-end-of-2026,https://polymarket.com/event/will-mostafa-pourmohammadi-be-head-of-state-in-iran-end-of-2026,https://embed.polymarket.com/market.html?market=will-mostafa-pourmohammadi-be-head-of-state-in-iran-end-of-2026&features=volume&theme=light,Will Mostafa Pourmohammadi be head of state in Iran end of 2026?,middle-east,,24h $90 • spread 0.001 • TTR 145.2d,3342278.8934549987,90.0,0.0,0.0,2026-12-31T00:00:00+00:00,145.205,1,0.001,-0.998,0.0015,0,"[{""name"": ""Top"", ""bestBid"": 0.001, ""bestAsk"": 0.002}]"
601834,0x919c9bc428d2d19400437852066582b11bb7b00ad78529a0069cde76766b9faf,will-helder-barbalho-win-the-2026-brazilian-presidential-election,https://polymarket.com/event/will-helder-barbalho-win-the-2026-brazilian-presidential-election,https://embed.polymarket.com/market.html?market=will-helder-barbalho-win-the-2026-brazilian-presidential-election&features=volume&theme=light,Will Helder Barbalho win the 2026 Brazilian presidential election?,politics,,24h $1 • TTR 57.2d,2346604.6568820006,1.1,0.0,0.0,2026-10-04T00:00:00+00:00,57.205,1,,-0.999,,0,"[{""name"": ""Top"", ""bestBid"": null, ""bestAsk"": 0.001}]"
1357375,0x1dd5f687b0f7aaa76ac2d2f2ea328ed825902e835a44cb4fa22f6c89848c26fb,will-the-carolina-panthers-win-the-2027-nfl-league-championship,https://polymarket.com/event/will-the-carolina-panthers-win-the-2027-nfl-league-championship,https://embed.polymarket.com/market.html?market=will-the-carolina-panthers-win-the-2027-nfl-league-championship&features=volume&theme=light,Will the Carolina Panthers win the 2027 NFL league championship?,sports,,"24h $9,210 • spread 0.001 • TTR 236.2d",3691454.414271,9210.43,0.0,0.0,2027-03-31T23:55:00+00:00,236.202,1,0.001,-0.992,0.0075,0,"[{""name"": ""Top"", ""bestBid"": 0.007, ""bestAsk"": 0.008}]"
1107878,0x80ebf0a88a44bf737d4047b3accd7108285c69b84257e5c684bdc4c715c81139,will-the-us-invade-cuba-in-2026,https://polymarket.com/event/will-the-us-invade-cuba-in-2026,https://embed.polymarket.com/market.html?market=will-the-us-invade-cuba-in-2026&features=volume&theme=light,Will the U.S. invade Cuba in 2026?,cuba,,24h $989 • spread 0.010 • TTR 145.2d,3230254.6419510003,989.65,0.01,11.7647,2026-12-31T00:00:00+00:00,145.205,1,0.01,-0.9,0.095,0,"[{""name"": ""Top"", ""bestBid"": 0.09, ""bestAsk"": 0.1}]"
