id,conditionId,slug,url,embedSrc,question,category,eventId,why,volume,volume24h,momentumDelta24h,momentumPct24h,endDateISO,timeToResolveDays,outcomeCount,avgSpread,underround,binaryMidYes,near50Flag,bestQuotesJSON
2176262,0xb8e6d129a06d0ccb21d7b32eb529ea455eddba3cf29bfa097112202cbdf5bf21,strait-of-hormuz-traffic-returns-to-normal-by-july-31,https://polymarket.com/event/strait-of-hormuz-traffic-returns-to-normal-by-july-31,https://embed.polymarket.com/market.html?market=strait-of-hormuz-traffic-returns-to-normal-by-july-31&features=volume&theme=light,Strait of Hormuz traffic returns to normal by July 31?,politics,,"24h $550,088 • spread 0.001 • TTR 0.9d",22831852.755138,550088.48,-0.002,-57.1429,2026-07-31T00:00:00+00:00,0.885,1,0.001,-0.998,0.0015,0,"[{""name"": ""Top"", ""bestBid"": 0.001, ""bestAsk"": 0.002}]"
703258,0x0b4cc3b739e1dfe5d73274740e7308b6fb389c5af040c3a174923d928d134bee,will-jesus-christ-return-before-2027,https://polymarket.com/event/will-jesus-christ-return-before-2027,https://embed.polymarket.com/market.html?market=will-jesus-christ-return-before-2027&features=volume&theme=light,Will Jesus Christ return before 2027?,parent-for-derivative,,"24h $1,930 • spread 0.001 • TTR 153.9d",64846689.4388189,1930.78,0.0,0.0,2026-12-31T00:00:00+00:00,153.885,1,0.001,-0.98,0.0195,0,"[{""name"": ""Top"", ""bestBid"": 0.019, ""bestAsk"": 0.02}]"
540819,0x32b09f6390252b37d674501527e709016d55581b2c1e544bd4b8167f5f732f4c,will-jesus-christ-return-before-gta-vi-665,https://polymarket.com/event/will-jesus-christ-return-before-gta-vi-665,https://embed.polymarket.com/market.html?market=will-jesus-christ-return-before-gta-vi-665&features=volume&theme=light,Will Jesus Christ return before GTA VI?,pop-culture,,"24h $8,839 • spread 0.010 • TTR 1.4d • ~50% mid",11899367.846476033,8839.57,0.0,0.0,2026-07-31T12:00:00+00:00,1.385,1,0.01,-0.5,0.495,1,"[{""name"": ""Top"", ""bestBid"": 0.49, ""bestAsk"": 0.5}]"
665374,0x5db999fad322cea2914535aae5517060c3f80ad6d8c0231cde2124a434d16846,will-the-us-invade-iran-before-2027,https://polymarket.com/event/will-the-us-invade-iran-before-2027,https://embed.polymarket.com/market.html?market=will-the-us-invade-iran-before-2027&features=volume&theme=light,Will the U.S. invade Iran before 2027?,military-strikes,,"24h $1,070,898 • spread 0.010 • TTR 153.9d",50074476.833986,1070898.69,0.03,12.766,2026-12-31T00:00:00+00:00,153.885,1,0.01,-0.73,0.265,0,"[{""name"": ""Top"", ""bestBid"": 0.26, ""bestAsk"": 0.27}]"
561251,0x836b850fc838195374862551a36f1c8691d96ff01e58b0a071f0fc1a0e357fb1,will-lebron-james-win-the-2028-us-presidential-election,https://polymarket.com/event/will-lebron-james-win-the-2028-us-presidential-election,https://embed.polymarket.com/market.html?market=will-lebron-james-win-the-2028-us-presidential-election&features=volume&theme=light,Will LeBron James win the 2028 US Presidential Election?,president,,"24h $5,043 • spread 0.001 • TTR 830.9d",54450697.14610801,5043.6,0.0,0.0,2028-11-07T00:00:00+00:00,830.885,1,0.001,-0.998,0.0015,0,"[{""name"": ""Top"", ""bestBid"": 0.001, ""bestAsk"": 0.002}]"
559687,0xe06a7e94cf2fa8dc2085b7610fe16e9be1cde6654f34d365c13da1149b276c61,will-oprah-winfrey-win-the-2028-democratic-presidential-nomination,https://polymarket.com/event/will-oprah-winfrey-win-the-2028-democratic-presidential-nomination,https://embed.polymarket.com/market.html?market=will-oprah-winfrey-win-the-2028-democratic-presidential-nomination&features=volume&theme=light,Will Oprah Winfrey win the 2028 Democratic presidential nomination?,united-states,,"24h $1,079 • spread 0.001 • TTR 830.9d",54176021.82862,1079.59,0.0,0.0,2028-11-07T00:00:00+00:00,830.885,1,0.001,-0.995,0.0045,0,"[{""name"": ""Top"", ""bestBid"": 0.004, ""bestAsk"": 0.005}]"
559679,0x30cfb887558b20373a984da60c372fe5a90c0296aa6d8bb413a8aa7543846da2,will-bernie-sanders-win-the-2028-democratic-presidential-nomination-879,https://polymarket.com/event/will-bernie-sanders-win-the-2028-democratic-presidential-nomination-879,https://embed.polymarket.com/market.html?market=will-bernie-sanders-win-the-2028-democratic-presidential-nomination-879&features=volume&theme=light,Will Bernie Sanders win the 2028 Democratic presidential nomination?,united-states,,"24h $1,410 • spread 0.001 • TTR 830.9d",52563679.003561996,1410.42,0.0,0.0,2028-11-07T00:00:00+00:00,830.885,1,0.001,-0.993,0.0065,0,"[{""name"": ""Top"", ""bestBid"": 0.006, ""bestAsk"": 0.007}]"
567621,0xd9fb1184af0064e5e34b129f5b79afa5a17b7e32f2953ab05efed82315fee6d4,will-china-invade-taiwan-before-2027,https://polymarket.com/event/will-china-invade-taiwan-before-2027,https://embed.polymarket.com/market.html?market=will-china-invade-taiwan-before-2027&features=volume&theme=light,Will China invade Taiwan by end of 2026?,politics,,"24h $29,831 • spread 0.001 • TTR 153.9d",39219469.23762199,29831.18,0.001,2.6667,2026-12-31T00:00:00+00:00,153.885,1,0.001,-0.961,0.0385,0,"[{""name"": ""Top"", ""bestBid"": 0.038, ""bestAsk"": 0.039}]"
559684,0xf2e51acfbb6d0414dc2ace81b7dc2af7c165e443dcb91f6caa7aab6d6ab4f06d,will-chelsea-clinton-win-the-2028-democratic-presidential-nomination,https://polymarket.com/event/will-chelsea-clinton-win-the-2028-democratic-presidential-nomination,https://embed.polymarket.com/market.html?market=will-chelsea-clinton-win-the-2028-democratic-presidential-nomination&features=volume&theme=light,Will Chelsea Clinton win the 2028 Democratic presidential nomination?,united-states,,"24h $1,200 • spread 0.001 • TTR 830.9d",50126297.15461297,1200.41,0.0,0.0,2028-11-07T00:00:00+00:00,830.885,1,0.001,-0.991,0.0085,0,"[{""name"": ""Top"", ""bestBid"": 0.008, ""bestAsk"": 0.009}]"
559688,0x450810ae738a0ff820d3248f2b24937f63fb8c8cf422ed2a915125adb4d9d3c8,will-andrew-yang-win-the-2028-democratic-presidential-nomination,https://polymarket.com/event/will-andrew-yang-win-the-2028-democratic-presidential-nomination,https://embed.polymarket.com/market.html?market=will-andrew-yang-win-the-2028-democratic-presidential-nomination&features=volume&theme=light,Will Andrew Yang win the 2028 Democratic presidential nomination?,united-states,,"24h $1,242 • spread 0.001 • TTR 830.9d",48398202.779883,1242.33,0.0,0.0,2028-11-07T00:00:00+00:00,830.885,1,0.001,-0.997,0.0025,0,"[{""name"": ""Top"", ""bestBid"": 0.002, ""bestAsk"": 0.003}]"
703257,0x747dc809fb79e1b05be09c42d6179459a58de2ef3e40f02484a4e1260f741f75,will-the-us-confirm-that-aliens-exist-before-2027-789-924-249,https://polymarket.com/event/will-the-us-confirm-that-aliens-exist-before-2027-789-924-249,https://embed.polymarket.com/market.html?market=will-the-us-confirm-that-aliens-exist-before-2027-789-924-249&features=volume&theme=light,Will the US confirm that aliens exist before 2027?,aliens,,"24h $2,861 • spread 0.010 • TTR 153.9d",36298757.668244004,2861.21,0.0,0.0,2026-12-31T00:00:00+00:00,153.885,1,0.01,-0.94,0.055,0,"[{""name"": ""Top"", ""bestBid"": 0.05, ""bestAsk"": 0.06}]"
997488,0xd595eb9b81885ff018738300c79047e3ec89e87294424f57a29a7fa9162bf116,will-trump-acquire-greenland-before-2027,https://polymarket.com/event/will-trump-acquire-greenland-before-2027,https://embed.polymarket.com/market.html?market=will-trump-acquire-greenland-before-2027&features=volume&theme=light,Will Trump acquire Greenland before 2027?,davos,,"24h $7,645 • spread 0.002 • TTR 153.9d",35129272.21682111,7645.9,0.0,0.0,2026-12-31T00:00:00+00:00,153.885,1,0.002,-0.955,0.044,0,"[{""name"": ""Top"", ""bestBid"": 0.043, ""bestAsk"": 0.045}]"
561986,0xd1747284d6048b2a3dcfbee489db405f36de18f9590197dd0e5c9f0c246bf050,will-byron-donalds-win-the-2028-republican-presidential-nomination,https://polymarket.com/event/will-byron-donalds-win-the-2028-republican-presidential-nomination,https://embed.polymarket.com/market.html?market=will-byron-donalds-win-the-2028-republican-presidential-nomination&features=volume&theme=light,Will Byron Donalds win the 2028 Republican presidential nomination?,united-states,,"24h $1,357 • spread 0.001 • TTR 830.9d",44359589.640329026,1357.52,0.0,0.0,2028-11-07T00:00:00+00:00,830.885,1,0.001,-0.993,0.0065,0,"[{""name"": ""Top"", ""bestBid"": 0.006, ""bestAsk"": 0.007}]"
561247,0xae70ab9bf1c3726fe430a2ba8b517697ae24e0f0ab554b876a5b521153068882,will-tim-walz-win-the-2028-us-presidential-election,https://polymarket.com/event/will-tim-walz-win-the-2028-us-presidential-election,https://embed.polymarket.com/market.html?market=will-tim-walz-win-the-2028-us-presidential-election&features=volume&theme=light,Will Tim Walz win the 2028 US Presidential Election?,president,,"24h $2,216 • spread 0.001 • TTR 830.9d",44329898.129634015,2216.67,0.0,0.0,2028-11-07T00:00:00+00:00,830.885,1,0.001,-0.998,0.0015,0,"[{""name"": ""Top"", ""bestBid"": 0.001, ""bestAsk"": 0.002}]"
559682,0x1945a8b23e313ed7423b6b6fd556f9ab5578900376b565a61dc480a5f4f35d21,will-person-a-win-the-2028-democratic-presidential-nomination,https://polymarket.com/event/will-person-a-win-the-2028-democratic-presidential-nomination,https://embed.polymarket.com/market.html?market=will-person-a-win-the-2028-democratic-presidential-nomination&features=volume&theme=light,Will Hunter Biden win the 2028 Democratic presidential nomination?,united-states,,"24h $2,103 • spread 0.001 • TTR 830.9d",43858008.53899501,2103.05,0.0,0.0,2028-11-07T00:00:00+00:00,830.885,1,0.001,-0.994,0.0055,0,"[{""name"": ""Top"", ""bestBid"": 0.005, ""bestAsk"": 0.006}]"
559681,0x8b203037c7c0e21b500314f8398d2a8ea294b7ce1f4f9185f426425a3505bc45,will-lebron-james-win-the-2028-democratic-presidential-nomination,https://polymarket.com/event/will-lebron-james-win-the-2028-democratic-presidential-nomination,https://embed.polymarket.com/market.html?market=will-lebron-james-win-the-2028-democratic-presidential-nomination&features=volume&theme=light,Will LeBron James win the 2028 Democratic presidential nomination?,united-states,,"24h $61,372 • spread 0.001 • TTR 830.9d",43796826.82666996,61372.38,-0.002,-44.4444,2028-11-07T00:00:00+00:00,830.885,1,0.001,-0.997,0.0025,0,"[{""name"": ""Top"", ""bestBid"": 0.002, ""bestAsk"": 0.003}]"
559677,0x663b88d3a8f2341bb8d878709dc78632bcaf7512e577bd15521e5d8ed933efbc,will-hillary-clinton-win-the-2028-democratic-presidential-nomination,https://polymarket.com/event/will-hillary-clinton-win-the-2028-democratic-presidential-nomination,https://embed.polymarket.com/market.html?market=will-hillary-clinton-win-the-2028-democratic-presidential-nomination&features=volume&theme=light,Will Hillary Clinton win the 2028 Democratic presidential nomination?,united-states,,24h $836 • spread 0.001 • TTR 830.9d,43459986.754505,836.68,0.0,0.0,2028-11-07T00:00:00+00:00,830.885,1,0.001,-0.996,0.0035,0,"[{""name"": ""Top"", ""bestBid"": 0.003, ""bestAsk"": 0.004}]"
561995,0x41c6341dd79903aca4bb0c29f5a7976946c3774d2fd72f38cbb7de7092144520,will-mike-pence-win-the-2028-republican-presidential-nomination,https://polymarket.com/event/will-mike-pence-win-the-2028-republican-presidential-nomination,https://embed.polymarket.com/market.html?market=will-mike-pence-win-the-2028-republican-presidential-nomination&features=volume&theme=light,Will Mike Pence win the 2028 Republican presidential nomination?,united-states,,"24h $1,356 • spread 0.001 • TTR 830.9d",43125262.21013799,1356.23,0.0,0.0,2028-11-07T00:00:00+00:00,830.885,1,0.001,-0.996,0.0035,0,"[{""name"": ""Top"", ""bestBid"": 0.003, ""bestAsk"": 0.004}]"
559683,0x822e61527476cabf98927e3aad385c5ecdae7086f945535f2c1fd9ae8dbfa46e,will-george-clooney-win-the-2028-democratic-presidential-nomination,https://polymarket.com/event/will-george-clooney-win-the-2028-democratic-presidential-nomination,https://embed.polymarket.com/market.html?market=will-george-clooney-win-the-2028-democratic-presidential-nomination&features=volume&theme=light,Will George Clooney win the 2028 Democratic presidential nomination?,united-states,,"24h $1,020 • spread 0.001 • TTR 830.9d",42875799.88004001,1020.85,0.0,0.0,2028-11-07T00:00:00+00:00,830.885,1,0.001,-0.996,0.0035,0,"[{""name"": ""Top"", ""bestBid"": 0.003, ""bestAsk"": 0.004}]"
559666,0x3265b10daeb30dbcc3214bd02e488551d0a5d3028392f4152e4750b943fbfc91,will-tim-walz-win-the-2028-democratic-presidential-nomination-475,https://polymarket.com/event/will-tim-walz-win-the-2028-democratic-presidential-nomination-475,https://embed.polymarket.com/market.html?market=will-tim-walz-win-the-2028-democratic-presidential-nomination-475&features=volume&theme=light,Will Tim Walz win the 2028 Democratic presidential nomination?,united-states,,"24h $1,073 • spread 0.001 • TTR 830.9d",42708948.83076203,1073.99,0.0,0.0,2028-11-07T00:00:00+00:00,830.885,1,0.001,-0.997,0.0025,0,"[{""name"": ""Top"", ""bestBid"": 0.002, ""bestAsk"": 0.003}]"
559689,0x8ecd1d15e521b7d1020ad5596cc981c8764e9dcfbc3648f582e1a5138aee7185,will-beto-orourke-win-the-2028-democratic-presidential-nomination,https://polymarket.com/event/will-beto-orourke-win-the-2028-democratic-presidential-nomination,https://embed.polymarket.com/market.html?market=will-beto-orourke-win-the-2028-democratic-presidential-nomination&features=volume&theme=light,Will Beto O’Rourke win the 2028 Democratic presidential nomination?,united-states,,24h $927 • spread 0.001 • TTR 830.9d,42538966.830164984,927.07,0.0,0.0,2028-11-07T00:00:00+00:00,830.885,1,0.001,-0.996,0.0035,0,"[{""name"": ""Top"", ""bestBid"": 0.003, ""bestAsk"": 0.004}]"
559690,0x0f8ef3cc906ba7ba94a44724738df44bdd5f73e59e40c9c8b4ff8569e349643c,will-kim-kardashian-win-the-2028-democratic-presidential-nomination,https://polymarket.com/event/will-kim-kardashian-win-the-2028-democratic-presidential-nomination,https://embed.polymarket.com/market.html?market=will-kim-kardashian-win-the-2028-democratic-presidential-nomination&features=volume&theme=light,Will Kim Kardashian win the 2028 Democratic presidential nomination?,united-states,,"24h $3,411 • spread 0.001 • TTR 830.9d",42269743.485505,3411.3,0.0,0.0,2028-11-07T00:00:00+00:00,830.885,1,0.001,-0.997,0.0025,0,"[{""name"": ""Top"", ""bestBid"": 0.002, ""bestAsk"": 0.003}]"
1105754,0x831493dce463d9adcad78c492f2cbec6ecdac31f4e8c5a894fdac68c130549d4,will-richard-grenell-be-the-leader-of-venezuela-end-of-2026,https://polymarket.com/event/will-richard-grenell-be-the-leader-of-venezuela-end-of-2026,https://embed.polymarket.com/market.html?market=will-richard-grenell-be-the-leader-of-venezuela-end-of-2026&features=volume&theme=light,Will Richard Grenell be the leader of Venezuela end of 2026?,trump-machado,,TTR 153.9d,32516927.058845375,,0.0,0.0,2026-12-31T00:00:00+00:00,153.885,1,,-0.999,,0,"[{""name"": ""Top"", ""bestBid"": null, ""bestAsk"": 0.001}]"
559680,0x29283b56d3eec6d1d89fff51793d9d2e01579d2379b1d3e9ebda175d3561e809,will-phil-murphy-win-the-2028-democratic-presidential-nomination-611,https://polymarket.com/event/will-phil-murphy-win-the-2028-democratic-presidential-nomination-611,https://embed.polymarket.com/market.html?market=will-phil-murphy-win-the-2028-democratic-presidential-nomination-611&features=volume&theme=light,Will Phil Murphy win the 2028 Democratic presidential nomination?,united-states,,"24h $1,933 • spread 0.001 • TTR 830.9d",41973680.172214076,1933.99,0.0,0.0,2028-11-07T00:00:00+00:00,830.885,1,0.001,-0.996,0.0035,0,"[{""name"": ""Top"", ""bestBid"": 0.003, ""bestAsk"": 0.004}]"
559685,0xc44edcfdedb422bae8ff1803e2178d1ee025fc41efd81400ccbede709e018841,will-mrbeast-win-the-2028-democratic-presidential-nomination,https://polymarket.com/event/will-mrbeast-win-the-2028-democratic-presidential-nomination,https://embed.polymarket.com/market.html?market=will-mrbeast-win-the-2028-democratic-presidential-nomination&features=volume&theme=light,Will MrBeast win the 2028 Democratic presidential nomination?,united-states,,"24h $2,489 • spread 0.001 • TTR 830.9d",40292836.82461803,2489.77,0.0,0.0,2028-11-07T00:00:00+00:00,830.885,1,0.001,-0.997,0.0025,0,"[{""name"": ""Top"", ""bestBid"": 0.002, ""bestAsk"": 0.003}]"
561254,0x7f695758278e6d4d9e63df862afa88d664d3402a3d26e4d32ae05121cdbddba6,will-kim-kardashian-win-the-2028-us-presidential-election,https://polymarket.com/event/will-kim-kardashian-win-the-2028-us-presidential-election,https://embed.polymarket.com/market.html?market=will-kim-kardashian-win-the-2028-us-presidential-election&features=volume&theme=light,Will Kim Kardashian win the 2028 US Presidential Election?,president,,"24h $1,758 • spread 0.001 • TTR 830.9d",39703897.09411598,1758.79,0.0,0.0,2028-11-07T00:00:00+00:00,830.885,1,0.001,-0.997,0.0025,0,"[{""name"": ""Top"", ""bestBid"": 0.002, ""bestAsk"": 0.003}]"
559671,0x3535fb2f4aef6619dde8b367cb5e5d209526bb496d5d9778428c58a0252435e3,will-zohran-mamdani-win-the-2028-democratic-presidential-nomination-445,https://polymarket.com/event/will-zohran-mamdani-win-the-2028-democratic-presidential-nomination-445,https://embed.polymarket.com/market.html?market=will-zohran-mamdani-win-the-2028-democratic-presidential-nomination-445&features=volume&theme=light,Will Zohran Mamdani win the 2028 Democratic presidential nomination?,united-states,,"24h $2,822 • spread 0.001 • TTR 830.9d",38540829.42343409,2822.79,0.0,0.0,2028-11-07T00:00:00+00:00,830.885,1,0.001,-0.995,0.0045,0,"[{""name"": ""Top"", ""bestBid"": 0.004, ""bestAsk"": 0.005}]"
559678,0x46dbd48d6bde5b81edb480e0f676a2cdda6c6b592c4d86a9367c7ad5a9870195,will-liz-cheney-win-the-2028-democratic-presidential-nomination-551,https://polymarket.com/event/will-liz-cheney-win-the-2028-democratic-presidential-nomination-551,https://embed.polymarket.com/market.html?market=will-liz-cheney-win-the-2028-democratic-presidential-nomination-551&features=volume&theme=light,Will Liz Cheney win the 2028 Democratic presidential nomination?,united-states,,"24h $5,759 • spread 0.002 • TTR 830.9d",38287188.848658994,5759.39,0.0005,20.0,2028-11-07T00:00:00+00:00,830.885,1,0.002,-0.996,0.003,0,"[{""name"": ""Top"", ""bestBid"": 0.002, ""bestAsk"": 0.004}]"
561248,0x64396449b471b10b006285fa49dd9a5df535694de7b4c703fdeb0d88d5c4cd33,will-vivek-ramaswamy-win-the-2028-us-presidential-election,https://polymarket.com/event/will-vivek-ramaswamy-win-the-2028-us-presidential-election,https://embed.polymarket.com/market.html?market=will-vivek-ramaswamy-win-the-2028-us-presidential-election&features=volume&theme=light,Will Vivek Ramaswamy win the 2028 US Presidential Election?,president,,"24h $9,352 • spread 0.001 • TTR 830.9d",37435356.73352797,9352.25,0.0,0.0,2028-11-07T00:00:00+00:00,830.885,1,0.001,-0.996,0.0035,0,"[{""name"": ""Top"", ""bestBid"": 0.003, ""bestAsk"": 0.004}]"
559692,0x3cd6e52603d80ddbbdac9b1a4d43f9b7faa6aae4fae4d0fdfad3bd58454da7d3,will-jasmine-crockett-win-the-2028-democratic-presidential-nomination,https://polymarket.com/event/will-jasmine-crockett-win-the-2028-democratic-presidential-nomination,https://embed.polymarket.com/market.html?market=will-jasmine-crockett-win-the-2028-democratic-presidential-nomination&features=volume&theme=light,Will Jasmine Crockett win the 2028 Democratic presidential nomination?,united-states,,"24h $127,978 • spread 0.001 • TTR 830.9d",36194930.72724101,127978.85,-0.001,-18.1818,2028-11-07T00:00:00+00:00,830.885,1,0.001,-0.995,0.0045,0,"[{""name"": ""Top"", ""bestBid"": 0.004, ""bestAsk"": 0.005}]"
561994,0x5f1b1caf70eb994bfff2986727a05a3ac9f7ec8b0da4017f7732596d023e5a07,will-kristi-noem-win-the-2028-republican-presidential-nomination,https://polymarket.com/event/will-kristi-noem-win-the-2028-republican-presidential-nomination,https://embed.polymarket.com/market.html?market=will-kristi-noem-win-the-2028-republican-presidential-nomination&features=volume&theme=light,Will Kristi Noem win the 2028 Republican presidential nomination?,united-states,,24h $168 • spread 0.001 • TTR 830.9d,36071061.108766,168.12,0.0,0.0,2028-11-07T00:00:00+00:00,830.885,1,0.001,-0.997,0.0025,0,"[{""name"": ""Top"", ""bestBid"": 0.002, ""bestAsk"": 0.003}]"
561993,0x7190eccbd0677d5d0ae8cdf598b37e945a346915c666dda11468dc9970657a56,will-john-thune-win-the-2028-republican-presidential-nomination,https://polymarket.com/event/will-john-thune-win-the-2028-republican-presidential-nomination,https://embed.polymarket.com/market.html?market=will-john-thune-win-the-2028-republican-presidential-nomination&features=volume&theme=light,Will John Thune win the 2028 Republican presidential nomination?,united-states,,"24h $3,399 • spread 0.001 • TTR 830.9d",35884577.389836006,3399.1,0.0,0.0,2028-11-07T00:00:00+00:00,830.885,1,0.001,-0.997,0.0025,0,"[{""name"": ""Top"", ""bestBid"": 0.002, ""bestAsk"": 0.003}]"
559670,0xcb239105ed21a2420ba4d85090b9bc32755c56601ffdc528afd17fd6282fe930,will-gina-raimondo-win-the-2028-democratic-presidential-nomination-676,https://polymarket.com/event/will-gina-raimondo-win-the-2028-democratic-presidential-nomination-676,https://embed.polymarket.com/market.html?market=will-gina-raimondo-win-the-2028-democratic-presidential-nomination-676&features=volume&theme=light,Will Gina Raimondo win the 2028 Democratic presidential nomination?,united-states,,"24h $17,601 • spread 0.001 • TTR 830.9d",35538025.57065099,17601.85,0.0,0.0,2028-11-07T00:00:00+00:00,830.885,1,0.001,-0.996,0.0035,0,"[{""name"": ""Top"", ""bestBid"": 0.003, ""bestAsk"": 0.004}]"
561249,0x01dffa7abae7e5d9b7fb44b06d537c5ac932e2ca422ab4b53366672f5e2dc7d6,will-greg-abbott-win-the-2028-us-presidential-election,https://polymarket.com/event/will-greg-abbott-win-the-2028-us-presidential-election,https://embed.polymarket.com/market.html?market=will-greg-abbott-win-the-2028-us-presidential-election&features=volume&theme=light,Will Greg Abbott win the 2028 US Presidential Election?,president,,"24h $4,238 • spread 0.001 • TTR 830.9d",35115749.85781701,4239.0,0.0,0.0,2028-11-07T00:00:00+00:00,830.885,1,0.001,-0.991,0.0085,0,"[{""name"": ""Top"", ""bestBid"": 0.008, ""bestAsk"": 0.009}]"
561242,0x8fc141205ebce5adf437bfdf4d0c5ff58ff24293b79c9431991346c208bb48ed,will-tulsi-gabbard-win-the-2028-us-presidential-election,https://polymarket.com/event/will-tulsi-gabbard-win-the-2028-us-presidential-election,https://embed.polymarket.com/market.html?market=will-tulsi-gabbard-win-the-2028-us-presidential-election&features=volume&theme=light,Will Tulsi Gabbard win the 2028 US Presidential Election?,president,,"24h $1,114,876 • spread 0.001 • TTR 830.9d",34294906.12935597,1114876.81,-0.002,-36.3636,2028-11-07T00:00:00+00:00,830.885,1,0.001,-0.996,0.0035,0,"[{""name"": ""Top"", ""bestBid"": 0.003, ""bestAsk"": 0.004}]"
559676,0x88d67705780a3d922317ecb0c78a947a306174d0510df2ae89394d5abfb28206,will-barack-obama-win-the-2028-democratic-presidential-nomination-265,https://polymarket.com/event/will-barack-obama-win-the-2028-democratic-presidential-nomination-265,https://embed.polymarket.com/market.html?market=will-barack-obama-win-the-2028-democratic-presidential-nomination-265&features=volume&theme=light,Will Barack Obama win the 2028 Democratic presidential nomination?,united-states,,24h $675 • spread 0.001 • TTR 830.9d,33815364.87731801,675.97,0.0,0.0,2028-11-07T00:00:00+00:00,830.885,1,0.001,-0.996,0.0035,0,"[{""name"": ""Top"", ""bestBid"": 0.003, ""bestAsk"": 0.004}]"
1105752,0x8063a2c9fa21c4a1470b33fee132d6d61fb5b7dcd667dcac3bb82ae15ad70c0d,will-frank-donovan-be-the-leader-of-venezuela-end-of-2026,https://polymarket.com/event/will-frank-donovan-be-the-leader-of-venezuela-end-of-2026,https://embed.polymarket.com/market.html?market=will-frank-donovan-be-the-leader-of-venezuela-end-of-2026&features=volume&theme=light,Will Frank Donovan be the leader of Venezuela end of 2026?,trump-machado,,"24h $6,897 • spread 0.001 • TTR 153.9d",25753079.605588008,6897.08,0.0,0.0,2026-12-31T00:00:00+00:00,153.885,1,0.001,-0.998,0.0015,0,"[{""name"": ""Top"", ""bestBid"": 0.001, ""bestAsk"": 0.002}]"
561240,0x66b906b8205f48a26beb8e553bbb1e7954e87e4f6e1d539823441221d1806e8f,will-stephen-smith-win-the-2028-us-presidential-election,https://polymarket.com/event/will-stephen-smith-win-the-2028-us-presidential-election,https://embed.polymarket.com/market.html?market=will-stephen-smith-win-the-2028-us-presidential-election&features=volume&theme=light,Will Stephen Smith win the 2028 US Presidential Election?,president,,"24h $1,637 • spread 0.001 • TTR 830.9d",33252921.009786014,1637.18,0.0,0.0,2028-11-07T00:00:00+00:00,830.885,1,0.001,-0.997,0.0025,0,"[{""name"": ""Top"", ""bestBid"": 0.002, ""bestAsk"": 0.003}]"
561999,0xf8dbde8b6e038775a673947e59da2de15a2127272b50b9877400fdbf7cfc3026,will-tom-brady-win-the-2028-republican-presidential-nomination,https://polymarket.com/event/will-tom-brady-win-the-2028-republican-presidential-nomination,https://embed.polymarket.com/market.html?market=will-tom-brady-win-the-2028-republican-presidential-nomination&features=volume&theme=light,Will Tom Brady win the 2028 Republican presidential nomination?,united-states,,24h $54 • spread 0.001 • TTR 830.9d,32881341.546229012,54.38,0.0,0.0,2028-11-07T00:00:00+00:00,830.885,1,0.001,-0.997,0.0025,0,"[{""name"": ""Top"", ""bestBid"": 0.002, ""bestAsk"": 0.003}]"
561982,0x00ad3bb5284b0b2314b1a2d42812fe292f606619c6278bd95c9d905816c240f6,will-sarah-huckabee-sanders-win-the-2028-republican-presidential-nomination,https://polymarket.com/event/will-sarah-huckabee-sanders-win-the-2028-republican-presidential-nomination,https://embed.polymarket.com/market.html?market=will-sarah-huckabee-sanders-win-the-2028-republican-presidential-nomination&features=volume&theme=light,Will Sarah Huckabee Sanders win the 2028 Republican presidential nomination?,united-states,,"24h $2,013 • spread 0.001 • TTR 830.9d",32507998.609843004,2013.53,0.0,0.0,2028-11-07T00:00:00+00:00,830.885,1,0.001,-0.994,0.0055,0,"[{""name"": ""Top"", ""bestBid"": 0.005, ""bestAsk"": 0.006}]"
559664,0xdce84960dce38aa4a5800a5eba7c9ac34d2ce49ba9d44c42572c472d468af264,will-raphael-warnock-win-the-2028-democratic-presidential-nomination-914,https://polymarket.com/event/will-raphael-warnock-win-the-2028-democratic-presidential-nomination-914,https://embed.polymarket.com/market.html?market=will-raphael-warnock-win-the-2028-democratic-presidential-nomination-914&features=volume&theme=light,Will Raphael Warnock win the 2028 Democratic presidential nomination?,united-states,,"24h $1,775 • spread 0.001 • TTR 830.9d",31883479.252171,1775.36,0.0,0.0,2028-11-07T00:00:00+00:00,830.885,1,0.001,-0.994,0.0055,0,"[{""name"": ""Top"", ""bestBid"": 0.005, ""bestAsk"": 0.006}]"
559672,0x939eeb2dea216749bd409bedde483c3f2bfb0e24d4f2d34461c0b21c6e91f010,will-roy-cooper-win-the-2028-democratic-presidential-nomination-286,https://polymarket.com/event/will-roy-cooper-win-the-2028-democratic-presidential-nomination-286,https://embed.polymarket.com/market.html?market=will-roy-cooper-win-the-2028-democratic-presidential-nomination-286&features=volume&theme=light,Will Roy Cooper win the 2028 Democratic presidential nomination?,united-states,,24h $893 • spread 0.001 • TTR 830.9d,31307275.655542012,893.7,0.0,0.0,2028-11-07T00:00:00+00:00,830.885,1,0.001,-0.993,0.0065,0,"[{""name"": ""Top"", ""bestBid"": 0.006, ""bestAsk"": 0.007}]"
663583,0xbb4d51e6364066d92eb6f9b8413dd7193de70966736044463b205834805a1f3b,will-the-iranian-regime-fall-by-the-end-of-2026,https://polymarket.com/event/will-the-iranian-regime-fall-by-the-end-of-2026,https://embed.polymarket.com/market.html?market=will-the-iranian-regime-fall-by-the-end-of-2026&features=volume&theme=light,Will the Iranian regime fall before 2027?,reza-pahlavi,,"24h $56,643 • spread 0.010 • TTR 153.9d",23346847.148530006,56643.95,-0.01,-10.5263,2026-12-31T00:00:00+00:00,153.885,1,0.01,-0.91,0.085,0,"[{""name"": ""Top"", ""bestBid"": 0.08, ""bestAsk"": 0.09}]"
540844,0xbb57ccf5853a85487bc3d83d04d669310d28c6c810758953b9d9b91d1aee89d2,will-bitcoin-hit-1m-before-gta-vi-872-424,https://polymarket.com/event/will-bitcoin-hit-1m-before-gta-vi-872-424,https://embed.polymarket.com/market.html?market=will-bitcoin-hit-1m-before-gta-vi-872-424&features=volume&theme=light,Will bitcoin hit $1m before GTA VI?,pop-culture,,"24h $3,849 • spread 0.001 • TTR 1.4d • ~50% mid",4763393.674375999,3849.47,0.0,0.0,2026-07-31T12:00:00+00:00,1.385,1,0.001,-0.501,0.4985,1,"[{""name"": ""Top"", ""bestBid"": 0.498, ""bestAsk"": 0.499}]"
561992,0x61a1278884fa70d68d4bcaaf72fad55bbdb063cac28c6947472ca91635fab10f,will-katie-britt-win-the-2028-republican-presidential-nomination,https://polymarket.com/event/will-katie-britt-win-the-2028-republican-presidential-nomination,https://embed.polymarket.com/market.html?market=will-katie-britt-win-the-2028-republican-presidential-nomination&features=volume&theme=light,Will Katie Britt win the 2028 Republican presidential nomination?,united-states,,24h $230 • spread 0.001 • TTR 830.9d,28744834.056021012,230.78,0.0,0.0,2028-11-07T00:00:00+00:00,830.885,1,0.001,-0.996,0.0035,0,"[{""name"": ""Top"", ""bestBid"": 0.003, ""bestAsk"": 0.004}]"
561990,0xfbb80ea5f8fc02ee7df8bd4f58790e1d04b874078a49a7b7028a74a2075100c9,will-elon-musk-win-the-2028-republican-presidential-nomination,https://polymarket.com/event/will-elon-musk-win-the-2028-republican-presidential-nomination,https://embed.polymarket.com/market.html?market=will-elon-musk-win-the-2028-republican-presidential-nomination&features=volume&theme=light,Will Elon Musk win the 2028 Republican presidential nomination?,united-states,,"24h $1,048 • spread 0.001 • TTR 830.9d",28621562.793038018,1048.1,0.0,0.0,2028-11-07T00:00:00+00:00,830.885,1,0.001,-0.992,0.0075,0,"[{""name"": ""Top"", ""bestBid"": 0.007, ""bestAsk"": 0.008}]"
561245,0xe0173375b7eaccb836f7b92d28a9a2d1cc69e54e5a65fae89a5d7e49aadd332e,will-nikki-haley-win-the-2028-us-presidential-election,https://polymarket.com/event/will-nikki-haley-win-the-2028-us-presidential-election,https://embed.polymarket.com/market.html?market=will-nikki-haley-win-the-2028-us-presidential-election&features=volume&theme=light,Will Nikki Haley win the 2028 US Presidential Election?,president,,"24h $2,043 • spread 0.001 • TTR 830.9d",28533745.391195014,2043.78,0.0,0.0,2028-11-07T00:00:00+00:00,830.885,1,0.001,-0.994,0.0055,0,"[{""name"": ""Top"", ""bestBid"": 0.005, ""bestAsk"": 0.006}]"
562003,0x414378275cb214b747245942be889ee1e077c56d1c00eb4d726629c95f22b5a5,will-kim-kardashian-win-the-2028-republican-presidential-nomination,https://polymarket.com/event/will-kim-kardashian-win-the-2028-republican-presidential-nomination,https://embed.polymarket.com/market.html?market=will-kim-kardashian-win-the-2028-republican-presidential-nomination&features=volume&theme=light,Will Kim Kardashian win the 2028 Republican presidential nomination?,united-states,,24h $88 • spread 0.001 • TTR 830.9d,28393225.713529013,88.14,0.0,0.0,2028-11-07T00:00:00+00:00,830.885,1,0.001,-0.996,0.0035,0,"[{""name"": ""Top"", ""bestBid"": 0.003, ""bestAsk"": 0.004}]"
561987,0x655b4bfdfa55a95c24d6e9bf7e7cd62f1b57da9a1f4c7f40f090b8ba847dffa2,will-elise-stefanik-win-the-2028-republican-presidential-nomination,https://polymarket.com/event/will-elise-stefanik-win-the-2028-republican-presidential-nomination,https://embed.polymarket.com/market.html?market=will-elise-stefanik-win-the-2028-republican-presidential-nomination&features=volume&theme=light,Will Elise Stefanik win the 2028 Republican presidential nomination?,united-states,,24h $309 • spread 0.001 • TTR 830.9d,27922650.717641994,309.79,0.0,0.0,2028-11-07T00:00:00+00:00,830.885,1,0.001,-0.996,0.0035,0,"[{""name"": ""Top"", ""bestBid"": 0.003, ""bestAsk"": 0.004}]"
559674,0x8fbcb151e2c988df5a43abb02298014b7daf34c008f3eed9188dd16a2a19bec1,will-jared-polis-win-the-2028-democratic-presidential-nomination-837,https://polymarket.com/event/will-jared-polis-win-the-2028-democratic-presidential-nomination-837,https://embed.polymarket.com/market.html?market=will-jared-polis-win-the-2028-democratic-presidential-nomination-837&features=volume&theme=light,Will Jared Polis win the 2028 Democratic presidential nomination?,united-states,,"24h $2,763 • spread 0.001 • TTR 830.9d",27155719.52749201,2763.15,0.0,0.0,2028-11-07T00:00:00+00:00,830.885,1,0.001,-0.997,0.0025,0,"[{""name"": ""Top"", ""bestBid"": 0.002, ""bestAsk"": 0.003}]"
559652,0x0f49db97f71c68b1e42a6d16e3de93d85dbf7d4148e3f018eb79e88554be9f75,will-gavin-newsom-win-the-2028-democratic-presidential-nomination-568,https://polymarket.com/event/will-gavin-newsom-win-the-2028-democratic-presidential-nomination-568,https://embed.polymarket.com/market.html?market=will-gavin-newsom-win-the-2028-democratic-presidential-nomination-568&features=volume&theme=light,Will Gavin Newsom win the 2028 Democratic presidential nomination?,united-states,,"24h $2,084 • spread 0.001 • TTR 830.9d",26599067.802810993,2084.26,0.0,0.0,2028-11-07T00:00:00+00:00,830.885,1,0.001,-0.806,0.1935,0,"[{""name"": ""Top"", ""bestBid"": 0.193, ""bestAsk"": 0.194}]"
561238,0xc4435df23facee8c4cd86090310c7835c2a0425646b2588b0a02e67fa42f444e,will-glenn-youngkin-win-the-2028-us-presidential-election,https://polymarket.com/event/will-glenn-youngkin-win-the-2028-us-presidential-election,https://embed.polymarket.com/market.html?market=will-glenn-youngkin-win-the-2028-us-presidential-election&features=volume&theme=light,Will Glenn Youngkin win the 2028 US Presidential Election?,president,,"24h $3,971 • spread 0.001 • TTR 830.9d",26367590.865752,3971.12,0.0,0.0,2028-11-07T00:00:00+00:00,830.885,1,0.001,-0.993,0.0065,0,"[{""name"": ""Top"", ""bestBid"": 0.006, ""bestAsk"": 0.007}]"
559667,0x3e218c99a1335641b3a5ee6c887521d19b0c28fddd6b99c254a07968e35c0b1b,will-michelle-obama-win-the-2028-democratic-presidential-nomination-777,https://polymarket.com/event/will-michelle-obama-win-the-2028-democratic-presidential-nomination-777,https://embed.polymarket.com/market.html?market=will-michelle-obama-win-the-2028-democratic-presidential-nomination-777&features=volume&theme=light,Will Michelle Obama win the 2028 Democratic presidential nomination?,united-states,,"24h $11,074 • spread 0.001 • TTR 830.9d",26021188.110145018,11074.26,0.0,0.0,2028-11-07T00:00:00+00:00,830.885,1,0.001,-0.99,0.0095,0,"[{""name"": ""Top"", ""bestBid"": 0.009, ""bestAsk"": 0.01}]"
561250,0x68e3c4e0dd8f82d010060032006fd157401b0bd8e04bd2953ae293e31eb99bf6,will-elon-musk-win-the-2028-us-presidential-election,https://polymarket.com/event/will-elon-musk-win-the-2028-us-presidential-election,https://embed.polymarket.com/market.html?market=will-elon-musk-win-the-2028-us-presidential-election&features=volume&theme=light,Will Elon Musk win the 2028 US Presidential Election?,president,,"24h $1,093 • spread 0.001 • TTR 830.9d",25813159.126675006,1093.65,0.0,0.0,2028-11-07T00:00:00+00:00,830.885,1,0.001,-0.993,0.0065,0,"[{""name"": ""Top"", ""bestBid"": 0.006, ""bestAsk"": 0.007}]"
559665,0x1970bcce75e3674660917ae4685b433a9b1e0152d810a8d7c346dfd5e00694c2,will-corey-booker-win-the-2028-democratic-presidential-nomination-125,https://polymarket.com/event/will-corey-booker-win-the-2028-democratic-presidential-nomination-125,https://embed.polymarket.com/market.html?market=will-corey-booker-win-the-2028-democratic-presidential-nomination-125&features=volume&theme=light,Will Cory Booker win the 2028 Democratic presidential nomination?,united-states,,"24h $1,360 • spread 0.001 • TTR 830.9d",25434586.023374002,1360.09,0.0,0.0,2028-11-07T00:00:00+00:00,830.885,1,0.001,-0.994,0.0055,0,"[{""name"": ""Top"", ""bestBid"": 0.005, ""bestAsk"": 0.006}]"
559675,0xfee07be730188c94cd3644ed6f107fa3ea2dfab9989ce8d39aeeae064766abe3,will-jon-stewart-win-the-2028-democratic-presidential-nomination-518,https://polymarket.com/event/will-jon-stewart-win-the-2028-democratic-presidential-nomination-518,https://embed.polymarket.com/market.html?market=will-jon-stewart-win-the-2028-democratic-presidential-nomination-518&features=volume&theme=light,Will Jon Stewart win the 2028 Democratic presidential nomination?,united-states,,"24h $1,217 • spread 0.001 • TTR 830.9d",24558162.075379007,1217.88,0.0,0.0,2028-11-07T00:00:00+00:00,830.885,1,0.001,-0.977,0.0225,0,"[{""name"": ""Top"", ""bestBid"": 0.022, ""bestAsk"": 0.023}]"
559673,0xca1d1139b0c3a29983407f499476ae642482788e841a277eb86faeeb9fa4a85c,will-john-fetterman-win-the-2028-democratic-presidential-nomination-941,https://polymarket.com/event/will-john-fetterman-win-the-2028-democratic-presidential-nomination-941,https://embed.polymarket.com/market.html?market=will-john-fetterman-win-the-2028-democratic-presidential-nomination-941&features=volume&theme=light,Will John Fetterman win the 2028 Democratic presidential nomination?,united-states,,24h $794 • spread 0.001 • TTR 830.9d,24340728.155062996,794.73,0.0,0.0,2028-11-07T00:00:00+00:00,830.885,1,0.001,-0.996,0.0035,0,"[{""name"": ""Top"", ""bestBid"": 0.003, ""bestAsk"": 0.004}]"
601818,0x81a537b379a35e4e17c286d3b37394e94bd74c1779bbe9a13670eb991b201a3a,will-tarcisio-de-frietas-win-the-2026-brazilian-presidential-election,https://polymarket.com/event/will-tarcisio-de-frietas-win-the-2026-brazilian-presidential-election,https://embed.polymarket.com/market.html?market=will-tarcisio-de-frietas-win-the-2026-brazilian-presidential-election&features=volume&theme=light,Will Tarcisio de Freitas win the 2026 Brazilian presidential election?,politics,,"24h $5,659 • spread 0.001 • TTR 65.9d",13655924.611296,5659.63,0.0,0.0,2026-10-04T00:00:00+00:00,65.885,1,0.001,-0.998,0.0015,0,"[{""name"": ""Top"", ""bestBid"": 0.001, ""bestAsk"": 0.002}]"
560317,0x6bd56627aa21311850825edb27e53434a0e17a4f782be0086bc07f71eee00d0d,putin-out-before-2027-346,https://polymarket.com/event/putin-out-before-2027-346,https://embed.polymarket.com/market.html?market=putin-out-before-2027-346&features=volume&theme=light,"Putin out as President of Russia by December 31, 2026?",putin,,"24h $24,190 • spread 0.010 • TTR 154.7d",18160610.80134,24190.27,0.0,0.0,2026-12-31T18:30:00+00:00,154.656,1,0.01,-0.91,0.085,0,"[{""name"": ""Top"", ""bestBid"": 0.08, ""bestAsk"": 0.09}]"
559662,0x9d4f94f82de9d13ff1d3318639ab9000ee2533949e525343156f374fb00bd9b1,will-mark-cuban-win-the-2028-democratic-presidential-nomination-329,https://polymarket.com/event/will-mark-cuban-win-the-2028-democratic-presidential-nomination-329,https://embed.polymarket.com/market.html?market=will-mark-cuban-win-the-2028-democratic-presidential-nomination-329&features=volume&theme=light,Will Mark Cuban win the 2028 Democratic presidential nomination?,united-states,,24h $897 • spread 0.001 • TTR 830.9d,22745208.444652013,897.46,0.0,0.0,2028-11-07T00:00:00+00:00,830.885,1,0.001,-0.994,0.0055,0,"[{""name"": ""Top"", ""bestBid"": 0.005, ""bestAsk"": 0.006}]"
562001,0xd5659eea81cada0bac656f5a9099861786cbae6755e2e1ac2c9e9441908b551f,will-steve-bannon-win-the-2028-republican-presidential-nomination,https://polymarket.com/event/will-steve-bannon-win-the-2028-republican-presidential-nomination,https://embed.polymarket.com/market.html?market=will-steve-bannon-win-the-2028-republican-presidential-nomination&features=volume&theme=light,Will Steve Bannon win the 2028 Republican presidential nomination?,united-states,,24h $180 • spread 0.001 • TTR 830.9d,22722068.176965997,180.49,0.0,0.0,2028-11-07T00:00:00+00:00,830.885,1,0.001,-0.995,0.0045,0,"[{""name"": ""Top"", ""bestBid"": 0.004, ""bestAsk"": 0.005}]"
2155000,0xa4ddc18895cc7b14810283ef8f113939abffd3969c6a0e37f1897110c67e6f73,hantavirus-pandemic-in-2026,https://polymarket.com/event/hantavirus-pandemic-in-2026,https://embed.polymarket.com/market.html?market=hantavirus-pandemic-in-2026&features=volume&theme=light,Hantavirus pandemic in 2026?,pandemics,,"24h $46,555 • spread 0.001 • TTR 153.9d",17226269.424835037,46555.03,0.001,2.9851,2026-12-31T00:00:00+00:00,153.885,1,0.001,-0.965,0.0345,0,"[{""name"": ""Top"", ""bestBid"": 0.034, ""bestAsk"": 0.035}]"
561256,0xf05b4b55336a4c1c7b44c726911d2b559732cff7bad339084de86ae364dc85f6,will-zohran-mamdani-win-the-2028-us-presidential-election,https://polymarket.com/event/will-zohran-mamdani-win-the-2028-us-presidential-election,https://embed.polymarket.com/market.html?market=will-zohran-mamdani-win-the-2028-us-presidential-election&features=volume&theme=light,Will Zohran Mamdani win the 2028 US Presidential Election?,president,,"24h $4,419 • spread 0.001 • TTR 830.9d",21628980.81460999,4419.2,0.0,0.0,2028-11-07T00:00:00+00:00,830.885,1,0.001,-0.996,0.0035,0,"[{""name"": ""Top"", ""bestBid"": 0.003, ""bestAsk"": 0.004}]"
559657,0xc8f1cf5d4f26e0fd9c8fe89f2a7b3263b902cf14fde7bfccef525753bb492e47,will-stephen-a-smith-win-the-2028-democratic-presidential-nomination-914,https://polymarket.com/event/will-stephen-a-smith-win-the-2028-democratic-presidential-nomination-914,https://embed.polymarket.com/market.html?market=will-stephen-a-smith-win-the-2028-democratic-presidential-nomination-914&features=volume&theme=light,Will Stephen A. Smith win the 2028 Democratic presidential nomination?,united-states,,"24h $2,331 • spread 0.001 • TTR 830.9d",21464911.148250993,2331.2,0.0,0.0,2028-11-07T00:00:00+00:00,830.885,1,0.001,-0.993,0.0065,0,"[{""name"": ""Top"", ""bestBid"": 0.006, ""bestAsk"": 0.007}]"
561983,0x214093035e429b91df322bd20c55d9f611f741f67472a63f7623a9afc0cffa57,will-greg-abbott-win-the-2028-republican-presidential-nomination,https://polymarket.com/event/will-greg-abbott-win-the-2028-republican-presidential-nomination,https://embed.polymarket.com/market.html?market=will-greg-abbott-win-the-2028-republican-presidential-nomination&features=volume&theme=light,Will Greg Abbott win the 2028 Republican presidential nomination?,united-states,,24h $122 • spread 0.001 • TTR 830.9d,20648188.605401,122.59,0.0,0.0,2028-11-07T00:00:00+00:00,830.885,1,0.001,-0.992,0.0075,0,"[{""name"": ""Top"", ""bestBid"": 0.007, ""bestAsk"": 0.008}]"
561988,0x4d4bceee5f59f75230c6438f69fc913a6da7afa4098ce0734655045c02a730fc,will-josh-hawley-win-the-2028-republican-presidential-nomination,https://polymarket.com/event/will-josh-hawley-win-the-2028-republican-presidential-nomination,https://embed.polymarket.com/market.html?market=will-josh-hawley-win-the-2028-republican-presidential-nomination&features=volume&theme=light,Will Josh Hawley win the 2028 Republican presidential nomination?,united-states,,24h $507 • spread 0.001 • TTR 830.9d,20165146.653102998,507.57,0.001,28.5714,2028-11-07T00:00:00+00:00,830.885,1,0.001,-0.995,0.0045,0,"[{""name"": ""Top"", ""bestBid"": 0.004, ""bestAsk"": 0.005}]"
561991,0xf2cea45ec282af4f302d2ab85ede73678cd692ebf8c3ab6d52bfa5e19f44c553,will-matt-gaetz-win-the-2028-republican-presidential-nomination,https://polymarket.com/event/will-matt-gaetz-win-the-2028-republican-presidential-nomination,https://embed.polymarket.com/market.html?market=will-matt-gaetz-win-the-2028-republican-presidential-nomination&features=volume&theme=light,Will Matt Gaetz win the 2028 Republican presidential nomination?,united-states,,"24h $1,272 • spread 0.001 • TTR 830.9d",20023529.43891799,1272.98,0.0,0.0,2028-11-07T00:00:00+00:00,830.885,1,0.001,-0.997,0.0025,0,"[{""name"": ""Top"", ""bestBid"": 0.002, ""bestAsk"": 0.003}]"
2643400,0x636f780f794635820e8cafe81924ef2dd67622fc01b6b2e5e64e9cc99593a005,will-iran-announce-withdrawal-from-mou-negotiations-by-july-31-20260622191733846-586-829-787,https://polymarket.com/event/will-iran-announce-withdrawal-from-mou-negotiations-by-july-31-20260622191733846-586-829-787,https://embed.polymarket.com/market.html?market=will-iran-announce-withdrawal-from-mou-negotiations-by-july-31-20260622191733846-586-829-787&features=volume&theme=light,Will Iran announce withdrawal from MOU negotiations by July 31?,iran,,"24h $57,628 • spread 0.003 • TTR 1.9d",3219382.2003160003,57628.86,-0.003,-19.3548,2026-07-31T23:59:00+00:00,1.884,1,0.003,-0.986,0.0125,0,"[{""name"": ""Top"", ""bestBid"": 0.011, ""bestAsk"": 0.014}]"
562000,0xd10bc768ede58b53ed400594240b0a0603134a32dab89ec823a18759cbc180ca,will-rand-paul-win-the-2028-republican-presidential-nomination,https://polymarket.com/event/will-rand-paul-win-the-2028-republican-presidential-nomination,https://embed.polymarket.com/market.html?market=will-rand-paul-win-the-2028-republican-presidential-nomination&features=volume&theme=light,Will Rand Paul win the 2028 Republican presidential nomination?,united-states,,"24h $1,411 • spread 0.001 • TTR 830.9d",19221271.297722,1411.49,0.0,0.0,2028-11-07T00:00:00+00:00,830.885,1,0.001,-0.992,0.0075,0,"[{""name"": ""Top"", ""bestBid"": 0.007, ""bestAsk"": 0.008}]"
2555351,0xb12f5e328a7d9f7a26e0a074625ea775025104e673c776d575dab422a472ef59,israel-closes-its-airspace-by-july-31-287,https://polymarket.com/event/israel-closes-its-airspace-by-july-31-287,https://embed.polymarket.com/market.html?market=israel-closes-its-airspace-by-july-31-287&features=volume&theme=light,Israel closes its airspace by July 31?,politics,,"24h $78,595 • spread 0.007 • TTR 0.9d",2928647.365845,78595.75,-0.0045,-8.9109,2026-07-31T00:00:00+00:00,0.885,1,0.007,-0.95,0.0465,0,"[{""name"": ""Top"", ""bestBid"": 0.043, ""bestAsk"": 0.05}]"
561237,0x09ad4955c170d46c6d80b5f554435b19e229ff7dbe55370892b64782336cc3b9,will-andy-beshear-win-the-2028-us-presidential-election,https://polymarket.com/event/will-andy-beshear-win-the-2028-us-presidential-election,https://embed.polymarket.com/market.html?market=will-andy-beshear-win-the-2028-us-presidential-election&features=volume&theme=light,Will Andy Beshear win the 2028 US Presidential Election?,president,,"24h $19,997 • spread 0.001 • TTR 830.9d",18831673.393143002,19997.4,0.001,8.6957,2028-11-07T00:00:00+00:00,830.885,1,0.001,-0.987,0.0125,0,"[{""name"": ""Top"", ""bestBid"": 0.012, ""bestAsk"": 0.013}]"
561989,0x0ac23db1e56971022bc7e822b907a2466c618b34104ea72bc9fa95e41c86a9c6,will-ted-cruz-win-the-2028-republican-presidential-nomination,https://polymarket.com/event/will-ted-cruz-win-the-2028-republican-presidential-nomination,https://embed.polymarket.com/market.html?market=will-ted-cruz-win-the-2028-republican-presidential-nomination&features=volume&theme=light,Will Ted Cruz win the 2028 Republican presidential nomination?,united-states,,24h $45 • spread 0.001 • TTR 830.9d,18717454.578203995,45.77,0.0,0.0,2028-11-07T00:00:00+00:00,830.885,1,0.001,-0.99,0.0095,0,"[{""name"": ""Top"", ""bestBid"": 0.009, ""bestAsk"": 0.01}]"
562002,0x7abed80b88301210ee83b7b14ec41bc9a5161e1af07254fbb26c6e2bf7182766,will-erika-kirk-win-the-2028-republican-presidential-nomination,https://polymarket.com/event/will-erika-kirk-win-the-2028-republican-presidential-nomination,https://embed.polymarket.com/market.html?market=will-erika-kirk-win-the-2028-republican-presidential-nomination&features=volume&theme=light,Will Erika Kirk win the 2028 Republican presidential nomination?,united-states,,24h $199 • spread 0.001 • TTR 830.9d,18656809.667329997,199.33,0.0,0.0,2028-11-07T00:00:00+00:00,830.885,1,0.001,-0.996,0.0035,0,"[{""name"": ""Top"", ""bestBid"": 0.003, ""bestAsk"": 0.004}]"
561257,0xbbbece074c2d4010e39e39c85ed67b1131180fcea616073c893fb6beaf51d783,will-michelle-obama-win-the-2028-us-presidential-election,https://polymarket.com/event/will-michelle-obama-win-the-2028-us-presidential-election,https://embed.polymarket.com/market.html?market=will-michelle-obama-win-the-2028-us-presidential-election&features=volume&theme=light,Will Michelle Obama win the 2028 US Presidential Election?,president,,"24h $1,984 • spread 0.001 • TTR 830.9d",18578476.350692,1984.25,0.0,0.0,2028-11-07T00:00:00+00:00,830.885,1,0.001,-0.993,0.0065,0,"[{""name"": ""Top"", ""bestBid"": 0.006, ""bestAsk"": 0.007}]"
561263,0x2d3c4fc5cde6dfb43448402b912e41bd4453e3f030448ed026bff8f1a0bc072e,will-eric-trump-win-the-2028-us-presidential-election,https://polymarket.com/event/will-eric-trump-win-the-2028-us-presidential-election,https://embed.polymarket.com/market.html?market=will-eric-trump-win-the-2028-us-presidential-election&features=volume&theme=light,Will Eric Trump win the 2028 US Presidential Election?,president,,"24h $73,807 • spread 0.001 • TTR 830.9d",18440766.921134993,73807.6,0.0,0.0,2028-11-07T00:00:00+00:00,830.885,1,0.001,-0.996,0.0035,0,"[{""name"": ""Top"", ""bestBid"": 0.003, ""bestAsk"": 0.004}]"
601824,0xa59bb6bb91e5c1e4d533864520fbd3bb75d6d0ebb813b4cd8a8b88479bfa8966,will-carlos-roberto-massa-jnior-win-the-2026-brazilian-presidential-election,https://polymarket.com/event/will-carlos-roberto-massa-jnior-win-the-2026-brazilian-presidential-election,https://embed.polymarket.com/market.html?market=will-carlos-roberto-massa-jnior-win-the-2026-brazilian-presidential-election&features=volume&theme=light,Will Carlos Roberto Massa Júnior win the 2026 Brazilian presidential election?,politics,,TTR 65.9d,10372238.436618866,,0.0,0.0,2026-10-04T00:00:00+00:00,65.885,1,,-0.999,,0,"[{""name"": ""Top"", ""bestBid"": null, ""bestAsk"": 0.001}]"
601823,0xe1d5733322fd2215f136412f419d9ff805d097f78c68de3261515ff736895f2b,will-eduardo-bolsonaro-win-the-2026-brazilian-presidential-election,https://polymarket.com/event/will-eduardo-bolsonaro-win-the-2026-brazilian-presidential-election,https://embed.polymarket.com/market.html?market=will-eduardo-bolsonaro-win-the-2026-brazilian-presidential-election&features=volume&theme=light,Will Eduardo Bolsonaro win the 2026 Brazilian presidential election?,politics,,TTR 65.9d,10352574.895772006,,0.0,0.0,2026-10-04T00:00:00+00:00,65.885,1,,-0.999,,0,"[{""name"": ""Top"", ""bestBid"": null, ""bestAsk"": 0.001}]"
561230,0x4567b275e6b667a6217f5cb4f06a797d3a1eaf1d0281fb5bc8c75e2046ae7e57,will-gavin-newsom-win-the-2028-us-presidential-election,https://polymarket.com/event/will-gavin-newsom-win-the-2028-us-presidential-election,https://embed.polymarket.com/market.html?market=will-gavin-newsom-win-the-2028-us-presidential-election&features=volume&theme=light,Will Gavin Newsom win the 2028 US Presidential Election?,president,,"24h $6,419 • spread 0.001 • TTR 830.9d",17559454.64327,6419.92,0.0,0.0,2028-11-07T00:00:00+00:00,830.885,1,0.001,-0.883,0.1165,0,"[{""name"": ""Top"", ""bestBid"": 0.116, ""bestAsk"": 0.117}]"
898420,0xa2b7d292821eafb97059947b9d834512deda11b7866e0f7b299bcb035071d626,will-oliver-bearman-be-the-2026-f1-drivers-champion,https://polymarket.com/event/will-oliver-bearman-be-the-2026-f1-drivers-champion,https://embed.polymarket.com/market.html?market=will-oliver-bearman-be-the-2026-f1-drivers-champion&features=volume&theme=light,Will Oliver Bearman be the 2026 F1 Drivers' Champion?,sports,,24h $185 • TTR 128.9d,12883144.026556,185.43,0.0,0.0,2026-12-06T00:00:00+00:00,128.885,1,,-0.999,,0,"[{""name"": ""Top"", ""bestBid"": null, ""bestAsk"": 0.001}]"
561985,0x42631e1a8c8e6389422b58b8e15b1b551892b9833651aa3bab25afab124354b5,will-brian-kemp-win-the-2028-republican-presidential-nomination,https://polymarket.com/event/will-brian-kemp-win-the-2028-republican-presidential-nomination,https://embed.polymarket.com/market.html?market=will-brian-kemp-win-the-2028-republican-presidential-nomination&features=volume&theme=light,Will Brian Kemp win the 2028 Republican presidential nomination?,united-states,,"24h $1,283 • spread 0.001 • TTR 830.9d",17467745.89138899,1283.02,0.0,0.0,2028-11-07T00:00:00+00:00,830.885,1,0.001,-0.994,0.0055,0,"[{""name"": ""Top"", ""bestBid"": 0.005, ""bestAsk"": 0.006}]"
559656,0x61d9486c0f7e14ed98f3b177b6adcb3cd45646c92e8bbfbf209789b86472d4b6,will-wes-moore-win-the-2028-democratic-presidential-nomination-714,https://polymarket.com/event/will-wes-moore-win-the-2028-democratic-presidential-nomination-714,https://embed.polymarket.com/market.html?market=will-wes-moore-win-the-2028-democratic-presidential-nomination-714&features=volume&theme=light,Will Wes Moore win the 2028 Democratic presidential nomination?,united-states,,"24h $1,162 • spread 0.001 • TTR 830.9d",17109523.634039994,1162.55,0.0,0.0,2028-11-07T00:00:00+00:00,830.885,1,0.001,-0.986,0.0135,0,"[{""name"": ""Top"", ""bestBid"": 0.013, ""bestAsk"": 0.014}]"
559668,0x36db77c539bcc8c7bf0686c1b99f30c5a5eed1f53d3b3a27a071550c81f83701,will-mark-kelly-win-the-2028-democratic-presidential-nomination-479,https://polymarket.com/event/will-mark-kelly-win-the-2028-democratic-presidential-nomination-479,https://embed.polymarket.com/market.html?market=will-mark-kelly-win-the-2028-democratic-presidential-nomination-479&features=volume&theme=light,Will Mark Kelly win the 2028 Democratic presidential nomination?,united-states,,"24h $140,530 • spread 0.001 • TTR 830.9d",17036964.604156002,140530.9,0.004,13.5593,2028-11-07T00:00:00+00:00,830.885,1,0.001,-0.966,0.0335,0,"[{""name"": ""Top"", ""bestBid"": 0.033, ""bestAsk"": 0.034}]"
559691,0xc720fcfa9e29346a976902f87e0f0f3bdc31d43af501b4fdef4f1780a30dd359,will-chris-murphy-win-the-2028-democratic-presidential-nomination,https://polymarket.com/event/will-chris-murphy-win-the-2028-democratic-presidential-nomination,https://embed.polymarket.com/market.html?market=will-chris-murphy-win-the-2028-democratic-presidential-nomination&features=volume&theme=light,Will Chris Murphy win the 2028 Democratic presidential nomination?,united-states,,24h $681 • spread 0.001 • TTR 830.9d,17029488.482917,681.85,0.0,0.0,2028-11-07T00:00:00+00:00,830.885,1,0.001,-0.994,0.0055,0,"[{""name"": ""Top"", ""bestBid"": 0.005, ""bestAsk"": 0.006}]"
561984,0xc510176cf39d73295354fc797d84b510d050b45d29d6c9735ee18cdbc4fd6463,will-robert-f-kennedy-jr-win-the-2028-republican-presidential-nomination,https://polymarket.com/event/will-robert-f-kennedy-jr-win-the-2028-republican-presidential-nomination,https://embed.polymarket.com/market.html?market=will-robert-f-kennedy-jr-win-the-2028-republican-presidential-nomination&features=volume&theme=light,Will Robert F. Kennedy Jr. win the 2028 Republican presidential nomination?,united-states,,24h $121 • spread 0.001 • TTR 830.9d,16756076.546889994,121.01,0.0,0.0,2028-11-07T00:00:00+00:00,830.885,1,0.001,-0.992,0.0075,0,"[{""name"": ""Top"", ""bestBid"": 0.007, ""bestAsk"": 0.008}]"
898424,0xde3d62becec90cd596e01294346786f5a9406a026e105c054d0f7e62cffdcf8f,will-franco-colapinto-be-the-2026-f1-drivers-champion,https://polymarket.com/event/will-franco-colapinto-be-the-2026-f1-drivers-champion,https://embed.polymarket.com/market.html?market=will-franco-colapinto-be-the-2026-f1-drivers-champion&features=volume&theme=light,Will Franco Colapinto be the 2026 F1 Drivers' Champion?,sports,,TTR 128.9d,12213609.531520002,,0.0,0.0,2026-12-06T00:00:00+00:00,128.885,1,,-0.999,,0,"[{""name"": ""Top"", ""bestBid"": null, ""bestAsk"": 0.001}]"
898429,0x00f89ad58499dfda366bf9182878c81d9ec6a73cdf4bf9a85b9d24474debf684,will-valtteri-bottas-be-the-2026-f1-drivers-champion,https://polymarket.com/event/will-valtteri-bottas-be-the-2026-f1-drivers-champion,https://embed.polymarket.com/market.html?market=will-valtteri-bottas-be-the-2026-f1-drivers-champion&features=volume&theme=light,Will Valtteri Bottas be the 2026 F1 Drivers' Champion?,sports,,24h $75 • TTR 128.9d,12192420.683811001,75.74,0.0,0.0,2026-12-06T00:00:00+00:00,128.885,1,,-0.999,,0,"[{""name"": ""Top"", ""bestBid"": null, ""bestAsk"": 0.001}]"
898426,0x7a6491e3c906af3657b9b5cf2b371b454f1ddb91b4f4ca3344caaabf424a8056,will-arvid-lindblad-be-the-2026-f1-drivers-champion,https://polymarket.com/event/will-arvid-lindblad-be-the-2026-f1-drivers-champion,https://embed.polymarket.com/market.html?market=will-arvid-lindblad-be-the-2026-f1-drivers-champion&features=volume&theme=light,Will Arvid Lindblad be the 2026 F1 Drivers' Champion?,sports,,24h $42 • TTR 128.9d,12039058.905627,42.07,0.0,0.0,2026-12-06T00:00:00+00:00,128.885,1,,-0.999,,0,"[{""name"": ""Top"", ""bestBid"": null, ""bestAsk"": 0.001}]"
601822,0x37ec4c6b57a18b16eed1241f6155ee7ff45bc1697d7848f15ac33d406e38ed00,will-michelle-bolsonaro-win-the-2026-brazilian-presidential-election,https://polymarket.com/event/will-michelle-bolsonaro-win-the-2026-brazilian-presidential-election,https://embed.polymarket.com/market.html?market=will-michelle-bolsonaro-win-the-2026-brazilian-presidential-election&features=volume&theme=light,Will Michelle Bolsonaro win the 2026 Brazilian presidential election?,politics,,"24h $16,742 • spread 0.001 • TTR 65.9d",9347331.959946,16742.47,-0.001,-18.1818,2026-10-04T00:00:00+00:00,65.885,1,0.001,-0.995,0.0045,0,"[{""name"": ""Top"", ""bestBid"": 0.004, ""bestAsk"": 0.005}]"
2758339,0xbe20fcfd54937c2a48a7b8521ca349e6a2c4373566328ebb950a8c35ab1be3d9,will-bitcoin-reach-67pt5k-in-july-2026,https://polymarket.com/event/will-bitcoin-reach-67pt5k-in-july-2026,https://embed.polymarket.com/market.html?market=will-bitcoin-reach-67pt5k-in-july-2026&features=volume&theme=light,"Will Bitcoin reach $67,500 in July?",bitcoin,,"24h $200,313 • spread 0.003 • TTR 2.1d",2671530.496109001,200313.34,-0.0405,-47.6471,2026-08-01T04:00:00+00:00,2.052,1,0.003,-0.954,0.0445,0,"[{""name"": ""Top"", ""bestBid"": 0.043, ""bestAsk"": 0.046}]"
898427,0x596b82d8371efcfcc2fd5312d5dde04f5e9aa1f0c61fd3f93be2a8be09e0da5f,will-alexander-albon-be-the-2026-f1-drivers-champion,https://polymarket.com/event/will-alexander-albon-be-the-2026-f1-drivers-champion,https://embed.polymarket.com/market.html?market=will-alexander-albon-be-the-2026-f1-drivers-champion&features=volume&theme=light,Will Alexander Albon be the 2026 F1 Drivers' Champion?,sports,,24h $2 • TTR 128.9d,11864753.710012997,2.3,0.0,0.0,2026-12-06T00:00:00+00:00,128.885,1,,-0.999,,0,"[{""name"": ""Top"", ""bestBid"": null, ""bestAsk"": 0.001}]"
2698591,0xcfa8fd6341f3489fabeb6c57aa9c14ab22571a31fb9b3198b0ba0463cefc8509,trump-out-as-president-by-july-31-20260626202639374,https://polymarket.com/event/trump-out-as-president-by-july-31-20260626202639374,https://embed.polymarket.com/market.html?market=trump-out-as-president-by-july-31-20260626202639374&features=volume&theme=light,Trump out as President by July 31?,trump,,"24h $64,336 • TTR 1.9d",2625270.776937,64336.41,-0.001,-66.6667,2026-07-31T23:59:00+00:00,1.884,1,,-0.999,,0,"[{""name"": ""Top"", ""bestBid"": null, ""bestAsk"": 0.001}]"
898430,0x9ca9ea6bcad843f3e94c213ad978b4f21d712d90f9a28372d9248ec99bb7193a,will-sergio-prez-be-the-2026-f1-drivers-champion,https://polymarket.com/event/will-sergio-prez-be-the-2026-f1-drivers-champion,https://embed.polymarket.com/market.html?market=will-sergio-prez-be-the-2026-f1-drivers-champion&features=volume&theme=light,Will Sergio Pérez be the 2026 F1 Drivers' Champion?,sports,,TTR 128.9d,11786846.874410238,,0.0,0.0,2026-12-06T00:00:00+00:00,128.885,1,,-0.999,,0,"[{""name"": ""Top"", ""bestBid"": null, ""bestAsk"": 0.001}]"
561981,0xd997dc2a212a7d6673375a3b016db1fb214247142f8cde0cbf07f8e6d789877c,will-vivek-ramaswamy-win-the-2028-republican-presidential-nomination,https://polymarket.com/event/will-vivek-ramaswamy-win-the-2028-republican-presidential-nomination,https://embed.polymarket.com/market.html?market=will-vivek-ramaswamy-win-the-2028-republican-presidential-nomination&features=volume&theme=light,Will Vivek Ramaswamy win the 2028 Republican presidential nomination?,united-states,,24h $70 • spread 0.001 • TTR 830.9d,15975317.026805997,70.24,0.0,0.0,2028-11-07T00:00:00+00:00,830.885,1,0.001,-0.989,0.0105,0,"[{""name"": ""Top"", ""bestBid"": 0.01, ""bestAsk"": 0.011}]"
898418,0xc62b78f7a1b56a4e2cc713a0633fe4cd2a6a5dce6cd3b4eec0bd292a6cbdff71,will-lance-stroll-be-the-2026-f1-drivers-champion,https://polymarket.com/event/will-lance-stroll-be-the-2026-f1-drivers-champion,https://embed.polymarket.com/market.html?market=will-lance-stroll-be-the-2026-f1-drivers-champion&features=volume&theme=light,Will Lance Stroll be the 2026 F1 Drivers' Champion?,sports,,TTR 128.9d,11729206.635504646,,0.0,0.0,2026-12-06T00:00:00+00:00,128.885,1,,-0.999,,0,"[{""name"": ""Top"", ""bestBid"": null, ""bestAsk"": 0.001}]"
898423,0x88d573d2ba5e43e1320cf0eb733452feb4cb4a1d4780dcb05ac6ee6830c2e4c3,will-pierre-gasly-be-the-2026-f1-drivers-champion,https://polymarket.com/event/will-pierre-gasly-be-the-2026-f1-drivers-champion,https://embed.polymarket.com/market.html?market=will-pierre-gasly-be-the-2026-f1-drivers-champion&features=volume&theme=light,Will Pierre Gasly be the 2026 F1 Drivers' Champion?,sports,,TTR 128.9d,11500585.761431502,,0.0,0.0,2026-12-06T00:00:00+00:00,128.885,1,,-0.999,,0,"[{""name"": ""Top"", ""bestBid"": null, ""bestAsk"": 0.001}]"
561236,0xfd6176f8c9a59105f80e060a77c4099881c5f2d9e0ceab88e55cf978462fab7f,will-gretchen-whitmer-win-the-2028-us-presidential-election,https://polymarket.com/event/will-gretchen-whitmer-win-the-2028-us-presidential-election,https://embed.polymarket.com/market.html?market=will-gretchen-whitmer-win-the-2028-us-presidential-election&features=volume&theme=light,Will Gretchen Whitmer win the 2028 US Presidential Election?,president,,"24h $3,385 • spread 0.001 • TTR 830.9d",15330849.028971007,3385.62,0.0,0.0,2028-11-07T00:00:00+00:00,830.885,1,0.001,-0.992,0.0075,0,"[{""name"": ""Top"", ""bestBid"": 0.007, ""bestAsk"": 0.008}]"
2673621,0xa38f0aba5b78cfc9894826c431dc6c8b16e1dff8bb1f4ff3b9ab51d35e12cd55,will-nvidia-be-the-largest-company-in-the-world-by-market-cap-on-july-31-20260624192329841,https://polymarket.com/event/will-nvidia-be-the-largest-company-in-the-world-by-market-cap-on-july-31-20260624192329841,https://embed.polymarket.com/market.html?market=will-nvidia-be-the-largest-company-in-the-world-by-market-cap-on-july-31-20260624192329841&features=volume&theme=light,Will NVIDIA be the largest company in the world by market cap on July 31?,tech,,"24h $213,627 • spread 0.010 • TTR 1.9d",2498039.3386349995,213627.99,-0.135,-58.6957,2026-07-31T23:59:00+00:00,1.884,1,0.01,-0.9,0.095,0,"[{""name"": ""Top"", ""bestBid"": 0.09, ""bestAsk"": 0.1}]"
559663,0xe883f2fda25a605a184bb5fe583afce6cc21ea0b348b6a3728ec3067553c548d,will-jb-pritzker-win-the-2028-democratic-presidential-nomination-288,https://polymarket.com/event/will-jb-pritzker-win-the-2028-democratic-presidential-nomination-288,https://embed.polymarket.com/market.html?market=will-jb-pritzker-win-the-2028-democratic-presidential-nomination-288&features=volume&theme=light,Will J.B. Pritzker win the 2028 Democratic presidential nomination?,united-states,,"24h $2,213 • spread 0.001 • TTR 830.9d",15217490.941886984,2213.4,0.0,0.0,2028-11-07T00:00:00+00:00,830.885,1,0.001,-0.989,0.0105,0,"[{""name"": ""Top"", ""bestBid"": 0.01, ""bestAsk"": 0.011}]"
561979,0x64d31a2af85518c6718a5757a35b840f08eca20c1e22c0eb1e96ec01cc55b8b6,will-ron-desantis-win-the-2028-republican-presidential-nomination,https://polymarket.com/event/will-ron-desantis-win-the-2028-republican-presidential-nomination,https://embed.polymarket.com/market.html?market=will-ron-desantis-win-the-2028-republican-presidential-nomination&features=volume&theme=light,Will Ron DeSantis win the 2028 Republican presidential nomination?,united-states,,24h $580 • spread 0.001 • TTR 830.9d,15112485.737965008,580.95,0.0,0.0,2028-11-07T00:00:00+00:00,830.885,1,0.001,-0.969,0.0305,0,"[{""name"": ""Top"", ""bestBid"": 0.03, ""bestAsk"": 0.031}]"
898428,0xaf15f055f10713cbd3c7c30cece5c20c4ff00a76e51da59d635bb5160654bd34,will-carlos-sainz-jr-be-the-2026-f1-drivers-champion,https://polymarket.com/event/will-carlos-sainz-jr-be-the-2026-f1-drivers-champion,https://embed.polymarket.com/market.html?market=will-carlos-sainz-jr-be-the-2026-f1-drivers-champion&features=volume&theme=light,Will Carlos Sainz Jr. be the 2026 F1 Drivers' Champion?,sports,,24h $32 • TTR 128.9d,11082250.340266995,32.17,0.0,0.0,2026-12-06T00:00:00+00:00,128.885,1,,-0.999,,0,"[{""name"": ""Top"", ""bestBid"": null, ""bestAsk"": 0.001}]"
1472548,0xaa5cdb6830cbfa2ca711b7cf93bd42cf4f8e062d44ea188c0b8ec1fb2924c083,will-reza-pahlavi-lead-iran-in-2026,https://polymarket.com/event/will-reza-pahlavi-lead-iran-in-2026,https://embed.polymarket.com/market.html?market=will-reza-pahlavi-lead-iran-in-2026&features=volume&theme=light,Will Reza Pahlavi lead Iran in 2026?,iran,,"24h $1,307 • spread 0.002 • TTR 153.9d",11662805.334805006,1307.26,-0.0005,-1.0989,2026-12-31T00:00:00+00:00,153.885,1,0.002,-0.954,0.045,0,"[{""name"": ""Top"", ""bestBid"": 0.044, ""bestAsk"": 0.046}]"
559651,0xa467b14d51f01b957109d9cbb1d6c124fab2a089d52ed8f471d23c2812e743b7,xi-jinping-out-before-2027,https://polymarket.com/event/xi-jinping-out-before-2027,https://embed.polymarket.com/market.html?market=xi-jinping-out-before-2027&features=volume&theme=light,Xi Jinping out before 2027?,hfc,,"24h $12,592 • spread 0.001 • TTR 153.9d",11604541.918739984,12592.56,0.0005,1.087,2026-12-31T00:00:00+00:00,153.885,1,0.001,-0.953,0.0465,0,"[{""name"": ""Top"", ""bestBid"": 0.046, ""bestAsk"": 0.047}]"
601825,0x05297f854d3b757d5e51a1a29c7f225a80b14b2a161d6b7f9a61677da7a80ced,will-renan-santos-win-the-2026-brazilian-presidential-election,https://polymarket.com/event/will-renan-santos-win-the-2026-brazilian-presidential-election,https://embed.polymarket.com/market.html?market=will-renan-santos-win-the-2026-brazilian-presidential-election&features=volume&theme=light,Will Renan Santos win the 2026 Brazilian presidential election?,politics,,"24h $11,264 • spread 0.001 • TTR 65.9d",8591119.700599002,11264.94,0.0,0.0,2026-10-04T00:00:00+00:00,65.885,1,0.001,-0.912,0.0875,0,"[{""name"": ""Top"", ""bestBid"": 0.087, ""bestAsk"": 0.088}]"
561229,0x7ad403c3508f8e3912940fd1a913f227591145ca0614074208e0b962d5fcc422,will-jd-vance-win-the-2028-us-presidential-election,https://polymarket.com/event/will-jd-vance-win-the-2028-us-presidential-election,https://embed.polymarket.com/market.html?market=will-jd-vance-win-the-2028-us-presidential-election&features=volume&theme=light,Will JD Vance win the 2028 US Presidential Election?,president,,"24h $7,673 • spread 0.001 • TTR 830.9d",14937630.285941986,7673.43,0.0,0.0,2028-11-07T00:00:00+00:00,830.885,1,0.001,-0.799,0.2005,0,"[{""name"": ""Top"", ""bestBid"": 0.2, ""bestAsk"": 0.201}]"
898422,0x97b92c6c26b31dc3be183b76b1c39167806611396793eda0edf084d29b76fa46,will-gabriel-bortoleto-be-the-2026-f1-drivers-champion,https://polymarket.com/event/will-gabriel-bortoleto-be-the-2026-f1-drivers-champion,https://embed.polymarket.com/market.html?market=will-gabriel-bortoleto-be-the-2026-f1-drivers-champion&features=volume&theme=light,Will Gabriel Bortoleto be the 2026 F1 Drivers' Champion?,sports,,24h $49 • TTR 128.9d,10915536.218450995,49.79,0.0,0.0,2026-12-06T00:00:00+00:00,128.885,1,,-0.999,,0,"[{""name"": ""Top"", ""bestBid"": null, ""bestAsk"": 0.001}]"
561974,0x18b1c135d0a40c5894da9412e77311827d9caf16cf4cd6591b247a34730af919,will-jd-vance-win-the-2028-republican-presidential-nomination,https://polymarket.com/event/will-jd-vance-win-the-2028-republican-presidential-nomination,https://embed.polymarket.com/market.html?market=will-jd-vance-win-the-2028-republican-presidential-nomination&features=volume&theme=light,Will J.D. Vance win the 2028 Republican presidential nomination?,united-states,,"24h $1,827 • spread 0.001 • TTR 830.9d • ~50% mid",14728441.266687999,1827.13,0.0,0.0,2028-11-07T00:00:00+00:00,830.885,1,0.001,-0.57,0.4295,1,"[{""name"": ""Top"", ""bestBid"": 0.429, ""bestAsk"": 0.43}]"
898425,0xcf72b0f49af9446288a897ac1d73afa72549d98de7860bb17dacc3c4379a2c58,will-liam-lawson-be-the-2026-f1-drivers-champion,https://polymarket.com/event/will-liam-lawson-be-the-2026-f1-drivers-champion,https://embed.polymarket.com/market.html?market=will-liam-lawson-be-the-2026-f1-drivers-champion&features=volume&theme=light,Will Liam Lawson be the 2026 F1 Drivers' Champion?,sports,,24h $47 • TTR 128.9d,10709132.076793998,47.89,0.0,0.0,2026-12-06T00:00:00+00:00,128.885,1,,-0.999,,0,"[{""name"": ""Top"", ""bestBid"": null, ""bestAsk"": 0.001}]"
2730117,0x7d352ec1d718dd1f2d2fdb93d65fd3908cf34755d1aa45a8697a84d2b5ae1e8e,will-wti-reach-95-in-july-2026,https://polymarket.com/event/will-wti-reach-95-in-july-2026,https://embed.polymarket.com/market.html?market=will-wti-reach-95-in-july-2026&features=volume&theme=light,Will WTI Crude Oil (WTI) hit (HIGH) $95 in July?,finance,,"24h $178,426 • spread 0.001 • TTR 2.1d",2372935.2693130006,178426.41,-0.0085,-14.4068,2026-08-01T03:59:59.999000+00:00,2.052,1,0.001,-0.949,0.0505,0,"[{""name"": ""Top"", ""bestBid"": 0.05, ""bestAsk"": 0.051}]"
559669,0x3dc47a72ac6bb265e9cefebd2a2eeed00966394cb2d07245b5c94138b60e82a3,will-rahm-emanuel-win-the-2028-democratic-presidential-nomination-299,https://polymarket.com/event/will-rahm-emanuel-win-the-2028-democratic-presidential-nomination-299,https://embed.polymarket.com/market.html?market=will-rahm-emanuel-win-the-2028-democratic-presidential-nomination-299&features=volume&theme=light,Will Rahm Emanuel win the 2028 Democratic presidential nomination?,united-states,,"24h $6,698 • spread 0.001 • TTR 830.9d",14337124.704974998,6698.22,0.0,0.0,2028-11-07T00:00:00+00:00,830.885,1,0.001,-0.976,0.0235,0,"[{""name"": ""Top"", ""bestBid"": 0.023, ""bestAsk"": 0.024}]"
559653,0xe6bcc2f1dd025ce5e1833190f7c60a71171c94f805df55b9ab0ded695ec93565,will-alexandria-ocasio-cortez-win-the-2028-democratic-presidential-nomination-653,https://polymarket.com/event/will-alexandria-ocasio-cortez-win-the-2028-democratic-presidential-nomination-653,https://embed.polymarket.com/market.html?market=will-alexandria-ocasio-cortez-win-the-2028-democratic-presidential-nomination-653&features=volume&theme=light,Will Alexandria Ocasio-Cortez win the 2028 Democratic presidential nomination?,united-states,,"24h $1,184 • spread 0.001 • TTR 830.9d",14068189.423607007,1184.06,0.0,0.0,2028-11-07T00:00:00+00:00,830.885,1,0.001,-0.873,0.1265,0,"[{""name"": ""Top"", ""bestBid"": 0.126, ""bestAsk"": 0.127}]"
2333782,0x5813dc7ee3feea004711c97bdf27c407c3e943d876432ef50b49b8399eae9f37,israel-withdraws-from-lebanon-by-july-31-2026,https://polymarket.com/event/israel-withdraws-from-lebanon-by-july-31-2026,https://embed.polymarket.com/market.html?market=israel-withdraws-from-lebanon-by-july-31-2026&features=volume&theme=light,"Israel withdraws from Lebanon by July 31, 2026?",geopolitics,,"24h $1,885 • spread 0.001 • TTR 0.9d",2143717.033406,1885.66,-0.001,-40.0,2026-07-31T00:00:00+00:00,0.885,1,0.001,-0.998,0.0015,0,"[{""name"": ""Top"", ""bestBid"": 0.001, ""bestAsk"": 0.002}]"
601831,0x70f1a7d2cd490b640676d5e31470bcbe16fef40087de1af8b6f6e44e299b5784,will-eduardo-leite-win-the-2026-brazilian-presidential-election,https://polymarket.com/event/will-eduardo-leite-win-the-2026-brazilian-presidential-election,https://embed.polymarket.com/market.html?market=will-eduardo-leite-win-the-2026-brazilian-presidential-election&features=volume&theme=light,Will Eduardo Leite win the 2026 Brazilian presidential election?,politics,,TTR 65.9d,7898434.547926779,,0.0,0.0,2026-10-04T00:00:00+00:00,65.885,1,,-0.999,,0,"[{""name"": ""Top"", ""bestBid"": null, ""bestAsk"": 0.001}]"
561253,0xd94b47bdeba16ae948bfb147bda059f3543d6fca73291644dfff5268bba7a797,will-tucker-carlson-win-the-2028-us-presidential-election,https://polymarket.com/event/will-tucker-carlson-win-the-2028-us-presidential-election,https://embed.polymarket.com/market.html?market=will-tucker-carlson-win-the-2028-us-presidential-election&features=volume&theme=light,Will Tucker Carlson win the 2028 US Presidential Election?,president,,"24h $9,469 • spread 0.001 • TTR 830.9d",13661048.038928,9469.49,-0.001,-8.0,2028-11-07T00:00:00+00:00,830.885,1,0.001,-0.988,0.0115,0,"[{""name"": ""Top"", ""bestBid"": 0.011, ""bestAsk"": 0.012}]"
1126504,0x890fc3ba40458db0b67560691aa1597344c2a0560d18e80f586a4b35f510b4ce,will-the-us-acquire-any-part-of-greenland-in-2026,https://polymarket.com/event/will-the-us-acquire-any-part-of-greenland-in-2026,https://embed.polymarket.com/market.html?market=will-the-us-acquire-any-part-of-greenland-in-2026&features=volume&theme=light,Will the US acquire part of Greenland in 2026?,davos,,"24h $37,029 • spread 0.010 • TTR 153.9d",10523065.752805,37029.72,-0.015,-21.4286,2026-12-31T00:00:00+00:00,153.885,1,0.01,-0.94,0.055,0,"[{""name"": ""Top"", ""bestBid"": 0.05, ""bestAsk"": 0.06}]"
561976,0x9cd77217b2ab264fe4f6d302f662c0a91f349fe5798f1f98d70bb2311712791b,will-tulsi-gabbard-win-the-2028-republican-presidential-nomination,https://polymarket.com/event/will-tulsi-gabbard-win-the-2028-republican-presidential-nomination,https://embed.polymarket.com/market.html?market=will-tulsi-gabbard-win-the-2028-republican-presidential-nomination&features=volume&theme=light,Will Tulsi Gabbard win the 2028 Republican presidential nomination?,united-states,,"24h $1,136 • spread 0.001 • TTR 830.9d",13583157.627011,1136.42,-0.001,-15.3846,2028-11-07T00:00:00+00:00,830.885,1,0.001,-0.994,0.0055,0,"[{""name"": ""Top"", ""bestBid"": 0.005, ""bestAsk"": 0.006}]"
561244,0x23481b811978194fa175143ed7cd8d0000878ca59c408fd552e33535f7aa771e,will-donald-trump-jr-win-the-2028-us-presidential-election,https://polymarket.com/event/will-donald-trump-jr-win-the-2028-us-presidential-election,https://embed.polymarket.com/market.html?market=will-donald-trump-jr-win-the-2028-us-presidential-election&features=volume&theme=light,Will Donald Trump Jr. win the 2028 US Presidential Election?,president,,"24h $48,761 • spread 0.001 • TTR 830.9d",13517513.555180008,48761.96,0.0,0.0,2028-11-07T00:00:00+00:00,830.885,1,0.001,-0.989,0.0105,0,"[{""name"": ""Top"", ""bestBid"": 0.01, ""bestAsk"": 0.011}]"
601819,0xdf8e2dc5860027decbe6164555c3c1c9645c3bd33e16b9dc57ca87125047d4a8,will-luiz-incio-lula-da-silva-win-the-2026-brazilian-presidential-election,https://polymarket.com/event/will-luiz-incio-lula-da-silva-win-the-2026-brazilian-presidential-election,https://embed.polymarket.com/market.html?market=will-luiz-incio-lula-da-silva-win-the-2026-brazilian-presidential-election&features=volume&theme=light,Will Luiz Inácio Lula da Silva win the 2026 Brazilian presidential election?,politics,,"24h $45,853 • spread 0.010 • TTR 65.9d",7738135.946693998,45853.98,0.0,0.0,2026-10-04T00:00:00+00:00,65.885,1,0.01,-0.36,0.635,0,"[{""name"": ""Top"", ""bestBid"": 0.63, ""bestAsk"": 0.64}]"
601826,0x1a01bf78f56a507fcb666d564d8c8b91b0750679163ed6e96746102c9b7d285d,will-flvio-bolsonaro-win-the-2026-brazilian-presidential-election,https://polymarket.com/event/will-flvio-bolsonaro-win-the-2026-brazilian-presidential-election,https://embed.polymarket.com/market.html?market=will-flvio-bolsonaro-win-the-2026-brazilian-presidential-election&features=volume&theme=light,Will Flávio Bolsonaro win the 2026 Brazilian presidential election?,politics,,"24h $10,100 • spread 0.001 • TTR 65.9d",7701314.044857998,10100.01,0.0,0.0,2026-10-04T00:00:00+00:00,65.885,1,0.001,-0.76,0.2395,0,"[{""name"": ""Top"", ""bestBid"": 0.239, ""bestAsk"": 0.24}]"
666861,0x48b0b0bca515f68fccf95af4793dbd0edbfec1f8ec6e8df2c0f69ba74f8c4722,trump-out-as-president-before-2027,https://polymarket.com/event/trump-out-as-president-before-2027,https://embed.polymarket.com/market.html?market=trump-out-as-president-before-2027&features=volume&theme=light,Trump out as President before 2027?,politics,,"24h $32,501 • spread 0.010 • TTR 153.9d",10338819.893103998,32501.35,0.0,0.0,2026-12-31T00:00:00+00:00,153.885,1,0.01,-0.92,0.075,0,"[{""name"": ""Top"", ""bestBid"": 0.07, ""bestAsk"": 0.08}]"
2758338,0xe284a52d608552290b056def0a62e1914b3ebe316407504f56f6361fafc68358,will-bitcoin-reach-70k-in-july-2026,https://polymarket.com/event/will-bitcoin-reach-70k-in-july-2026,https://embed.polymarket.com/market.html?market=will-bitcoin-reach-70k-in-july-2026&features=volume&theme=light,"Will Bitcoin reach $70,000 in July?",bitcoin,,"24h $151,562 • spread 0.001 • TTR 2.1d",2174009.505927999,151562.18,-0.0125,-78.125,2026-08-01T04:00:00+00:00,2.052,1,0.001,-0.996,0.0035,0,"[{""name"": ""Top"", ""bestBid"": 0.003, ""bestAsk"": 0.004}]"
2758332,0xc84688e9a008a57f44b4c032f3c5f633fe27cd6478c1c6d7d4a1c9f49067b092,will-bitcoin-reach-100k-in-july-2026,https://polymarket.com/event/will-bitcoin-reach-100k-in-july-2026,https://embed.polymarket.com/market.html?market=will-bitcoin-reach-100k-in-july-2026&features=volume&theme=light,"Will Bitcoin reach $100,000 in July?",bitcoin,,"24h $65,405 • TTR 2.1d",2171719.2375240005,65405.81,0.0,0.0,2026-08-01T04:00:00+00:00,2.052,1,,-0.999,,0,"[{""name"": ""Top"", ""bestBid"": null, ""bestAsk"": 0.001}]"
2952486,0xa6480903e54c68f2ee79cacb7861dfcc9b473e8b07d6dcaf2c9923034a5fb56f,israel-x-iran-ceasefire-continues-through-july-31-20260716224448968-384-155-519-798-243,https://polymarket.com/event/israel-x-iran-ceasefire-continues-through-july-31-20260716224448968-384-155-519-798-243,https://embed.polymarket.com/market.html?market=israel-x-iran-ceasefire-continues-through-july-31-20260716224448968-384-155-519-798-243&features=volume&theme=light,Israel x Iran ceasefire continues through July 31?,iran,,"24h $153,506 • spread 0.020 • TTR 1.9d",2112008.4117700006,153506.88,-0.035,-3.8251,2026-07-31T23:59:00+00:00,1.884,1,0.02,-0.11,0.88,0,"[{""name"": ""Top"", ""bestBid"": 0.87, ""bestAsk"": 0.89}]"
898419,0x0cf91d3955d89ec43b8ac1e918b159fa1a62531f29b26093273c4048337a84d7,will-esteban-ocon-be-the-2026-f1-drivers-champion,https://polymarket.com/event/will-esteban-ocon-be-the-2026-f1-drivers-champion,https://embed.polymarket.com/market.html?market=will-esteban-ocon-be-the-2026-f1-drivers-champion&features=volume&theme=light,Will Esteban Ocon be the 2026 F1 Drivers' Champion?,sports,,"24h $1,091 • TTR 128.9d",9466327.802027995,1091.04,0.0,0.0,2026-12-06T00:00:00+00:00,128.885,1,,-0.999,,0,"[{""name"": ""Top"", ""bestBid"": null, ""bestAsk"": 0.001}]"
559660,0x1d519b87999e3d4e90e1e8f57b5eee73a0ba488ff3fdb70867f294733aba84a9,will-andy-beshear-win-the-2028-democratic-presidential-nomination-832,https://polymarket.com/event/will-andy-beshear-win-the-2028-democratic-presidential-nomination-832,https://embed.polymarket.com/market.html?market=will-andy-beshear-win-the-2028-democratic-presidential-nomination-832&features=volume&theme=light,Will Andy Beshear win the 2028 Democratic presidential nomination?,united-states,,"24h $5,031 • spread 0.001 • TTR 830.9d",12831784.985112999,5031.84,0.0,0.0,2028-11-07T00:00:00+00:00,830.885,1,0.001,-0.974,0.0255,0,"[{""name"": ""Top"", ""bestBid"": 0.025, ""bestAsk"": 0.026}]"
559658,0x909659c9436228e2be56d5582ba6188166f2f8bf3c596335512c8f2e380d01ec,will-kamala-harris-win-the-2028-democratic-presidential-nomination-641,https://polymarket.com/event/will-kamala-harris-win-the-2028-democratic-presidential-nomination-641,https://embed.polymarket.com/market.html?market=will-kamala-harris-win-the-2028-democratic-presidential-nomination-641&features=volume&theme=light,Will Kamala Harris win the 2028 Democratic presidential nomination?,united-states,,"24h $3,208 • spread 0.001 • TTR 830.9d",12806060.025816994,3208.99,-0.001,-1.1561,2028-11-07T00:00:00+00:00,830.885,1,0.001,-0.914,0.0855,0,"[{""name"": ""Top"", ""bestBid"": 0.085, ""bestAsk"": 0.086}]"
898414,0x80971af8befc488bbdd6dcc075d388793851a0ea1c46f7ffd353b190691c7199,will-isack-hadjar-be-the-2026-f1-drivers-champion,https://polymarket.com/event/will-isack-hadjar-be-the-2026-f1-drivers-champion,https://embed.polymarket.com/market.html?market=will-isack-hadjar-be-the-2026-f1-drivers-champion&features=volume&theme=light,Will Isack Hadjar be the 2026 F1 Drivers' Champion?,sports,,TTR 128.9d,9359574.733225277,,0.0,0.0,2026-12-06T00:00:00+00:00,128.885,1,,-0.999,,0,"[{""name"": ""Top"", ""bestBid"": null, ""bestAsk"": 0.001}]"
561231,0xf232b565995e4b3a3e7fa6cef775eeff1cecd20ad7c013cb9fc8dadabfe279a9,will-alexandria-ocasio-cortez-win-the-2028-us-presidential-election,https://polymarket.com/event/will-alexandria-ocasio-cortez-win-the-2028-us-presidential-election,https://embed.polymarket.com/market.html?market=will-alexandria-ocasio-cortez-win-the-2028-us-presidential-election&features=volume&theme=light,Will Alexandria Ocasio-Cortez win the 2028 US Presidential Election?,president,,"24h $1,462 • spread 0.002 • TTR 830.9d",12647198.871894006,1462.25,-0.001,-1.087,2028-11-07T00:00:00+00:00,830.885,1,0.002,-0.908,0.091,0,"[{""name"": ""Top"", ""bestBid"": 0.09, ""bestAsk"": 0.092}]"
2686770,0x3953c85ab5e965cb5b3b4deaa2a5294daa6b1165ff83b586804c04a7abf51a13,iran-full-airspace-closure-by-july-31-20260625195254150-838,https://polymarket.com/event/iran-full-airspace-closure-by-july-31-20260625195254150-838,https://embed.polymarket.com/market.html?market=iran-full-airspace-closure-by-july-31-20260625195254150-838&features=volume&theme=light,Iran full airspace closure by July 31?,iran,,"24h $65,908 • spread 0.005 • TTR 1.9d",2048637.7672869987,65908.67,-0.0085,-12.0567,2026-07-31T23:59:00+00:00,1.884,1,0.005,-0.932,0.0655,0,"[{""name"": ""Top"", ""bestBid"": 0.063, ""bestAsk"": 0.068}]"
2937525,0x5a9395dae6c7643ea06e7a555580a5526e81073aea9c9306363529c5b76a8f8b,us-x-iran-effective-ceasfire-by-july-31-20260715194822045,https://polymarket.com/event/us-x-iran-effective-ceasfire-by-july-31-20260715194822045,https://embed.polymarket.com/market.html?market=us-x-iran-effective-ceasfire-by-july-31-20260715194822045&features=volume&theme=light,US x Iran Effective Ceasefire by July 31?,iran,,"24h $498,596 • spread 0.020 • TTR 1.9d",2040282.0624599992,498596.53,-0.235,-52.809,2026-07-31T23:59:00+00:00,1.884,1,0.02,-0.78,0.21,0,"[{""name"": ""Top"", ""bestBid"": 0.2, ""bestAsk"": 0.22}]"
898417,0x38bb9355fd91f6d7053465caefbbf691bd4a81ec1b08edcca656fc9dde259b14,will-fernando-alonso-be-the-2026-f1-drivers-champion,https://polymarket.com/event/will-fernando-alonso-be-the-2026-f1-drivers-champion,https://embed.polymarket.com/market.html?market=will-fernando-alonso-be-the-2026-f1-drivers-champion&features=volume&theme=light,Will Fernando Alonso be the 2026 F1 Drivers' Champion?,sports,,24h $24 • TTR 128.9d,9130149.376706999,24.8,0.0,0.0,2026-12-06T00:00:00+00:00,128.885,1,,-0.999,,0,"[{""name"": ""Top"", ""bestBid"": null, ""bestAsk"": 0.001}]"
561241,0xefe6300fd8a053cca53df8f1bd536c5f571a136392c0516e7b16e39f1addecb0,will-jb-pritzker-win-the-2028-us-presidential-election,https://polymarket.com/event/will-jb-pritzker-win-the-2028-us-presidential-election,https://embed.polymarket.com/market.html?market=will-jb-pritzker-win-the-2028-us-presidential-election&features=volume&theme=light,Will JB Pritzker win the 2028 US Presidential Election?,president,,24h $767 • spread 0.001 • TTR 830.9d,12402040.070725,767.95,0.0,0.0,2028-11-07T00:00:00+00:00,830.885,1,0.001,-0.994,0.0055,0,"[{""name"": ""Top"", ""bestBid"": 0.005, ""bestAsk"": 0.006}]"
559661,0x74dba1ce1ae9dd535414e85f2d9ab5ea32c0fb1acc9b7130b67e6d91217e24e1,will-jon-ossoff-win-the-2028-democratic-presidential-nomination-885,https://polymarket.com/event/will-jon-ossoff-win-the-2028-democratic-presidential-nomination-885,https://embed.polymarket.com/market.html?market=will-jon-ossoff-win-the-2028-democratic-presidential-nomination-885&features=volume&theme=light,Will Jon Ossoff win the 2028 Democratic presidential nomination?,united-states,,"24h $11,489 • spread 0.001 • TTR 830.9d",12383445.671520006,11489.25,-0.001,-0.7547,2028-11-07T00:00:00+00:00,830.885,1,0.001,-0.868,0.1315,0,"[{""name"": ""Top"", ""bestBid"": 0.131, ""bestAsk"": 0.132}]"
559686,0x8dbf6b51f302fd401065706245c144e93fe209abce183199433d4484b3ed8aff,will-dwayne-the-rock-johnson-win-the-2028-democratic-presidential-nomination,https://polymarket.com/event/will-dwayne-the-rock-johnson-win-the-2028-democratic-presidential-nomination,https://embed.polymarket.com/market.html?market=will-dwayne-the-rock-johnson-win-the-2028-democratic-presidential-nomination&features=volume&theme=light,Will Dwayne 'The Rock' Johnson win the 2028 Democratic presidential nomination?,united-states,,"24h $2,456 • spread 0.001 • TTR 830.9d",12322412.745537998,2456.71,0.0,0.0,2028-11-07T00:00:00+00:00,830.885,1,0.001,-0.988,0.0115,0,"[{""name"": ""Top"", ""bestBid"": 0.011, ""bestAsk"": 0.012}]"
2554361,0x253676d94edd8f3e92060410bec8bca9117890d117d06664d31867db0e396c56,mojtaba-khamenei-seen-in-public-by-july-31-827-659,https://polymarket.com/event/mojtaba-khamenei-seen-in-public-by-july-31-827-659,https://embed.polymarket.com/market.html?market=mojtaba-khamenei-seen-in-public-by-july-31-827-659&features=volume&theme=light,Mojtaba Khamenei seen in public by July 31?,middle-east,,"24h $23,716 • spread 0.001 • TTR 0.9d",1881849.1061580009,23716.58,-0.0005,-8.3333,2026-07-31T00:00:00+00:00,0.885,1,0.001,-0.994,0.0055,0,"[{""name"": ""Top"", ""bestBid"": 0.005, ""bestAsk"": 0.006}]"
540843,0x7b49b9bacb5f435bc10f3b100ff59e2fdd346f7f92a9001881bc9825a0af0f11,will-china-invades-taiwan-before-gta-vi-716-644,https://polymarket.com/event/will-china-invades-taiwan-before-gta-vi-716-644,https://embed.polymarket.com/market.html?market=will-china-invades-taiwan-before-gta-vi-716-644&features=volume&theme=light,Will China invades Taiwan before GTA VI?,pop-culture,,"24h $4,516 • spread 0.010 • TTR 1.4d • ~50% mid",1931547.1823000007,4516.11,0.0,0.0,2026-07-31T12:00:00+00:00,1.385,1,0.01,-0.49,0.505,1,"[{""name"": ""Top"", ""bestBid"": 0.5, ""bestAsk"": 0.51}]"
561246,0x3367d22cd2a673014f1960742afdf8601040a8ad856dc0a98bd1a44ee99504e2,will-ron-desantis-win-the-2028-us-presidential-election,https://polymarket.com/event/will-ron-desantis-win-the-2028-us-presidential-election,https://embed.polymarket.com/market.html?market=will-ron-desantis-win-the-2028-us-presidential-election&features=volume&theme=light,Will Ron DeSantis win the 2028 US Presidential Election?,president,,24h $695 • spread 0.001 • TTR 830.9d,12146923.512650996,695.07,-0.001,-6.0606,2028-11-07T00:00:00+00:00,830.885,1,0.001,-0.984,0.0155,0,"[{""name"": ""Top"", ""bestBid"": 0.015, ""bestAsk"": 0.016}]"
561996,0x4273517fc8141d57ad1528ede46efdceebdb6a4da746d5de5bad216564209a1e,will-tucker-carlson-win-the-2028-republican-presidential-nomination,https://polymarket.com/event/will-tucker-carlson-win-the-2028-republican-presidential-nomination,https://embed.polymarket.com/market.html?market=will-tucker-carlson-win-the-2028-republican-presidential-nomination&features=volume&theme=light,Will Tucker Carlson win the 2028 Republican presidential nomination?,united-states,,"24h $26,723 • spread 0.001 • TTR 830.9d",12032899.654275004,26723.57,-0.0005,-2.9412,2028-11-07T00:00:00+00:00,830.885,1,0.001,-0.983,0.0165,0,"[{""name"": ""Top"", ""bestBid"": 0.016, ""bestAsk"": 0.017}]"
561235,0xe29b33ef5bf351c8a22bfd79f8b58e62649d54ceee6f9735387cef79f52fecae,will-wes-moore-win-the-2028-us-presidential-election,https://polymarket.com/event/will-wes-moore-win-the-2028-us-presidential-election,https://embed.polymarket.com/market.html?market=will-wes-moore-win-the-2028-us-presidential-election&features=volume&theme=light,Will Wes Moore win the 2028 US Presidential Election?,president,,"24h $2,508 • spread 0.001 • TTR 830.9d",11947270.368547998,2508.09,0.0,0.0,2028-11-07T00:00:00+00:00,830.885,1,0.001,-0.991,0.0085,0,"[{""name"": ""Top"", ""bestBid"": 0.008, ""bestAsk"": 0.009}]"
559659,0xe39adea057926dc197fe30a441f57a340b2a232d5a687010f78bba9b6e02620f,will-gretchen-whitmer-win-the-2028-democratic-presidential-nomination-676,https://polymarket.com/event/will-gretchen-whitmer-win-the-2028-democratic-presidential-nomination-676,https://embed.polymarket.com/market.html?market=will-gretchen-whitmer-win-the-2028-democratic-presidential-nomination-676&features=volume&theme=light,Will Gretchen Whitmer win the 2028 Democratic presidential nomination?,united-states,,"24h $2,839 • spread 0.001 • TTR 830.9d",11835549.985235998,2839.87,0.0,0.0,2028-11-07T00:00:00+00:00,830.885,1,0.001,-0.984,0.0155,0,"[{""name"": ""Top"", ""bestBid"": 0.015, ""bestAsk"": 0.016}]"
1105750,0x4197bf7e572f1dd731669d33d05532c6d3b8cba71fb83dc69d789110e39c41b4,will-pete-hegseth-be-the-leader-of-venezuela-end-of-2026,https://polymarket.com/event/will-pete-hegseth-be-the-leader-of-venezuela-end-of-2026,https://embed.polymarket.com/market.html?market=will-pete-hegseth-be-the-leader-of-venezuela-end-of-2026&features=volume&theme=light,Will Pete Hegseth be the leader of Venezuela end of 2026?,trump-machado,,"24h $3,913 • spread 0.001 • TTR 153.9d",9109412.495329998,3913.73,0.0,0.0,2026-12-31T00:00:00+00:00,153.885,1,0.001,-0.998,0.0015,0,"[{""name"": ""Top"", ""bestBid"": 0.001, ""bestAsk"": 0.002}]"
559654,0x4c325469d9b516ef4e6b8f73a81a12607dec075e3c2fd454f91765aaeafc4760,will-pete-buttigieg-win-the-2028-democratic-presidential-nomination-687,https://polymarket.com/event/will-pete-buttigieg-win-the-2028-democratic-presidential-nomination-687,https://embed.polymarket.com/market.html?market=will-pete-buttigieg-win-the-2028-democratic-presidential-nomination-687&features=volume&theme=light,Will Pete Buttigieg win the 2028 Democratic presidential nomination?,united-states,,"24h $6,306 • spread 0.001 • TTR 830.9d",11703827.098650016,6306.29,0.0,0.0,2028-11-07T00:00:00+00:00,830.885,1,0.001,-0.943,0.0565,0,"[{""name"": ""Top"", ""bestBid"": 0.056, ""bestAsk"": 0.057}]"
898421,0xa460c6bcf298f0c8412df5807a1dbb733f83a2bae69a57854f405a6148151258,will-nico-hlkenberg-be-the-2026-f1-drivers-champion,https://polymarket.com/event/will-nico-hlkenberg-be-the-2026-f1-drivers-champion,https://embed.polymarket.com/market.html?market=will-nico-hlkenberg-be-the-2026-f1-drivers-champion&features=volume&theme=light,Will Nico Hülkenberg be the 2026 F1 Drivers' Champion?,sports,,24h $1 • TTR 128.9d,8459607.577715997,1.4,0.0,0.0,2026-12-06T00:00:00+00:00,128.885,1,,-0.999,,0,"[{""name"": ""Top"", ""bestBid"": null, ""bestAsk"": 0.001}]"
561234,0x2053d8515f1b8cbeea4ccdb56e60e89c2617e43a8660d95166b8e71d27865277,will-marco-rubio-win-the-2028-us-presidential-election,https://polymarket.com/event/will-marco-rubio-win-the-2028-us-presidential-election,https://embed.polymarket.com/market.html?market=will-marco-rubio-win-the-2028-us-presidential-election&features=volume&theme=light,Will Marco Rubio win the 2028 US Presidential Election?,president,,"24h $9,764 • spread 0.001 • TTR 830.9d",11431493.642274993,9764.79,-0.001,-0.8032,2028-11-07T00:00:00+00:00,830.885,1,0.001,-0.876,0.1235,0,"[{""name"": ""Top"", ""bestBid"": 0.123, ""bestAsk"": 0.124}]"
601821,0xdd3d104667774208eae2239f576122ecdd1c04ba81cc14d26d22a36b33887977,will-fernando-haddad-win-the-2026-brazilian-presidential-election,https://polymarket.com/event/will-fernando-haddad-win-the-2026-brazilian-presidential-election,https://embed.polymarket.com/market.html?market=will-fernando-haddad-win-the-2026-brazilian-presidential-election&features=volume&theme=light,Will Fernando Haddad win the 2026 Brazilian presidential election?,politics,,"24h $2,815 • spread 0.001 • TTR 65.9d",6380715.499887003,2815.14,0.0,0.0,2026-10-04T00:00:00+00:00,65.885,1,0.001,-0.997,0.0025,0,"[{""name"": ""Top"", ""bestBid"": 0.002, ""bestAsk"": 0.003}]"
559694,0x20d0bc282552ac5ec6f61cd7101cb42a5948cae07e7651bdf40ede1a8b2c5eac,will-ro-khanna-win-the-2028-democratic-presidential-nomination,https://polymarket.com/event/will-ro-khanna-win-the-2028-democratic-presidential-nomination,https://embed.polymarket.com/market.html?market=will-ro-khanna-win-the-2028-democratic-presidential-nomination&features=volume&theme=light,Will Ro Khanna win the 2028 Democratic presidential nomination?,united-states,,24h $395 • spread 0.001 • TTR 830.9d,11082215.253605004,395.06,-0.001,-4.4444,2028-11-07T00:00:00+00:00,830.885,1,0.001,-0.978,0.0215,0,"[{""name"": ""Top"", ""bestBid"": 0.021, ""bestAsk"": 0.022}]"
1130012,0x502a94e5c525766d5ee7f16c6568131ba1b2cbadb69c703af05a6ef00336ed64,will-united-russia-er-gain-the-most-seats-in-the-next-russian-parliamentary-election,https://polymarket.com/event/will-united-russia-er-gain-the-most-seats-in-the-next-russian-parliamentary-election,https://embed.polymarket.com/market.html?market=will-united-russia-er-gain-the-most-seats-in-the-next-russian-parliamentary-election&features=volume&theme=light,Will United Russia (ER) gain the most seats in the next Russian parliamentary election?,politics,,"24h $25,020 • spread 0.010 • TTR 61.9d • ~50% mid",6025449.637821,25020.26,0.01,1.7391,2026-09-30T00:00:00+00:00,61.885,1,0.01,-0.41,0.585,1,"[{""name"": ""Top"", ""bestBid"": 0.58, ""bestAsk"": 0.59}]"
561259,0xb314f5dbf75919a34d4997e8b22e6793505e3377a690eaa11a75a2547e926bee,will-ro-khanna-win-the-2028-us-presidential-election,https://polymarket.com/event/will-ro-khanna-win-the-2028-us-presidential-election,https://embed.polymarket.com/market.html?market=will-ro-khanna-win-the-2028-us-presidential-election&features=volume&theme=light,Will Ro Khanna win the 2028 US Presidential Election?,president,,"24h $1,686 • spread 0.001 • TTR 830.9d",10535527.935008997,1686.94,0.0,0.0,2028-11-07T00:00:00+00:00,830.885,1,0.001,-0.989,0.0105,0,"[{""name"": ""Top"", ""bestBid"": 0.01, ""bestAsk"": 0.011}]"
561258,0xa9549c44687993a9a154347c6907092341459b927efaa3f2b49009ca2c4e40a1,will-jamie-dimon-win-the-2028-us-presidential-election,https://polymarket.com/event/will-jamie-dimon-win-the-2028-us-presidential-election,https://embed.polymarket.com/market.html?market=will-jamie-dimon-win-the-2028-us-presidential-election&features=volume&theme=light,Will Jamie Dimon win the 2028 US Presidential Election?,president,,"24h $1,296 • spread 0.001 • TTR 830.9d",10515647.821706003,1296.87,0.0,0.0,2028-11-07T00:00:00+00:00,830.885,1,0.001,-0.993,0.0065,0,"[{""name"": ""Top"", ""bestBid"": 0.006, ""bestAsk"": 0.007}]"
2677862,0x21c77725363b6717538157cf5ce5cf9c69571120870d6def4233257566e07db4,will-wti-reach-100-in-july-2026-928,https://polymarket.com/event/will-wti-reach-100-in-july-2026-928,https://embed.polymarket.com/market.html?market=will-wti-reach-100-in-july-2026-928&features=volume&theme=light,Will WTI Crude Oil (WTI) hit (HIGH) $100 in July?,finance,,"24h $156,439 • spread 0.002 • TTR 2.1d",1725931.7061139992,156439.51,-0.0225,-71.4286,2026-08-01T03:59:59.999000+00:00,2.052,1,0.002,-0.99,0.009,0,"[{""name"": ""Top"", ""bestBid"": 0.008, ""bestAsk"": 0.01}]"
2646850,0xb838caec0354e09985f2c228c54ba190cb284f390beda5ffd58d163ba00648ec,us-x-iran-diplomatic-meeting-by-july-31-2026-20260622191708361,https://polymarket.com/event/us-x-iran-diplomatic-meeting-by-july-31-2026-20260622191708361,https://embed.polymarket.com/market.html?market=us-x-iran-diplomatic-meeting-by-july-31-2026-20260622191708361&features=volume&theme=light,"US x Iran diplomatic meeting by July 31, 2026?",iran,,"24h $29,679 • spread 0.004 • TTR 1.9d",1693807.8578579999,29679.97,-0.0095,-57.5758,2026-07-31T23:59:00+00:00,1.884,1,0.004,-0.991,0.007,0,"[{""name"": ""Top"", ""bestBid"": 0.005, ""bestAsk"": 0.009}]"
694936,0x733a3bb1f78a42bdf60092866ceb931664fb1dae1d66d3a6d2cf7b72cec96400,will-nebius-group-be-acquired-before-2027-514-765,https://polymarket.com/event/will-nebius-group-be-acquired-before-2027-514-765,https://embed.polymarket.com/market.html?market=will-nebius-group-be-acquired-before-2027-514-765&features=volume&theme=light,Will Nebius Group be acquired before 2027?,business,,24h $5 • spread 0.010 • TTR 153.9d,7944862.741330001,5.76,0.0,0.0,2026-12-31T00:00:00+00:00,153.885,1,0.01,-0.85,0.145,0,"[{""name"": ""Top"", ""bestBid"": 0.14, ""bestAsk"": 0.15}]"
559695,0xb91be12388b3d4079c3ed9b5783cb42d8c33051d37746a49300227e0f45fc089,will-james-talarico-win-the-2028-democratic-presidential-nomination,https://polymarket.com/event/will-james-talarico-win-the-2028-democratic-presidential-nomination,https://embed.polymarket.com/market.html?market=will-james-talarico-win-the-2028-democratic-presidential-nomination&features=volume&theme=light,Will James Talarico win the 2028 Democratic presidential nomination?,united-states,,"24h $1,411 • spread 0.001 • TTR 830.9d",10190074.770713998,1411.52,0.0,0.0,2028-11-07T00:00:00+00:00,830.885,1,0.001,-0.988,0.0115,0,"[{""name"": ""Top"", ""bestBid"": 0.011, ""bestAsk"": 0.012}]"
561980,0xd7a0d72b19ca48b06b0029684677f581e32f133c367d7a19c2f1e4ad07066af7,will-nikki-haley-win-the-2028-republican-presidential-nomination,https://polymarket.com/event/will-nikki-haley-win-the-2028-republican-presidential-nomination,https://embed.polymarket.com/market.html?market=will-nikki-haley-win-the-2028-republican-presidential-nomination&features=volume&theme=light,Will Nikki Haley win the 2028 Republican presidential nomination?,united-states,,24h $365 • spread 0.001 • TTR 830.9d,10168718.922331003,365.74,0.0,0.0,2028-11-07T00:00:00+00:00,830.885,1,0.001,-0.996,0.0035,0,"[{""name"": ""Top"", ""bestBid"": 0.003, ""bestAsk"": 0.004}]"
2758343,0x2be031440c5a571cd4fc3e05e2478d98aee41c7a44d10d3c5e6a24e38b30fabb,will-bitcoin-dip-to-57pt5k-in-july-2026-618,https://polymarket.com/event/will-bitcoin-dip-to-57pt5k-in-july-2026-618,https://embed.polymarket.com/market.html?market=will-bitcoin-dip-to-57pt5k-in-july-2026-618&features=volume&theme=light,"Will Bitcoin dip to $57,500 in July?",bitcoin,,"24h $202,848 • spread 0.002 • TTR 2.1d",1655022.9082539994,202848.04,-0.02,-68.9655,2026-08-01T04:00:00+00:00,2.052,1,0.002,-0.99,0.009,0,"[{""name"": ""Top"", ""bestBid"": 0.008, ""bestAsk"": 0.01}]"
561975,0x21ad31a46bfaa51650766eff6dc69c866959e32d965ffb116020e37694b6317d,will-marco-rubio-win-the-2028-republican-presidential-nomination,https://polymarket.com/event/will-marco-rubio-win-the-2028-republican-presidential-nomination,https://embed.polymarket.com/market.html?market=will-marco-rubio-win-the-2028-republican-presidential-nomination&features=volume&theme=light,Will Marco Rubio win the 2028 Republican presidential nomination?,united-states,,"24h $4,613 • spread 0.001 • TTR 830.9d",10003520.022082001,4613.27,0.001,0.3711,2028-11-07T00:00:00+00:00,830.885,1,0.001,-0.729,0.2705,0,"[{""name"": ""Top"", ""bestBid"": 0.27, ""bestAsk"": 0.271}]"
2774056,0x60c2c085ee8c16bc8f2419739a94971d4c9d00f637ead10fc0f540afa1be64e8,strait-of-hormuz-traffic-returns-to-normal-by-august-31-20260702154212320,https://polymarket.com/event/strait-of-hormuz-traffic-returns-to-normal-by-august-31-20260702154212320,https://embed.polymarket.com/market.html?market=strait-of-hormuz-traffic-returns-to-normal-by-august-31-20260702154212320&features=volume&theme=light,Strait of Hormuz traffic returns to normal by August 31?,oil,,"24h $310,848 • spread 0.010 • TTR 31.9d",4025472.0659069987,310848.81,-0.03,-26.087,2026-08-31T00:00:00+00:00,31.885,1,0.01,-0.91,0.085,0,"[{""name"": ""Top"", ""bestBid"": 0.08, ""bestAsk"": 0.09}]"
562006,0xca68152902c3581ab42feb04921b8b1cd3c4e80d06f255ae077259fca0bba15c,will-eric-trump-win-the-2028-republican-presidential-nomination,https://polymarket.com/event/will-eric-trump-win-the-2028-republican-presidential-nomination,https://embed.polymarket.com/market.html?market=will-eric-trump-win-the-2028-republican-presidential-nomination&features=volume&theme=light,Will Eric Trump win the 2028 Republican presidential nomination?,united-states,,24h $398 • spread 0.001 • TTR 830.9d,9897261.034046996,398.85,0.0,0.0,2028-11-07T00:00:00+00:00,830.885,1,0.001,-0.995,0.0045,0,"[{""name"": ""Top"", ""bestBid"": 0.004, ""bestAsk"": 0.005}]"
561978,0x4a9d58d4da874e26708f5bdb014eb07a06aeebb927068d169d43831595386557,will-donald-trump-jr-win-the-2028-republican-presidential-nomination,https://polymarket.com/event/will-donald-trump-jr-win-the-2028-republican-presidential-nomination,https://embed.polymarket.com/market.html?market=will-donald-trump-jr-win-the-2028-republican-presidential-nomination&features=volume&theme=light,Will Donald Trump Jr. win the 2028 Republican presidential nomination?,united-states,,"24h $3,364 • spread 0.001 • TTR 830.9d",9450579.499817995,3364.98,-0.001,-7.4074,2028-11-07T00:00:00+00:00,830.885,1,0.001,-0.987,0.0125,0,"[{""name"": ""Top"", ""bestBid"": 0.012, ""bestAsk"": 0.013}]"
559655,0xd65891729ce093cc12236856837eba1a0872fc7998fd4294c21346f7db68079c,will-josh-shapiro-win-the-2028-democratic-presidential-nomination-977,https://polymarket.com/event/will-josh-shapiro-win-the-2028-democratic-presidential-nomination-977,https://embed.polymarket.com/market.html?market=will-josh-shapiro-win-the-2028-democratic-presidential-nomination-977&features=volume&theme=light,Will Josh Shapiro win the 2028 Democratic presidential nomination?,united-states,,24h $935 • spread 0.001 • TTR 830.9d,9378639.408312993,935.99,0.0,0.0,2028-11-07T00:00:00+00:00,830.885,1,0.001,-0.951,0.0485,0,"[{""name"": ""Top"", ""bestBid"": 0.048, ""bestAsk"": 0.049}]"
561973,0x895e01dbf3e6a33cd9a44ca0f8cdb5df1bd2b0b6ebed5300d28f8da7145145e4,will-donald-trump-win-the-2028-republican-presidential-nomination,https://polymarket.com/event/will-donald-trump-win-the-2028-republican-presidential-nomination,https://embed.polymarket.com/market.html?market=will-donald-trump-win-the-2028-republican-presidential-nomination&features=volume&theme=light,Will Donald Trump win the 2028 Republican presidential nomination?,united-states,,"24h $5,598 • spread 0.002 • TTR 830.9d",9347917.427758,5598.3,-0.0005,-2.2222,2028-11-07T00:00:00+00:00,830.885,1,0.002,-0.977,0.022,0,"[{""name"": ""Top"", ""bestBid"": 0.021, ""bestAsk"": 0.023}]"
601820,0x63d8f3a34c90bd5342dda8acf62b6a898dfa52f86475efaf180b66493ef6af80,will-jair-bolsonaro-win-the-2026-brazilian-presidential-election,https://polymarket.com/event/will-jair-bolsonaro-win-the-2026-brazilian-presidential-election,https://embed.polymarket.com/market.html?market=will-jair-bolsonaro-win-the-2026-brazilian-presidential-election&features=volume&theme=light,Will Jair Bolsonaro win the 2026 Brazilian presidential election?,politics,,"24h $1,331 • spread 0.001 • TTR 65.9d",5261566.773633998,1331.37,0.0,0.0,2026-10-04T00:00:00+00:00,65.885,1,0.001,-0.989,0.0105,0,"[{""name"": ""Top"", ""bestBid"": 0.01, ""bestAsk"": 0.011}]"
561243,0xce9a5fa30fe74e323b4a8f15afbb0b7a41a537aa880779ddf7dee22223b2f34a,will-donald-trump-win-the-2028-us-presidential-election,https://polymarket.com/event/will-donald-trump-win-the-2028-us-presidential-election,https://embed.polymarket.com/market.html?market=will-donald-trump-win-the-2028-us-presidential-election&features=volume&theme=light,Will Donald Trump win the 2028 US Presidential Election?,president,,"24h $8,814 • spread 0.001 • TTR 830.9d",9167969.936367998,8814.29,0.0,0.0,2028-11-07T00:00:00+00:00,830.885,1,0.001,-0.98,0.0195,0,"[{""name"": ""Top"", ""bestBid"": 0.019, ""bestAsk"": 0.02}]"
601827,0xbca3d70ec52a5a441ccc365a3b1b48b9cd0f08dfff4bc5871e2cd92d0d92caa1,will-ronaldo-caiado-win-the-2026-brazilian-presidential-election,https://polymarket.com/event/will-ronaldo-caiado-win-the-2026-brazilian-presidential-election,https://embed.polymarket.com/market.html?market=will-ronaldo-caiado-win-the-2026-brazilian-presidential-election&features=volume&theme=light,Will Ronaldo Caiado win the 2026 Brazilian presidential election?,politics,,"24h $9,104 • spread 0.001 • TTR 65.9d",5197829.667635,9104.91,0.001,5.1282,2026-10-04T00:00:00+00:00,65.885,1,0.001,-0.979,0.0205,0,"[{""name"": ""Top"", ""bestBid"": 0.02, ""bestAsk"": 0.021}]"
2758337,0x38903ef70b7d9ee41ea22ef2aec6287e4e6c77ec8702ca741e37d5c5df090a4d,will-bitcoin-reach-72pt5k-in-july-2026,https://polymarket.com/event/will-bitcoin-reach-72pt5k-in-july-2026,https://embed.polymarket.com/market.html?market=will-bitcoin-reach-72pt5k-in-july-2026&features=volume&theme=light,"Will Bitcoin reach $72,500 in July?",bitcoin,,"24h $70,772 • spread 0.001 • TTR 2.1d",1493587.8045759995,70772.47,-0.001,-40.0,2026-08-01T04:00:00+00:00,2.052,1,0.001,-0.998,0.0015,0,"[{""name"": ""Top"", ""bestBid"": 0.001, ""bestAsk"": 0.002}]"
898409,0x6eec2b6b1c8d62aaacda46471e8caf7320f4ea9235f5ee87cba970a32a4e6985,will-lando-norris-be-the-2026-f1-drivers-champion,https://polymarket.com/event/will-lando-norris-be-the-2026-f1-drivers-champion,https://embed.polymarket.com/market.html?market=will-lando-norris-be-the-2026-f1-drivers-champion&features=volume&theme=light,Will Lando Norris be the 2026 F1 Drivers' Champion?,sports,,24h $616 • spread 0.001 • TTR 128.9d,6606596.998533002,616.33,-0.0015,-3.9474,2026-12-06T00:00:00+00:00,128.885,1,0.001,-0.963,0.0365,0,"[{""name"": ""Top"", ""bestBid"": 0.036, ""bestAsk"": 0.037}]"
2758336,0x5523e3b9895124788b2bed38f4b6be72c3f41cd2d2ee4354d93b26a3f533eaf6,will-bitcoin-reach-75k-in-july-2026,https://polymarket.com/event/will-bitcoin-reach-75k-in-july-2026,https://embed.polymarket.com/market.html?market=will-bitcoin-reach-75k-in-july-2026&features=volume&theme=light,"Will Bitcoin reach $75,000 in July?",bitcoin,,"24h $65,681 • spread 0.001 • TTR 2.1d",1470671.0158360007,65681.31,0.0,0.0,2026-08-01T04:00:00+00:00,2.052,1,0.001,-0.998,0.0015,0,"[{""name"": ""Top"", ""bestBid"": 0.001, ""bestAsk"": 0.002}]"
2730676,0x0d3ad3afe0e01075d00e6869a09f1982742fba950b4cae8fff452b282b5a80fc,iran-leadership-change-by-july-31-20260629143932628,https://polymarket.com/event/iran-leadership-change-by-july-31-20260629143932628,https://embed.polymarket.com/market.html?market=iran-leadership-change-by-july-31-20260629143932628&features=volume&theme=light,Iran leadership change by July 31?,politics,,"24h $39,999 • spread 0.002 • TTR 0.9d",1351686.9924090002,39999.56,-0.0025,-38.4615,2026-07-31T00:00:00+00:00,0.885,1,0.002,-0.995,0.004,0,"[{""name"": ""Top"", ""bestBid"": 0.003, ""bestAsk"": 0.005}]"
601830,0xd0536d9612e041312235baceac52bde48821e8aad4607533513b3782904b7d49,will-geraldo-alckmin-win-the-2026-brazilian-presidential-election,https://polymarket.com/event/will-geraldo-alckmin-win-the-2026-brazilian-presidential-election,https://embed.polymarket.com/market.html?market=will-geraldo-alckmin-win-the-2026-brazilian-presidential-election&features=volume&theme=light,Will Geraldo Alckmin win the 2026 Brazilian presidential election?,politics,,"24h $1,433 • spread 0.001 • TTR 65.9d",4942606.620743001,1433.01,0.0,0.0,2026-10-04T00:00:00+00:00,65.885,1,0.001,-0.996,0.0035,0,"[{""name"": ""Top"", ""bestBid"": 0.003, ""bestAsk"": 0.004}]"
616902,0xd4e77ba6f29fc093509d24f508631abd445ecf506bbdc9c4c80e60256a318527,will-no-fed-rate-cuts-happen-in-2026,https://polymarket.com/event/will-no-fed-rate-cuts-happen-in-2026,https://embed.polymarket.com/market.html?market=will-no-fed-rate-cuts-happen-in-2026&features=volume&theme=light,Will no Fed rate cuts happen in 2026?,rewards-200-4pt5-50,,"24h $115,155 • spread 0.001 • TTR 153.9d",6666115.174585997,115155.03,0.0365,4.284,2026-12-31T00:00:00+00:00,153.885,1,0.001,-0.111,0.8885,0,"[{""name"": ""Top"", ""bestBid"": 0.888, ""bestAsk"": 0.889}]"
562008,0x5f3b3456b2d6ef0d6f15d7492162725057be78d738d2465456e2835f1d89046c,will-pete-hegseth-win-the-2028-republican-presidential-nomination,https://polymarket.com/event/will-pete-hegseth-win-the-2028-republican-presidential-nomination,https://embed.polymarket.com/market.html?market=will-pete-hegseth-win-the-2028-republican-presidential-nomination&features=volume&theme=light,Will Pete Hegseth win the 2028 Republican presidential nomination?,united-states,,24h $252 • spread 0.001 • TTR 830.9d,8611041.518681003,252.08,0.0,0.0,2028-11-07T00:00:00+00:00,830.885,1,0.001,-0.996,0.0035,0,"[{""name"": ""Top"", ""bestBid"": 0.003, ""bestAsk"": 0.004}]"
561239,0xb3298af85e00aafad937c119444a5f2800a55343b7482eb75581f6e454432501,will-kamala-harris-win-the-2028-us-presidential-election,https://polymarket.com/event/will-kamala-harris-win-the-2028-us-presidential-election,https://embed.polymarket.com/market.html?market=will-kamala-harris-win-the-2028-us-presidential-election&features=volume&theme=light,Will Kamala Harris win the 2028 US Presidential Election?,president,,"24h $3,668 • spread 0.001 • TTR 830.9d",8538858.695263,3668.86,0.0,0.0,2028-11-07T00:00:00+00:00,830.885,1,0.001,-0.951,0.0485,0,"[{""name"": ""Top"", ""bestBid"": 0.048, ""bestAsk"": 0.049}]"
561977,0xd0c4c60c8e68ee15974df3aa7d217225e98020fab9fcdb32d10f8e3d285e1619,will-glenn-youngkin-win-the-2028-republican-presidential-nomination,https://polymarket.com/event/will-glenn-youngkin-win-the-2028-republican-presidential-nomination,https://embed.polymarket.com/market.html?market=will-glenn-youngkin-win-the-2028-republican-presidential-nomination&features=volume&theme=light,Will Glenn Youngkin win the 2028 Republican presidential nomination?,united-states,,24h $925 • spread 0.001 • TTR 830.9d,8525770.811153002,925.25,0.0,0.0,2028-11-07T00:00:00+00:00,830.885,1,0.001,-0.989,0.0105,0,"[{""name"": ""Top"", ""bestBid"": 0.01, ""bestAsk"": 0.011}]"
601832,0xafd3f96b7b6084509e625270538ff0699003fafc042263c1216e7f084cef753a,will-aldo-rebelo-win-the-2026-brazilian-presidential-election,https://polymarket.com/event/will-aldo-rebelo-win-the-2026-brazilian-presidential-election,https://embed.polymarket.com/market.html?market=will-aldo-rebelo-win-the-2026-brazilian-presidential-election&features=volume&theme=light,Will Aldo Rebelo win the 2026 Brazilian presidential election?,politics,,24h $5 • TTR 65.9d,4866630.444043,5.4,0.0,0.0,2026-10-04T00:00:00+00:00,65.885,1,,-0.999,,0,"[{""name"": ""Top"", ""bestBid"": null, ""bestAsk"": 0.001}]"
562007,0xf2cb33c6634ee4676b642e728715c68441fb8d8c90f730ba0b5c3cd1f436a4be,will-joe-kent-win-the-2028-republican-presidential-nomination,https://polymarket.com/event/will-joe-kent-win-the-2028-republican-presidential-nomination,https://embed.polymarket.com/market.html?market=will-joe-kent-win-the-2028-republican-presidential-nomination&features=volume&theme=light,Will Joe Kent win the 2028 Republican presidential nomination?,united-states,,24h $196 • spread 0.001 • TTR 830.9d,8451395.162166998,196.93,0.0,0.0,2028-11-07T00:00:00+00:00,830.885,1,0.001,-0.995,0.0045,0,"[{""name"": ""Top"", ""bestBid"": 0.004, ""bestAsk"": 0.005}]"
561264,0xea649be6ea3447f3c145a173883c68a89faf4edda1f85109b76baa93b3ee7a87,will-pete-hegseth-win-the-2028-us-presidential-election,https://polymarket.com/event/will-pete-hegseth-win-the-2028-us-presidential-election,https://embed.polymarket.com/market.html?market=will-pete-hegseth-win-the-2028-us-presidential-election&features=volume&theme=light,Will Pete Hegseth win the 2028 US Presidential Election?,president,,24h $795 • spread 0.001 • TTR 830.9d,8437685.898429,795.57,0.0,0.0,2028-11-07T00:00:00+00:00,830.885,1,0.001,-0.995,0.0045,0,"[{""name"": ""Top"", ""bestBid"": 0.004, ""bestAsk"": 0.005}]"
716942,0x1d916047bbca1be9808076a0590c17ff113fb92986a4b4bc7f0f962642158827,will-there-be-at-least-10000-measles-cases-in-the-us-in-2026-418-668-617-245,https://polymarket.com/event/will-there-be-at-least-10000-measles-cases-in-the-us-in-2026-418-668-617-245,https://embed.polymarket.com/market.html?market=will-there-be-at-least-10000-measles-cases-in-the-us-in-2026-418-668-617-245&features=volume&theme=light,Will there be at least 10000 measles cases in the U.S. in 2026?,rewards-20-4pt5-50,,24h $494 • spread 0.026 • TTR 153.9d,6513217.587935997,494.23,-0.006,-9.375,2026-12-31T00:00:00+00:00,153.885,1,0.026,-0.929,0.058,0,"[{""name"": ""Top"", ""bestBid"": 0.045, ""bestAsk"": 0.071}]"
898410,0x1c373746c204f7437cb212d2bcfbc5fdf0f0263ae9b470dd92c676d4c2c5ba03,will-oscar-piastri-be-the-2026-f1-drivers-champion,https://polymarket.com/event/will-oscar-piastri-be-the-2026-f1-drivers-champion,https://embed.polymarket.com/market.html?market=will-oscar-piastri-be-the-2026-f1-drivers-champion&features=volume&theme=light,Will Oscar Piastri be the 2026 F1 Drivers' Champion?,sports,,"24h $2,306 • spread 0.001 • TTR 128.9d",6144802.153525999,2306.19,0.0,0.0,2026-12-06T00:00:00+00:00,128.885,1,0.001,-0.995,0.0045,0,"[{""name"": ""Top"", ""bestBid"": 0.004, ""bestAsk"": 0.005}]"
2911873,0x8240c24b4ac5c954241ee6a10cffc627abf676d88b9d7de5b034c2f7c060b00a,bab-el-mandeb-strait-effectively-closed-by-july-31,https://polymarket.com/event/bab-el-mandeb-strait-effectively-closed-by-july-31,https://embed.polymarket.com/market.html?market=bab-el-mandeb-strait-effectively-closed-by-july-31&features=volume&theme=light,Bab el-Mandeb Strait effectively closed by July 31?,politics,,"24h $31,467 • spread 0.001 • TTR 0.9d",1278555.6147139997,31467.42,-0.003,-66.6667,2026-07-31T00:00:00+00:00,0.885,1,0.001,-0.998,0.0015,0,"[{""name"": ""Top"", ""bestBid"": 0.001, ""bestAsk"": 0.002}]"
559693,0x98933c78b5e277b62d91a6c174b412218de000b54c4c67ec8673bf561cec6e81,will-ruben-gallego-win-the-2028-democratic-presidential-nomination,https://polymarket.com/event/will-ruben-gallego-win-the-2028-democratic-presidential-nomination,https://embed.polymarket.com/market.html?market=will-ruben-gallego-win-the-2028-democratic-presidential-nomination&features=volume&theme=light,Will Ruben Gallego win the 2028 Democratic presidential nomination?,united-states,,"24h $2,884 • spread 0.001 • TTR 830.9d",8276047.893293997,2884.26,0.0,0.0,2028-11-07T00:00:00+00:00,830.885,1,0.001,-0.995,0.0045,0,"[{""name"": ""Top"", ""bestBid"": 0.004, ""bestAsk"": 0.005}]"
2633427,0x61dcae8107169382527c8dac1fcd0e214b4b4267b65d0e6fd4872736d373f360,us-iran-final-nuclear-deal-by-july-31-2026-20260621201255151,https://polymarket.com/event/us-iran-final-nuclear-deal-by-july-31-2026-20260621201255151,https://embed.polymarket.com/market.html?market=us-iran-final-nuclear-deal-by-july-31-2026-20260621201255151&features=volume&theme=light,"US-Iran Final Nuclear Deal by July 31, 2026?",iran,,"24h $29,637 • spread 0.001 • TTR 1.9d",1350843.8459250003,29637.25,-0.001,-40.0,2026-07-31T23:59:00+00:00,1.884,1,0.001,-0.998,0.0015,0,"[{""name"": ""Top"", ""bestBid"": 0.001, ""bestAsk"": 0.002}]"
561998,0x4f02b9cf70e514964fcb9aa2f7873d2b0d1aa0986da096cce7e6687e78da00f3,will-ivanka-trump-win-the-2028-republican-presidential-nomination,https://polymarket.com/event/will-ivanka-trump-win-the-2028-republican-presidential-nomination,https://embed.polymarket.com/market.html?market=will-ivanka-trump-win-the-2028-republican-presidential-nomination&features=volume&theme=light,Will Ivanka Trump win the 2028 Republican presidential nomination?,united-states,,"24h $2,850 • spread 0.001 • TTR 830.9d",8188002.811053999,2850.6,0.0,0.0,2028-11-07T00:00:00+00:00,830.885,1,0.001,-0.991,0.0085,0,"[{""name"": ""Top"", ""bestBid"": 0.008, ""bestAsk"": 0.009}]"
2176270,0x5c79dfde05559b79a9cb9f7c4187e4d49632dd042572ae676952f812732591cc,strait-of-hormuz-traffic-returns-to-normal-by-december-31,https://polymarket.com/event/strait-of-hormuz-traffic-returns-to-normal-by-december-31,https://embed.polymarket.com/market.html?market=strait-of-hormuz-traffic-returns-to-normal-by-december-31&features=volume&theme=light,Strait of Hormuz traffic returns to normal by December 31?,politics,,"24h $60,109 • spread 0.010 • TTR 153.9d • ~50% mid",6319183.269977001,60109.19,-0.02,-3.6036,2026-12-31T00:00:00+00:00,153.885,1,0.01,-0.46,0.535,1,"[{""name"": ""Top"", ""bestBid"": 0.53, ""bestAsk"": 0.54}]"
561252,0xe2bdf6c18c8ab5ad5d3be5f95dd749e88d1dee7ac7c4dbf5101013a5c055e3df,will-dwayne-the-rock-johnson-win-the-2028-us-presidential-election,https://polymarket.com/event/will-dwayne-the-rock-johnson-win-the-2028-us-presidential-election,https://embed.polymarket.com/market.html?market=will-dwayne-the-rock-johnson-win-the-2028-us-presidential-election&features=volume&theme=light,Will Dwayne 'The Rock' Johnson win the 2028 US Presidential Election?,president,,"24h $6,323 • spread 0.001 • TTR 830.9d",8103829.982331001,6323.36,0.0,0.0,2028-11-07T00:00:00+00:00,830.885,1,0.001,-0.984,0.0155,0,"[{""name"": ""Top"", ""bestBid"": 0.015, ""bestAsk"": 0.016}]"
2535844,0x91a0b4ff72ad76f01abf986e18aa8d226a5172760fffdc3687b78c580692bca2,israel-x-hezbollah-permanent-peace-deal-by-july-31-2026,https://polymarket.com/event/israel-x-hezbollah-permanent-peace-deal-by-july-31-2026,https://embed.polymarket.com/market.html?market=israel-x-hezbollah-permanent-peace-deal-by-july-31-2026&features=volume&theme=light,"Israel x Hezbollah permanent peace deal by July 31, 2026?",geopolitics,,"24h $6,223 • spread 0.001 • TTR 0.9d",1233061.1208560003,6223.8,-0.0005,-25.0,2026-07-31T00:00:00+00:00,0.885,1,0.001,-0.998,0.0015,0,"[{""name"": ""Top"", ""bestBid"": 0.001, ""bestAsk"": 0.002}]"
601828,0x054725b2a7971376f7924a7021221b12acc50fe78d97817824fe411704d5b5a2,will-romeu-zema-win-the-2026-brazilian-presidential-election,https://polymarket.com/event/will-romeu-zema-win-the-2026-brazilian-presidential-election,https://embed.polymarket.com/market.html?market=will-romeu-zema-win-the-2026-brazilian-presidential-election&features=volume&theme=light,Will Romeu Zema win the 2026 Brazilian presidential election?,politics,,"24h $1,095 • spread 0.001 • TTR 65.9d",4566391.353157002,1095.62,0.0005,7.1429,2026-10-04T00:00:00+00:00,65.885,1,0.001,-0.992,0.0075,0,"[{""name"": ""Top"", ""bestBid"": 0.007, ""bestAsk"": 0.008}]"
2817896,0x9acc543deb6148979bcf1433326d3c87058183b444e9dc39bab7bced0252c52a,will-bitcoin-dip-to-60000-in-july-20260706151220612-754,https://polymarket.com/event/will-bitcoin-dip-to-60000-in-july-20260706151220612-754,https://embed.polymarket.com/market.html?market=will-bitcoin-dip-to-60000-in-july-20260706151220612-754&features=volume&theme=light,"Will Bitcoin dip to $60,000 in July?",bitcoin,,"24h $295,616 • spread 0.008 • TTR 2.1d",1309360.407204,295616.28,-0.07,-73.6842,2026-08-01T04:00:00+00:00,2.052,1,0.008,-0.971,0.025,0,"[{""name"": ""Top"", ""bestBid"": 0.021, ""bestAsk"": 0.029}]"
898413,0x696576c9b20d20a71e0acd6f84d215f129fa361ed544b0df14f1ae540d84059f,will-max-verstappen-be-the-2026-f1-drivers-champion,https://polymarket.com/event/will-max-verstappen-be-the-2026-f1-drivers-champion,https://embed.polymarket.com/market.html?market=will-max-verstappen-be-the-2026-f1-drivers-champion&features=volume&theme=light,Will Max Verstappen be the 2026 F1 Drivers' Champion?,sports,,"24h $1,786 • spread 0.001 • TTR 128.9d",5779928.616165998,1786.36,-0.002,-11.4286,2026-12-06T00:00:00+00:00,128.885,1,0.001,-0.984,0.0155,0,"[{""name"": ""Top"", ""bestBid"": 0.015, ""bestAsk"": 0.016}]"
561255,0xc586d15be76278848a26c761c2fcf70f8cebca71815cfab83e656ff5c6ec13a9,will-ivanka-trump-win-the-2028-us-presidential-election,https://polymarket.com/event/will-ivanka-trump-win-the-2028-us-presidential-election,https://embed.polymarket.com/market.html?market=will-ivanka-trump-win-the-2028-us-presidential-election&features=volume&theme=light,Will Ivanka Trump win the 2028 US Presidential Election?,president,,"24h $1,442 • spread 0.002 • TTR 830.9d",7860900.271845,1442.02,0.0,0.0,2028-11-07T00:00:00+00:00,830.885,1,0.002,-0.994,0.005,0,"[{""name"": ""Top"", ""bestBid"": 0.004, ""bestAsk"": 0.006}]"
561232,0x2c03c41e5032364cb7166e842bdd22913f28aa2c837d8432704aa89c338875c8,will-pete-buttigieg-win-the-2028-us-presidential-election,https://polymarket.com/event/will-pete-buttigieg-win-the-2028-us-presidential-election,https://embed.polymarket.com/market.html?market=will-pete-buttigieg-win-the-2028-us-presidential-election&features=volume&theme=light,Will Pete Buttigieg win the 2028 US Presidential Election?,president,,"24h $15,143 • spread 0.001 • TTR 830.9d",7849312.076695001,15143.81,-0.001,-3.9216,2028-11-07T00:00:00+00:00,830.885,1,0.001,-0.975,0.0245,0,"[{""name"": ""Top"", ""bestBid"": 0.024, ""bestAsk"": 0.025}]"
2355354,0xc11f41372087c4d934ae7adb869ff08272b2bcb3e242d4e628330353c130e480,iran-agrees-to-surrender-enriched-uranium-stockpile-by-july-31-2026,https://polymarket.com/event/iran-agrees-to-surrender-enriched-uranium-stockpile-by-july-31-2026,https://embed.polymarket.com/market.html?market=iran-agrees-to-surrender-enriched-uranium-stockpile-by-july-31-2026&features=volume&theme=light,"Iran agrees to surrender enriched uranium stockpile by July 31, 2026?",geopolitics,,"24h $33,230 • spread 0.001 • TTR 0.9d",1205520.5366869997,33230.99,-0.001,-40.0,2026-07-31T00:00:00+00:00,0.885,1,0.001,-0.998,0.0015,0,"[{""name"": ""Top"", ""bestBid"": 0.001, ""bestAsk"": 0.002}]"
559696,0x6685b25cc7c89032efcdf81eb27fdc6bbf04a3e4299bcd99c9f3d62c8471001e,will-graham-platner-win-the-2028-democratic-presidential-nomination,https://polymarket.com/event/will-graham-platner-win-the-2028-democratic-presidential-nomination,https://embed.polymarket.com/market.html?market=will-graham-platner-win-the-2028-democratic-presidential-nomination&features=volume&theme=light,Will Graham Platner win the 2028 Democratic presidential nomination?,united-states,,24h $321 • spread 0.001 • TTR 830.9d,7786838.486994001,321.03,0.0,0.0,2028-11-07T00:00:00+00:00,830.885,1,0.001,-0.996,0.0035,0,"[{""name"": ""Top"", ""bestBid"": 0.003, ""bestAsk"": 0.004}]"
561260,0x32903694997a5c09afee30904970f9fab2a5fb4ec45f572f194341185574f1a4,will-thomas-massie-win-the-2028-us-presidential-election,https://polymarket.com/event/will-thomas-massie-win-the-2028-us-presidential-election,https://embed.polymarket.com/market.html?market=will-thomas-massie-win-the-2028-us-presidential-election&features=volume&theme=light,Will Thomas Massie win the 2028 US Presidential Election?,president,,"24h $1,479 • spread 0.001 • TTR 830.9d",7683380.228208002,1479.4,0.0,0.0,2028-11-07T00:00:00+00:00,830.885,1,0.001,-0.99,0.0095,0,"[{""name"": ""Top"", ""bestBid"": 0.009, ""bestAsk"": 0.01}]"
908713,0x80b3af88cb991980e8da1ce86b9794a0957f96ec98c29319dd7ba65e9744d82b,fed-rate-hike-in-2026,https://polymarket.com/event/fed-rate-hike-in-2026,https://embed.polymarket.com/market.html?market=fed-rate-hike-in-2026&features=volume&theme=light,Fed rate hike in 2026?,cpi-release,,"24h $624,904 • spread 0.010 • TTR 131.9d",5645666.915796999,624904.36,-0.14,-18.543,2026-12-09T00:00:00+00:00,131.885,1,0.01,-0.38,0.615,0,"[{""name"": ""Top"", ""bestBid"": 0.61, ""bestAsk"": 0.62}]"
2430327,0xd2a472c051e1ab231a4feb40322ccdafccff5fe9e4a006381224e10aff0e83ce,will-anthropic-have-the-best-ai-model-at-the-end-of-july-2026,https://polymarket.com/event/will-anthropic-have-the-best-ai-model-at-the-end-of-july-2026,https://embed.polymarket.com/market.html?market=will-anthropic-have-the-best-ai-model-at-the-end-of-july-2026&features=volume&theme=light,Will Anthropic have the best AI model at the end of July 2026?,tech,,"24h $80,046 • spread 0.003 • TTR 0.9d",1164580.9778690003,80046.96,0.0,0.0,2026-07-31T00:00:00+00:00,0.885,1,0.003,-0.002,0.9965,0,"[{""name"": ""Top"", ""bestBid"": 0.995, ""bestAsk"": 0.998}]"
562802,0xd5d9fc47718bd553592d126b1fa5e87183d27f3936975b0c04cc0f2dec1f1bb4,will-the-democratic-party-control-the-house-after-the-2026-midterm-elections,https://polymarket.com/event/will-the-democratic-party-control-the-house-after-the-2026-midterm-elections,https://embed.polymarket.com/market.html?market=will-the-democratic-party-control-the-house-after-the-2026-midterm-elections&features=volume&theme=light,Will the Democratic Party control the House after the 2026 Midterm elections?,parent-for-derivative,,"24h $4,375 • spread 0.010 • TTR 95.9d",4871090.047627,4375.31,0.0,0.0,2026-11-03T00:00:00+00:00,95.885,1,0.01,-0.14,0.855,0,"[{""name"": ""Top"", ""bestBid"": 0.85, ""bestAsk"": 0.86}]"
2633430,0xa1b3158fedfddaf2a0d8b364f6a57ee68146fb6ad458222aa8e02bcf0abbb099,us-iran-final-nuclear-deal-by-august-31-2026-20260621201255154,https://polymarket.com/event/us-iran-final-nuclear-deal-by-august-31-2026-20260621201255154,https://embed.polymarket.com/market.html?market=us-iran-final-nuclear-deal-by-august-31-2026-20260621201255154&features=volume&theme=light,"US-Iran Final Nuclear Deal by August 31, 2026?",iran,,"24h $62,731 • spread 0.010 • TTR 32.9d",3018420.047545,62731.68,-0.01,-15.3846,2026-08-31T23:59:00+00:00,32.884,1,0.01,-0.94,0.055,0,"[{""name"": ""Top"", ""bestBid"": 0.05, ""bestAsk"": 0.06}]"
1105751,0x1dd7704a6d05cca078564bc0bac541261425bc9252acc5634639f5161daf45f9,will-evan-pettus-be-the-leader-of-venezuela-end-of-2026,https://polymarket.com/event/will-evan-pettus-be-the-leader-of-venezuela-end-of-2026,https://embed.polymarket.com/market.html?market=will-evan-pettus-be-the-leader-of-venezuela-end-of-2026&features=volume&theme=light,Will Evan Pettus be the leader of Venezuela end of 2026?,trump-machado,,24h $109 • spread 0.001 • TTR 153.9d,5586280.268313999,109.68,0.0,0.0,2026-12-31T00:00:00+00:00,153.885,1,0.001,-0.998,0.0015,0,"[{""name"": ""Top"", ""bestBid"": 0.001, ""bestAsk"": 0.002}]"
601829,0x101d084cd035070abde58d8a3113b78e11ba68028b0d9e7e38ea7d780797aecc,will-camilo-santana-win-the-2026-brazilian-presidential-election,https://polymarket.com/event/will-camilo-santana-win-the-2026-brazilian-presidential-election,https://embed.polymarket.com/market.html?market=will-camilo-santana-win-the-2026-brazilian-presidential-election&features=volume&theme=light,Will Camilo Santana win the 2026 Brazilian presidential election?,politics,,"24h $9,549 • spread 0.001 • TTR 65.9d",4113812.183272999,9549.33,0.001,28.5714,2026-10-04T00:00:00+00:00,65.885,1,0.001,-0.995,0.0045,0,"[{""name"": ""Top"", ""bestBid"": 0.004, ""bestAsk"": 0.005}]"
628955,0x8d62f20324e9e7f1a3c663ab6aac9a2f6e7adb96c6a69ac2cea7e08a71a7f2ef,will-tom-steyer-win-the-california-governor-election-in-2026,https://polymarket.com/event/will-tom-steyer-win-the-california-governor-election-in-2026,https://embed.polymarket.com/market.html?market=will-tom-steyer-win-the-california-governor-election-in-2026&features=volume&theme=light,Will Tom Steyer win the California Governor Election in 2026?,california-midterm,,24h $301 • TTR 95.9d,4769846.647778999,301.5,0.0,0.0,2026-11-03T00:00:00+00:00,95.885,1,,-0.999,,0,"[{""name"": ""Top"", ""bestBid"": null, ""bestAsk"": 0.001}]"
679049,0x06ea9c02b4c6a2f7f07f78e21411bd367636564edb27c72cd038b556aada1a64,will-mathilde-panot-win-the-2027-french-presidential-election,https://polymarket.com/event/will-mathilde-panot-win-the-2027-french-presidential-election,https://embed.polymarket.com/market.html?market=will-mathilde-panot-win-the-2027-french-presidential-election&features=volume&theme=light,Will Mathilde Panot win the 2027 French presidential election?,french-election,,"24h $3,312 • spread 0.001 • TTR 273.9d",6227142.927722002,3312.42,0.0,0.0,2027-04-30T00:00:00+00:00,273.885,1,0.001,-0.998,0.0015,0,"[{""name"": ""Top"", ""bestBid"": 0.001, ""bestAsk"": 0.002}]"
637002,0x962e5b226a77266ab429029ee04665e8fcfeb10b91af593786ceab871d2e945f,will-donald-trump-win-the-nobel-peace-prize-in-2026-382,https://polymarket.com/event/will-donald-trump-win-the-nobel-peace-prize-in-2026-382,https://embed.polymarket.com/market.html?market=will-donald-trump-win-the-nobel-peace-prize-in-2026-382&features=volume&theme=light,Will Donald Trump win the Nobel Peace Prize in 2026?,awards,,"24h $1,389 • spread 0.001 • TTR 71.9d",4171245.4751199987,1389.5,0.0,0.0,2026-10-10T00:00:00+00:00,71.885,1,0.001,-0.966,0.0335,0,"[{""name"": ""Top"", ""bestBid"": 0.033, ""bestAsk"": 0.034}]"
898415,0xe0711866c51f7d0c43284f43e3ae34125e462e909e16bf685718df7610e6a1e7,will-charles-leclerc-be-the-2026-f1-drivers-champion,https://polymarket.com/event/will-charles-leclerc-be-the-2026-f1-drivers-champion,https://embed.polymarket.com/market.html?market=will-charles-leclerc-be-the-2026-f1-drivers-champion&features=volume&theme=light,Will Charles Leclerc be the 2026 F1 Drivers' Champion?,sports,,24h $297 • spread 0.001 • TTR 128.9d,5150070.843552001,297.65,0.0,0.0,2026-12-06T00:00:00+00:00,128.885,1,0.001,-0.969,0.0305,0,"[{""name"": ""Top"", ""bestBid"": 0.03, ""bestAsk"": 0.031}]"
898416,0x2cefe6009ea518f77b8a82714e54c0af1d0f25e99b37d4861f4a5d3ebbf142d3,will-lewis-hamilton-be-the-2026-f1-drivers-champion,https://polymarket.com/event/will-lewis-hamilton-be-the-2026-f1-drivers-champion,https://embed.polymarket.com/market.html?market=will-lewis-hamilton-be-the-2026-f1-drivers-champion&features=volume&theme=light,Will Lewis Hamilton be the 2026 F1 Drivers' Champion?,sports,,"24h $2,247 • spread 0.001 • TTR 128.9d",5130482.665810003,2247.49,0.001,1.005,2026-12-06T00:00:00+00:00,128.885,1,0.001,-0.899,0.1005,0,"[{""name"": ""Top"", ""bestBid"": 0.1, ""bestAsk"": 0.101}]"
561233,0x5969cbb46aca5319b19e19a3c6f63de098950b675bf268f30f4d035508da1957,will-josh-shapiro-win-the-2028-us-presidential-election,https://polymarket.com/event/will-josh-shapiro-win-the-2028-us-presidential-election,https://embed.polymarket.com/market.html?market=will-josh-shapiro-win-the-2028-us-presidential-election&features=volume&theme=light,Will Josh Shapiro win the 2028 US Presidential Election?,president,,"24h $1,529 • spread 0.001 • TTR 830.9d",6972602.189154998,1529.78,0.0,0.0,2028-11-07T00:00:00+00:00,830.885,1,0.001,-0.974,0.0255,0,"[{""name"": ""Top"", ""bestBid"": 0.025, ""bestAsk"": 0.026}]"
2758334,0x7c11c14664000e9a338d1b2a112d9aba06bc37c900daf52b0df4372ab32367de,will-bitcoin-reach-80k-in-july-2026,https://polymarket.com/event/will-bitcoin-reach-80k-in-july-2026,https://embed.polymarket.com/market.html?market=will-bitcoin-reach-80k-in-july-2026&features=volume&theme=light,"Will Bitcoin reach $80,000 in July?",bitcoin,,"24h $21,047 • TTR 2.1d",1149950.717504,21047.57,0.0,0.0,2026-08-01T04:00:00+00:00,2.052,1,,-0.999,,0,"[{""name"": ""Top"", ""bestBid"": null, ""bestAsk"": 0.001}]"
1057883,0x6fefc0438c7598b23531457c8c60541990d0786bd4bd9dfc3eabc8d95c291092,will-bitcoin-reach-250000-by-december-31-2026-579-442,https://polymarket.com/event/will-bitcoin-reach-250000-by-december-31-2026-579-442,https://embed.polymarket.com/market.html?market=will-bitcoin-reach-250000-by-december-31-2026-579-442&features=volume&theme=light,"Will Bitcoin reach $250,000 by December 31, 2026?",bitcoin,,"24h $1,789 • spread 0.001 • TTR 155.1d",5347300.913529004,1789.77,0.0,0.0,2027-01-01T05:00:00+00:00,155.093,1,0.001,-0.983,0.0165,0,"[{""name"": ""Top"", ""bestBid"": 0.016, ""bestAsk"": 0.017}]"
2758345,0xe498447cc887be42044835ac88ece14c34a158a3e6f5e1be07a89629d7100b61,will-bitcoin-dip-to-52pt5k-in-july-2026-976,https://polymarket.com/event/will-bitcoin-dip-to-52pt5k-in-july-2026-976,https://embed.polymarket.com/market.html?market=will-bitcoin-dip-to-52pt5k-in-july-2026-976&features=volume&theme=light,"Will Bitcoin dip to $52,500 in July?",bitcoin,,"24h $87,384 • TTR 2.1d",1111127.06071,87384.73,-0.001,-50.0,2026-08-01T04:00:00+00:00,2.052,1,,-0.998,,0,"[{""name"": ""Top"", ""bestBid"": null, ""bestAsk"": 0.002}]"
2832147,0x513bf1706e9cbf61b7cc56f12803b1b72a522bae3c5157e7b356abdf36e2e72d,will-count-binface-win-the-clacton-by-election-20260707211451133,https://polymarket.com/event/will-count-binface-win-the-clacton-by-election-20260707211451133,https://embed.polymarket.com/market.html?market=will-count-binface-win-the-clacton-by-election-20260707211451133&features=volume&theme=light,Will Count Binface win the Clacton by-election?,uk,,"24h $39,158 • spread 0.003 • TTR 14.6d",1868584.7020279998,39158.62,-0.007,-22.9508,2026-08-13T16:00:00+00:00,14.552,1,0.003,-0.975,0.0235,0,"[{""name"": ""Top"", ""bestBid"": 0.022, ""bestAsk"": 0.025}]"
2758344,0xbfefe500c3fea4d8067f39246e4d9404a6fe0ea3040e1366d4ac02367d751c46,will-bitcoin-dip-to-55k-in-july-2026-381,https://polymarket.com/event/will-bitcoin-dip-to-55k-in-july-2026-381,https://embed.polymarket.com/market.html?market=will-bitcoin-dip-to-55k-in-july-2026-381&features=volume&theme=light,"Will Bitcoin dip to $55,000 in July?",bitcoin,,"24h $56,136 • spread 0.001 • TTR 2.1d",1103818.2960799993,56136.46,-0.003,-40.0,2026-08-01T04:00:00+00:00,2.052,1,0.001,-0.995,0.0045,0,"[{""name"": ""Top"", ""bestBid"": 0.004, ""bestAsk"": 0.005}]"
562004,0x17902b9490c6a73152772316b4705935c5c6801ba269f2afc81686532e34fb9a,will-marjorie-taylor-greene-win-the-2028-republican-presidential-nomination,https://polymarket.com/event/will-marjorie-taylor-greene-win-the-2028-republican-presidential-nomination,https://embed.polymarket.com/market.html?market=will-marjorie-taylor-greene-win-the-2028-republican-presidential-nomination&features=volume&theme=light,Will Marjorie Taylor Greene win the 2028 Republican presidential nomination?,united-states,,24h $365 • spread 0.001 • TTR 830.9d,6677365.945073999,365.4,0.0,0.0,2028-11-07T00:00:00+00:00,830.885,1,0.001,-0.994,0.0055,0,"[{""name"": ""Top"", ""bestBid"": 0.005, ""bestAsk"": 0.006}]"
2730119,0x668373148ae84fcdb7c43f6559e7a02c8a3f36bfcbebddb9d85f61166b342714,will-wti-dip-to-65-in-july-2026-367,https://polymarket.com/event/will-wti-dip-to-65-in-july-2026-367,https://embed.polymarket.com/market.html?market=will-wti-dip-to-65-in-july-2026-367&features=volume&theme=light,Will WTI Crude Oil (WTI) hit (LOW) $65 in July?,finance,,"24h $3,307 • spread 0.003 • TTR 2.1d",1084898.258233,3307.56,-0.002,-36.3636,2026-08-01T03:59:59.999000+00:00,2.052,1,0.003,-0.995,0.0035,0,"[{""name"": ""Top"", ""bestBid"": 0.002, ""bestAsk"": 0.005}]"
1469755,0x4266ab921148974f104cbadd099e13bca989441bf58acfd2a08fc6cc7440e1a1,will-mohammad-khatami-be-head-of-state-in-iran-end-of-2026,https://polymarket.com/event/will-mohammad-khatami-be-head-of-state-in-iran-end-of-2026,https://embed.polymarket.com/market.html?market=will-mohammad-khatami-be-head-of-state-in-iran-end-of-2026&features=volume&theme=light,Will Mohammad Khatami be head of state in Iran end of 2026?,middle-east,,24h $111 • spread 0.001 • TTR 153.9d,5082535.460981002,111.05,0.0,0.0,2026-12-31T00:00:00+00:00,153.885,1,0.001,-0.997,0.0025,0,"[{""name"": ""Top"", ""bestBid"": 0.002, ""bestAsk"": 0.003}]"
1469737,0x25fb28382075f418a944a781a9f8840e2f541152eea0d9798d1cabfa1466adbb,will-mojtaba-khamenei-be-head-of-state-in-iran-end-of-2026,https://polymarket.com/event/will-mojtaba-khamenei-be-head-of-state-in-iran-end-of-2026,https://embed.polymarket.com/market.html?market=will-mojtaba-khamenei-be-head-of-state-in-iran-end-of-2026&features=volume&theme=light,Will Mojtaba Khamenei be head of state in Iran end of 2026?,middle-east,,"24h $7,820 • spread 0.008 • TTR 153.9d",5081589.032085002,7820.33,0.012,1.5296,2026-12-31T00:00:00+00:00,153.885,1,0.008,-0.203,0.793,0,"[{""name"": ""Top"", ""bestBid"": 0.789, ""bestAsk"": 0.797}]"
561262,0x9eb7ac1524fdacb46ceb8758454f0004c7b117eae76e6295852643644bb862c1,will-james-talarico-win-the-2028-us-presidential-election,https://polymarket.com/event/will-james-talarico-win-the-2028-us-presidential-election,https://embed.polymarket.com/market.html?market=will-james-talarico-win-the-2028-us-presidential-election&features=volume&theme=light,Will James Talarico win the 2028 US Presidential Election?,president,,"24h $1,786 • spread 0.001 • TTR 830.9d",6559650.306981001,1786.83,0.0,0.0,2028-11-07T00:00:00+00:00,830.885,1,0.001,-0.993,0.0065,0,"[{""name"": ""Top"", ""bestBid"": 0.006, ""bestAsk"": 0.007}]"
679041,0x3a8209fbd45fef3be23fb3480eb1c961c85f7bdd07d4a3391f5949252156c594,will-franois-bayrou-win-the-2027-french-presidential-election,https://polymarket.com/event/will-franois-bayrou-win-the-2027-french-presidential-election,https://embed.polymarket.com/market.html?market=will-franois-bayrou-win-the-2027-french-presidential-election&features=volume&theme=light,Will François Bayrou win the 2027 French presidential election?,french-election,,"24h $1,270 • spread 0.001 • TTR 273.9d",5701111.534652001,1270.7,0.0,0.0,2027-04-30T00:00:00+00:00,273.885,1,0.001,-0.998,0.0015,0,"[{""name"": ""Top"", ""bestBid"": 0.001, ""bestAsk"": 0.002}]"
616913,0x1adf074e048fa613f4ddbc0766088748a48d120a3a713b0183e219032a411ae3,will-11-fed-rate-cuts-happen-in-2026,https://polymarket.com/event/will-11-fed-rate-cuts-happen-in-2026,https://embed.polymarket.com/market.html?market=will-11-fed-rate-cuts-happen-in-2026&features=volume&theme=light,Will 11 Fed rate cuts happen in 2026?,rewards-200-4pt5-50,,"24h $16,173 • spread 0.001 • TTR 153.9d",4952395.1507399995,16173.97,0.0,0.0,2026-12-31T00:00:00+00:00,153.885,1,0.001,-0.998,0.0015,0,"[{""name"": ""Top"", ""bestBid"": 0.001, ""bestAsk"": 0.002}]"
1107582,0x3de0f3d7d7efb40cde68e814d40a0b232832083653c8e78260eb999baa967de0,us-strike-on-cuba-by-december-31,https://polymarket.com/event/us-strike-on-cuba-by-december-31,https://embed.polymarket.com/market.html?market=us-strike-on-cuba-by-december-31&features=volume&theme=light,US strike on Cuba by December 31?,cuba,,"24h $9,614 • spread 0.010 • TTR 153.9d",4905283.896235,9614.02,-0.01,-3.2787,2026-12-31T00:00:00+00:00,153.885,1,0.01,-0.7,0.295,0,"[{""name"": ""Top"", ""bestBid"": 0.29, ""bestAsk"": 0.3}]"
1057916,0xa885bfe10688056a9d0f4e9a1523bfa18f66fda065f0400d714ba54776083713,will-bitcoin-dip-to-15000-by-december-31-2026-416-954-417-853-885-363-335-458-585-275-615-269-479-379-516-218-918-374-598-429-212,https://polymarket.com/event/will-bitcoin-dip-to-15000-by-december-31-2026-416-954-417-853-885-363-335-458-585-275-615-269-479-379-516-218-918-374-598-429-212,https://embed.polymarket.com/market.html?market=will-bitcoin-dip-to-15000-by-december-31-2026-416-954-417-853-885-363-335-458-585-275-615-269-479-379-516-218-918-374-598-429-212&features=volume&theme=light,"Will Bitcoin dip to $15,000 by December 31, 2026?",bitcoin,,"24h $3,417 • spread 0.001 • TTR 155.1d",4910039.051928002,3417.78,-0.004,-15.0943,2027-01-01T05:00:00+00:00,155.093,1,0.001,-0.977,0.0225,0,"[{""name"": ""Top"", ""bestBid"": 0.022, ""bestAsk"": 0.023}]"
679043,0xfd431e070263b5f24e43a8fc44532bf41aa008d99cab2330d979913b1c580bd2,will-yal-braun-pivet-win-the-2027-french-presidential-election,https://polymarket.com/event/will-yal-braun-pivet-win-the-2027-french-presidential-election,https://embed.polymarket.com/market.html?market=will-yal-braun-pivet-win-the-2027-french-presidential-election&features=volume&theme=light,Will Yaël Braun-Pivet win the 2027 French presidential election?,french-election,,"24h $6,767 • spread 0.001 • TTR 273.9d",5507952.547579,6767.48,0.0,0.0,2027-04-30T00:00:00+00:00,273.885,1,0.001,-0.998,0.0015,0,"[{""name"": ""Top"", ""bestBid"": 0.001, ""bestAsk"": 0.002}]"
2354984,0x151b13b0d75a282ea864a2835963c0164c03e8fa3064c4d44026e3af5f2ff8d4,iran-agrees-to-end-enrichment-of-uranium-by-july-31,https://polymarket.com/event/iran-agrees-to-end-enrichment-of-uranium-by-july-31,https://embed.polymarket.com/market.html?market=iran-agrees-to-end-enrichment-of-uranium-by-july-31&features=volume&theme=light, Iran agrees to end enrichment of uranium by July 31?,trump,,"24h $2,931 • spread 0.002 • TTR 0.9d",959797.5560170003,2931.5,0.0,0.0,2026-07-31T00:00:00+00:00,0.885,1,0.002,-0.995,0.004,0,"[{""name"": ""Top"", ""bestBid"": 0.003, ""bestAsk"": 0.005}]"
679036,0xaba4bb720c6c1b2e48087f5af4a57fd1e9f05814a936e9f6b1c37f10436a34fc,will-franois-asselineau-win-the-2027-french-presidential-election,https://polymarket.com/event/will-franois-asselineau-win-the-2027-french-presidential-election,https://embed.polymarket.com/market.html?market=will-franois-asselineau-win-the-2027-french-presidential-election&features=volume&theme=light,Will François Asselineau win the 2027 French presidential election?,french-election,,"24h $4,285 • spread 0.001 • TTR 273.9d",5480815.951116999,4285.33,0.0,0.0,2027-04-30T00:00:00+00:00,273.885,1,0.001,-0.998,0.0015,0,"[{""name"": ""Top"", ""bestBid"": 0.001, ""bestAsk"": 0.002}]"
701501,0x752fa61c93f16c4b15e85b0bd438d9c684176b0ea7b319a84c8aca34616e8a8c,will-bitcoin-dip-to-55000-by-december-31-2026-527-627-868-745-188-361-314-673-612-946-821-624-855-557-684-381-884-939-182-939-516,https://polymarket.com/event/will-bitcoin-dip-to-55000-by-december-31-2026-527-627-868-745-188-361-314-673-612-946-821-624-855-557-684-381-884-939-182-939-516,https://embed.polymarket.com/market.html?market=will-bitcoin-dip-to-55000-by-december-31-2026-527-627-868-745-188-361-314-673-612-946-821-624-855-557-684-381-884-939-182-939-516&features=volume&theme=light,"Will Bitcoin dip to $55,000 by December 31, 2026?",bitcoin,,"24h $6,355 • spread 0.010 • TTR 155.1d • ~50% mid",4822944.873447999,6355.03,0.03,5.7143,2027-01-01T05:00:00+00:00,155.093,1,0.01,-0.44,0.555,1,"[{""name"": ""Top"", ""bestBid"": 0.55, ""bestAsk"": 0.56}]"
2430328,0xed5356b5d6f3b0d1095e21d586214de01b438ccb8d0ae5c59b55647d8fc95e97,will-openai-have-the-best-ai-model-at-the-end-of-july-2026,https://polymarket.com/event/will-openai-have-the-best-ai-model-at-the-end-of-july-2026,https://embed.polymarket.com/market.html?market=will-openai-have-the-best-ai-model-at-the-end-of-july-2026&features=volume&theme=light,Will OpenAI have the best AI model at the end of July 2026?,tech,,"24h $1,915 • TTR 0.9d",952756.6480830002,1915.05,-0.0005,-33.3333,2026-07-31T00:00:00+00:00,0.885,1,,-0.998,,0,"[{""name"": ""Top"", ""bestBid"": null, ""bestAsk"": 0.002}]"
2034729,0xace3c72c24fccb6731433483ece41c780432d84850edccd5a6bf3147ccea62a9,will-the-us-confirm-that-aliens-exist-by-september-30-396,https://polymarket.com/event/will-the-us-confirm-that-aliens-exist-by-september-30-396,https://embed.polymarket.com/market.html?market=will-the-us-confirm-that-aliens-exist-by-september-30-396&features=volume&theme=light,Will the US confirm that aliens exist by September 30?,aliens,,"24h $1,700 • spread 0.001 • TTR 61.9d",3458729.289933999,1700.88,0.0,0.0,2026-09-30T00:00:00+00:00,61.885,1,0.001,-0.974,0.0255,0,"[{""name"": ""Top"", ""bestBid"": 0.025, ""bestAsk"": 0.026}]"
563650,0x139ba0e7f931f09466c0fb27fc8ddb5e77ce9d1e2bdc953a5f22765bf779452f,scotus-accepts-sports-event-contract-case-by-july-31-2026,https://polymarket.com/event/scotus-accepts-sports-event-contract-case-by-july-31-2026,https://embed.polymarket.com/market.html?market=scotus-accepts-sports-event-contract-case-by-july-31-2026&features=volume&theme=light,"SCOTUS accepts sports event contract case by July 31, 2026?     ",supreme-court,,"24h $3,960 • spread 0.001 • TTR 0.9d",952167.9385469997,3960.02,-0.019,-92.6829,2026-07-31T00:00:00+00:00,0.885,1,0.001,-0.998,0.0015,0,"[{""name"": ""Top"", ""bestBid"": 0.001, ""bestAsk"": 0.002}]"
616912,0x757c144993b3cb831e04c42bfcff8c18864c7da4f4688a5939d2f62e031cbc87,will-10-fed-rate-cuts-happen-in-2026,https://polymarket.com/event/will-10-fed-rate-cuts-happen-in-2026,https://embed.polymarket.com/market.html?market=will-10-fed-rate-cuts-happen-in-2026&features=volume&theme=light,Will 10 Fed rate cuts happen in 2026?,rewards-200-4pt5-50,,"24h $13,928 • spread 0.001 • TTR 153.9d",4774374.348515999,13928.1,0.0,0.0,2026-12-31T00:00:00+00:00,153.885,1,0.001,-0.998,0.0015,0,"[{""name"": ""Top"", ""bestBid"": 0.001, ""bestAsk"": 0.002}]"
562803,0x4e4f77e7dbf4cab666e9a1943674d7ae66348e862df03ea6f44b11eb95731928,will-the-republican-party-control-the-house-after-the-2026-midterm-elections,https://polymarket.com/event/will-the-republican-party-control-the-house-after-the-2026-midterm-elections,https://embed.polymarket.com/market.html?market=will-the-republican-party-control-the-house-after-the-2026-midterm-elections&features=volume&theme=light,Will the Republican Party control the House after the 2026 Midterm elections?,parent-for-derivative,,"24h $95,972 • spread 0.010 • TTR 95.9d",4027114.2954159994,95972.19,0.0,0.0,2026-11-03T00:00:00+00:00,95.885,1,0.01,-0.86,0.135,0,"[{""name"": ""Top"", ""bestBid"": 0.13, ""bestAsk"": 0.14}]"
679042,0x0b298ab2b2cad3308d486c804985c1ede7ea949bde363f44784a3b2a460be788,will-lisabeth-borne-win-the-2027-french-presidential-election,https://polymarket.com/event/will-lisabeth-borne-win-the-2027-french-presidential-election,https://embed.polymarket.com/market.html?market=will-lisabeth-borne-win-the-2027-french-presidential-election&features=volume&theme=light,Will Élisabeth Borne win the 2027 French presidential election?,french-election,,24h $164 • spread 0.001 • TTR 273.9d,5255997.514541003,164.48,0.0,0.0,2027-04-30T00:00:00+00:00,273.885,1,0.001,-0.998,0.0015,0,"[{""name"": ""Top"", ""bestBid"": 0.001, ""bestAsk"": 0.002}]"
679035,0x34ed4ad7a7825f168e1084f53e8f60a161579d783b2740e50aa52f710925a136,will-sgolne-royal-win-the-2027-french-presidential-election,https://polymarket.com/event/will-sgolne-royal-win-the-2027-french-presidential-election,https://embed.polymarket.com/market.html?market=will-sgolne-royal-win-the-2027-french-presidential-election&features=volume&theme=light,Will Ségolène Royal win the 2027 French presidential election?,french-election,,24h $61 • spread 0.001 • TTR 273.9d,5239704.127023999,61.28,0.0,0.0,2027-04-30T00:00:00+00:00,273.885,1,0.001,-0.997,0.0025,0,"[{""name"": ""Top"", ""bestBid"": 0.002, ""bestAsk"": 0.003}]"
2923467,0x14ea3802ada17265002bff37ddc4ea65014d3e37cb80ef2ea8aa2f588a5f78bc,will-bitcoin-dip-to-62pt5k-in-july-2026-from-july-14,https://polymarket.com/event/will-bitcoin-dip-to-62pt5k-in-july-2026-from-july-14,https://embed.polymarket.com/market.html?market=will-bitcoin-dip-to-62pt5k-in-july-2026-from-july-14&features=volume&theme=light,"Will Bitcoin dip to $62,500 in July?",bitcoin,,"24h $115,805 • spread 0.008 • TTR 2.1d",979883.1978950002,115805.88,-0.202,-41.9522,2026-08-01T04:00:00+00:00,2.052,1,0.008,-0.737,0.259,0,"[{""name"": ""Top"", ""bestBid"": 0.255, ""bestAsk"": 0.263}]"
562005,0x24258776d0a926b4550b0f213267b95ba0a7741fc972d0b3c2b5f6bf8ced2c50,will-thomas-massie-win-the-2028-republican-presidential-nomination,https://polymarket.com/event/will-thomas-massie-win-the-2028-republican-presidential-nomination,https://embed.polymarket.com/market.html?market=will-thomas-massie-win-the-2028-republican-presidential-nomination&features=volume&theme=light,Will Thomas Massie win the 2028 Republican presidential nomination?,united-states,,24h $895 • spread 0.001 • TTR 830.9d,5921505.337491998,895.23,0.0,0.0,2028-11-07T00:00:00+00:00,830.885,1,0.001,-0.992,0.0075,0,"[{""name"": ""Top"", ""bestBid"": 0.007, ""bestAsk"": 0.008}]"
679023,0x06a27c2810eaca94b53e7a17f15ad47761399ba445a6b02039b2679da203262d,will-xavier-bertrand-win-the-2027-french-presidential-election,https://polymarket.com/event/will-xavier-bertrand-win-the-2027-french-presidential-election,https://embed.polymarket.com/market.html?market=will-xavier-bertrand-win-the-2027-french-presidential-election&features=volume&theme=light,Will Xavier Bertrand win the 2027 French presidential election?,french-election,,"24h $10,230 • spread 0.001 • TTR 273.9d",5124194.908696999,10230.4,0.0,0.0,2027-04-30T00:00:00+00:00,273.885,1,0.001,-0.998,0.0015,0,"[{""name"": ""Top"", ""bestBid"": 0.001, ""bestAsk"": 0.002}]"
1144471,0x3b0107a80edd066fe987784d7ab5963c177888433efbec10689951c17320606c,will-satoshi-move-any-bitcoin-in-2026,https://polymarket.com/event/will-satoshi-move-any-bitcoin-in-2026,https://embed.polymarket.com/market.html?market=will-satoshi-move-any-bitcoin-in-2026&features=volume&theme=light,Will Satoshi move any Bitcoin in 2026?,crypto-culture,,"24h $3,228 • spread 0.001 • TTR 155.1d",4511507.136090001,3228.76,0.0,0.0,2027-01-01T05:00:00+00:00,155.093,1,0.001,-0.944,0.0555,0,"[{""name"": ""Top"", ""bestBid"": 0.055, ""bestAsk"": 0.056}]"
679039,0x6ccebbc57547f8b777aa4ef70a452bb5034055d183131a9b6db47fd8d0777921,will-michel-barnier-win-the-2027-french-presidential-election,https://polymarket.com/event/will-michel-barnier-win-the-2027-french-presidential-election,https://embed.polymarket.com/market.html?market=will-michel-barnier-win-the-2027-french-presidential-election&features=volume&theme=light,Will Michel Barnier win the 2027 French presidential election?,french-election,,24h $413 • spread 0.001 • TTR 273.9d,5054119.948139999,413.29,0.0,0.0,2027-04-30T00:00:00+00:00,273.885,1,0.001,-0.997,0.0025,0,"[{""name"": ""Top"", ""bestBid"": 0.002, ""bestAsk"": 0.003}]"
2673624,0x8495b57385dc69a16afc77d2a18f05d36bbbd7713462d8286b3fe94f385d2f6b,will-alphabet-be-the-largest-company-in-the-world-by-market-cap-on-july-31-20260624192329844,https://polymarket.com/event/will-alphabet-be-the-largest-company-in-the-world-by-market-cap-on-july-31-20260624192329844,https://embed.polymarket.com/market.html?market=will-alphabet-be-the-largest-company-in-the-world-by-market-cap-on-july-31-20260624192329844&features=volume&theme=light,Will Alphabet be the largest company in the world by market cap on July 31?,tech,,"24h $23,806 • TTR 1.9d",935530.426874,23806.05,-0.001,-66.6667,2026-07-31T23:59:00+00:00,1.884,1,,-0.999,,0,"[{""name"": ""Top"", ""bestBid"": null, ""bestAsk"": 0.001}]"
2633429,0xc0aed6d5d893988b4bef5a8242435bbc7c3b45b1e438bcffc9e9bf71d173ae46,us-iran-final-nuclear-deal-by-august-18-2026-20260621201255153,https://polymarket.com/event/us-iran-final-nuclear-deal-by-august-18-2026-20260621201255153,https://embed.polymarket.com/market.html?market=us-iran-final-nuclear-deal-by-august-18-2026-20260621201255153&features=volume&theme=light,"US-Iran Final Nuclear Deal by August 18, 2026?",iran,,"24h $46,537 • spread 0.001 • TTR 19.9d",1820304.5359590005,46537.63,-0.005,-10.989,2026-08-18T23:59:00+00:00,19.884,1,0.001,-0.959,0.0405,0,"[{""name"": ""Top"", ""bestBid"": 0.04, ""bestAsk"": 0.041}]"
679033,0xbac8d3ca6cc7297022850562d9d66669d5e0a112767337f8a5955417f1984b54,will-olivier-faure-win-the-2027-french-presidential-election,https://polymarket.com/event/will-olivier-faure-win-the-2027-french-presidential-election,https://embed.polymarket.com/market.html?market=will-olivier-faure-win-the-2027-french-presidential-election&features=volume&theme=light,Will Olivier Faure win the 2027 French presidential election?,french-election,,"24h $2,175 • spread 0.001 • TTR 273.9d",4965139.1459490005,2175.18,0.0,0.0,2027-04-30T00:00:00+00:00,273.885,1,0.001,-0.997,0.0025,0,"[{""name"": ""Top"", ""bestBid"": 0.002, ""bestAsk"": 0.003}]"
2474777,0xfe6f1dad89e1ffad14c6429e2f50354d78bef4ea94b0444c9b8bb7ef24be7175,will-trump-pardon-sbf-by-july-31-20260608235339562,https://polymarket.com/event/will-trump-pardon-sbf-by-july-31-20260608235339562,https://embed.polymarket.com/market.html?market=will-trump-pardon-sbf-by-july-31-20260608235339562&features=volume&theme=light,Will Trump pardon SBF by July 31?,trump,,"24h $44,869 • spread 0.001 • TTR 1.7d",911380.1238009997,44869.01,-0.001,-40.0,2026-07-31T19:59:00+00:00,1.718,1,0.001,-0.998,0.0015,0,"[{""name"": ""Top"", ""bestBid"": 0.001, ""bestAsk"": 0.002}]"
601833,0xae7dd99bf126b033b77af2553a98b97e1190fd7bdddd5a792ca2791ae23e4d13,will-tereza-cristina-win-the-2026-brazilian-presidential-election,https://polymarket.com/event/will-tereza-cristina-win-the-2026-brazilian-presidential-election,https://embed.polymarket.com/market.html?market=will-tereza-cristina-win-the-2026-brazilian-presidential-election&features=volume&theme=light,Will Tereza Cristina win the 2026 Brazilian presidential election?,politics,,"24h $48,276 • spread 0.001 • TTR 65.9d",3230658.6982209994,48276.1,0.001,40.0,2026-10-04T00:00:00+00:00,65.885,1,0.001,-0.996,0.0035,0,"[{""name"": ""Top"", ""bestBid"": 0.003, ""bestAsk"": 0.004}]"
2758335,0x13dae092813125bf5e892a59dac2154e0fdb6aff600a3996ed0ab3b07d68e683,will-bitcoin-reach-77pt5k-in-july-2026,https://polymarket.com/event/will-bitcoin-reach-77pt5k-in-july-2026,https://embed.polymarket.com/market.html?market=will-bitcoin-reach-77pt5k-in-july-2026&features=volume&theme=light,"Will Bitcoin reach $77,500 in July?",bitcoin,,"24h $5,299 • spread 0.001 • TTR 2.1d",925543.328407,5299.4,0.0005,50.0,2026-08-01T04:00:00+00:00,2.052,1,0.001,-0.998,0.0015,0,"[{""name"": ""Top"", ""bestBid"": 0.001, ""bestAsk"": 0.002}]"
2758333,0x7d64a1533a7d69055205382f1f37d5e0057b5fc40c75ee36df30438b1b0992e2,will-bitcoin-reach-82pt5k-in-july-2026,https://polymarket.com/event/will-bitcoin-reach-82pt5k-in-july-2026,https://embed.polymarket.com/market.html?market=will-bitcoin-reach-82pt5k-in-july-2026&features=volume&theme=light,"Will Bitcoin reach $82,500 in July?",bitcoin,,"24h $9,751 • TTR 2.1d",924566.5270689996,9751.69,0.0005,100.0,2026-08-01T04:00:00+00:00,2.052,1,,-0.998,,0,"[{""name"": ""Top"", ""bestBid"": null, ""bestAsk"": 0.002}]"
2673623,0x5f0f80c1d904c0348409832375a6d36580f9a552295ae3dba2595adfcea84a97,will-apple-be-the-largest-company-in-the-world-by-market-cap-on-july-31-20260624192329843,https://polymarket.com/event/will-apple-be-the-largest-company-in-the-world-by-market-cap-on-july-31-20260624192329843,https://embed.polymarket.com/market.html?market=will-apple-be-the-largest-company-in-the-world-by-market-cap-on-july-31-20260624192329843&features=volume&theme=light,Will Apple be the largest company in the world by market cap on July 31?,tech,,"24h $168,308 • spread 0.001 • TTR 1.9d",914047.3017100004,168308.25,0.146,19.1225,2026-07-31T23:59:00+00:00,1.884,1,0.001,-0.09,0.9095,0,"[{""name"": ""Top"", ""bestBid"": 0.909, ""bestAsk"": 0.91}]"
2910436,0x8b0e301fc552e953579c625ce9adb7409d1852d5bf4879efee849decc1c9dc91,us-announces-end-of-iranian-blockade-by-july-31-2026-20260713152715082-212,https://polymarket.com/event/us-announces-end-of-iranian-blockade-by-july-31-2026-20260713152715082-212,https://embed.polymarket.com/market.html?market=us-announces-end-of-iranian-blockade-by-july-31-2026-20260713152715082-212&features=volume&theme=light,"US announces end of Iranian blockade by July 31, 2026?",iran,,"24h $93,903 • spread 0.003 • TTR 1.9d",913365.4979359995,93903.18,-0.0515,-60.5882,2026-07-31T23:59:00+00:00,1.884,1,0.003,-0.965,0.0335,0,"[{""name"": ""Top"", ""bestBid"": 0.032, ""bestAsk"": 0.035}]"
540817,0x1fad72fae204143ff1c3035e99e7c0f65ea8d5cd9bd1070987bd1a3316f772be,new-rhianna-album-before-gta-vi-926,https://polymarket.com/event/new-rhianna-album-before-gta-vi-926,https://embed.polymarket.com/market.html?market=new-rhianna-album-before-gta-vi-926&features=volume&theme=light,New Rihanna Album before GTA VI?,pop-culture,,"24h $1,752 • spread 0.010 • TTR 1.4d • ~50% mid",881029.7794809998,1752.04,0.0,0.0,2026-07-31T12:00:00+00:00,1.385,1,0.01,-0.49,0.505,1,"[{""name"": ""Top"", ""bestBid"": 0.5, ""bestAsk"": 0.51}]"
1357388,0x6c9407f7841e7507ba435d540af237d742674ba05bac48998cf94f4b7ef5d909,will-the-los-angeles-chargers-win-the-2027-nfl-league-championship,https://polymarket.com/event/will-the-los-angeles-chargers-win-the-2027-nfl-league-championship,https://embed.polymarket.com/market.html?market=will-the-los-angeles-chargers-win-the-2027-nfl-league-championship&features=volume&theme=light,Will the Los Angeles Chargers win the 2027 NFL league championship?,sports,,"24h $2,332 • spread 0.001 • TTR 244.9d",4742552.397169999,2332.94,0.002,4.9383,2027-03-31T23:55:00+00:00,244.882,1,0.001,-0.957,0.0425,0,"[{""name"": ""Top"", ""bestBid"": 0.042, ""bestAsk"": 0.043}]"
2430326,0x8a8e093b25d7909ae01e944e746a1dee88801224fcff001c1c890ca43e2a66e1,will-google-have-the-best-ai-model-at-the-end-of-july-2026,https://polymarket.com/event/will-google-have-the-best-ai-model-at-the-end-of-july-2026,https://embed.polymarket.com/market.html?market=will-google-have-the-best-ai-model-at-the-end-of-july-2026&features=volume&theme=light,Will Google have the best AI model at the end of July 2026?,tech,,24h $600 • TTR 0.9d,844820.6738069997,600.0,0.0,0.0,2026-07-31T00:00:00+00:00,0.885,1,,-0.999,,0,"[{""name"": ""Top"", ""bestBid"": null, ""bestAsk"": 0.001}]"
3054131,0xfa820b4d62ad99e6ca4af7221e5d39f13c772f4f48fe8b7359aa741de906078a,mlb-chc-stl-2026-07-29,https://polymarket.com/event/mlb-chc-stl-2026-07-29,https://embed.polymarket.com/market.html?market=mlb-chc-stl-2026-07-29&features=volume&theme=light,Chicago Cubs vs. St. Louis Cardinals,sports,,"24h $1,148,622 • TTR 6.9d",1148738.3372959998,1148622.06,-0.5245,-99.9048,2026-08-05T23:45:00+00:00,6.875,1,,-0.999,,0,"[{""name"": ""Top"", ""bestBid"": null, ""bestAsk"": 0.001}]"
648383,0x9345d5142a67f5541264c96515496affee02580f1c572680759eac9fd2a1588a,billionaire-one-time-wealth-tax-passes-in-california-election-2026,https://polymarket.com/event/billionaire-one-time-wealth-tax-passes-in-california-election-2026,https://embed.polymarket.com/market.html?market=billionaire-one-time-wealth-tax-passes-in-california-election-2026&features=volume&theme=light,Billionaire one-time wealth tax passes in California election 2026?,taxes,,"24h $8,929 • spread 0.010 • TTR 95.9d",3606947.817968001,8929.09,-0.04,-11.9403,2026-11-03T00:00:00+00:00,95.885,1,0.01,-0.7,0.295,0,"[{""name"": ""Top"", ""bestBid"": 0.29, ""bestAsk"": 0.3}]"
679037,0x2bf80d93be42dac6c1b03298b5ec329a4b9f87b689c7892d544d1029f3a0caf0,will-clmentine-autain-win-the-2027-french-presidential-election,https://polymarket.com/event/will-clmentine-autain-win-the-2027-french-presidential-election,https://embed.polymarket.com/market.html?market=will-clmentine-autain-win-the-2027-french-presidential-election&features=volume&theme=light,Will Clémentine Autain win the 2027 French presidential election?,french-election,,24h $643 • spread 0.001 • TTR 273.9d,4743648.317528,643.69,0.0,0.0,2027-04-30T00:00:00+00:00,273.885,1,0.001,-0.998,0.0015,0,"[{""name"": ""Top"", ""bestBid"": 0.001, ""bestAsk"": 0.002}]"
2430331,0x5de3afac10b31162a24d1c3dd10cd823d9bbe2fd9aa6e734f07755d2f1cbbaa6,will-xai-have-the-best-ai-model-at-the-end-of-july-2026,https://polymarket.com/event/will-xai-have-the-best-ai-model-at-the-end-of-july-2026,https://embed.polymarket.com/market.html?market=will-xai-have-the-best-ai-model-at-the-end-of-july-2026&features=volume&theme=light,Will xAI have the best AI model at the end of July 2026?,tech,,TTR 0.9d,828014.3254510002,,0.0,0.0,2026-07-31T00:00:00+00:00,0.885,1,,-0.999,,0,"[{""name"": ""Top"", ""bestBid"": null, ""bestAsk"": 0.001}]"
