id,conditionId,slug,url,embedSrc,question,category,eventId,why,volume,volume24h,momentumDelta24h,momentumPct24h,endDateISO,timeToResolveDays,outcomeCount,avgSpread,underround,binaryMidYes,near50Flag,bestQuotesJSON
2252243,0xac02cbb049e46d6a3627c0fdf52fa554982a9025d45968207b362acb6ca4b830,will-the-fed-decrease-interest-rates-by-25-bps-after-the-september-2026-meeting-586,https://polymarket.com/event/will-the-fed-decrease-interest-rates-by-25-bps-after-the-september-2026-meeting-586,https://embed.polymarket.com/market.html?market=will-the-fed-decrease-interest-rates-by-25-bps-after-the-september-2026-meeting-586&features=volume&theme=light,Will the Fed decrease interest rates by 25 bps after the September 2026 meeting?,fomc,,"24h $1,795,750 • spread 0.001 • TTR 11.5d",24438059.651657995,1795750.48,0.001,18.1818,2026-09-16T00:00:00+00:00,11.543,1,0.001,-0.993,0.0065,0,"[{""name"": ""Top"", ""bestBid"": 0.006, ""bestAsk"": 0.007}]"
703258,0x0b4cc3b739e1dfe5d73274740e7308b6fb389c5af040c3a174923d928d134bee,will-jesus-christ-return-before-2027,https://polymarket.com/event/will-jesus-christ-return-before-2027,https://embed.polymarket.com/market.html?market=will-jesus-christ-return-before-2027&features=volume&theme=light,Will Jesus Christ return before 2027?,parent-for-derivative,,"24h $15,668 • spread 0.002 • TTR 118.8d",65524403.529914856,15668.65,0.0015,9.6774,2027-01-01T04:59:00+00:00,118.75,1,0.002,-0.982,0.017,0,"[{""name"": ""Top"", ""bestBid"": 0.016, ""bestAsk"": 0.018}]"
665374,0x5db999fad322cea2914535aae5517060c3f80ad6d8c0231cde2124a434d16846,will-the-us-invade-iran-before-2027,https://polymarket.com/event/will-the-us-invade-iran-before-2027,https://embed.polymarket.com/market.html?market=will-the-us-invade-iran-before-2027&features=volume&theme=light,Will the U.S. invade Iran before 2027?,military-strikes,,"24h $270,414 • spread 0.010 • TTR 118.8d",64662559.13263804,270414.03,-0.02,-12.9032,2027-01-01T04:59:00+00:00,118.75,1,0.01,-0.86,0.135,0,"[{""name"": ""Top"", ""bestBid"": 0.13, ""bestAsk"": 0.14}]"
2252244,0xa3b36b2d6104d34af4e6c6215fc818e43352e78a748fbfb0b85e3a35f71dec9a,will-there-be-no-change-in-fed-interest-rates-after-the-september-2026-meeting-615,https://polymarket.com/event/will-there-be-no-change-in-fed-interest-rates-after-the-september-2026-meeting-615,https://embed.polymarket.com/market.html?market=will-there-be-no-change-in-fed-interest-rates-after-the-september-2026-meeting-615&features=volume&theme=light,Will there be no change in Fed interest rates after the September 2026 meeting?,fomc,,"24h $1,841,762 • spread 0.010 • TTR 11.5d • ~50% mid",21713503.406341042,1841762.61,0.08,15.8416,2026-09-16T00:00:00+00:00,11.543,1,0.01,-0.41,0.585,1,"[{""name"": ""Top"", ""bestBid"": 0.58, ""bestAsk"": 0.59}]"
2252245,0x876506d8b2bd7a0d3fa4fe18c024eee6e1dd81ee24c26795dadd6cfe4a7b5d0d,will-the-fed-increase-interest-rates-by-25-bps-after-the-september-2026-meeting-649,https://polymarket.com/event/will-the-fed-increase-interest-rates-by-25-bps-after-the-september-2026-meeting-649,https://embed.polymarket.com/market.html?market=will-the-fed-increase-interest-rates-by-25-bps-after-the-september-2026-meeting-649&features=volume&theme=light,Will the Fed increase interest rates by 25 bps after the September 2026 meeting?,fomc,,"24h $967,530 • spread 0.010 • TTR 11.5d • ~50% mid",17695261.486096986,967530.66,-0.08,-16.4948,2026-09-16T00:00:00+00:00,11.543,1,0.01,-0.59,0.405,1,"[{""name"": ""Top"", ""bestBid"": 0.4, ""bestAsk"": 0.41}]"
567621,0xd9fb1184af0064e5e34b129f5b79afa5a17b7e32f2953ab05efed82315fee6d4,will-china-invade-taiwan-before-2027,https://polymarket.com/event/will-china-invade-taiwan-before-2027,https://embed.polymarket.com/market.html?market=will-china-invade-taiwan-before-2027&features=volume&theme=light,Will China invade Taiwan by end of 2026?,politics,,"24h $31,557 • spread 0.001 • TTR 117.5d",40537189.152313866,31557.47,-0.001,-2.6667,2026-12-31T00:00:00+00:00,117.543,1,0.001,-0.963,0.0365,0,"[{""name"": ""Top"", ""bestBid"": 0.036, ""bestAsk"": 0.037}]"
561251,0x836b850fc838195374862551a36f1c8691d96ff01e58b0a071f0fc1a0e357fb1,will-lebron-james-win-the-2028-us-presidential-election,https://polymarket.com/event/will-lebron-james-win-the-2028-us-presidential-election,https://embed.polymarket.com/market.html?market=will-lebron-james-win-the-2028-us-presidential-election&features=volume&theme=light,Will LeBron James win the 2028 US Presidential Election?,president,,"24h $76,309 • TTR 794.5d",54768450.95410802,76309.45,-0.001,-66.6667,2028-11-07T00:00:00+00:00,794.543,1,,-0.999,,0,"[{""name"": ""Top"", ""bestBid"": null, ""bestAsk"": 0.001}]"
559687,0xe06a7e94cf2fa8dc2085b7610fe16e9be1cde6654f34d365c13da1149b276c61,will-oprah-winfrey-win-the-2028-democratic-presidential-nomination,https://polymarket.com/event/will-oprah-winfrey-win-the-2028-democratic-presidential-nomination,https://embed.polymarket.com/market.html?market=will-oprah-winfrey-win-the-2028-democratic-presidential-nomination&features=volume&theme=light,Will Oprah Winfrey win the 2028 Democratic presidential nomination?,united-states,,"24h $1,753 • spread 0.001 • TTR 794.5d",54380046.222329006,1753.12,0.0,0.0,2028-11-07T00:00:00+00:00,794.543,1,0.001,-0.998,0.0015,0,"[{""name"": ""Top"", ""bestBid"": 0.001, ""bestAsk"": 0.002}]"
703257,0x747dc809fb79e1b05be09c42d6179459a58de2ef3e40f02484a4e1260f741f75,will-the-us-confirm-that-aliens-exist-before-2027-789-924-249,https://polymarket.com/event/will-the-us-confirm-that-aliens-exist-before-2027-789-924-249,https://embed.polymarket.com/market.html?market=will-the-us-confirm-that-aliens-exist-before-2027-789-924-249&features=volume&theme=light,Will the US confirm that aliens exist before 2027?,aliens,,"24h $29,412 • spread 0.001 • TTR 118.8d",37950693.88969498,29412.01,0.0,0.0,2027-01-01T04:59:00+00:00,118.75,1,0.001,-0.962,0.0375,0,"[{""name"": ""Top"", ""bestBid"": 0.037, ""bestAsk"": 0.038}]"
559679,0x30cfb887558b20373a984da60c372fe5a90c0296aa6d8bb413a8aa7543846da2,will-bernie-sanders-win-the-2028-democratic-presidential-nomination-879,https://polymarket.com/event/will-bernie-sanders-win-the-2028-democratic-presidential-nomination-879,https://embed.polymarket.com/market.html?market=will-bernie-sanders-win-the-2028-democratic-presidential-nomination-879&features=volume&theme=light,Will Bernie Sanders win the 2028 Democratic presidential nomination?,united-states,,24h $397 • spread 0.003 • TTR 794.5d,52727300.598780036,397.13,0.0005,12.5,2028-11-07T00:00:00+00:00,794.543,1,0.003,-0.994,0.0045,0,"[{""name"": ""Top"", ""bestBid"": 0.003, ""bestAsk"": 0.006}]"
2252246,0x2e4b58fc18dbffd74d5275d89fb076943f21992763c45dcadd81391b83bde13c,will-the-fed-increase-interest-rates-by-50-bps-after-the-september-2026-meeting-664,https://polymarket.com/event/will-the-fed-increase-interest-rates-by-50-bps-after-the-september-2026-meeting-664,https://embed.polymarket.com/market.html?market=will-the-fed-increase-interest-rates-by-50-bps-after-the-september-2026-meeting-664&features=volume&theme=light,Will the Fed increase interest rates by 50+ bps after the September 2026 meeting?,fomc,,"24h $1,143,380 • spread 0.001 • TTR 11.5d",13146201.858655004,1143380.42,0.001,15.3846,2026-09-16T00:00:00+00:00,11.543,1,0.001,-0.992,0.0075,0,"[{""name"": ""Top"", ""bestBid"": 0.007, ""bestAsk"": 0.008}]"
559684,0xf2e51acfbb6d0414dc2ace81b7dc2af7c165e443dcb91f6caa7aab6d6ab4f06d,will-chelsea-clinton-win-the-2028-democratic-presidential-nomination,https://polymarket.com/event/will-chelsea-clinton-win-the-2028-democratic-presidential-nomination,https://embed.polymarket.com/market.html?market=will-chelsea-clinton-win-the-2028-democratic-presidential-nomination&features=volume&theme=light,Will Chelsea Clinton win the 2028 Democratic presidential nomination?,united-states,,"24h $5,068 • spread 0.002 • TTR 794.5d",50362203.664273,5068.6,0.0,0.0,2028-11-07T00:00:00+00:00,794.543,1,0.002,-0.996,0.003,0,"[{""name"": ""Top"", ""bestBid"": 0.002, ""bestAsk"": 0.004}]"
997488,0xd595eb9b81885ff018738300c79047e3ec89e87294424f57a29a7fa9162bf116,will-trump-acquire-greenland-before-2027,https://polymarket.com/event/will-trump-acquire-greenland-before-2027,https://embed.polymarket.com/market.html?market=will-trump-acquire-greenland-before-2027&features=volume&theme=light,Will Trump acquire Greenland before 2027?,davos,,"24h $3,116 • spread 0.001 • TTR 118.8d",35410292.80707507,3116.9,0.0,0.0,2027-01-01T04:59:00+00:00,118.75,1,0.001,-0.965,0.0345,0,"[{""name"": ""Top"", ""bestBid"": 0.034, ""bestAsk"": 0.035}]"
559688,0x450810ae738a0ff820d3248f2b24937f63fb8c8cf422ed2a915125adb4d9d3c8,will-andrew-yang-win-the-2028-democratic-presidential-nomination,https://polymarket.com/event/will-andrew-yang-win-the-2028-democratic-presidential-nomination,https://embed.polymarket.com/market.html?market=will-andrew-yang-win-the-2028-democratic-presidential-nomination&features=volume&theme=light,Will Andrew Yang win the 2028 Democratic presidential nomination?,united-states,,"24h $1,288 • spread 0.001 • TTR 794.5d",48724828.387549,1288.61,0.0,0.0,2028-11-07T00:00:00+00:00,794.543,1,0.001,-0.998,0.0015,0,"[{""name"": ""Top"", ""bestBid"": 0.001, ""bestAsk"": 0.002}]"
1105754,0x831493dce463d9adcad78c492f2cbec6ecdac31f4e8c5a894fdac68c130549d4,will-richard-grenell-be-the-leader-of-venezuela-end-of-2026,https://polymarket.com/event/will-richard-grenell-be-the-leader-of-venezuela-end-of-2026,https://embed.polymarket.com/market.html?market=will-richard-grenell-be-the-leader-of-venezuela-end-of-2026&features=volume&theme=light,Will Richard Grenell be the leader of Venezuela end of 2026?,trump-machado,,24h $11 • TTR 117.5d,32790578.928845,11.01,0.0,0.0,2026-12-31T00:00:00+00:00,117.543,1,,-0.999,,0,"[{""name"": ""Top"", ""bestBid"": null, ""bestAsk"": 0.001}]"
561247,0xae70ab9bf1c3726fe430a2ba8b517697ae24e0f0ab554b876a5b521153068882,will-tim-walz-win-the-2028-us-presidential-election,https://polymarket.com/event/will-tim-walz-win-the-2028-us-presidential-election,https://embed.polymarket.com/market.html?market=will-tim-walz-win-the-2028-us-presidential-election&features=volume&theme=light,Will Tim Walz win the 2028 US Presidential Election?,president,,"24h $7,441 • spread 0.001 • TTR 794.5d",44718529.507634,7441.11,0.0,0.0,2028-11-07T00:00:00+00:00,794.543,1,0.001,-0.998,0.0015,0,"[{""name"": ""Top"", ""bestBid"": 0.001, ""bestAsk"": 0.002}]"
561986,0xd1747284d6048b2a3dcfbee489db405f36de18f9590197dd0e5c9f0c246bf050,will-byron-donalds-win-the-2028-republican-presidential-nomination,https://polymarket.com/event/will-byron-donalds-win-the-2028-republican-presidential-nomination,https://embed.polymarket.com/market.html?market=will-byron-donalds-win-the-2028-republican-presidential-nomination&features=volume&theme=light,Will Byron Donalds win the 2028 Republican presidential nomination?,united-states,,24h $885 • spread 0.003 • TTR 794.5d,44397844.35640803,885.08,-0.0005,-10.0,2028-11-07T00:00:00+00:00,794.543,1,0.003,-0.994,0.0045,0,"[{""name"": ""Top"", ""bestBid"": 0.003, ""bestAsk"": 0.006}]"
559682,0x1945a8b23e313ed7423b6b6fd556f9ab5578900376b565a61dc480a5f4f35d21,will-person-a-win-the-2028-democratic-presidential-nomination,https://polymarket.com/event/will-person-a-win-the-2028-democratic-presidential-nomination,https://embed.polymarket.com/market.html?market=will-person-a-win-the-2028-democratic-presidential-nomination&features=volume&theme=light,Will Hunter Biden win the 2028 Democratic presidential nomination?,united-states,,24h $797 • spread 0.001 • TTR 794.5d,44243247.930813015,797.48,0.0,0.0,2028-11-07T00:00:00+00:00,794.543,1,0.001,-0.995,0.0045,0,"[{""name"": ""Top"", ""bestBid"": 0.004, ""bestAsk"": 0.005}]"
559681,0x8b203037c7c0e21b500314f8398d2a8ea294b7ce1f4f9185f426425a3505bc45,will-lebron-james-win-the-2028-democratic-presidential-nomination,https://polymarket.com/event/will-lebron-james-win-the-2028-democratic-presidential-nomination,https://embed.polymarket.com/market.html?market=will-lebron-james-win-the-2028-democratic-presidential-nomination&features=volume&theme=light,Will LeBron James win the 2028 Democratic presidential nomination?,united-states,,24h $398 • spread 0.001 • TTR 794.5d,43959901.03933604,398.23,0.0,0.0,2028-11-07T00:00:00+00:00,794.543,1,0.001,-0.998,0.0015,0,"[{""name"": ""Top"", ""bestBid"": 0.001, ""bestAsk"": 0.002}]"
559677,0x663b88d3a8f2341bb8d878709dc78632bcaf7512e577bd15521e5d8ed933efbc,will-hillary-clinton-win-the-2028-democratic-presidential-nomination,https://polymarket.com/event/will-hillary-clinton-win-the-2028-democratic-presidential-nomination,https://embed.polymarket.com/market.html?market=will-hillary-clinton-win-the-2028-democratic-presidential-nomination&features=volume&theme=light,Will Hillary Clinton win the 2028 Democratic presidential nomination?,united-states,,"24h $21,158 • spread 0.001 • TTR 794.5d",43788134.887470014,21158.17,0.0,0.0,2028-11-07T00:00:00+00:00,794.543,1,0.001,-0.998,0.0015,0,"[{""name"": ""Top"", ""bestBid"": 0.001, ""bestAsk"": 0.002}]"
561995,0x41c6341dd79903aca4bb0c29f5a7976946c3774d2fd72f38cbb7de7092144520,will-mike-pence-win-the-2028-republican-presidential-nomination,https://polymarket.com/event/will-mike-pence-win-the-2028-republican-presidential-nomination,https://embed.polymarket.com/market.html?market=will-mike-pence-win-the-2028-republican-presidential-nomination&features=volume&theme=light,Will Mike Pence win the 2028 Republican presidential nomination?,united-states,,"24h $1,730 • spread 0.001 • TTR 794.5d",43517458.979431,1730.28,0.0,0.0,2028-11-07T00:00:00+00:00,794.543,1,0.001,-0.998,0.0015,0,"[{""name"": ""Top"", ""bestBid"": 0.001, ""bestAsk"": 0.002}]"
559683,0x822e61527476cabf98927e3aad385c5ecdae7086f945535f2c1fd9ae8dbfa46e,will-george-clooney-win-the-2028-democratic-presidential-nomination,https://polymarket.com/event/will-george-clooney-win-the-2028-democratic-presidential-nomination,https://embed.polymarket.com/market.html?market=will-george-clooney-win-the-2028-democratic-presidential-nomination&features=volume&theme=light,Will George Clooney win the 2028 Democratic presidential nomination?,united-states,,"24h $1,506 • spread 0.001 • TTR 794.5d",43350786.55625903,1506.38,0.0,0.0,2028-11-07T00:00:00+00:00,794.543,1,0.001,-0.998,0.0015,0,"[{""name"": ""Top"", ""bestBid"": 0.001, ""bestAsk"": 0.002}]"
559666,0x3265b10daeb30dbcc3214bd02e488551d0a5d3028392f4152e4750b943fbfc91,will-tim-walz-win-the-2028-democratic-presidential-nomination-475,https://polymarket.com/event/will-tim-walz-win-the-2028-democratic-presidential-nomination-475,https://embed.polymarket.com/market.html?market=will-tim-walz-win-the-2028-democratic-presidential-nomination-475&features=volume&theme=light,Will Tim Walz win the 2028 Democratic presidential nomination?,united-states,,"24h $193,509 • spread 0.001 • TTR 794.5d",43277235.56942802,193509.58,0.0,0.0,2028-11-07T00:00:00+00:00,794.543,1,0.001,-0.998,0.0015,0,"[{""name"": ""Top"", ""bestBid"": 0.001, ""bestAsk"": 0.002}]"
559690,0x0f8ef3cc906ba7ba94a44724738df44bdd5f73e59e40c9c8b4ff8569e349643c,will-kim-kardashian-win-the-2028-democratic-presidential-nomination,https://polymarket.com/event/will-kim-kardashian-win-the-2028-democratic-presidential-nomination,https://embed.polymarket.com/market.html?market=will-kim-kardashian-win-the-2028-democratic-presidential-nomination&features=volume&theme=light,Will Kim Kardashian win the 2028 Democratic presidential nomination?,united-states,,24h $934 • spread 0.001 • TTR 794.5d,42846200.786171,934.48,0.0,0.0,2028-11-07T00:00:00+00:00,794.543,1,0.001,-0.998,0.0015,0,"[{""name"": ""Top"", ""bestBid"": 0.001, ""bestAsk"": 0.002}]"
559689,0x8ecd1d15e521b7d1020ad5596cc981c8764e9dcfbc3648f582e1a5138aee7185,will-beto-orourke-win-the-2028-democratic-presidential-nomination,https://polymarket.com/event/will-beto-orourke-win-the-2028-democratic-presidential-nomination,https://embed.polymarket.com/market.html?market=will-beto-orourke-win-the-2028-democratic-presidential-nomination&features=volume&theme=light,Will Beto O’Rourke win the 2028 Democratic presidential nomination?,united-states,,24h $286 • spread 0.001 • TTR 794.5d,42791923.19164804,286.89,0.0,0.0,2028-11-07T00:00:00+00:00,794.543,1,0.001,-0.998,0.0015,0,"[{""name"": ""Top"", ""bestBid"": 0.001, ""bestAsk"": 0.002}]"
2252242,0x5e464d85eb49f22d876f3ed6168a7db5e2288e9ae1eb91effd2758e994676f86,will-the-fed-decrease-interest-rates-by-50-bps-after-the-september-2026-meeting-863,https://polymarket.com/event/will-the-fed-decrease-interest-rates-by-50-bps-after-the-september-2026-meeting-863,https://embed.polymarket.com/market.html?market=will-the-fed-decrease-interest-rates-by-50-bps-after-the-september-2026-meeting-863&features=volume&theme=light,Will the Fed decrease interest rates by 50+ bps after the September 2026 meeting?,fomc,,"24h $913,965 • spread 0.001 • TTR 11.5d",10834718.862784993,913965.86,0.0,0.0,2026-09-16T00:00:00+00:00,11.543,1,0.001,-0.998,0.0015,0,"[{""name"": ""Top"", ""bestBid"": 0.001, ""bestAsk"": 0.002}]"
559680,0x29283b56d3eec6d1d89fff51793d9d2e01579d2379b1d3e9ebda175d3561e809,will-phil-murphy-win-the-2028-democratic-presidential-nomination-611,https://polymarket.com/event/will-phil-murphy-win-the-2028-democratic-presidential-nomination-611,https://embed.polymarket.com/market.html?market=will-phil-murphy-win-the-2028-democratic-presidential-nomination-611&features=volume&theme=light,Will Phil Murphy win the 2028 Democratic presidential nomination?,united-states,,24h $243 • spread 0.001 • TTR 794.5d,42338353.56736494,243.96,0.0,0.0,2028-11-07T00:00:00+00:00,794.543,1,0.001,-0.998,0.0015,0,"[{""name"": ""Top"", ""bestBid"": 0.001, ""bestAsk"": 0.002}]"
559685,0xc44edcfdedb422bae8ff1803e2178d1ee025fc41efd81400ccbede709e018841,will-mrbeast-win-the-2028-democratic-presidential-nomination,https://polymarket.com/event/will-mrbeast-win-the-2028-democratic-presidential-nomination,https://embed.polymarket.com/market.html?market=will-mrbeast-win-the-2028-democratic-presidential-nomination&features=volume&theme=light,Will MrBeast win the 2028 Democratic presidential nomination?,united-states,,"24h $2,967 • spread 0.001 • TTR 794.5d",40975921.00471001,2967.18,0.0,0.0,2028-11-07T00:00:00+00:00,794.543,1,0.001,-0.998,0.0015,0,"[{""name"": ""Top"", ""bestBid"": 0.001, ""bestAsk"": 0.002}]"
561254,0x7f695758278e6d4d9e63df862afa88d664d3402a3d26e4d32ae05121cdbddba6,will-kim-kardashian-win-the-2028-us-presidential-election,https://polymarket.com/event/will-kim-kardashian-win-the-2028-us-presidential-election,https://embed.polymarket.com/market.html?market=will-kim-kardashian-win-the-2028-us-presidential-election&features=volume&theme=light,Will Kim Kardashian win the 2028 US Presidential Election?,president,,"24h $69,555 • TTR 794.5d",40265617.14361602,69555.34,-0.001,-66.6667,2028-11-07T00:00:00+00:00,794.543,1,,-0.999,,0,"[{""name"": ""Top"", ""bestBid"": null, ""bestAsk"": 0.001}]"
559671,0x3535fb2f4aef6619dde8b367cb5e5d209526bb496d5d9778428c58a0252435e3,will-zohran-mamdani-win-the-2028-democratic-presidential-nomination-445,https://polymarket.com/event/will-zohran-mamdani-win-the-2028-democratic-presidential-nomination-445,https://embed.polymarket.com/market.html?market=will-zohran-mamdani-win-the-2028-democratic-presidential-nomination-445&features=volume&theme=light,Will Zohran Mamdani win the 2028 Democratic presidential nomination?,united-states,,24h $402 • spread 0.001 • TTR 794.5d,38855072.63654406,402.04,0.0,0.0,2028-11-07T00:00:00+00:00,794.543,1,0.001,-0.997,0.0025,0,"[{""name"": ""Top"", ""bestBid"": 0.002, ""bestAsk"": 0.003}]"
559678,0x46dbd48d6bde5b81edb480e0f676a2cdda6c6b592c4d86a9367c7ad5a9870195,will-liz-cheney-win-the-2028-democratic-presidential-nomination-551,https://polymarket.com/event/will-liz-cheney-win-the-2028-democratic-presidential-nomination-551,https://embed.polymarket.com/market.html?market=will-liz-cheney-win-the-2028-democratic-presidential-nomination-551&features=volume&theme=light,Will Liz Cheney win the 2028 Democratic presidential nomination?,united-states,,24h $326 • spread 0.001 • TTR 794.5d,38474446.67462203,326.56,0.0,0.0,2028-11-07T00:00:00+00:00,794.543,1,0.001,-0.998,0.0015,0,"[{""name"": ""Top"", ""bestBid"": 0.001, ""bestAsk"": 0.002}]"
561993,0x7190eccbd0677d5d0ae8cdf598b37e945a346915c666dda11468dc9970657a56,will-john-thune-win-the-2028-republican-presidential-nomination,https://polymarket.com/event/will-john-thune-win-the-2028-republican-presidential-nomination,https://embed.polymarket.com/market.html?market=will-john-thune-win-the-2028-republican-presidential-nomination&features=volume&theme=light,Will John Thune win the 2028 Republican presidential nomination?,united-states,,"24h $1,204,148 • spread 0.001 • TTR 794.5d",38089700.712502,1204148.02,0.0,0.0,2028-11-07T00:00:00+00:00,794.543,1,0.001,-0.998,0.0015,0,"[{""name"": ""Top"", ""bestBid"": 0.001, ""bestAsk"": 0.002}]"
561248,0x64396449b471b10b006285fa49dd9a5df535694de7b4c703fdeb0d88d5c4cd33,will-vivek-ramaswamy-win-the-2028-us-presidential-election,https://polymarket.com/event/will-vivek-ramaswamy-win-the-2028-us-presidential-election,https://embed.polymarket.com/market.html?market=will-vivek-ramaswamy-win-the-2028-us-presidential-election&features=volume&theme=light,Will Vivek Ramaswamy win the 2028 US Presidential Election?,president,,"24h $98,625 • spread 0.001 • TTR 794.5d",37909464.35318999,98625.96,0.0,0.0,2028-11-07T00:00:00+00:00,794.543,1,0.001,-0.998,0.0015,0,"[{""name"": ""Top"", ""bestBid"": 0.001, ""bestAsk"": 0.002}]"
559692,0x3cd6e52603d80ddbbdac9b1a4d43f9b7faa6aae4fae4d0fdfad3bd58454da7d3,will-jasmine-crockett-win-the-2028-democratic-presidential-nomination,https://polymarket.com/event/will-jasmine-crockett-win-the-2028-democratic-presidential-nomination,https://embed.polymarket.com/market.html?market=will-jasmine-crockett-win-the-2028-democratic-presidential-nomination&features=volume&theme=light,Will Jasmine Crockett win the 2028 Democratic presidential nomination?,united-states,,24h $332 • spread 0.001 • TTR 794.5d,36455017.02911401,332.7,0.0,0.0,2028-11-07T00:00:00+00:00,794.543,1,0.001,-0.998,0.0015,0,"[{""name"": ""Top"", ""bestBid"": 0.001, ""bestAsk"": 0.002}]"
561994,0x5f1b1caf70eb994bfff2986727a05a3ac9f7ec8b0da4017f7732596d023e5a07,will-kristi-noem-win-the-2028-republican-presidential-nomination,https://polymarket.com/event/will-kristi-noem-win-the-2028-republican-presidential-nomination,https://embed.polymarket.com/market.html?market=will-kristi-noem-win-the-2028-republican-presidential-nomination&features=volume&theme=light,Will Kristi Noem win the 2028 Republican presidential nomination?,united-states,,"24h $6,065 • spread 0.001 • TTR 794.5d",36354725.290099,6065.78,0.0,0.0,2028-11-07T00:00:00+00:00,794.543,1,0.001,-0.998,0.0015,0,"[{""name"": ""Top"", ""bestBid"": 0.001, ""bestAsk"": 0.002}]"
1105752,0x8063a2c9fa21c4a1470b33fee132d6d61fb5b7dcd667dcac3bb82ae15ad70c0d,will-frank-donovan-be-the-leader-of-venezuela-end-of-2026,https://polymarket.com/event/will-frank-donovan-be-the-leader-of-venezuela-end-of-2026,https://embed.polymarket.com/market.html?market=will-frank-donovan-be-the-leader-of-venezuela-end-of-2026&features=volume&theme=light,Will Frank Donovan be the leader of Venezuela end of 2026?,trump-machado,,24h $741 • spread 0.001 • TTR 117.5d,25809377.134588003,741.21,0.0,0.0,2026-12-31T00:00:00+00:00,117.543,1,0.001,-0.998,0.0015,0,"[{""name"": ""Top"", ""bestBid"": 0.001, ""bestAsk"": 0.002}]"
601818,0x81a537b379a35e4e17c286d3b37394e94bd74c1779bbe9a13670eb991b201a3a,will-tarcisio-de-frietas-win-the-2026-brazilian-presidential-election,https://polymarket.com/event/will-tarcisio-de-frietas-win-the-2026-brazilian-presidential-election,https://embed.polymarket.com/market.html?market=will-tarcisio-de-frietas-win-the-2026-brazilian-presidential-election&features=volume&theme=light,Will Tarcisio de Freitas win the 2026 Brazilian presidential election?,politics,,24h $203 • TTR 29.5d,14065415.373296002,203.05,0.0,0.0,2026-10-04T00:00:00+00:00,29.543,1,,-0.999,,0,"[{""name"": ""Top"", ""bestBid"": null, ""bestAsk"": 0.001}]"
559670,0xcb239105ed21a2420ba4d85090b9bc32755c56601ffdc528afd17fd6282fe930,will-gina-raimondo-win-the-2028-democratic-presidential-nomination-676,https://polymarket.com/event/will-gina-raimondo-win-the-2028-democratic-presidential-nomination-676,https://embed.polymarket.com/market.html?market=will-gina-raimondo-win-the-2028-democratic-presidential-nomination-676&features=volume&theme=light,Will Gina Raimondo win the 2028 Democratic presidential nomination?,united-states,,24h $707 • spread 0.001 • TTR 794.5d,35722643.632648,707.32,0.0,0.0,2028-11-07T00:00:00+00:00,794.543,1,0.001,-0.998,0.0015,0,"[{""name"": ""Top"", ""bestBid"": 0.001, ""bestAsk"": 0.002}]"
663583,0xbb4d51e6364066d92eb6f9b8413dd7193de70966736044463b205834805a1f3b,will-the-iranian-regime-fall-by-the-end-of-2026,https://polymarket.com/event/will-the-iranian-regime-fall-by-the-end-of-2026,https://embed.polymarket.com/market.html?market=will-the-iranian-regime-fall-by-the-end-of-2026&features=volume&theme=light,Will the Iranian regime fall before 2027?,reza-pahlavi,,"24h $14,592 • spread 0.010 • TTR 118.8d",25495801.793272976,14592.87,0.0,0.0,2027-01-01T04:59:00+00:00,118.75,1,0.01,-0.93,0.065,0,"[{""name"": ""Top"", ""bestBid"": 0.06, ""bestAsk"": 0.07}]"
561249,0x01dffa7abae7e5d9b7fb44b06d537c5ac932e2ca422ab4b53366672f5e2dc7d6,will-greg-abbott-win-the-2028-us-presidential-election,https://polymarket.com/event/will-greg-abbott-win-the-2028-us-presidential-election,https://embed.polymarket.com/market.html?market=will-greg-abbott-win-the-2028-us-presidential-election&features=volume&theme=light,Will Greg Abbott win the 2028 US Presidential Election?,president,,"24h $10,452 • spread 0.001 • TTR 794.5d",35341936.33962104,10452.18,0.0,0.0,2028-11-07T00:00:00+00:00,794.543,1,0.001,-0.991,0.0085,0,"[{""name"": ""Top"", ""bestBid"": 0.008, ""bestAsk"": 0.009}]"
561242,0x8fc141205ebce5adf437bfdf4d0c5ff58ff24293b79c9431991346c208bb48ed,will-tulsi-gabbard-win-the-2028-us-presidential-election,https://polymarket.com/event/will-tulsi-gabbard-win-the-2028-us-presidential-election,https://embed.polymarket.com/market.html?market=will-tulsi-gabbard-win-the-2028-us-presidential-election&features=volume&theme=light,Will Tulsi Gabbard win the 2028 US Presidential Election?,president,,"24h $57,319 • spread 0.001 • TTR 794.5d",35265292.966344014,57319.3,0.0,0.0,2028-11-07T00:00:00+00:00,794.543,1,0.001,-0.998,0.0015,0,"[{""name"": ""Top"", ""bestBid"": 0.001, ""bestAsk"": 0.002}]"
561982,0x00ad3bb5284b0b2314b1a2d42812fe292f606619c6278bd95c9d905816c240f6,will-sarah-huckabee-sanders-win-the-2028-republican-presidential-nomination,https://polymarket.com/event/will-sarah-huckabee-sanders-win-the-2028-republican-presidential-nomination,https://embed.polymarket.com/market.html?market=will-sarah-huckabee-sanders-win-the-2028-republican-presidential-nomination&features=volume&theme=light,Will Sarah Huckabee Sanders win the 2028 Republican presidential nomination?,united-states,,"24h $6,565 • spread 0.001 • TTR 794.5d",34425183.510975026,6565.42,0.0,0.0,2028-11-07T00:00:00+00:00,794.543,1,0.001,-0.998,0.0015,0,"[{""name"": ""Top"", ""bestBid"": 0.001, ""bestAsk"": 0.002}]"
559676,0x88d67705780a3d922317ecb0c78a947a306174d0510df2ae89394d5abfb28206,will-barack-obama-win-the-2028-democratic-presidential-nomination-265,https://polymarket.com/event/will-barack-obama-win-the-2028-democratic-presidential-nomination-265,https://embed.polymarket.com/market.html?market=will-barack-obama-win-the-2028-democratic-presidential-nomination-265&features=volume&theme=light,Will Barack Obama win the 2028 Democratic presidential nomination?,united-states,,24h $541 • spread 0.001 • TTR 794.5d,34009826.65514804,541.05,0.0,0.0,2028-11-07T00:00:00+00:00,794.543,1,0.001,-0.997,0.0025,0,"[{""name"": ""Top"", ""bestBid"": 0.002, ""bestAsk"": 0.003}]"
561240,0x66b906b8205f48a26beb8e553bbb1e7954e87e4f6e1d539823441221d1806e8f,will-stephen-smith-win-the-2028-us-presidential-election,https://polymarket.com/event/will-stephen-smith-win-the-2028-us-presidential-election,https://embed.polymarket.com/market.html?market=will-stephen-smith-win-the-2028-us-presidential-election&features=volume&theme=light,Will Stephen Smith win the 2028 US Presidential Election?,president,,"24h $1,088 • spread 0.001 • TTR 794.5d",33446757.211619034,1088.92,0.0,0.0,2028-11-07T00:00:00+00:00,794.543,1,0.001,-0.998,0.0015,0,"[{""name"": ""Top"", ""bestBid"": 0.001, ""bestAsk"": 0.002}]"
561999,0xf8dbde8b6e038775a673947e59da2de15a2127272b50b9877400fdbf7cfc3026,will-tom-brady-win-the-2028-republican-presidential-nomination,https://polymarket.com/event/will-tom-brady-win-the-2028-republican-presidential-nomination,https://embed.polymarket.com/market.html?market=will-tom-brady-win-the-2028-republican-presidential-nomination&features=volume&theme=light,Will Tom Brady win the 2028 Republican presidential nomination?,united-states,,24h $471 • spread 0.001 • TTR 794.5d,32951162.83122901,471.9,0.0,0.0,2028-11-07T00:00:00+00:00,794.543,1,0.001,-0.998,0.0015,0,"[{""name"": ""Top"", ""bestBid"": 0.001, ""bestAsk"": 0.002}]"
559664,0xdce84960dce38aa4a5800a5eba7c9ac34d2ce49ba9d44c42572c472d468af264,will-raphael-warnock-win-the-2028-democratic-presidential-nomination-914,https://polymarket.com/event/will-raphael-warnock-win-the-2028-democratic-presidential-nomination-914,https://embed.polymarket.com/market.html?market=will-raphael-warnock-win-the-2028-democratic-presidential-nomination-914&features=volume&theme=light,Will Raphael Warnock win the 2028 Democratic presidential nomination?,united-states,,"24h $1,387 • spread 0.001 • TTR 794.5d",32141435.385247998,1387.07,0.0,0.0,2028-11-07T00:00:00+00:00,794.543,1,0.001,-0.994,0.0055,0,"[{""name"": ""Top"", ""bestBid"": 0.005, ""bestAsk"": 0.006}]"
601825,0x05297f854d3b757d5e51a1a29c7f225a80b14b2a161d6b7f9a61677da7a80ced,will-renan-santos-win-the-2026-brazilian-presidential-election,https://polymarket.com/event/will-renan-santos-win-the-2026-brazilian-presidential-election,https://embed.polymarket.com/market.html?market=will-renan-santos-win-the-2026-brazilian-presidential-election&features=volume&theme=light,Will Renan Santos win the 2026 Brazilian presidential election?,politics,,"24h $117,209 • spread 0.002 • TTR 29.5d",12570674.815878998,117209.62,0.0045,27.2727,2026-10-04T00:00:00+00:00,29.543,1,0.002,-0.978,0.021,0,"[{""name"": ""Top"", ""bestBid"": 0.02, ""bestAsk"": 0.022}]"
559672,0x939eeb2dea216749bd409bedde483c3f2bfb0e24d4f2d34461c0b21c6e91f010,will-roy-cooper-win-the-2028-democratic-presidential-nomination-286,https://polymarket.com/event/will-roy-cooper-win-the-2028-democratic-presidential-nomination-286,https://embed.polymarket.com/market.html?market=will-roy-cooper-win-the-2028-democratic-presidential-nomination-286&features=volume&theme=light,Will Roy Cooper win the 2028 Democratic presidential nomination?,united-states,,24h $162 • spread 0.001 • TTR 794.5d,31453512.501230013,162.77,0.0,0.0,2028-11-07T00:00:00+00:00,794.543,1,0.001,-0.996,0.0035,0,"[{""name"": ""Top"", ""bestBid"": 0.003, ""bestAsk"": 0.004}]"
561990,0xfbb80ea5f8fc02ee7df8bd4f58790e1d04b874078a49a7b7028a74a2075100c9,will-elon-musk-win-the-2028-republican-presidential-nomination,https://polymarket.com/event/will-elon-musk-win-the-2028-republican-presidential-nomination,https://embed.polymarket.com/market.html?market=will-elon-musk-win-the-2028-republican-presidential-nomination&features=volume&theme=light,Will Elon Musk win the 2028 Republican presidential nomination?,united-states,,"24h $111,447 • spread 0.001 • TTR 794.5d",30366403.164253995,111447.9,0.0,0.0,2028-11-07T00:00:00+00:00,794.543,1,0.001,-0.998,0.0015,0,"[{""name"": ""Top"", ""bestBid"": 0.001, ""bestAsk"": 0.002}]"
561245,0xe0173375b7eaccb836f7b92d28a9a2d1cc69e54e5a65fae89a5d7e49aadd332e,will-nikki-haley-win-the-2028-us-presidential-election,https://polymarket.com/event/will-nikki-haley-win-the-2028-us-presidential-election,https://embed.polymarket.com/market.html?market=will-nikki-haley-win-the-2028-us-presidential-election&features=volume&theme=light,Will Nikki Haley win the 2028 US Presidential Election?,president,,"24h $18,021 • spread 0.001 • TTR 794.5d",29877720.42426102,18021.0,0.0,0.0,2028-11-07T00:00:00+00:00,794.543,1,0.001,-0.998,0.0015,0,"[{""name"": ""Top"", ""bestBid"": 0.001, ""bestAsk"": 0.002}]"
561992,0x61a1278884fa70d68d4bcaaf72fad55bbdb063cac28c6947472ca91635fab10f,will-katie-britt-win-the-2028-republican-presidential-nomination,https://polymarket.com/event/will-katie-britt-win-the-2028-republican-presidential-nomination,https://embed.polymarket.com/market.html?market=will-katie-britt-win-the-2028-republican-presidential-nomination&features=volume&theme=light,Will Katie Britt win the 2028 Republican presidential nomination?,united-states,,24h $119 • spread 0.001 • TTR 794.5d,28894868.171781007,119.72,0.0,0.0,2028-11-07T00:00:00+00:00,794.543,1,0.001,-0.997,0.0025,0,"[{""name"": ""Top"", ""bestBid"": 0.002, ""bestAsk"": 0.003}]"
562003,0x414378275cb214b747245942be889ee1e077c56d1c00eb4d726629c95f22b5a5,will-kim-kardashian-win-the-2028-republican-presidential-nomination,https://polymarket.com/event/will-kim-kardashian-win-the-2028-republican-presidential-nomination,https://embed.polymarket.com/market.html?market=will-kim-kardashian-win-the-2028-republican-presidential-nomination&features=volume&theme=light,Will Kim Kardashian win the 2028 Republican presidential nomination?,united-states,,24h $203 • spread 0.002 • TTR 794.5d,28536408.50153901,203.5,0.0,0.0,2028-11-07T00:00:00+00:00,794.543,1,0.002,-0.996,0.003,0,"[{""name"": ""Top"", ""bestBid"": 0.002, ""bestAsk"": 0.004}]"
561987,0x655b4bfdfa55a95c24d6e9bf7e7cd62f1b57da9a1f4c7f40f090b8ba847dffa2,will-elise-stefanik-win-the-2028-republican-presidential-nomination,https://polymarket.com/event/will-elise-stefanik-win-the-2028-republican-presidential-nomination,https://embed.polymarket.com/market.html?market=will-elise-stefanik-win-the-2028-republican-presidential-nomination&features=volume&theme=light,Will Elise Stefanik win the 2028 Republican presidential nomination?,united-states,,24h $507 • spread 0.001 • TTR 794.5d,27982085.79105802,507.73,-0.001,-22.2222,2028-11-07T00:00:00+00:00,794.543,1,0.001,-0.996,0.0035,0,"[{""name"": ""Top"", ""bestBid"": 0.003, ""bestAsk"": 0.004}]"
560317,0x6bd56627aa21311850825edb27e53434a0e17a4f782be0086bc07f71eee00d0d,putin-out-before-2027-346,https://polymarket.com/event/putin-out-before-2027-346,https://embed.polymarket.com/market.html?market=putin-out-before-2027-346&features=volume&theme=light,"Putin out as President of Russia by December 31, 2026?",putin,,"24h $22,223 • spread 0.010 • TTR 118.8d",19961306.008335017,22223.88,0.0,0.0,2027-01-01T04:59:00+00:00,118.75,1,0.01,-0.93,0.065,0,"[{""name"": ""Top"", ""bestBid"": 0.06, ""bestAsk"": 0.07}]"
559674,0x8fbcb151e2c988df5a43abb02298014b7daf34c008f3eed9188dd16a2a19bec1,will-jared-polis-win-the-2028-democratic-presidential-nomination-837,https://polymarket.com/event/will-jared-polis-win-the-2028-democratic-presidential-nomination-837,https://embed.polymarket.com/market.html?market=will-jared-polis-win-the-2028-democratic-presidential-nomination-837&features=volume&theme=light,Will Jared Polis win the 2028 Democratic presidential nomination?,united-states,,24h $589 • spread 0.001 • TTR 794.5d,27334388.336990997,589.56,0.0,0.0,2028-11-07T00:00:00+00:00,794.543,1,0.001,-0.998,0.0015,0,"[{""name"": ""Top"", ""bestBid"": 0.001, ""bestAsk"": 0.002}]"
559652,0x0f49db97f71c68b1e42a6d16e3de93d85dbf7d4148e3f018eb79e88554be9f75,will-gavin-newsom-win-the-2028-democratic-presidential-nomination-568,https://polymarket.com/event/will-gavin-newsom-win-the-2028-democratic-presidential-nomination-568,https://embed.polymarket.com/market.html?market=will-gavin-newsom-win-the-2028-democratic-presidential-nomination-568&features=volume&theme=light,Will Gavin Newsom win the 2028 Democratic presidential nomination?,united-states,,"24h $1,788 • spread 0.001 • TTR 794.5d",27060698.418412,1788.36,0.0,0.0,2028-11-07T00:00:00+00:00,794.543,1,0.001,-0.858,0.1415,0,"[{""name"": ""Top"", ""bestBid"": 0.141, ""bestAsk"": 0.142}]"
561250,0x68e3c4e0dd8f82d010060032006fd157401b0bd8e04bd2953ae293e31eb99bf6,will-elon-musk-win-the-2028-us-presidential-election,https://polymarket.com/event/will-elon-musk-win-the-2028-us-presidential-election,https://embed.polymarket.com/market.html?market=will-elon-musk-win-the-2028-us-presidential-election&features=volume&theme=light,Will Elon Musk win the 2028 US Presidential Election?,president,,"24h $20,548 • spread 0.001 • TTR 794.5d",26927568.35482102,20548.96,0.0,0.0,2028-11-07T00:00:00+00:00,794.543,1,0.001,-0.998,0.0015,0,"[{""name"": ""Top"", ""bestBid"": 0.001, ""bestAsk"": 0.002}]"
561238,0xc4435df23facee8c4cd86090310c7835c2a0425646b2588b0a02e67fa42f444e,will-glenn-youngkin-win-the-2028-us-presidential-election,https://polymarket.com/event/will-glenn-youngkin-win-the-2028-us-presidential-election,https://embed.polymarket.com/market.html?market=will-glenn-youngkin-win-the-2028-us-presidential-election&features=volume&theme=light,Will Glenn Youngkin win the 2028 US Presidential Election?,president,,"24h $130,522 • spread 0.001 • TTR 794.5d",26859665.911642987,130522.75,0.0,0.0,2028-11-07T00:00:00+00:00,794.543,1,0.001,-0.998,0.0015,0,"[{""name"": ""Top"", ""bestBid"": 0.001, ""bestAsk"": 0.002}]"
601823,0xe1d5733322fd2215f136412f419d9ff805d097f78c68de3261515ff736895f2b,will-eduardo-bolsonaro-win-the-2026-brazilian-presidential-election,https://polymarket.com/event/will-eduardo-bolsonaro-win-the-2026-brazilian-presidential-election,https://embed.polymarket.com/market.html?market=will-eduardo-bolsonaro-win-the-2026-brazilian-presidential-election&features=volume&theme=light,Will Eduardo Bolsonaro win the 2026 Brazilian presidential election?,politics,,24h $77 • TTR 29.5d,10445062.925772,77.08,0.0,0.0,2026-10-04T00:00:00+00:00,29.543,1,,-0.999,,0,"[{""name"": ""Top"", ""bestBid"": null, ""bestAsk"": 0.001}]"
601824,0xa59bb6bb91e5c1e4d533864520fbd3bb75d6d0ebb813b4cd8a8b88479bfa8966,will-carlos-roberto-massa-jnior-win-the-2026-brazilian-presidential-election,https://polymarket.com/event/will-carlos-roberto-massa-jnior-win-the-2026-brazilian-presidential-election,https://embed.polymarket.com/market.html?market=will-carlos-roberto-massa-jnior-win-the-2026-brazilian-presidential-election&features=volume&theme=light,Will Carlos Roberto Massa Júnior win the 2026 Brazilian presidential election?,politics,,TTR 29.5d,10429588.136619,,0.0,0.0,2026-10-04T00:00:00+00:00,29.543,1,,-0.999,,0,"[{""name"": ""Top"", ""bestBid"": null, ""bestAsk"": 0.001}]"
601822,0x37ec4c6b57a18b16eed1241f6155ee7ff45bc1697d7848f15ac33d406e38ed00,will-michelle-bolsonaro-win-the-2026-brazilian-presidential-election,https://polymarket.com/event/will-michelle-bolsonaro-win-the-2026-brazilian-presidential-election,https://embed.polymarket.com/market.html?market=will-michelle-bolsonaro-win-the-2026-brazilian-presidential-election&features=volume&theme=light,Will Michelle Bolsonaro win the 2026 Brazilian presidential election?,politics,,24h $4 • TTR 29.5d,10336762.042318,4.7,0.0,0.0,2026-10-04T00:00:00+00:00,29.543,1,,-0.999,,0,"[{""name"": ""Top"", ""bestBid"": null, ""bestAsk"": 0.001}]"
559667,0x3e218c99a1335641b3a5ee6c887521d19b0c28fddd6b99c254a07968e35c0b1b,will-michelle-obama-win-the-2028-democratic-presidential-nomination-777,https://polymarket.com/event/will-michelle-obama-win-the-2028-democratic-presidential-nomination-777,https://embed.polymarket.com/market.html?market=will-michelle-obama-win-the-2028-democratic-presidential-nomination-777&features=volume&theme=light,Will Michelle Obama win the 2028 Democratic presidential nomination?,united-states,,24h $550 • spread 0.001 • TTR 794.5d,26196537.101836015,550.88,0.0,0.0,2028-11-07T00:00:00+00:00,794.543,1,0.001,-0.992,0.0075,0,"[{""name"": ""Top"", ""bestBid"": 0.007, ""bestAsk"": 0.008}]"
559665,0x1970bcce75e3674660917ae4685b433a9b1e0152d810a8d7c346dfd5e00694c2,will-corey-booker-win-the-2028-democratic-presidential-nomination-125,https://polymarket.com/event/will-corey-booker-win-the-2028-democratic-presidential-nomination-125,https://embed.polymarket.com/market.html?market=will-corey-booker-win-the-2028-democratic-presidential-nomination-125&features=volume&theme=light,Will Cory Booker win the 2028 Democratic presidential nomination?,united-states,,"24h $19,953 • spread 0.002 • TTR 794.5d",26111838.09330501,19953.27,-0.0005,-7.6923,2028-11-07T00:00:00+00:00,794.543,1,0.002,-0.993,0.006,0,"[{""name"": ""Top"", ""bestBid"": 0.005, ""bestAsk"": 0.007}]"
559673,0xca1d1139b0c3a29983407f499476ae642482788e841a277eb86faeeb9fa4a85c,will-john-fetterman-win-the-2028-democratic-presidential-nomination-941,https://polymarket.com/event/will-john-fetterman-win-the-2028-democratic-presidential-nomination-941,https://embed.polymarket.com/market.html?market=will-john-fetterman-win-the-2028-democratic-presidential-nomination-941&features=volume&theme=light,Will John Fetterman win the 2028 Democratic presidential nomination?,united-states,,24h $226 • spread 0.001 • TTR 794.5d,25564863.194833998,226.12,0.0,0.0,2028-11-07T00:00:00+00:00,794.543,1,0.001,-0.998,0.0015,0,"[{""name"": ""Top"", ""bestBid"": 0.001, ""bestAsk"": 0.002}]"
2155000,0xa4ddc18895cc7b14810283ef8f113939abffd3969c6a0e37f1897110c67e6f73,hantavirus-pandemic-in-2026,https://polymarket.com/event/hantavirus-pandemic-in-2026,https://embed.polymarket.com/market.html?market=hantavirus-pandemic-in-2026&features=volume&theme=light,Hantavirus pandemic in 2026?,pandemics,,"24h $25,686 • spread 0.001 • TTR 118.8d",18029498.83799705,25686.39,-0.004,-11.2676,2027-01-01T04:59:00+00:00,118.75,1,0.001,-0.968,0.0315,0,"[{""name"": ""Top"", ""bestBid"": 0.031, ""bestAsk"": 0.032}]"
1130012,0x502a94e5c525766d5ee7f16c6568131ba1b2cbadb69c703af05a6ef00336ed64,will-united-russia-er-gain-the-most-seats-in-the-next-russian-parliamentary-election,https://polymarket.com/event/will-united-russia-er-gain-the-most-seats-in-the-next-russian-parliamentary-election,https://embed.polymarket.com/market.html?market=will-united-russia-er-gain-the-most-seats-in-the-next-russian-parliamentary-election&features=volume&theme=light,Will United Russia (ER) gain the most seats in the next Russian parliamentary election?,politics,,"24h $48,511 • spread 0.010 • TTR 25.5d",9069905.606931996,48511.55,-0.01,-1.4184,2026-09-30T00:00:00+00:00,25.543,1,0.01,-0.31,0.685,0,"[{""name"": ""Top"", ""bestBid"": 0.68, ""bestAsk"": 0.69}]"
601819,0xdf8e2dc5860027decbe6164555c3c1c9645c3bd33e16b9dc57ca87125047d4a8,will-luiz-incio-lula-da-silva-win-the-2026-brazilian-presidential-election,https://polymarket.com/event/will-luiz-incio-lula-da-silva-win-the-2026-brazilian-presidential-election,https://embed.polymarket.com/market.html?market=will-luiz-incio-lula-da-silva-win-the-2026-brazilian-presidential-election&features=volume&theme=light,Will Luiz Inácio Lula da Silva win the 2026 Brazilian presidential election?,politics,,"24h $78,784 • spread 0.010 • TTR 29.5d • ~50% mid",9694763.747637996,78784.58,0.0,0.0,2026-10-04T00:00:00+00:00,29.543,1,0.01,-0.45,0.545,1,"[{""name"": ""Top"", ""bestBid"": 0.54, ""bestAsk"": 0.55}]"
559675,0xfee07be730188c94cd3644ed6f107fa3ea2dfab9989ce8d39aeeae064766abe3,will-jon-stewart-win-the-2028-democratic-presidential-nomination-518,https://polymarket.com/event/will-jon-stewart-win-the-2028-democratic-presidential-nomination-518,https://embed.polymarket.com/market.html?market=will-jon-stewart-win-the-2028-democratic-presidential-nomination-518&features=volume&theme=light,Will Jon Stewart win the 2028 Democratic presidential nomination?,united-states,,"24h $1,451 • spread 0.001 • TTR 794.5d",24654215.341614008,1451.19,-0.0015,-25.0,2028-11-07T00:00:00+00:00,794.543,1,0.001,-0.995,0.0045,0,"[{""name"": ""Top"", ""bestBid"": 0.004, ""bestAsk"": 0.005}]"
601826,0x1a01bf78f56a507fcb666d564d8c8b91b0750679163ed6e96746102c9b7d285d,will-flvio-bolsonaro-win-the-2026-brazilian-presidential-election,https://polymarket.com/event/will-flvio-bolsonaro-win-the-2026-brazilian-presidential-election,https://embed.polymarket.com/market.html?market=will-flvio-bolsonaro-win-the-2026-brazilian-presidential-election&features=volume&theme=light,Will Flávio Bolsonaro win the 2026 Brazilian presidential election?,politics,,"24h $97,384 • spread 0.001 • TTR 29.5d • ~50% mid",9652664.391462998,97384.2,-0.008,-1.8497,2026-10-04T00:00:00+00:00,29.543,1,0.001,-0.575,0.4245,1,"[{""name"": ""Top"", ""bestBid"": 0.424, ""bestAsk"": 0.425}]"
562001,0xd5659eea81cada0bac656f5a9099861786cbae6755e2e1ac2c9e9441908b551f,will-steve-bannon-win-the-2028-republican-presidential-nomination,https://polymarket.com/event/will-steve-bannon-win-the-2028-republican-presidential-nomination,https://embed.polymarket.com/market.html?market=will-steve-bannon-win-the-2028-republican-presidential-nomination&features=volume&theme=light,Will Steve Bannon win the 2028 Republican presidential nomination?,united-states,,24h $437 • spread 0.001 • TTR 794.5d,22919191.690787993,437.41,0.0,0.0,2028-11-07T00:00:00+00:00,794.543,1,0.001,-0.997,0.0025,0,"[{""name"": ""Top"", ""bestBid"": 0.002, ""bestAsk"": 0.003}]"
559662,0x9d4f94f82de9d13ff1d3318639ab9000ee2533949e525343156f374fb00bd9b1,will-mark-cuban-win-the-2028-democratic-presidential-nomination-329,https://polymarket.com/event/will-mark-cuban-win-the-2028-democratic-presidential-nomination-329,https://embed.polymarket.com/market.html?market=will-mark-cuban-win-the-2028-democratic-presidential-nomination-329&features=volume&theme=light,Will Mark Cuban win the 2028 Democratic presidential nomination?,united-states,,24h $96 • spread 0.001 • TTR 794.5d,22883317.228914,96.38,0.0,0.0,2028-11-07T00:00:00+00:00,794.543,1,0.001,-0.994,0.0055,0,"[{""name"": ""Top"", ""bestBid"": 0.005, ""bestAsk"": 0.006}]"
559657,0xc8f1cf5d4f26e0fd9c8fe89f2a7b3263b902cf14fde7bfccef525753bb492e47,will-stephen-a-smith-win-the-2028-democratic-presidential-nomination-914,https://polymarket.com/event/will-stephen-a-smith-win-the-2028-democratic-presidential-nomination-914,https://embed.polymarket.com/market.html?market=will-stephen-a-smith-win-the-2028-democratic-presidential-nomination-914&features=volume&theme=light,Will Stephen A. Smith win the 2028 Democratic presidential nomination?,united-states,,"24h $575,565 • spread 0.001 • TTR 794.5d",22370889.993689008,575565.98,-0.001,-40.0,2028-11-07T00:00:00+00:00,794.543,1,0.001,-0.998,0.0015,0,"[{""name"": ""Top"", ""bestBid"": 0.001, ""bestAsk"": 0.002}]"
561256,0xf05b4b55336a4c1c7b44c726911d2b559732cff7bad339084de86ae364dc85f6,will-zohran-mamdani-win-the-2028-us-presidential-election,https://polymarket.com/event/will-zohran-mamdani-win-the-2028-us-presidential-election,https://embed.polymarket.com/market.html?market=will-zohran-mamdani-win-the-2028-us-presidential-election&features=volume&theme=light,Will Zohran Mamdani win the 2028 US Presidential Election?,president,,"24h $1,377 • spread 0.001 • TTR 794.5d",22147069.860913,1377.98,0.0,0.0,2028-11-07T00:00:00+00:00,794.543,1,0.001,-0.998,0.0015,0,"[{""name"": ""Top"", ""bestBid"": 0.001, ""bestAsk"": 0.002}]"
2774057,0xa08a5ce99e14ce0b22767af6f16c08a2ab012249444c20887193a9a3e98e11fc,strait-of-hormuz-traffic-returns-to-normal-by-september-30-20260702154339440,https://polymarket.com/event/strait-of-hormuz-traffic-returns-to-normal-by-september-30-20260702154339440,https://embed.polymarket.com/market.html?market=strait-of-hormuz-traffic-returns-to-normal-by-september-30-20260702154339440&features=volume&theme=light,Strait of Hormuz traffic returns to normal by September 30?,oil,,"24h $105,549 • spread 0.002 • TTR 25.5d",7698104.032269999,105549.67,-0.0065,-24.5283,2026-09-30T00:00:00+00:00,25.543,1,0.002,-0.979,0.02,0,"[{""name"": ""Top"", ""bestBid"": 0.019, ""bestAsk"": 0.021}]"
561983,0x214093035e429b91df322bd20c55d9f611f741f67472a63f7623a9afc0cffa57,will-greg-abbott-win-the-2028-republican-presidential-nomination,https://polymarket.com/event/will-greg-abbott-win-the-2028-republican-presidential-nomination,https://embed.polymarket.com/market.html?market=will-greg-abbott-win-the-2028-republican-presidential-nomination&features=volume&theme=light,Will Greg Abbott win the 2028 Republican presidential nomination?,united-states,,"24h $16,409 • spread 0.001 • TTR 794.5d",20704316.906545002,16409.35,-0.002,-36.3636,2028-11-07T00:00:00+00:00,794.543,1,0.001,-0.996,0.0035,0,"[{""name"": ""Top"", ""bestBid"": 0.003, ""bestAsk"": 0.004}]"
561991,0xf2cea45ec282af4f302d2ab85ede73678cd692ebf8c3ab6d52bfa5e19f44c553,will-matt-gaetz-win-the-2028-republican-presidential-nomination,https://polymarket.com/event/will-matt-gaetz-win-the-2028-republican-presidential-nomination,https://embed.polymarket.com/market.html?market=will-matt-gaetz-win-the-2028-republican-presidential-nomination&features=volume&theme=light,Will Matt Gaetz win the 2028 Republican presidential nomination?,united-states,,"24h $118,191 • spread 0.001 • TTR 794.5d",20353187.569417994,118191.08,0.0,0.0,2028-11-07T00:00:00+00:00,794.543,1,0.001,-0.998,0.0015,0,"[{""name"": ""Top"", ""bestBid"": 0.001, ""bestAsk"": 0.002}]"
601831,0x70f1a7d2cd490b640676d5e31470bcbe16fef40087de1af8b6f6e44e299b5784,will-eduardo-leite-win-the-2026-brazilian-presidential-election,https://polymarket.com/event/will-eduardo-leite-win-the-2026-brazilian-presidential-election,https://embed.polymarket.com/market.html?market=will-eduardo-leite-win-the-2026-brazilian-presidential-election&features=volume&theme=light,Will Eduardo Leite win the 2026 Brazilian presidential election?,politics,,TTR 29.5d,7984805.319927001,,0.0,0.0,2026-10-04T00:00:00+00:00,29.543,1,,-0.999,,0,"[{""name"": ""Top"", ""bestBid"": null, ""bestAsk"": 0.001}]"
561988,0x4d4bceee5f59f75230c6438f69fc913a6da7afa4098ce0734655045c02a730fc,will-josh-hawley-win-the-2028-republican-presidential-nomination,https://polymarket.com/event/will-josh-hawley-win-the-2028-republican-presidential-nomination,https://embed.polymarket.com/market.html?market=will-josh-hawley-win-the-2028-republican-presidential-nomination&features=volume&theme=light,Will Josh Hawley win the 2028 Republican presidential nomination?,united-states,,"24h $2,597 • spread 0.001 • TTR 794.5d",20214204.625219997,2597.81,0.0,0.0,2028-11-07T00:00:00+00:00,794.543,1,0.001,-0.996,0.0035,0,"[{""name"": ""Top"", ""bestBid"": 0.003, ""bestAsk"": 0.004}]"
898420,0xa2b7d292821eafb97059947b9d834512deda11b7866e0f7b299bcb035071d626,will-oliver-bearman-be-the-2026-f1-drivers-champion,https://polymarket.com/event/will-oliver-bearman-be-the-2026-f1-drivers-champion,https://embed.polymarket.com/market.html?market=will-oliver-bearman-be-the-2026-f1-drivers-champion&features=volume&theme=light,Will Oliver Bearman be the 2026 F1 Drivers' Champion?,sports,,TTR 92.5d,12897790.146556003,,0.0,0.0,2026-12-06T00:00:00+00:00,92.543,1,,-0.999,,0,"[{""name"": ""Top"", ""bestBid"": null, ""bestAsk"": 0.001}]"
562000,0xd10bc768ede58b53ed400594240b0a0603134a32dab89ec823a18759cbc180ca,will-rand-paul-win-the-2028-republican-presidential-nomination,https://polymarket.com/event/will-rand-paul-win-the-2028-republican-presidential-nomination,https://embed.polymarket.com/market.html?market=will-rand-paul-win-the-2028-republican-presidential-nomination&features=volume&theme=light,Will Rand Paul win the 2028 Republican presidential nomination?,united-states,,"24h $32,898 • spread 0.001 • TTR 794.5d",19408166.389134996,32898.34,0.0,0.0,2028-11-07T00:00:00+00:00,794.543,1,0.001,-0.997,0.0025,0,"[{""name"": ""Top"", ""bestBid"": 0.002, ""bestAsk"": 0.003}]"
561989,0x0ac23db1e56971022bc7e822b907a2466c618b34104ea72bc9fa95e41c86a9c6,will-ted-cruz-win-the-2028-republican-presidential-nomination,https://polymarket.com/event/will-ted-cruz-win-the-2028-republican-presidential-nomination,https://embed.polymarket.com/market.html?market=will-ted-cruz-win-the-2028-republican-presidential-nomination&features=volume&theme=light,Will Ted Cruz win the 2028 Republican presidential nomination?,united-states,,24h $980 • spread 0.001 • TTR 794.5d,19329492.832687,980.85,0.0,0.0,2028-11-07T00:00:00+00:00,794.543,1,0.001,-0.986,0.0135,0,"[{""name"": ""Top"", ""bestBid"": 0.013, ""bestAsk"": 0.014}]"
561257,0xbbbece074c2d4010e39e39c85ed67b1131180fcea616073c893fb6beaf51d783,will-michelle-obama-win-the-2028-us-presidential-election,https://polymarket.com/event/will-michelle-obama-win-the-2028-us-presidential-election,https://embed.polymarket.com/market.html?market=will-michelle-obama-win-the-2028-us-presidential-election&features=volume&theme=light,Will Michelle Obama win the 2028 US Presidential Election?,president,,"24h $50,557 • spread 0.001 • TTR 794.5d",19198599.662454996,50557.22,0.0,0.0,2028-11-07T00:00:00+00:00,794.543,1,0.001,-0.997,0.0025,0,"[{""name"": ""Top"", ""bestBid"": 0.002, ""bestAsk"": 0.003}]"
561237,0x09ad4955c170d46c6d80b5f554435b19e229ff7dbe55370892b64782336cc3b9,will-andy-beshear-win-the-2028-us-presidential-election,https://polymarket.com/event/will-andy-beshear-win-the-2028-us-presidential-election,https://embed.polymarket.com/market.html?market=will-andy-beshear-win-the-2028-us-presidential-election&features=volume&theme=light,Will Andy Beshear win the 2028 US Presidential Election?,president,,"24h $5,806 • spread 0.001 • TTR 794.5d",19156099.946994998,5806.89,0.0,0.0,2028-11-07T00:00:00+00:00,794.543,1,0.001,-0.989,0.0105,0,"[{""name"": ""Top"", ""bestBid"": 0.01, ""bestAsk"": 0.011}]"
601821,0xdd3d104667774208eae2239f576122ecdd1c04ba81cc14d26d22a36b33887977,will-fernando-haddad-win-the-2026-brazilian-presidential-election,https://polymarket.com/event/will-fernando-haddad-win-the-2026-brazilian-presidential-election,https://embed.polymarket.com/market.html?market=will-fernando-haddad-win-the-2026-brazilian-presidential-election&features=volume&theme=light,Will Fernando Haddad win the 2026 Brazilian presidential election?,politics,,"24h $1,058 • TTR 29.5d",7426209.021963,1058.03,0.0,0.0,2026-10-04T00:00:00+00:00,29.543,1,,-0.999,,0,"[{""name"": ""Top"", ""bestBid"": null, ""bestAsk"": 0.001}]"
561263,0x2d3c4fc5cde6dfb43448402b912e41bd4453e3f030448ed026bff8f1a0bc072e,will-eric-trump-win-the-2028-us-presidential-election,https://polymarket.com/event/will-eric-trump-win-the-2028-us-presidential-election,https://embed.polymarket.com/market.html?market=will-eric-trump-win-the-2028-us-presidential-election&features=volume&theme=light,Will Eric Trump win the 2028 US Presidential Election?,president,,24h $308 • TTR 794.5d,18815204.770760998,308.93,0.0,0.0,2028-11-07T00:00:00+00:00,794.543,1,,-0.999,,0,"[{""name"": ""Top"", ""bestBid"": null, ""bestAsk"": 0.001}]"
562002,0x7abed80b88301210ee83b7b14ec41bc9a5161e1af07254fbb26c6e2bf7182766,will-erika-kirk-win-the-2028-republican-presidential-nomination,https://polymarket.com/event/will-erika-kirk-win-the-2028-republican-presidential-nomination,https://embed.polymarket.com/market.html?market=will-erika-kirk-win-the-2028-republican-presidential-nomination&features=volume&theme=light,Will Erika Kirk win the 2028 Republican presidential nomination?,united-states,,24h $192 • spread 0.001 • TTR 794.5d,18733405.590151995,192.56,0.0,0.0,2028-11-07T00:00:00+00:00,794.543,1,0.001,-0.998,0.0015,0,"[{""name"": ""Top"", ""bestBid"": 0.001, ""bestAsk"": 0.002}]"
898424,0xde3d62becec90cd596e01294346786f5a9406a026e105c054d0f7e62cffdcf8f,will-franco-colapinto-be-the-2026-f1-drivers-champion,https://polymarket.com/event/will-franco-colapinto-be-the-2026-f1-drivers-champion,https://embed.polymarket.com/market.html?market=will-franco-colapinto-be-the-2026-f1-drivers-champion&features=volume&theme=light,Will Franco Colapinto be the 2026 F1 Drivers' Champion?,sports,,TTR 92.5d,12224732.891520007,,0.0,0.0,2026-12-06T00:00:00+00:00,92.543,1,,-0.999,,0,"[{""name"": ""Top"", ""bestBid"": null, ""bestAsk"": 0.001}]"
898429,0x00f89ad58499dfda366bf9182878c81d9ec6a73cdf4bf9a85b9d24474debf684,will-valtteri-bottas-be-the-2026-f1-drivers-champion,https://polymarket.com/event/will-valtteri-bottas-be-the-2026-f1-drivers-champion,https://embed.polymarket.com/market.html?market=will-valtteri-bottas-be-the-2026-f1-drivers-champion&features=volume&theme=light,Will Valtteri Bottas be the 2026 F1 Drivers' Champion?,sports,,24h $53 • TTR 92.5d,12202348.973810999,53.04,0.0,0.0,2026-12-06T00:00:00+00:00,92.543,1,,-0.999,,0,"[{""name"": ""Top"", ""bestBid"": null, ""bestAsk"": 0.001}]"
559656,0x61d9486c0f7e14ed98f3b177b6adcb3cd45646c92e8bbfbf209789b86472d4b6,will-wes-moore-win-the-2028-democratic-presidential-nomination-714,https://polymarket.com/event/will-wes-moore-win-the-2028-democratic-presidential-nomination-714,https://embed.polymarket.com/market.html?market=will-wes-moore-win-the-2028-democratic-presidential-nomination-714&features=volume&theme=light,Will Wes Moore win the 2028 Democratic presidential nomination?,united-states,,24h $317 • spread 0.002 • TTR 794.5d,18417171.205162004,317.62,0.0015,10.3448,2028-11-07T00:00:00+00:00,794.543,1,0.002,-0.983,0.016,0,"[{""name"": ""Top"", ""bestBid"": 0.015, ""bestAsk"": 0.017}]"
898426,0x7a6491e3c906af3657b9b5cf2b371b454f1ddb91b4f4ca3344caaabf424a8056,will-arvid-lindblad-be-the-2026-f1-drivers-champion,https://polymarket.com/event/will-arvid-lindblad-be-the-2026-f1-drivers-champion,https://embed.polymarket.com/market.html?market=will-arvid-lindblad-be-the-2026-f1-drivers-champion&features=volume&theme=light,Will Arvid Lindblad be the 2026 F1 Drivers' Champion?,sports,,TTR 92.5d,12048920.475627001,,0.0,0.0,2026-12-06T00:00:00+00:00,92.543,1,,-0.999,,0,"[{""name"": ""Top"", ""bestBid"": null, ""bestAsk"": 0.001}]"
601827,0xbca3d70ec52a5a441ccc365a3b1b48b9cd0f08dfff4bc5871e2cd92d0d92caa1,will-ronaldo-caiado-win-the-2026-brazilian-presidential-election,https://polymarket.com/event/will-ronaldo-caiado-win-the-2026-brazilian-presidential-election,https://embed.polymarket.com/market.html?market=will-ronaldo-caiado-win-the-2026-brazilian-presidential-election&features=volume&theme=light,Will Ronaldo Caiado win the 2026 Brazilian presidential election?,politics,,"24h $69,600 • spread 0.001 • TTR 29.5d",7144591.278443,69600.97,-0.001,-40.0,2026-10-04T00:00:00+00:00,29.543,1,0.001,-0.998,0.0015,0,"[{""name"": ""Top"", ""bestBid"": 0.001, ""bestAsk"": 0.002}]"
561230,0x4567b275e6b667a6217f5cb4f06a797d3a1eaf1d0281fb5bc8c75e2046ae7e57,will-gavin-newsom-win-the-2028-us-presidential-election,https://polymarket.com/event/will-gavin-newsom-win-the-2028-us-presidential-election,https://embed.polymarket.com/market.html?market=will-gavin-newsom-win-the-2028-us-presidential-election&features=volume&theme=light,Will Gavin Newsom win the 2028 US Presidential Election?,president,,"24h $3,859 • spread 0.001 • TTR 794.5d",18068914.502201017,3859.77,0.0,0.0,2028-11-07T00:00:00+00:00,794.543,1,0.001,-0.914,0.0855,0,"[{""name"": ""Top"", ""bestBid"": 0.085, ""bestAsk"": 0.086}]"
898427,0x596b82d8371efcfcc2fd5312d5dde04f5e9aa1f0c61fd3f93be2a8be09e0da5f,will-alexander-albon-be-the-2026-f1-drivers-champion,https://polymarket.com/event/will-alexander-albon-be-the-2026-f1-drivers-champion,https://embed.polymarket.com/market.html?market=will-alexander-albon-be-the-2026-f1-drivers-champion&features=volume&theme=light,Will Alexander Albon be the 2026 F1 Drivers' Champion?,sports,,TTR 92.5d,11874840.470013006,,0.0,0.0,2026-12-06T00:00:00+00:00,92.543,1,,-0.999,,0,"[{""name"": ""Top"", ""bestBid"": null, ""bestAsk"": 0.001}]"
559651,0xa467b14d51f01b957109d9cbb1d6c124fab2a089d52ed8f471d23c2812e743b7,xi-jinping-out-before-2027,https://polymarket.com/event/xi-jinping-out-before-2027,https://embed.polymarket.com/market.html?market=xi-jinping-out-before-2027&features=volume&theme=light,Xi Jinping out before 2027?,hfc,,"24h $26,163 • spread 0.001 • TTR 118.8d",12939000.297670983,26163.05,0.001,2.1505,2027-01-01T04:59:00+00:00,118.75,1,0.001,-0.952,0.0475,0,"[{""name"": ""Top"", ""bestBid"": 0.047, ""bestAsk"": 0.048}]"
898430,0x9ca9ea6bcad843f3e94c213ad978b4f21d712d90f9a28372d9248ec99bb7193a,will-sergio-prez-be-the-2026-f1-drivers-champion,https://polymarket.com/event/will-sergio-prez-be-the-2026-f1-drivers-champion,https://embed.polymarket.com/market.html?market=will-sergio-prez-be-the-2026-f1-drivers-champion&features=volume&theme=light,Will Sergio Pérez be the 2026 F1 Drivers' Champion?,sports,,TTR 92.5d,11796569.546911003,,0.0,0.0,2026-12-06T00:00:00+00:00,92.543,1,,-0.999,,0,"[{""name"": ""Top"", ""bestBid"": null, ""bestAsk"": 0.001}]"
561985,0x42631e1a8c8e6389422b58b8e15b1b551892b9833651aa3bab25afab124354b5,will-brian-kemp-win-the-2028-republican-presidential-nomination,https://polymarket.com/event/will-brian-kemp-win-the-2028-republican-presidential-nomination,https://embed.polymarket.com/market.html?market=will-brian-kemp-win-the-2028-republican-presidential-nomination&features=volume&theme=light,Will Brian Kemp win the 2028 Republican presidential nomination?,united-states,,"24h $40,195 • spread 0.001 • TTR 794.5d",17880961.102118995,40195.24,0.0,0.0,2028-11-07T00:00:00+00:00,794.543,1,0.001,-0.996,0.0035,0,"[{""name"": ""Top"", ""bestBid"": 0.003, ""bestAsk"": 0.004}]"
898418,0xc62b78f7a1b56a4e2cc713a0633fe4cd2a6a5dce6cd3b4eec0bd292a6cbdff71,will-lance-stroll-be-the-2026-f1-drivers-champion,https://polymarket.com/event/will-lance-stroll-be-the-2026-f1-drivers-champion,https://embed.polymarket.com/market.html?market=will-lance-stroll-be-the-2026-f1-drivers-champion&features=volume&theme=light,Will Lance Stroll be the 2026 F1 Drivers' Champion?,sports,,24h $6 • TTR 92.5d,11739268.09750499,6.51,0.0,0.0,2026-12-06T00:00:00+00:00,92.543,1,,-0.999,,0,"[{""name"": ""Top"", ""bestBid"": null, ""bestAsk"": 0.001}]"
1163699,0x9cb23d04b2ded06147482076688b69b487a8d982c63ebdda2ab3678cf27cf390,clarity-act-signed-into-law-in-2026,https://polymarket.com/event/clarity-act-signed-into-law-in-2026,https://embed.polymarket.com/market.html?market=clarity-act-signed-into-law-in-2026&features=volume&theme=light,Clarity Act (H.R.3633) signed into law in 2026?,crypto,,"24h $863,570 • spread 0.010 • TTR 118.8d",12565557.988500008,863570.14,-0.03,-19.3548,2027-01-01T05:00:00+00:00,118.751,1,0.01,-0.87,0.125,0,"[{""name"": ""Top"", ""bestBid"": 0.12, ""bestAsk"": 0.13}]"
559668,0x36db77c539bcc8c7bf0686c1b99f30c5a5eed1f53d3b3a27a071550c81f83701,will-mark-kelly-win-the-2028-democratic-presidential-nomination-479,https://polymarket.com/event/will-mark-kelly-win-the-2028-democratic-presidential-nomination-479,https://embed.polymarket.com/market.html?market=will-mark-kelly-win-the-2028-democratic-presidential-nomination-479&features=volume&theme=light,Will Mark Kelly win the 2028 Democratic presidential nomination?,united-states,,"24h $2,075 • spread 0.001 • TTR 794.5d",17476090.512461994,2075.15,0.0,0.0,2028-11-07T00:00:00+00:00,794.543,1,0.001,-0.969,0.0305,0,"[{""name"": ""Top"", ""bestBid"": 0.03, ""bestAsk"": 0.031}]"
898423,0x88d573d2ba5e43e1320cf0eb733452feb4cb4a1d4780dcb05ac6ee6830c2e4c3,will-pierre-gasly-be-the-2026-f1-drivers-champion,https://polymarket.com/event/will-pierre-gasly-be-the-2026-f1-drivers-champion,https://embed.polymarket.com/market.html?market=will-pierre-gasly-be-the-2026-f1-drivers-champion&features=volume&theme=light,Will Pierre Gasly be the 2026 F1 Drivers' Champion?,sports,,24h $8 • TTR 92.5d,11510347.021432001,8.01,0.0,0.0,2026-12-06T00:00:00+00:00,92.543,1,,-0.999,,0,"[{""name"": ""Top"", ""bestBid"": null, ""bestAsk"": 0.001}]"
559691,0xc720fcfa9e29346a976902f87e0f0f3bdc31d43af501b4fdef4f1780a30dd359,will-chris-murphy-win-the-2028-democratic-presidential-nomination,https://polymarket.com/event/will-chris-murphy-win-the-2028-democratic-presidential-nomination,https://embed.polymarket.com/market.html?market=will-chris-murphy-win-the-2028-democratic-presidential-nomination&features=volume&theme=light,Will Chris Murphy win the 2028 Democratic presidential nomination?,united-states,,24h $69 • spread 0.001 • TTR 794.5d,17251078.421906002,69.56,0.0,0.0,2028-11-07T00:00:00+00:00,794.543,1,0.001,-0.995,0.0045,0,"[{""name"": ""Top"", ""bestBid"": 0.004, ""bestAsk"": 0.005}]"
898428,0xaf15f055f10713cbd3c7c30cece5c20c4ff00a76e51da59d635bb5160654bd34,will-carlos-sainz-jr-be-the-2026-f1-drivers-champion,https://polymarket.com/event/will-carlos-sainz-jr-be-the-2026-f1-drivers-champion,https://embed.polymarket.com/market.html?market=will-carlos-sainz-jr-be-the-2026-f1-drivers-champion&features=volume&theme=light,Will Carlos Sainz Jr. be the 2026 F1 Drivers' Champion?,sports,,24h $18 • TTR 92.5d,11097628.470267,18.01,0.0,0.0,2026-12-06T00:00:00+00:00,92.543,1,,-0.999,,0,"[{""name"": ""Top"", ""bestBid"": null, ""bestAsk"": 0.001}]"
561984,0xc510176cf39d73295354fc797d84b510d050b45d29d6c9735ee18cdbc4fd6463,will-robert-f-kennedy-jr-win-the-2028-republican-presidential-nomination,https://polymarket.com/event/will-robert-f-kennedy-jr-win-the-2028-republican-presidential-nomination,https://embed.polymarket.com/market.html?market=will-robert-f-kennedy-jr-win-the-2028-republican-presidential-nomination&features=volume&theme=light,Will Robert F. Kennedy Jr. win the 2028 Republican presidential nomination?,united-states,,"24h $23,006 • spread 0.001 • TTR 794.5d",16823914.908028,23006.5,0.0,0.0,2028-11-07T00:00:00+00:00,794.543,1,0.001,-0.996,0.0035,0,"[{""name"": ""Top"", ""bestBid"": 0.003, ""bestAsk"": 0.004}]"
601828,0x054725b2a7971376f7924a7021221b12acc50fe78d97817824fe411704d5b5a2,will-romeu-zema-win-the-2026-brazilian-presidential-election,https://polymarket.com/event/will-romeu-zema-win-the-2026-brazilian-presidential-election,https://embed.polymarket.com/market.html?market=will-romeu-zema-win-the-2026-brazilian-presidential-election&features=volume&theme=light,Will Romeu Zema win the 2026 Brazilian presidential election?,politics,,"24h $45,790 • spread 0.001 • TTR 29.5d",6546045.109068001,45790.26,0.0,0.0,2026-10-04T00:00:00+00:00,29.543,1,0.001,-0.998,0.0015,0,"[{""name"": ""Top"", ""bestBid"": 0.001, ""bestAsk"": 0.002}]"
601820,0x63d8f3a34c90bd5342dda8acf62b6a898dfa52f86475efaf180b66493ef6af80,will-jair-bolsonaro-win-the-2026-brazilian-presidential-election,https://polymarket.com/event/will-jair-bolsonaro-win-the-2026-brazilian-presidential-election,https://embed.polymarket.com/market.html?market=will-jair-bolsonaro-win-the-2026-brazilian-presidential-election&features=volume&theme=light,Will Jair Bolsonaro win the 2026 Brazilian presidential election?,politics,,"24h $15,896 • spread 0.001 • TTR 29.5d",6545835.667873999,15896.3,0.0,0.0,2026-10-04T00:00:00+00:00,29.543,1,0.001,-0.998,0.0015,0,"[{""name"": ""Top"", ""bestBid"": 0.001, ""bestAsk"": 0.002}]"
898422,0x97b92c6c26b31dc3be183b76b1c39167806611396793eda0edf084d29b76fa46,will-gabriel-bortoleto-be-the-2026-f1-drivers-champion,https://polymarket.com/event/will-gabriel-bortoleto-be-the-2026-f1-drivers-champion,https://embed.polymarket.com/market.html?market=will-gabriel-bortoleto-be-the-2026-f1-drivers-champion&features=volume&theme=light,Will Gabriel Bortoleto be the 2026 F1 Drivers' Champion?,sports,,TTR 92.5d,10925694.728451004,,0.0,0.0,2026-12-06T00:00:00+00:00,92.543,1,,-0.999,,0,"[{""name"": ""Top"", ""bestBid"": null, ""bestAsk"": 0.001}]"
1472548,0xaa5cdb6830cbfa2ca711b7cf93bd42cf4f8e062d44ea188c0b8ec1fb2924c083,will-reza-pahlavi-lead-iran-in-2026,https://polymarket.com/event/will-reza-pahlavi-lead-iran-in-2026,https://embed.polymarket.com/market.html?market=will-reza-pahlavi-lead-iran-in-2026&features=volume&theme=light,Will Reza Pahlavi lead Iran in 2026?,iran,,"24h $3,043 • spread 0.002 • TTR 118.8d",11732050.921812,3043.06,0.0015,3.7975,2027-01-01T04:59:00+00:00,118.75,1,0.002,-0.958,0.041,0,"[{""name"": ""Top"", ""bestBid"": 0.04, ""bestAsk"": 0.042}]"
898425,0xcf72b0f49af9446288a897ac1d73afa72549d98de7860bb17dacc3c4379a2c58,will-liam-lawson-be-the-2026-f1-drivers-champion,https://polymarket.com/event/will-liam-lawson-be-the-2026-f1-drivers-champion,https://embed.polymarket.com/market.html?market=will-liam-lawson-be-the-2026-f1-drivers-champion&features=volume&theme=light,Will Liam Lawson be the 2026 F1 Drivers' Champion?,sports,,TTR 92.5d,10719118.296794003,,0.0,0.0,2026-12-06T00:00:00+00:00,92.543,1,,-0.999,,0,"[{""name"": ""Top"", ""bestBid"": null, ""bestAsk"": 0.001}]"
561229,0x7ad403c3508f8e3912940fd1a913f227591145ca0614074208e0b962d5fcc422,will-jd-vance-win-the-2028-us-presidential-election,https://polymarket.com/event/will-jd-vance-win-the-2028-us-presidential-election,https://embed.polymarket.com/market.html?market=will-jd-vance-win-the-2028-us-presidential-election&features=volume&theme=light,Will JD Vance win the 2028 US Presidential Election?,president,,"24h $125,420 • spread 0.001 • TTR 794.5d",16133389.007237991,125420.07,-0.018,-7.1006,2028-11-07T00:00:00+00:00,794.543,1,0.001,-0.764,0.2355,0,"[{""name"": ""Top"", ""bestBid"": 0.235, ""bestAsk"": 0.236}]"
561981,0xd997dc2a212a7d6673375a3b016db1fb214247142f8cde0cbf07f8e6d789877c,will-vivek-ramaswamy-win-the-2028-republican-presidential-nomination,https://polymarket.com/event/will-vivek-ramaswamy-win-the-2028-republican-presidential-nomination,https://embed.polymarket.com/market.html?market=will-vivek-ramaswamy-win-the-2028-republican-presidential-nomination&features=volume&theme=light,Will Vivek Ramaswamy win the 2028 Republican presidential nomination?,united-states,,"24h $13,279 • spread 0.002 • TTR 794.5d",16077132.081315007,13279.9,-0.0005,-14.2857,2028-11-07T00:00:00+00:00,794.543,1,0.002,-0.996,0.003,0,"[{""name"": ""Top"", ""bestBid"": 0.002, ""bestAsk"": 0.004}]"
666861,0x48b0b0bca515f68fccf95af4793dbd0edbfec1f8ec6e8df2c0f69ba74f8c4722,trump-out-as-president-before-2027,https://polymarket.com/event/trump-out-as-president-before-2027,https://embed.polymarket.com/market.html?market=trump-out-as-president-before-2027&features=volume&theme=light,Trump out as President before 2027?,politics,,"24h $42,983 • spread 0.010 • TTR 118.8d",11400085.016525997,42983.92,0.0,0.0,2027-01-01T04:59:00+00:00,118.75,1,0.01,-0.94,0.055,0,"[{""name"": ""Top"", ""bestBid"": 0.05, ""bestAsk"": 0.06}]"
4187799,0x40b0a074d1e4dc4fce79abce1e7dad60dbe5b4963fd1b880a665ab97731d532c,lol-kt-dk-2026-09-04-game1,https://polymarket.com/event/lol-kt-dk-2026-09-04-game1,https://embed.polymarket.com/market.html?market=lol-kt-dk-2026-09-04-game1&features=volume&theme=light,LoL: KT Rolster vs Dplus KIA - Game 1 Winner,esports,,"24h $2,294,760 • spread 0.001 • TTR 0.0d",2294760.4778009984,2294760.48,0.5545,124.6067,2026-09-04T12:00:00+00:00,0.043,1,0.001,0.0,0.9995,0,"[{""name"": ""Top"", ""bestBid"": 0.999, ""bestAsk"": 1.0}]"
561236,0xfd6176f8c9a59105f80e060a77c4099881c5f2d9e0ceab88e55cf978462fab7f,will-gretchen-whitmer-win-the-2028-us-presidential-election,https://polymarket.com/event/will-gretchen-whitmer-win-the-2028-us-presidential-election,https://embed.polymarket.com/market.html?market=will-gretchen-whitmer-win-the-2028-us-presidential-election&features=volume&theme=light,Will Gretchen Whitmer win the 2028 US Presidential Election?,president,,"24h $25,230 • spread 0.001 • TTR 794.5d",15561492.582954006,25230.61,0.0,0.0,2028-11-07T00:00:00+00:00,794.543,1,0.001,-0.996,0.0035,0,"[{""name"": ""Top"", ""bestBid"": 0.003, ""bestAsk"": 0.004}]"
559663,0xe883f2fda25a605a184bb5fe583afce6cc21ea0b348b6a3728ec3067553c548d,will-jb-pritzker-win-the-2028-democratic-presidential-nomination-288,https://polymarket.com/event/will-jb-pritzker-win-the-2028-democratic-presidential-nomination-288,https://embed.polymarket.com/market.html?market=will-jb-pritzker-win-the-2028-democratic-presidential-nomination-288&features=volume&theme=light,Will J.B. Pritzker win the 2028 Democratic presidential nomination?,united-states,,"24h $66,649 • spread 0.001 • TTR 794.5d",15545043.313064968,66649.66,-0.001,-8.6957,2028-11-07T00:00:00+00:00,794.543,1,0.001,-0.989,0.0105,0,"[{""name"": ""Top"", ""bestBid"": 0.01, ""bestAsk"": 0.011}]"
561974,0x18b1c135d0a40c5894da9412e77311827d9caf16cf4cd6591b247a34730af919,will-jd-vance-win-the-2028-republican-presidential-nomination,https://polymarket.com/event/will-jd-vance-win-the-2028-republican-presidential-nomination,https://embed.polymarket.com/market.html?market=will-jd-vance-win-the-2028-republican-presidential-nomination&features=volume&theme=light,Will J.D. Vance win the 2028 Republican presidential nomination?,united-states,,"24h $15,862 • spread 0.001 • TTR 794.5d • ~50% mid",15525955.783720994,15862.71,-0.0245,-4.6667,2028-11-07T00:00:00+00:00,794.543,1,0.001,-0.499,0.5005,1,"[{""name"": ""Top"", ""bestBid"": 0.5, ""bestAsk"": 0.501}]"
601830,0xd0536d9612e041312235baceac52bde48821e8aad4607533513b3782904b7d49,will-geraldo-alckmin-win-the-2026-brazilian-presidential-election,https://polymarket.com/event/will-geraldo-alckmin-win-the-2026-brazilian-presidential-election,https://embed.polymarket.com/market.html?market=will-geraldo-alckmin-win-the-2026-brazilian-presidential-election&features=volume&theme=light,Will Geraldo Alckmin win the 2026 Brazilian presidential election?,politics,,"24h $42,238 • TTR 29.5d",6084747.399348,42238.96,0.0,0.0,2026-10-04T00:00:00+00:00,29.543,1,,-0.999,,0,"[{""name"": ""Top"", ""bestBid"": null, ""bestAsk"": 0.001}]"
561979,0x64d31a2af85518c6718a5757a35b840f08eca20c1e22c0eb1e96ec01cc55b8b6,will-ron-desantis-win-the-2028-republican-presidential-nomination,https://polymarket.com/event/will-ron-desantis-win-the-2028-republican-presidential-nomination,https://embed.polymarket.com/market.html?market=will-ron-desantis-win-the-2028-republican-presidential-nomination&features=volume&theme=light,Will Ron DeSantis win the 2028 Republican presidential nomination?,united-states,,24h $337 • spread 0.001 • TTR 794.5d,15493099.940127995,337.5,0.0,0.0,2028-11-07T00:00:00+00:00,794.543,1,0.001,-0.974,0.0255,0,"[{""name"": ""Top"", ""bestBid"": 0.025, ""bestAsk"": 0.026}]"
559653,0xe6bcc2f1dd025ce5e1833190f7c60a71171c94f805df55b9ab0ded695ec93565,will-alexandria-ocasio-cortez-win-the-2028-democratic-presidential-nomination-653,https://polymarket.com/event/will-alexandria-ocasio-cortez-win-the-2028-democratic-presidential-nomination-653,https://embed.polymarket.com/market.html?market=will-alexandria-ocasio-cortez-win-the-2028-democratic-presidential-nomination-653&features=volume&theme=light,Will Alexandria Ocasio-Cortez win the 2028 Democratic presidential nomination?,united-states,,"24h $2,863 • spread 0.005 • TTR 794.5d",15098745.419503,2863.22,-0.002,-1.0025,2028-11-07T00:00:00+00:00,794.543,1,0.005,-0.8,0.1975,0,"[{""name"": ""Top"", ""bestBid"": 0.195, ""bestAsk"": 0.2}]"
2772194,0xefa17dee3af09f69f9ddf245b969aa4efbe7c71cdf06ee49d694408bc33e2ed2,will-shakhtar-donetsk-win-the-2026-27-uefa-champions-league-championship-20260701202025578,https://polymarket.com/event/will-shakhtar-donetsk-win-the-2026-27-uefa-champions-league-championship-20260701202025578,https://embed.polymarket.com/market.html?market=will-shakhtar-donetsk-win-the-2026-27-uefa-champions-league-championship-20260701202025578&features=volume&theme=light,Will Shakhtar Donetsk win the 2026-27 UEFA Champions League Championship?,ucl,,"24h $353,821 • spread 0.001 • TTR 268.5d",13247649.821999995,353821.53,0.0,0.0,2027-05-30T23:59:00+00:00,268.542,1,0.001,-0.998,0.0015,0,"[{""name"": ""Top"", ""bestBid"": 0.001, ""bestAsk"": 0.002}]"
559669,0x3dc47a72ac6bb265e9cefebd2a2eeed00966394cb2d07245b5c94138b60e82a3,will-rahm-emanuel-win-the-2028-democratic-presidential-nomination-299,https://polymarket.com/event/will-rahm-emanuel-win-the-2028-democratic-presidential-nomination-299,https://embed.polymarket.com/market.html?market=will-rahm-emanuel-win-the-2028-democratic-presidential-nomination-299&features=volume&theme=light,Will Rahm Emanuel win the 2028 Democratic presidential nomination?,united-states,,24h $42 • spread 0.001 • TTR 794.5d,14536332.165825997,42.35,0.0,0.0,2028-11-07T00:00:00+00:00,794.543,1,0.001,-0.973,0.0265,0,"[{""name"": ""Top"", ""bestBid"": 0.026, ""bestAsk"": 0.027}]"
2176270,0x5c79dfde05559b79a9cb9f7c4187e4d49632dd042572ae676952f812732591cc,strait-of-hormuz-traffic-returns-to-normal-by-december-31,https://polymarket.com/event/strait-of-hormuz-traffic-returns-to-normal-by-december-31,https://embed.polymarket.com/market.html?market=strait-of-hormuz-traffic-returns-to-normal-by-december-31&features=volume&theme=light,Strait of Hormuz traffic returns to normal by December 31?,politics,,"24h $36,186 • spread 0.010 • TTR 117.5d",10394986.954761997,36186.97,-0.01,-3.6364,2026-12-31T00:00:00+00:00,117.543,1,0.01,-0.73,0.265,0,"[{""name"": ""Top"", ""bestBid"": 0.26, ""bestAsk"": 0.27}]"
898419,0x0cf91d3955d89ec43b8ac1e918b159fa1a62531f29b26093273c4048337a84d7,will-esteban-ocon-be-the-2026-f1-drivers-champion,https://polymarket.com/event/will-esteban-ocon-be-the-2026-f1-drivers-champion,https://embed.polymarket.com/market.html?market=will-esteban-ocon-be-the-2026-f1-drivers-champion&features=volume&theme=light,Will Esteban Ocon be the 2026 F1 Drivers' Champion?,sports,,24h $20 • TTR 92.5d,9512133.117028002,20.21,0.0,0.0,2026-12-06T00:00:00+00:00,92.543,1,,-0.999,,0,"[{""name"": ""Top"", ""bestBid"": null, ""bestAsk"": 0.001}]"
898414,0x80971af8befc488bbdd6dcc075d388793851a0ea1c46f7ffd353b190691c7199,will-isack-hadjar-be-the-2026-f1-drivers-champion,https://polymarket.com/event/will-isack-hadjar-be-the-2026-f1-drivers-champion,https://embed.polymarket.com/market.html?market=will-isack-hadjar-be-the-2026-f1-drivers-champion&features=volume&theme=light,Will Isack Hadjar be the 2026 F1 Drivers' Champion?,sports,,24h $1 • TTR 92.5d,9373094.323226003,1.22,0.0,0.0,2026-12-06T00:00:00+00:00,92.543,1,,-0.999,,0,"[{""name"": ""Top"", ""bestBid"": null, ""bestAsk"": 0.001}]"
561253,0xd94b47bdeba16ae948bfb147bda059f3543d6fca73291644dfff5268bba7a797,will-tucker-carlson-win-the-2028-us-presidential-election,https://polymarket.com/event/will-tucker-carlson-win-the-2028-us-presidential-election,https://embed.polymarket.com/market.html?market=will-tucker-carlson-win-the-2028-us-presidential-election&features=volume&theme=light,Will Tucker Carlson win the 2028 US Presidential Election?,president,,"24h $14,021 • spread 0.001 • TTR 794.5d",14176697.185948003,14021.64,-0.001,-8.6957,2028-11-07T00:00:00+00:00,794.543,1,0.001,-0.989,0.0105,0,"[{""name"": ""Top"", ""bestBid"": 0.01, ""bestAsk"": 0.011}]"
601829,0x101d084cd035070abde58d8a3113b78e11ba68028b0d9e7e38ea7d780797aecc,will-camilo-santana-win-the-2026-brazilian-presidential-election,https://polymarket.com/event/will-camilo-santana-win-the-2026-brazilian-presidential-election,https://embed.polymarket.com/market.html?market=will-camilo-santana-win-the-2026-brazilian-presidential-election&features=volume&theme=light,Will Camilo Santana win the 2026 Brazilian presidential election?,politics,,"24h $1,790 • TTR 29.5d",5445375.559657001,1790.07,0.0,0.0,2026-10-04T00:00:00+00:00,29.543,1,,-0.999,,0,"[{""name"": ""Top"", ""bestBid"": null, ""bestAsk"": 0.001}]"
898417,0x38bb9355fd91f6d7053465caefbbf691bd4a81ec1b08edcca656fc9dde259b14,will-fernando-alonso-be-the-2026-f1-drivers-champion,https://polymarket.com/event/will-fernando-alonso-be-the-2026-f1-drivers-champion,https://embed.polymarket.com/market.html?market=will-fernando-alonso-be-the-2026-f1-drivers-champion&features=volume&theme=light,Will Fernando Alonso be the 2026 F1 Drivers' Champion?,sports,,24h $22 • TTR 92.5d,9138282.418706998,22.55,0.0,0.0,2026-12-06T00:00:00+00:00,92.543,1,,-0.999,,0,"[{""name"": ""Top"", ""bestBid"": null, ""bestAsk"": 0.001}]"
561976,0x9cd77217b2ab264fe4f6d302f662c0a91f349fe5798f1f98d70bb2311712791b,will-tulsi-gabbard-win-the-2028-republican-presidential-nomination,https://polymarket.com/event/will-tulsi-gabbard-win-the-2028-republican-presidential-nomination,https://embed.polymarket.com/market.html?market=will-tulsi-gabbard-win-the-2028-republican-presidential-nomination&features=volume&theme=light,Will Tulsi Gabbard win the 2028 Republican presidential nomination?,united-states,,24h $695 • spread 0.002 • TTR 794.5d,13761633.325372,695.06,0.0,0.0,2028-11-07T00:00:00+00:00,794.543,1,0.002,-0.992,0.007,0,"[{""name"": ""Top"", ""bestBid"": 0.006, ""bestAsk"": 0.008}]"
561996,0x4273517fc8141d57ad1528ede46efdceebdb6a4da746d5de5bad216564209a1e,will-tucker-carlson-win-the-2028-republican-presidential-nomination,https://polymarket.com/event/will-tucker-carlson-win-the-2028-republican-presidential-nomination,https://embed.polymarket.com/market.html?market=will-tucker-carlson-win-the-2028-republican-presidential-nomination&features=volume&theme=light,Will Tucker Carlson win the 2028 Republican presidential nomination?,united-states,,"24h $4,869 • spread 0.001 • TTR 794.5d",13748097.464288002,4869.02,0.0,0.0,2028-11-07T00:00:00+00:00,794.543,1,0.001,-0.971,0.0285,0,"[{""name"": ""Top"", ""bestBid"": 0.028, ""bestAsk"": 0.029}]"
561244,0x23481b811978194fa175143ed7cd8d0000878ca59c408fd552e33535f7aa771e,will-donald-trump-jr-win-the-2028-us-presidential-election,https://polymarket.com/event/will-donald-trump-jr-win-the-2028-us-presidential-election,https://embed.polymarket.com/market.html?market=will-donald-trump-jr-win-the-2028-us-presidential-election&features=volume&theme=light,Will Donald Trump Jr. win the 2028 US Presidential Election?,president,,24h $203 • spread 0.001 • TTR 794.5d,13692918.460382005,203.51,0.0,0.0,2028-11-07T00:00:00+00:00,794.543,1,0.001,-0.993,0.0065,0,"[{""name"": ""Top"", ""bestBid"": 0.006, ""bestAsk"": 0.007}]"
561231,0xf232b565995e4b3a3e7fa6cef775eeff1cecd20ad7c013cb9fc8dadabfe279a9,will-alexandria-ocasio-cortez-win-the-2028-us-presidential-election,https://polymarket.com/event/will-alexandria-ocasio-cortez-win-the-2028-us-presidential-election,https://embed.polymarket.com/market.html?market=will-alexandria-ocasio-cortez-win-the-2028-us-presidential-election&features=volume&theme=light,Will Alexandria Ocasio-Cortez win the 2028 US Presidential Election?,president,,"24h $14,769 • spread 0.002 • TTR 794.5d",13597040.215390999,14769.77,0.0015,1.1858,2028-11-07T00:00:00+00:00,794.543,1,0.002,-0.871,0.128,0,"[{""name"": ""Top"", ""bestBid"": 0.127, ""bestAsk"": 0.129}]"
4187810,0x13afbe6895545f5fa6108b7bf4e0feea5206a218ae4af902bf0af8e2b890bc1c,lol-kt-dk-2026-09-04,https://polymarket.com/event/lol-kt-dk-2026-09-04,https://embed.polymarket.com/market.html?market=lol-kt-dk-2026-09-04&features=volume&theme=light,LoL: KT Rolster vs Dplus KIA (BO5) - LCK Playoffs,esports,,"24h $1,976,149 • spread 0.010 • TTR 0.1d",1976149.8424789982,1976149.84,-0.14,-37.3333,2026-09-04T14:00:00+00:00,0.126,1,0.01,-0.79,0.205,0,"[{""name"": ""Top"", ""bestBid"": 0.2, ""bestAsk"": 0.21}]"
559658,0x909659c9436228e2be56d5582ba6188166f2f8bf3c596335512c8f2e380d01ec,will-kamala-harris-win-the-2028-democratic-presidential-nomination-641,https://polymarket.com/event/will-kamala-harris-win-the-2028-democratic-presidential-nomination-641,https://embed.polymarket.com/market.html?market=will-kamala-harris-win-the-2028-democratic-presidential-nomination-641&features=volume&theme=light,Will Kamala Harris win the 2028 Democratic presidential nomination?,united-states,,24h $570 • spread 0.001 • TTR 794.5d,13151114.165067991,570.73,0.002,2.5806,2028-11-07T00:00:00+00:00,794.543,1,0.001,-0.92,0.0795,0,"[{""name"": ""Top"", ""bestBid"": 0.079, ""bestAsk"": 0.08}]"
559660,0x1d519b87999e3d4e90e1e8f57b5eee73a0ba488ff3fdb70867f294733aba84a9,will-andy-beshear-win-the-2028-democratic-presidential-nomination-832,https://polymarket.com/event/will-andy-beshear-win-the-2028-democratic-presidential-nomination-832,https://embed.polymarket.com/market.html?market=will-andy-beshear-win-the-2028-democratic-presidential-nomination-832&features=volume&theme=light,Will Andy Beshear win the 2028 Democratic presidential nomination?,united-states,,"24h $17,561 • spread 0.002 • TTR 794.5d",13083958.222128006,17561.4,-0.001,-4.0,2028-11-07T00:00:00+00:00,794.543,1,0.002,-0.975,0.024,0,"[{""name"": ""Top"", ""bestBid"": 0.023, ""bestAsk"": 0.025}]"
908713,0x80b3af88cb991980e8da1ce86b9794a0957f96ec98c29319dd7ba65e9744d82b,fed-rate-hike-in-2026,https://polymarket.com/event/fed-rate-hike-in-2026,https://embed.polymarket.com/market.html?market=fed-rate-hike-in-2026&features=volume&theme=light,Fed rate hike in 2026?,cpi-release,,"24h $227,797 • spread 0.010 • TTR 95.5d",8678004.466671001,227797.09,-0.02,-2.8369,2026-12-09T00:00:00+00:00,95.543,1,0.01,-0.31,0.685,0,"[{""name"": ""Top"", ""bestBid"": 0.68, ""bestAsk"": 0.69}]"
559661,0x74dba1ce1ae9dd535414e85f2d9ab5ea32c0fb1acc9b7130b67e6d91217e24e1,will-jon-ossoff-win-the-2028-democratic-presidential-nomination-885,https://polymarket.com/event/will-jon-ossoff-win-the-2028-democratic-presidential-nomination-885,https://embed.polymarket.com/market.html?market=will-jon-ossoff-win-the-2028-democratic-presidential-nomination-885&features=volume&theme=light,Will Jon Ossoff win the 2028 Democratic presidential nomination?,united-states,,24h $710 • spread 0.001 • TTR 794.5d,12859480.702487,710.15,0.0,0.0,2028-11-07T00:00:00+00:00,794.543,1,0.001,-0.841,0.1585,0,"[{""name"": ""Top"", ""bestBid"": 0.158, ""bestAsk"": 0.159}]"
898421,0xa460c6bcf298f0c8412df5807a1dbb733f83a2bae69a57854f405a6148151258,will-nico-hlkenberg-be-the-2026-f1-drivers-champion,https://polymarket.com/event/will-nico-hlkenberg-be-the-2026-f1-drivers-champion,https://embed.polymarket.com/market.html?market=will-nico-hlkenberg-be-the-2026-f1-drivers-champion&features=volume&theme=light,Will Nico Hülkenberg be the 2026 F1 Drivers' Champion?,sports,,24h $28 • TTR 92.5d,8469708.147716003,28.03,0.0,0.0,2026-12-06T00:00:00+00:00,92.543,1,,-0.999,,0,"[{""name"": ""Top"", ""bestBid"": null, ""bestAsk"": 0.001}]"
1105750,0x4197bf7e572f1dd731669d33d05532c6d3b8cba71fb83dc69d789110e39c41b4,will-pete-hegseth-be-the-leader-of-venezuela-end-of-2026,https://polymarket.com/event/will-pete-hegseth-be-the-leader-of-venezuela-end-of-2026,https://embed.polymarket.com/market.html?market=will-pete-hegseth-be-the-leader-of-venezuela-end-of-2026&features=volume&theme=light,Will Pete Hegseth be the leader of Venezuela end of 2026?,trump-machado,,"24h $1,090 • spread 0.001 • TTR 117.5d",9186096.018330002,1090.59,0.0,0.0,2026-12-31T00:00:00+00:00,117.543,1,0.001,-0.998,0.0015,0,"[{""name"": ""Top"", ""bestBid"": 0.001, ""bestAsk"": 0.002}]"
561241,0xefe6300fd8a053cca53df8f1bd536c5f571a136392c0516e7b16e39f1addecb0,will-jb-pritzker-win-the-2028-us-presidential-election,https://polymarket.com/event/will-jb-pritzker-win-the-2028-us-presidential-election,https://embed.polymarket.com/market.html?market=will-jb-pritzker-win-the-2028-us-presidential-election&features=volume&theme=light,Will JB Pritzker win the 2028 US Presidential Election?,president,,24h $46 • spread 0.001 • TTR 794.5d,12821189.294271003,46.86,0.0,0.0,2028-11-07T00:00:00+00:00,794.543,1,0.001,-0.996,0.0035,0,"[{""name"": ""Top"", ""bestBid"": 0.003, ""bestAsk"": 0.004}]"
601832,0xafd3f96b7b6084509e625270538ff0699003fafc042263c1216e7f084cef753a,will-aldo-rebelo-win-the-2026-brazilian-presidential-election,https://polymarket.com/event/will-aldo-rebelo-win-the-2026-brazilian-presidential-election,https://embed.polymarket.com/market.html?market=will-aldo-rebelo-win-the-2026-brazilian-presidential-election&features=volume&theme=light,Will Aldo Rebelo win the 2026 Brazilian presidential election?,politics,,24h $32 • TTR 29.5d,4954774.654043,32.02,0.0,0.0,2026-10-04T00:00:00+00:00,29.543,1,,-0.999,,0,"[{""name"": ""Top"", ""bestBid"": null, ""bestAsk"": 0.001}]"
561235,0xe29b33ef5bf351c8a22bfd79f8b58e62649d54ceee6f9735387cef79f52fecae,will-wes-moore-win-the-2028-us-presidential-election,https://polymarket.com/event/will-wes-moore-win-the-2028-us-presidential-election,https://embed.polymarket.com/market.html?market=will-wes-moore-win-the-2028-us-presidential-election&features=volume&theme=light,Will Wes Moore win the 2028 US Presidential Election?,president,,24h $537 • spread 0.001 • TTR 794.5d,12566290.768956,537.01,0.0,0.0,2028-11-07T00:00:00+00:00,794.543,1,0.001,-0.992,0.0075,0,"[{""name"": ""Top"", ""bestBid"": 0.007, ""bestAsk"": 0.008}]"
561246,0x3367d22cd2a673014f1960742afdf8601040a8ad856dc0a98bd1a44ee99504e2,will-ron-desantis-win-the-2028-us-presidential-election,https://polymarket.com/event/will-ron-desantis-win-the-2028-us-presidential-election,https://embed.polymarket.com/market.html?market=will-ron-desantis-win-the-2028-us-presidential-election&features=volume&theme=light,Will Ron DeSantis win the 2028 US Presidential Election?,president,,24h $16 • spread 0.001 • TTR 794.5d,12506383.473314999,16.46,0.0,0.0,2028-11-07T00:00:00+00:00,794.543,1,0.001,-0.986,0.0135,0,"[{""name"": ""Top"", ""bestBid"": 0.013, ""bestAsk"": 0.014}]"
559686,0x8dbf6b51f302fd401065706245c144e93fe209abce183199433d4484b3ed8aff,will-dwayne-the-rock-johnson-win-the-2028-democratic-presidential-nomination,https://polymarket.com/event/will-dwayne-the-rock-johnson-win-the-2028-democratic-presidential-nomination,https://embed.polymarket.com/market.html?market=will-dwayne-the-rock-johnson-win-the-2028-democratic-presidential-nomination&features=volume&theme=light,Will Dwayne 'The Rock' Johnson win the 2028 Democratic presidential nomination?,united-states,,24h $161 • spread 0.003 • TTR 794.5d,12490328.804355003,161.03,0.0015,16.6667,2028-11-07T00:00:00+00:00,794.543,1,0.003,-0.988,0.0105,0,"[{""name"": ""Top"", ""bestBid"": 0.009, ""bestAsk"": 0.012}]"
2034729,0xace3c72c24fccb6731433483ece41c780432d84850edccd5a6bf3147ccea62a9,will-the-us-confirm-that-aliens-exist-by-september-30-396,https://polymarket.com/event/will-the-us-confirm-that-aliens-exist-by-september-30-396,https://embed.polymarket.com/market.html?market=will-the-us-confirm-that-aliens-exist-by-september-30-396&features=volume&theme=light,Will the US confirm that aliens exist by September 30?,aliens,,"24h $49,646 • spread 0.002 • TTR 26.7d",4641133.658671002,49646.89,-0.0015,-14.2857,2026-10-01T03:59:00+00:00,26.709,1,0.002,-0.99,0.009,0,"[{""name"": ""Top"", ""bestBid"": 0.008, ""bestAsk"": 0.01}]"
561234,0x2053d8515f1b8cbeea4ccdb56e60e89c2617e43a8660d95166b8e71d27865277,will-marco-rubio-win-the-2028-us-presidential-election,https://polymarket.com/event/will-marco-rubio-win-the-2028-us-presidential-election,https://embed.polymarket.com/market.html?market=will-marco-rubio-win-the-2028-us-presidential-election&features=volume&theme=light,Will Marco Rubio win the 2028 US Presidential Election?,president,,24h $992 • spread 0.001 • TTR 794.5d,12223583.110009,992.38,0.0,0.0,2028-11-07T00:00:00+00:00,794.543,1,0.001,-0.897,0.1025,0,"[{""name"": ""Top"", ""bestBid"": 0.102, ""bestAsk"": 0.103}]"
559659,0xe39adea057926dc197fe30a441f57a340b2a232d5a687010f78bba9b6e02620f,will-gretchen-whitmer-win-the-2028-democratic-presidential-nomination-676,https://polymarket.com/event/will-gretchen-whitmer-win-the-2028-democratic-presidential-nomination-676,https://embed.polymarket.com/market.html?market=will-gretchen-whitmer-win-the-2028-democratic-presidential-nomination-676&features=volume&theme=light,Will Gretchen Whitmer win the 2028 Democratic presidential nomination?,united-states,,"24h $1,271 • spread 0.001 • TTR 794.5d",11995264.461252986,1271.6,0.0015,21.4286,2028-11-07T00:00:00+00:00,794.543,1,0.001,-0.991,0.0085,0,"[{""name"": ""Top"", ""bestBid"": 0.008, ""bestAsk"": 0.009}]"
559654,0x4c325469d9b516ef4e6b8f73a81a12607dec075e3c2fd454f91765aaeafc4760,will-pete-buttigieg-win-the-2028-democratic-presidential-nomination-687,https://polymarket.com/event/will-pete-buttigieg-win-the-2028-democratic-presidential-nomination-687,https://embed.polymarket.com/market.html?market=will-pete-buttigieg-win-the-2028-democratic-presidential-nomination-687&features=volume&theme=light,Will Pete Buttigieg win the 2028 Democratic presidential nomination?,united-states,,24h $741 • spread 0.001 • TTR 794.5d,11973544.627282012,741.86,0.0,0.0,2028-11-07T00:00:00+00:00,794.543,1,0.001,-0.944,0.0555,0,"[{""name"": ""Top"", ""bestBid"": 0.055, ""bestAsk"": 0.056}]"
4187802,0x3d96fd4fab2f12358ebe188943df122b6b1b9af0d25e841863509e66a63a5106,lol-kt-dk-2026-09-04-game2,https://polymarket.com/event/lol-kt-dk-2026-09-04-game2,https://embed.polymarket.com/market.html?market=lol-kt-dk-2026-09-04-game2&features=volume&theme=light,LoL: KT Rolster vs Dplus KIA - Game 2 Winner,esports,,"24h $940,783 • TTR 0.0d",1663467.7983570003,940783.49,-0.4995,-99.9,2026-09-04T12:00:00+00:00,0.043,1,,-0.999,,0,"[{""name"": ""Top"", ""bestBid"": null, ""bestAsk"": 0.001}]"
559694,0x20d0bc282552ac5ec6f61cd7101cb42a5948cae07e7651bdf40ede1a8b2c5eac,will-ro-khanna-win-the-2028-democratic-presidential-nomination,https://polymarket.com/event/will-ro-khanna-win-the-2028-democratic-presidential-nomination,https://embed.polymarket.com/market.html?market=will-ro-khanna-win-the-2028-democratic-presidential-nomination&features=volume&theme=light,Will Ro Khanna win the 2028 Democratic presidential nomination?,united-states,,24h $342 • spread 0.001 • TTR 794.5d,11252217.742173001,342.01,0.0,0.0,2028-11-07T00:00:00+00:00,794.543,1,0.001,-0.979,0.0205,0,"[{""name"": ""Top"", ""bestBid"": 0.02, ""bestAsk"": 0.021}]"
616902,0xd4e77ba6f29fc093509d24f508631abd445ecf506bbdc9c4c80e60256a318527,will-no-fed-rate-cuts-happen-in-2026,https://polymarket.com/event/will-no-fed-rate-cuts-happen-in-2026,https://embed.polymarket.com/market.html?market=will-no-fed-rate-cuts-happen-in-2026&features=volume&theme=light,Will no Fed rate cuts happen in 2026?,rewards-200-4pt5-50,,"24h $186,749 • spread 0.001 • TTR 117.5d",8055091.891315999,186749.9,0.043,4.8396,2026-12-31T00:00:00+00:00,117.543,1,0.001,-0.068,0.9315,0,"[{""name"": ""Top"", ""bestBid"": 0.931, ""bestAsk"": 0.932}]"
694936,0x733a3bb1f78a42bdf60092866ceb931664fb1dae1d66d3a6d2cf7b72cec96400,will-nebius-group-be-acquired-before-2027-514-765,https://polymarket.com/event/will-nebius-group-be-acquired-before-2027-514-765,https://embed.polymarket.com/market.html?market=will-nebius-group-be-acquired-before-2027-514-765&features=volume&theme=light,Will Nebius Group be acquired before 2027?,business,,24h $118 • spread 0.001 • TTR 118.8d,7956017.8177280035,118.19,0.0,0.0,2027-01-01T04:59:00+00:00,118.75,1,0.001,-0.963,0.0365,0,"[{""name"": ""Top"", ""bestBid"": 0.036, ""bestAsk"": 0.037}]"
561258,0xa9549c44687993a9a154347c6907092341459b927efaa3f2b49009ca2c4e40a1,will-jamie-dimon-win-the-2028-us-presidential-election,https://polymarket.com/event/will-jamie-dimon-win-the-2028-us-presidential-election,https://embed.polymarket.com/market.html?market=will-jamie-dimon-win-the-2028-us-presidential-election&features=volume&theme=light,Will Jamie Dimon win the 2028 US Presidential Election?,president,,24h $771 • spread 0.001 • TTR 794.5d,10889685.720267002,771.63,0.0,0.0,2028-11-07T00:00:00+00:00,794.543,1,0.001,-0.993,0.0065,0,"[{""name"": ""Top"", ""bestBid"": 0.006, ""bestAsk"": 0.007}]"
561259,0xb314f5dbf75919a34d4997e8b22e6793505e3377a690eaa11a75a2547e926bee,will-ro-khanna-win-the-2028-us-presidential-election,https://polymarket.com/event/will-ro-khanna-win-the-2028-us-presidential-election,https://embed.polymarket.com/market.html?market=will-ro-khanna-win-the-2028-us-presidential-election&features=volume&theme=light,Will Ro Khanna win the 2028 US Presidential Election?,president,,24h $128 • spread 0.001 • TTR 794.5d,10768015.19975,128.91,0.0,0.0,2028-11-07T00:00:00+00:00,794.543,1,0.001,-0.99,0.0095,0,"[{""name"": ""Top"", ""bestBid"": 0.009, ""bestAsk"": 0.01}]"
559695,0xb91be12388b3d4079c3ed9b5783cb42d8c33051d37746a49300227e0f45fc089,will-james-talarico-win-the-2028-democratic-presidential-nomination,https://polymarket.com/event/will-james-talarico-win-the-2028-democratic-presidential-nomination,https://embed.polymarket.com/market.html?market=will-james-talarico-win-the-2028-democratic-presidential-nomination&features=volume&theme=light,Will James Talarico win the 2028 Democratic presidential nomination?,united-states,,24h $731 • spread 0.001 • TTR 794.5d,10560921.273596995,731.63,0.0,0.0,2028-11-07T00:00:00+00:00,794.543,1,0.001,-0.975,0.0245,0,"[{""name"": ""Top"", ""bestBid"": 0.024, ""bestAsk"": 0.025}]"
561975,0x21ad31a46bfaa51650766eff6dc69c866959e32d965ffb116020e37694b6317d,will-marco-rubio-win-the-2028-republican-presidential-nomination,https://polymarket.com/event/will-marco-rubio-win-the-2028-republican-presidential-nomination,https://embed.polymarket.com/market.html?market=will-marco-rubio-win-the-2028-republican-presidential-nomination&features=volume&theme=light,Will Marco Rubio win the 2028 Republican presidential nomination?,united-states,,"24h $2,609 • spread 0.003 • TTR 794.5d",10452194.337497002,2609.85,0.014,8.0229,2028-11-07T00:00:00+00:00,794.543,1,0.003,-0.81,0.1885,0,"[{""name"": ""Top"", ""bestBid"": 0.187, ""bestAsk"": 0.19}]"
637002,0x962e5b226a77266ab429029ee04665e8fcfeb10b91af593786ceab871d2e945f,will-donald-trump-win-the-nobel-peace-prize-in-2026-382,https://polymarket.com/event/will-donald-trump-win-the-nobel-peace-prize-in-2026-382,https://embed.polymarket.com/market.html?market=will-donald-trump-win-the-nobel-peace-prize-in-2026-382&features=volume&theme=light,Will Donald Trump win the Nobel Peace Prize in 2026?,awards,,"24h $15,357 • spread 0.003 • TTR 35.5d",4492945.779186,15357.93,0.002,12.1212,2026-10-10T00:00:00+00:00,35.543,1,0.003,-0.98,0.0185,0,"[{""name"": ""Top"", ""bestBid"": 0.017, ""bestAsk"": 0.02}]"
562802,0xd5d9fc47718bd553592d126b1fa5e87183d27f3936975b0c04cc0f2dec1f1bb4,will-the-democratic-party-control-the-house-after-the-2026-midterm-elections,https://polymarket.com/event/will-the-democratic-party-control-the-house-after-the-2026-midterm-elections,https://embed.polymarket.com/market.html?market=will-the-democratic-party-control-the-house-after-the-2026-midterm-elections&features=volume&theme=light,Will the Democratic Party control the House after the 2026 Midterm elections?,parent-for-derivative,,"24h $17,791 • spread 0.010 • TTR 59.5d",5720990.976542002,17791.83,0.0,0.0,2026-11-03T00:00:00+00:00,59.543,1,0.01,-0.1,0.895,0,"[{""name"": ""Top"", ""bestBid"": 0.89, ""bestAsk"": 0.9}]"
561980,0xd7a0d72b19ca48b06b0029684677f581e32f133c367d7a19c2f1e4ad07066af7,will-nikki-haley-win-the-2028-republican-presidential-nomination,https://polymarket.com/event/will-nikki-haley-win-the-2028-republican-presidential-nomination,https://embed.polymarket.com/market.html?market=will-nikki-haley-win-the-2028-republican-presidential-nomination&features=volume&theme=light,Will Nikki Haley win the 2028 Republican presidential nomination?,united-states,,"24h $35,322 • spread 0.001 • TTR 794.5d",10358375.059448998,35322.98,0.0,0.0,2028-11-07T00:00:00+00:00,794.543,1,0.001,-0.997,0.0025,0,"[{""name"": ""Top"", ""bestBid"": 0.002, ""bestAsk"": 0.003}]"
561264,0xea649be6ea3447f3c145a173883c68a89faf4edda1f85109b76baa93b3ee7a87,will-pete-hegseth-win-the-2028-us-presidential-election,https://polymarket.com/event/will-pete-hegseth-win-the-2028-us-presidential-election,https://embed.polymarket.com/market.html?market=will-pete-hegseth-win-the-2028-us-presidential-election&features=volume&theme=light,Will Pete Hegseth win the 2028 US Presidential Election?,president,,"24h $40,858 • spread 0.001 • TTR 794.5d",10334065.835485997,40858.61,0.0,0.0,2028-11-07T00:00:00+00:00,794.543,1,0.001,-0.998,0.0015,0,"[{""name"": ""Top"", ""bestBid"": 0.001, ""bestAsk"": 0.002}]"
898409,0x6eec2b6b1c8d62aaacda46471e8caf7320f4ea9235f5ee87cba970a32a4e6985,will-lando-norris-be-the-2026-f1-drivers-champion,https://polymarket.com/event/will-lando-norris-be-the-2026-f1-drivers-champion,https://embed.polymarket.com/market.html?market=will-lando-norris-be-the-2026-f1-drivers-champion&features=volume&theme=light,Will Lando Norris be the 2026 F1 Drivers' Champion?,sports,,"24h $26,550 • spread 0.005 • TTR 92.5d",6760196.926960999,26550.48,0.017,21.6561,2026-12-06T00:00:00+00:00,92.543,1,0.005,-0.902,0.0955,0,"[{""name"": ""Top"", ""bestBid"": 0.093, ""bestAsk"": 0.098}]"
601833,0xae7dd99bf126b033b77af2553a98b97e1190fd7bdddd5a792ca2791ae23e4d13,will-tereza-cristina-win-the-2026-brazilian-presidential-election,https://polymarket.com/event/will-tereza-cristina-win-the-2026-brazilian-presidential-election,https://embed.polymarket.com/market.html?market=will-tereza-cristina-win-the-2026-brazilian-presidential-election&features=volume&theme=light,Will Tereza Cristina win the 2026 Brazilian presidential election?,politics,,24h $34 • TTR 29.5d,4011204.7865959993,34.21,0.0,0.0,2026-10-04T00:00:00+00:00,29.543,1,,-0.999,,0,"[{""name"": ""Top"", ""bestBid"": null, ""bestAsk"": 0.001}]"
561243,0xce9a5fa30fe74e323b4a8f15afbb0b7a41a537aa880779ddf7dee22223b2f34a,will-donald-trump-win-the-2028-us-presidential-election,https://polymarket.com/event/will-donald-trump-win-the-2028-us-presidential-election,https://embed.polymarket.com/market.html?market=will-donald-trump-win-the-2028-us-presidential-election&features=volume&theme=light,Will Donald Trump win the 2028 US Presidential Election?,president,,"24h $4,952 • spread 0.001 • TTR 794.5d",10054651.701363005,4952.13,-0.001,-3.9216,2028-11-07T00:00:00+00:00,794.543,1,0.001,-0.975,0.0245,0,"[{""name"": ""Top"", ""bestBid"": 0.024, ""bestAsk"": 0.025}]"
562006,0xca68152902c3581ab42feb04921b8b1cd3c4e80d06f255ae077259fca0bba15c,will-eric-trump-win-the-2028-republican-presidential-nomination,https://polymarket.com/event/will-eric-trump-win-the-2028-republican-presidential-nomination,https://embed.polymarket.com/market.html?market=will-eric-trump-win-the-2028-republican-presidential-nomination&features=volume&theme=light,Will Eric Trump win the 2028 Republican presidential nomination?,united-states,,"24h $28,286 • spread 0.001 • TTR 794.5d",10046969.816574998,28286.24,0.0,0.0,2028-11-07T00:00:00+00:00,794.543,1,0.001,-0.997,0.0025,0,"[{""name"": ""Top"", ""bestBid"": 0.002, ""bestAsk"": 0.003}]"
1130015,0x8c48f3acf4177b5ceb012a8a2dc7a9c219eeae4a032d6ddcbc3c2ffab907439a,will-the-liberal-democratic-party-of-russia-ldpr-gain-the-most-seats-in-the-next-russian-parliamentary-election,https://polymarket.com/event/will-the-liberal-democratic-party-of-russia-ldpr-gain-the-most-seats-in-the-next-russian-parliamentary-election,https://embed.polymarket.com/market.html?market=will-the-liberal-democratic-party-of-russia-ldpr-gain-the-most-seats-in-the-next-russian-parliamentary-election&features=volume&theme=light,Will the Liberal Democratic Party of Russia (LDPR) gain the most seats in the next Russian parliamentary election?,politics,,"24h $7,284 • spread 0.001 • TTR 25.5d",3566463.021616,7284.93,0.001,2.2472,2026-09-30T00:00:00+00:00,25.543,1,0.001,-0.954,0.0455,0,"[{""name"": ""Top"", ""bestBid"": 0.045, ""bestAsk"": 0.046}]"
898410,0x1c373746c204f7437cb212d2bcfbc5fdf0f0263ae9b470dd92c676d4c2c5ba03,will-oscar-piastri-be-the-2026-f1-drivers-champion,https://polymarket.com/event/will-oscar-piastri-be-the-2026-f1-drivers-champion,https://embed.polymarket.com/market.html?market=will-oscar-piastri-be-the-2026-f1-drivers-champion&features=volume&theme=light,Will Oscar Piastri be the 2026 F1 Drivers' Champion?,sports,,24h $110 • spread 0.002 • TTR 92.5d,6402776.161354999,110.57,0.0,0.0,2026-12-06T00:00:00+00:00,92.543,1,0.002,-0.995,0.004,0,"[{""name"": ""Top"", ""bestBid"": 0.003, ""bestAsk"": 0.005}]"
559655,0xd65891729ce093cc12236856837eba1a0872fc7998fd4294c21346f7db68079c,will-josh-shapiro-win-the-2028-democratic-presidential-nomination-977,https://polymarket.com/event/will-josh-shapiro-win-the-2028-democratic-presidential-nomination-977,https://embed.polymarket.com/market.html?market=will-josh-shapiro-win-the-2028-democratic-presidential-nomination-977&features=volume&theme=light,Will Josh Shapiro win the 2028 Democratic presidential nomination?,united-states,,24h $173 • spread 0.001 • TTR 794.5d,9664657.633455992,173.72,0.0,0.0,2028-11-07T00:00:00+00:00,794.543,1,0.001,-0.951,0.0485,0,"[{""name"": ""Top"", ""bestBid"": 0.048, ""bestAsk"": 0.049}]"
561978,0x4a9d58d4da874e26708f5bdb014eb07a06aeebb927068d169d43831595386557,will-donald-trump-jr-win-the-2028-republican-presidential-nomination,https://polymarket.com/event/will-donald-trump-jr-win-the-2028-republican-presidential-nomination,https://embed.polymarket.com/market.html?market=will-donald-trump-jr-win-the-2028-republican-presidential-nomination&features=volume&theme=light,Will Donald Trump Jr. win the 2028 Republican presidential nomination?,united-states,,24h $135 • spread 0.001 • TTR 794.5d,9621283.114890002,135.01,0.0,0.0,2028-11-07T00:00:00+00:00,794.543,1,0.001,-0.983,0.0165,0,"[{""name"": ""Top"", ""bestBid"": 0.016, ""bestAsk"": 0.017}]"
601836,0x536b507838dcdac8966510d84abb8f1c51362d632ab2023b94e810ba6fdf5cb7,will-augusto-cury-win-the-2026-brazilian-presidential-election,https://polymarket.com/event/will-augusto-cury-win-the-2026-brazilian-presidential-election,https://embed.polymarket.com/market.html?market=will-augusto-cury-win-the-2026-brazilian-presidential-election&features=volume&theme=light,Will Augusto Cury win the 2026 Brazilian presidential election?,politics,,"24h $112,166 • spread 0.001 • TTR 29.5d",3736837.2557750023,112166.56,-0.0025,-15.625,2026-10-04T00:00:00+00:00,29.543,1,0.001,-0.986,0.0135,0,"[{""name"": ""Top"", ""bestBid"": 0.013, ""bestAsk"": 0.014}]"
561973,0x895e01dbf3e6a33cd9a44ca0f8cdb5df1bd2b0b6ebed5300d28f8da7145145e4,will-donald-trump-win-the-2028-republican-presidential-nomination,https://polymarket.com/event/will-donald-trump-win-the-2028-republican-presidential-nomination,https://embed.polymarket.com/market.html?market=will-donald-trump-win-the-2028-republican-presidential-nomination&features=volume&theme=light,Will Donald Trump win the 2028 Republican presidential nomination?,united-states,,"24h $11,748 • spread 0.001 • TTR 794.5d",9514188.110490002,11748.44,0.001,5.1282,2028-11-07T00:00:00+00:00,794.543,1,0.001,-0.979,0.0205,0,"[{""name"": ""Top"", ""bestBid"": 0.02, ""bestAsk"": 0.021}]"
562008,0x5f3b3456b2d6ef0d6f15d7492162725057be78d738d2465456e2835f1d89046c,will-pete-hegseth-win-the-2028-republican-presidential-nomination,https://polymarket.com/event/will-pete-hegseth-win-the-2028-republican-presidential-nomination,https://embed.polymarket.com/market.html?market=will-pete-hegseth-win-the-2028-republican-presidential-nomination&features=volume&theme=light,Will Pete Hegseth win the 2028 Republican presidential nomination?,united-states,,24h $850 • spread 0.001 • TTR 794.5d,9331253.329213,850.4,0.0,0.0,2028-11-07T00:00:00+00:00,794.543,1,0.001,-0.995,0.0045,0,"[{""name"": ""Top"", ""bestBid"": 0.004, ""bestAsk"": 0.005}]"
898413,0x696576c9b20d20a71e0acd6f84d215f129fa361ed544b0df14f1ae540d84059f,will-max-verstappen-be-the-2026-f1-drivers-champion,https://polymarket.com/event/will-max-verstappen-be-the-2026-f1-drivers-champion,https://embed.polymarket.com/market.html?market=will-max-verstappen-be-the-2026-f1-drivers-champion&features=volume&theme=light,Will Max Verstappen be the 2026 F1 Drivers' Champion?,sports,,"24h $35,795 • spread 0.001 • TTR 92.5d",6089861.2957390025,35795.99,0.0,0.0,2026-12-06T00:00:00+00:00,92.543,1,0.001,-0.994,0.0055,0,"[{""name"": ""Top"", ""bestBid"": 0.005, ""bestAsk"": 0.006}]"
716942,0x1d916047bbca1be9808076a0590c17ff113fb92986a4b4bc7f0f962642158827,will-there-be-at-least-10000-measles-cases-in-the-us-in-2026-418-668-617-245-787,https://polymarket.com/event/will-there-be-at-least-10000-measles-cases-in-the-us-in-2026-418-668-617-245-787,https://embed.polymarket.com/market.html?market=will-there-be-at-least-10000-measles-cases-in-the-us-in-2026-418-668-617-245-787&features=volume&theme=light,Will there be at least 10000 measles cases in the U.S. in 2026?,rewards-20-4pt5-50,,24h $1 • spread 0.006 • TTR 118.8d,6521836.955490997,1.43,-0.0025,-5.4945,2027-01-01T04:59:00+00:00,118.75,1,0.006,-0.954,0.043,0,"[{""name"": ""Top"", ""bestBid"": 0.04, ""bestAsk"": 0.046}]"
1469737,0x25fb28382075f418a944a781a9f8840e2f541152eea0d9798d1cabfa1466adbb,will-mojtaba-khamenei-be-head-of-state-in-iran-end-of-2026,https://polymarket.com/event/will-mojtaba-khamenei-be-head-of-state-in-iran-end-of-2026,https://embed.polymarket.com/market.html?market=will-mojtaba-khamenei-be-head-of-state-in-iran-end-of-2026&features=volume&theme=light,Will Mojtaba Khamenei be head of state in Iran end of 2026?,middle-east,,"24h $41,762 • spread 0.003 • TTR 117.5d",6444659.156093998,41762.95,0.0015,0.1803,2026-12-31T00:00:00+00:00,117.543,1,0.003,-0.165,0.8335,0,"[{""name"": ""Top"", ""bestBid"": 0.832, ""bestAsk"": 0.835}]"
561239,0xb3298af85e00aafad937c119444a5f2800a55343b7482eb75581f6e454432501,will-kamala-harris-win-the-2028-us-presidential-election,https://polymarket.com/event/will-kamala-harris-win-the-2028-us-presidential-election,https://embed.polymarket.com/market.html?market=will-kamala-harris-win-the-2028-us-presidential-election&features=volume&theme=light,Will Kamala Harris win the 2028 US Presidential Election?,president,,"24h $13,632 • spread 0.001 • TTR 794.5d",8903763.934200004,13632.22,0.003,10.9091,2028-11-07T00:00:00+00:00,794.543,1,0.001,-0.969,0.0305,0,"[{""name"": ""Top"", ""bestBid"": 0.03, ""bestAsk"": 0.031}]"
701502,0x024b68f77bfc019341ee3db8f57c103334e4b9430bba4746d8c94aafd8b36fee,will-bitcoin-dip-to-45000-by-december-31-2026-674-923-755-971-998-525-926-245-316-517-544-589-965-923-986-841-815-224-586-231-289-533-573,https://polymarket.com/event/will-bitcoin-dip-to-45000-by-december-31-2026-674-923-755-971-998-525-926-245-316-517-544-589-965-923-986-841-815-224-586-231-289-533-573,https://embed.polymarket.com/market.html?market=will-bitcoin-dip-to-45000-by-december-31-2026-674-923-755-971-998-525-926-245-316-517-544-589-965-923-986-841-815-224-586-231-289-533-573&features=volume&theme=light,"Will Bitcoin dip to $45,000 by December 31, 2026?",bitcoin,,"24h $36,147 • spread 0.010 • TTR 118.8d",6390887.247579001,36147.95,-0.02,-23.5294,2027-01-01T05:00:00+00:00,118.751,1,0.01,-0.93,0.065,0,"[{""name"": ""Top"", ""bestBid"": 0.06, ""bestAsk"": 0.07}]"
562007,0xf2cb33c6634ee4676b642e728715c68441fb8d8c90f730ba0b5c3cd1f436a4be,will-joe-kent-win-the-2028-republican-presidential-nomination,https://polymarket.com/event/will-joe-kent-win-the-2028-republican-presidential-nomination,https://embed.polymarket.com/market.html?market=will-joe-kent-win-the-2028-republican-presidential-nomination&features=volume&theme=light,Will Joe Kent win the 2028 Republican presidential nomination?,united-states,,"24h $1,502 • spread 0.001 • TTR 794.5d",8813322.620539999,1502.35,0.0,0.0,2028-11-07T00:00:00+00:00,794.543,1,0.001,-0.998,0.0015,0,"[{""name"": ""Top"", ""bestBid"": 0.001, ""bestAsk"": 0.002}]"
628955,0x8d62f20324e9e7f1a3c663ab6aac9a2f6e7adb96c6a69ac2cea7e08a71a7f2ef,will-tom-steyer-win-the-california-governor-election-in-2026,https://polymarket.com/event/will-tom-steyer-win-the-california-governor-election-in-2026,https://embed.polymarket.com/market.html?market=will-tom-steyer-win-the-california-governor-election-in-2026&features=volume&theme=light,Will Tom Steyer win the California Governor Election in 2026?,california-midterm,,24h $1 • TTR 59.5d,4790061.215603998,1.7,0.0,0.0,2026-11-03T00:00:00+00:00,59.543,1,,-0.999,,0,"[{""name"": ""Top"", ""bestBid"": null, ""bestAsk"": 0.001}]"
561977,0xd0c4c60c8e68ee15974df3aa7d217225e98020fab9fcdb32d10f8e3d285e1619,will-glenn-youngkin-win-the-2028-republican-presidential-nomination,https://polymarket.com/event/will-glenn-youngkin-win-the-2028-republican-presidential-nomination,https://embed.polymarket.com/market.html?market=will-glenn-youngkin-win-the-2028-republican-presidential-nomination&features=volume&theme=light,Will Glenn Youngkin win the 2028 Republican presidential nomination?,united-states,,24h $63 • spread 0.001 • TTR 794.5d,8665474.664737009,63.17,0.0,0.0,2028-11-07T00:00:00+00:00,794.543,1,0.001,-0.99,0.0095,0,"[{""name"": ""Top"", ""bestBid"": 0.009, ""bestAsk"": 0.01}]"
601835,0xe7567eb9c84e1f859a7e18f1042c724dbf57c3cc0459b312bee22156a57e60ea,will-pablo-marcal-win-the-2026-brazilian-presidential-election,https://polymarket.com/event/will-pablo-marcal-win-the-2026-brazilian-presidential-election,https://embed.polymarket.com/market.html?market=will-pablo-marcal-win-the-2026-brazilian-presidential-election&features=volume&theme=light,Will Pablo Marçal win the 2026 Brazilian presidential election?,politics,,"24h $47,842 • spread 0.001 • TTR 29.5d",3361523.425336001,47842.6,0.0,0.0,2026-10-04T00:00:00+00:00,29.543,1,0.001,-0.998,0.0015,0,"[{""name"": ""Top"", ""bestBid"": 0.001, ""bestAsk"": 0.002}]"
559696,0x6685b25cc7c89032efcdf81eb27fdc6bbf04a3e4299bcd99c9f3d62c8471001e,will-graham-platner-win-the-2028-democratic-presidential-nomination,https://polymarket.com/event/will-graham-platner-win-the-2028-democratic-presidential-nomination,https://embed.polymarket.com/market.html?market=will-graham-platner-win-the-2028-democratic-presidential-nomination&features=volume&theme=light,Will Graham Platner win the 2028 Democratic presidential nomination?,united-states,,"24h $1,613 • spread 0.001 • TTR 794.5d",8505273.536158001,1613.34,0.0,0.0,2028-11-07T00:00:00+00:00,794.543,1,0.001,-0.998,0.0015,0,"[{""name"": ""Top"", ""bestBid"": 0.001, ""bestAsk"": 0.002}]"
561998,0x4f02b9cf70e514964fcb9aa2f7873d2b0d1aa0986da096cce7e6687e78da00f3,will-ivanka-trump-win-the-2028-republican-presidential-nomination,https://polymarket.com/event/will-ivanka-trump-win-the-2028-republican-presidential-nomination,https://embed.polymarket.com/market.html?market=will-ivanka-trump-win-the-2028-republican-presidential-nomination&features=volume&theme=light,Will Ivanka Trump win the 2028 Republican presidential nomination?,united-states,,24h $471 • spread 0.001 • TTR 794.5d,8481679.942738,471.95,-0.0005,-6.25,2028-11-07T00:00:00+00:00,794.543,1,0.001,-0.992,0.0075,0,"[{""name"": ""Top"", ""bestBid"": 0.007, ""bestAsk"": 0.008}]"
559693,0x98933c78b5e277b62d91a6c174b412218de000b54c4c67ec8673bf561cec6e81,will-ruben-gallego-win-the-2028-democratic-presidential-nomination,https://polymarket.com/event/will-ruben-gallego-win-the-2028-democratic-presidential-nomination,https://embed.polymarket.com/market.html?market=will-ruben-gallego-win-the-2028-democratic-presidential-nomination&features=volume&theme=light,Will Ruben Gallego win the 2028 Democratic presidential nomination?,united-states,,24h $220 • spread 0.001 • TTR 794.5d,8417947.582457002,220.1,0.0,0.0,2028-11-07T00:00:00+00:00,794.543,1,0.001,-0.998,0.0015,0,"[{""name"": ""Top"", ""bestBid"": 0.001, ""bestAsk"": 0.002}]"
789953,0x8aaaca6ea5c037d3cdfe85272ab9029b7165694dcae8af0de5071f01a1a944f0,will-afd-win-the-most-seats-in-the-2026-berlin-state-elections,https://polymarket.com/event/will-afd-win-the-most-seats-in-the-2026-berlin-state-elections,https://embed.polymarket.com/market.html?market=will-afd-win-the-most-seats-in-the-2026-berlin-state-elections&features=volume&theme=light,Will AfD win the most seats in the 2026 Berlin state elections?,world-elections,,"24h $1,130 • spread 0.001 • TTR 15.5d",2398218.79183,1130.34,-0.0015,-1.5789,2026-09-20T00:00:00+00:00,15.543,1,0.001,-0.906,0.0935,0,"[{""name"": ""Top"", ""bestBid"": 0.093, ""bestAsk"": 0.094}]"
561252,0xe2bdf6c18c8ab5ad5d3be5f95dd749e88d1dee7ac7c4dbf5101013a5c055e3df,will-dwayne-the-rock-johnson-win-the-2028-us-presidential-election,https://polymarket.com/event/will-dwayne-the-rock-johnson-win-the-2028-us-presidential-election,https://embed.polymarket.com/market.html?market=will-dwayne-the-rock-johnson-win-the-2028-us-presidential-election&features=volume&theme=light,Will Dwayne 'The Rock' Johnson win the 2028 US Presidential Election?,president,,"24h $4,008 • spread 0.001 • TTR 794.5d",8317871.919680001,4008.34,0.0,0.0,2028-11-07T00:00:00+00:00,794.543,1,0.001,-0.985,0.0145,0,"[{""name"": ""Top"", ""bestBid"": 0.014, ""bestAsk"": 0.015}]"
561260,0x32903694997a5c09afee30904970f9fab2a5fb4ec45f572f194341185574f1a4,will-thomas-massie-win-the-2028-us-presidential-election,https://polymarket.com/event/will-thomas-massie-win-the-2028-us-presidential-election,https://embed.polymarket.com/market.html?market=will-thomas-massie-win-the-2028-us-presidential-election&features=volume&theme=light,Will Thomas Massie win the 2028 US Presidential Election?,president,,"24h $13,439 • spread 0.001 • TTR 794.5d",8302061.158660001,13439.18,-0.001,-13.3333,2028-11-07T00:00:00+00:00,794.543,1,0.001,-0.993,0.0065,0,"[{""name"": ""Top"", ""bestBid"": 0.006, ""bestAsk"": 0.007}]"
561232,0x2c03c41e5032364cb7166e842bdd22913f28aa2c837d8432704aa89c338875c8,will-pete-buttigieg-win-the-2028-us-presidential-election,https://polymarket.com/event/will-pete-buttigieg-win-the-2028-us-presidential-election,https://embed.polymarket.com/market.html?market=will-pete-buttigieg-win-the-2028-us-presidential-election&features=volume&theme=light,Will Pete Buttigieg win the 2028 US Presidential Election?,president,,"24h $1,010 • spread 0.001 • TTR 794.5d",8187436.484790001,1010.98,0.0,0.0,2028-11-07T00:00:00+00:00,794.543,1,0.001,-0.977,0.0225,0,"[{""name"": ""Top"", ""bestBid"": 0.022, ""bestAsk"": 0.023}]"
561255,0xc586d15be76278848a26c761c2fcf70f8cebca71815cfab83e656ff5c6ec13a9,will-ivanka-trump-win-the-2028-us-presidential-election,https://polymarket.com/event/will-ivanka-trump-win-the-2028-us-presidential-election,https://embed.polymarket.com/market.html?market=will-ivanka-trump-win-the-2028-us-presidential-election&features=volume&theme=light,Will Ivanka Trump win the 2028 US Presidential Election?,president,,24h $283 • spread 0.001 • TTR 794.5d,8160273.240990998,283.2,0.0,0.0,2028-11-07T00:00:00+00:00,794.543,1,0.001,-0.995,0.0045,0,"[{""name"": ""Top"", ""bestBid"": 0.004, ""bestAsk"": 0.005}]"
701501,0x752fa61c93f16c4b15e85b0bd438d9c684176b0ea7b319a84c8aca34616e8a8c,will-bitcoin-dip-to-55000-by-december-31-2026-527-627-868-745-188-361-314-673-612-946-821-624-855-557-684-381-884-939-182-939-516,https://polymarket.com/event/will-bitcoin-dip-to-55000-by-december-31-2026-527-627-868-745-188-361-314-673-612-946-821-624-855-557-684-381-884-939-182-939-516,https://embed.polymarket.com/market.html?market=will-bitcoin-dip-to-55000-by-december-31-2026-527-627-868-745-188-361-314-673-612-946-821-624-855-557-684-381-884-939-182-939-516&features=volume&theme=light,"Will Bitcoin dip to $55,000 by December 31, 2026?",bitcoin,,"24h $26,239 • spread 0.010 • TTR 118.8d",5845621.929248996,26239.87,-0.04,-18.6047,2027-01-01T05:00:00+00:00,118.751,1,0.01,-0.82,0.175,0,"[{""name"": ""Top"", ""bestBid"": 0.17, ""bestAsk"": 0.18}]"
898416,0x2cefe6009ea518f77b8a82714e54c0af1d0f25e99b37d4861f4a5d3ebbf142d3,will-lewis-hamilton-be-the-2026-f1-drivers-champion,https://polymarket.com/event/will-lewis-hamilton-be-the-2026-f1-drivers-champion,https://embed.polymarket.com/market.html?market=will-lewis-hamilton-be-the-2026-f1-drivers-champion&features=volume&theme=light,Will Lewis Hamilton be the 2026 F1 Drivers' Champion?,sports,,"24h $1,341 • spread 0.003 • TTR 92.5d",5294128.330456999,1341.96,0.001,1.6529,2026-12-06T00:00:00+00:00,92.543,1,0.003,-0.937,0.0615,0,"[{""name"": ""Top"", ""bestBid"": 0.06, ""bestAsk"": 0.063}]"
898415,0xe0711866c51f7d0c43284f43e3ae34125e462e909e16bf685718df7610e6a1e7,will-charles-leclerc-be-the-2026-f1-drivers-champion,https://polymarket.com/event/will-charles-leclerc-be-the-2026-f1-drivers-champion,https://embed.polymarket.com/market.html?market=will-charles-leclerc-be-the-2026-f1-drivers-champion&features=volume&theme=light,Will Charles Leclerc be the 2026 F1 Drivers' Champion?,sports,,24h $780 • spread 0.002 • TTR 92.5d,5237469.214074001,780.02,-0.0015,-7.6923,2026-12-06T00:00:00+00:00,92.543,1,0.002,-0.981,0.018,0,"[{""name"": ""Top"", ""bestBid"": 0.017, ""bestAsk"": 0.019}]"
1105751,0x1dd7704a6d05cca078564bc0bac541261425bc9252acc5634639f5161daf45f9,will-evan-pettus-be-the-leader-of-venezuela-end-of-2026,https://polymarket.com/event/will-evan-pettus-be-the-leader-of-venezuela-end-of-2026,https://embed.polymarket.com/market.html?market=will-evan-pettus-be-the-leader-of-venezuela-end-of-2026&features=volume&theme=light,Will Evan Pettus be the leader of Venezuela end of 2026?,trump-machado,,24h $338 • spread 0.001 • TTR 117.5d,5641840.502313999,338.94,0.0,0.0,2026-12-31T00:00:00+00:00,117.543,1,0.001,-0.998,0.0015,0,"[{""name"": ""Top"", ""bestBid"": 0.001, ""bestAsk"": 0.002}]"
562803,0x4e4f77e7dbf4cab666e9a1943674d7ae66348e862df03ea6f44b11eb95731928,will-the-republican-party-control-the-house-after-the-2026-midterm-elections,https://polymarket.com/event/will-the-republican-party-control-the-house-after-the-2026-midterm-elections,https://embed.polymarket.com/market.html?market=will-the-republican-party-control-the-house-after-the-2026-midterm-elections&features=volume&theme=light,Will the Republican Party control the House after the 2026 Midterm elections?,parent-for-derivative,,"24h $1,596 • spread 0.010 • TTR 59.5d",4333952.846157,1596.76,0.0,0.0,2026-11-03T00:00:00+00:00,59.543,1,0.01,-0.88,0.115,0,"[{""name"": ""Top"", ""bestBid"": 0.11, ""bestAsk"": 0.12}]"
1130017,0x2636a06ef9192d50bf0100bf8c857cfe346e8b230978056f2857cb69276e5c46,will-rodina-gain-the-most-seats-in-the-next-russian-parliamentary-election,https://polymarket.com/event/will-rodina-gain-the-most-seats-in-the-next-russian-parliamentary-election,https://embed.polymarket.com/market.html?market=will-rodina-gain-the-most-seats-in-the-next-russian-parliamentary-election&features=volume&theme=light,Will Rodina gain the most seats in the next Russian parliamentary election?,politics,,"24h $11,966 • spread 0.001 • TTR 25.5d",2872813.895644,11966.46,0.0,0.0,2026-09-30T00:00:00+00:00,25.543,1,0.001,-0.998,0.0015,0,"[{""name"": ""Top"", ""bestBid"": 0.001, ""bestAsk"": 0.002}]"
3702025,0x420c29cfe95850eb2351fdef6ae4ff063b2a574aa947d0fe82e7433fd58946f2,us-announces-end-of-iranian-blockade-by-september-7-2026,https://polymarket.com/event/us-announces-end-of-iranian-blockade-by-september-7-2026,https://embed.polymarket.com/market.html?market=us-announces-end-of-iranian-blockade-by-september-7-2026&features=volume&theme=light,"US announces end of Iranian blockade by September 7, 2026?",iran,,"24h $119,415 • spread 0.001 • TTR 3.7d",1397914.4188259998,119415.37,-0.003,-24.0,2026-09-08T03:59:00+00:00,3.709,1,0.001,-0.99,0.0095,0,"[{""name"": ""Top"", ""bestBid"": 0.009, ""bestAsk"": 0.01}]"
1057883,0x6fefc0438c7598b23531457c8c60541990d0786bd4bd9dfc3eabc8d95c291092,will-bitcoin-reach-250000-by-december-31-2026-579-442,https://polymarket.com/event/will-bitcoin-reach-250000-by-december-31-2026-579-442,https://embed.polymarket.com/market.html?market=will-bitcoin-reach-250000-by-december-31-2026-579-442&features=volume&theme=light,"Will Bitcoin reach $250,000 by December 31, 2026?",bitcoin,,"24h $1,033 • spread 0.001 • TTR 118.8d",5454979.535433002,1033.67,0.0,0.0,2027-01-01T05:00:00+00:00,118.751,1,0.001,-0.989,0.0105,0,"[{""name"": ""Top"", ""bestBid"": 0.01, ""bestAsk"": 0.011}]"
679049,0x06ea9c02b4c6a2f7f07f78e21411bd367636564edb27c72cd038b556aada1a64,will-mathilde-panot-win-the-2027-french-presidential-election,https://polymarket.com/event/will-mathilde-panot-win-the-2027-french-presidential-election,https://embed.polymarket.com/market.html?market=will-mathilde-panot-win-the-2027-french-presidential-election&features=volume&theme=light,Will Mathilde Panot win the 2027 French presidential election?,french-election,,"24h $24,033 • spread 0.001 • TTR 237.5d",6391627.025722001,24033.84,0.0,0.0,2027-04-30T00:00:00+00:00,237.543,1,0.001,-0.998,0.0015,0,"[{""name"": ""Top"", ""bestBid"": 0.001, ""bestAsk"": 0.002}]"
561233,0x5969cbb46aca5319b19e19a3c6f63de098950b675bf268f30f4d035508da1957,will-josh-shapiro-win-the-2028-us-presidential-election,https://polymarket.com/event/will-josh-shapiro-win-the-2028-us-presidential-election,https://embed.polymarket.com/market.html?market=will-josh-shapiro-win-the-2028-us-presidential-election&features=volume&theme=light,Will Josh Shapiro win the 2028 US Presidential Election?,president,,"24h $6,081 • spread 0.001 • TTR 794.5d",7418131.854941998,6081.64,0.0,0.0,2028-11-07T00:00:00+00:00,794.543,1,0.001,-0.97,0.0295,0,"[{""name"": ""Top"", ""bestBid"": 0.029, ""bestAsk"": 0.03}]"
616913,0x1adf074e048fa613f4ddbc0766088748a48d120a3a713b0183e219032a411ae3,will-11-fed-rate-cuts-happen-in-2026,https://polymarket.com/event/will-11-fed-rate-cuts-happen-in-2026,https://embed.polymarket.com/market.html?market=will-11-fed-rate-cuts-happen-in-2026&features=volume&theme=light,Will 11 Fed rate cuts happen in 2026?,rewards-200-4pt5-50,,24h $121 • TTR 117.5d,5258319.048101,121.98,0.0,0.0,2026-12-31T00:00:00+00:00,117.543,1,,-0.999,,0,"[{""name"": ""Top"", ""bestBid"": null, ""bestAsk"": 0.001}]"
608547,0x12dc2b61723b2a54fc1947a307389b5f32038e7a29a0e936ad1fe410b969d06a,will-harry-kane-win-the-2026-ballon-dor,https://polymarket.com/event/will-harry-kane-win-the-2026-ballon-dor,https://embed.polymarket.com/market.html?market=will-harry-kane-win-the-2026-ballon-dor&features=volume&theme=light,Will Harry Kane win the 2026 Ballon d'Or?,soccer,,"24h $12,749 • spread 0.001 • TTR 56.5d",3935959.701119998,12749.67,0.0135,2.1094,2026-10-31T00:00:00+00:00,56.543,1,0.001,-0.346,0.6535,0,"[{""name"": ""Top"", ""bestBid"": 0.653, ""bestAsk"": 0.654}]"
1469755,0x4266ab921148974f104cbadd099e13bca989441bf58acfd2a08fc6cc7440e1a1,will-mohammad-khatami-be-head-of-state-in-iran-end-of-2026,https://polymarket.com/event/will-mohammad-khatami-be-head-of-state-in-iran-end-of-2026,https://embed.polymarket.com/market.html?market=will-mohammad-khatami-be-head-of-state-in-iran-end-of-2026&features=volume&theme=light,Will Mohammad Khatami be head of state in Iran end of 2026?,middle-east,,24h $69 • spread 0.001 • TTR 117.5d,5210151.970481001,69.0,0.0,0.0,2026-12-31T00:00:00+00:00,117.543,1,0.001,-0.998,0.0015,0,"[{""name"": ""Top"", ""bestBid"": 0.001, ""bestAsk"": 0.002}]"
1107582,0x3de0f3d7d7efb40cde68e814d40a0b232832083653c8e78260eb999baa967de0,us-strike-on-cuba-by-december-31,https://polymarket.com/event/us-strike-on-cuba-by-december-31,https://embed.polymarket.com/market.html?market=us-strike-on-cuba-by-december-31&features=volume&theme=light,US strike on Cuba by December 31?,cuba,,"24h $17,866 • spread 0.010 • TTR 118.8d",5197368.371122002,17866.22,-0.01,-6.8966,2027-01-01T04:59:00+00:00,118.75,1,0.01,-0.86,0.135,0,"[{""name"": ""Top"", ""bestBid"": 0.13, ""bestAsk"": 0.14}]"
1130016,0xc9615bb82d6535d630ff98e8094060bc767d8b9446516e98f84d2001a35e50e7,will-new-people-nl-gain-the-most-seats-in-the-next-russian-parliamentary-election,https://polymarket.com/event/will-new-people-nl-gain-the-most-seats-in-the-next-russian-parliamentary-election,https://embed.polymarket.com/market.html?market=will-new-people-nl-gain-the-most-seats-in-the-next-russian-parliamentary-election&features=volume&theme=light,Will New People (NL) gain the most seats in the next Russian parliamentary election?,politics,,"24h $13,693 • spread 0.006 • TTR 25.5d",2589121.6406379994,13693.81,0.0075,3.1579,2026-09-30T00:00:00+00:00,25.543,1,0.006,-0.752,0.245,0,"[{""name"": ""Top"", ""bestBid"": 0.242, ""bestAsk"": 0.248}]"
561262,0x9eb7ac1524fdacb46ceb8758454f0004c7b117eae76e6295852643644bb862c1,will-james-talarico-win-the-2028-us-presidential-election,https://polymarket.com/event/will-james-talarico-win-the-2028-us-presidential-election,https://embed.polymarket.com/market.html?market=will-james-talarico-win-the-2028-us-presidential-election&features=volume&theme=light,Will James Talarico win the 2028 US Presidential Election?,president,,"24h $6,681 • spread 0.001 • TTR 794.5d",7068001.3455139985,6681.81,0.0015,30.0,2028-11-07T00:00:00+00:00,794.543,1,0.001,-0.993,0.0065,0,"[{""name"": ""Top"", ""bestBid"": 0.006, ""bestAsk"": 0.007}]"
1088472,0xcf4cf0cf9882b50018054826d561f688e319e6e51de956437fa6dbf642696a40,will-carlos-alcaraz-win-the-2026-mens-us-open,https://polymarket.com/event/will-carlos-alcaraz-win-the-2026-mens-us-open,https://embed.polymarket.com/market.html?market=will-carlos-alcaraz-win-the-2026-mens-us-open&features=volume&theme=light,Will Carlos Alcaraz win the 2026 Men's US Open?,us-open,,"24h $145,750 • spread 0.020 • TTR 8.5d • ~50% mid",1574768.2592479975,145750.83,0.035,8.8608,2026-09-13T00:00:00+00:00,8.543,1,0.02,-0.56,0.43,1,"[{""name"": ""Top"", ""bestBid"": 0.42, ""bestAsk"": 0.44}]"
1057916,0xa885bfe10688056a9d0f4e9a1523bfa18f66fda065f0400d714ba54776083713,will-bitcoin-dip-to-15000-by-december-31-2026-416-954-417-853-885-363-335-458-585-275-615-269-479-379-516-218-918-374-598-429-212,https://polymarket.com/event/will-bitcoin-dip-to-15000-by-december-31-2026-416-954-417-853-885-363-335-458-585-275-615-269-479-379-516-218-918-374-598-429-212,https://embed.polymarket.com/market.html?market=will-bitcoin-dip-to-15000-by-december-31-2026-416-954-417-853-885-363-335-458-585-275-615-269-479-379-516-218-918-374-598-429-212&features=volume&theme=light,"Will Bitcoin dip to $15,000 by December 31, 2026?",bitcoin,,24h $20 • spread 0.001 • TTR 118.8d,4958296.624837001,20.99,-0.001,-4.6512,2027-01-01T05:00:00+00:00,118.751,1,0.001,-0.979,0.0205,0,"[{""name"": ""Top"", ""bestBid"": 0.02, ""bestAsk"": 0.021}]"
616912,0x757c144993b3cb831e04c42bfcff8c18864c7da4f4688a5939d2f62e031cbc87,will-10-fed-rate-cuts-happen-in-2026,https://polymarket.com/event/will-10-fed-rate-cuts-happen-in-2026,https://embed.polymarket.com/market.html?market=will-10-fed-rate-cuts-happen-in-2026&features=volume&theme=light,Will 10 Fed rate cuts happen in 2026?,rewards-200-4pt5-50,,24h $79 • TTR 117.5d,4941277.319516,79.06,0.0,0.0,2026-12-31T00:00:00+00:00,117.543,1,,-0.999,,0,"[{""name"": ""Top"", ""bestBid"": null, ""bestAsk"": 0.001}]"
3128887,0x30174f3f46398e37c96a07b45916e01eab9a8a854ecb624ac73a91a8490fd074,us-announces-end-of-iranian-blockade-by-september-30-2026-20260727171615364-722-649-646-561-213-644-414-831,https://polymarket.com/event/us-announces-end-of-iranian-blockade-by-september-30-2026-20260727171615364-722-649-646-561-213-644-414-831,https://embed.polymarket.com/market.html?market=us-announces-end-of-iranian-blockade-by-september-30-2026-20260727171615364-722-649-646-561-213-644-414-831&features=volume&theme=light,"US announces end of Iranian blockade by September 30, 2026?",iran,,"24h $85,574 • spread 0.010 • TTR 26.7d",2574275.600853003,85574.04,0.02,12.1212,2026-10-01T03:59:00+00:00,26.709,1,0.01,-0.81,0.185,0,"[{""name"": ""Top"", ""bestBid"": 0.18, ""bestAsk"": 0.19}]"
1144471,0x3b0107a80edd066fe987784d7ab5963c177888433efbec10689951c17320606c,will-satoshi-move-any-bitcoin-in-2026,https://polymarket.com/event/will-satoshi-move-any-bitcoin-in-2026,https://embed.polymarket.com/market.html?market=will-satoshi-move-any-bitcoin-in-2026&features=volume&theme=light,Will Satoshi move any Bitcoin in 2026?,crypto-culture,,"24h $36,403 • spread 0.001 • TTR 118.8d",4942853.480486999,36403.5,0.002,4.7059,2027-01-01T05:00:00+00:00,118.751,1,0.001,-0.955,0.0445,0,"[{""name"": ""Top"", ""bestBid"": 0.044, ""bestAsk"": 0.045}]"
679041,0x3a8209fbd45fef3be23fb3480eb1c961c85f7bdd07d4a3391f5949252156c594,will-franois-bayrou-win-the-2027-french-presidential-election,https://polymarket.com/event/will-franois-bayrou-win-the-2027-french-presidential-election,https://embed.polymarket.com/market.html?market=will-franois-bayrou-win-the-2027-french-presidential-election&features=volume&theme=light,Will François Bayrou win the 2027 French presidential election?,french-election,,"24h $25,130 • spread 0.001 • TTR 237.5d",5883885.410651999,25130.44,0.0,0.0,2027-04-30T00:00:00+00:00,237.543,1,0.001,-0.998,0.0015,0,"[{""name"": ""Top"", ""bestBid"": 0.001, ""bestAsk"": 0.002}]"
1193095,0x86fa2351e7a9469fd8bcd9a28ad5e300a59c3764747ad1eb7d6248546efbabfd,will-jimmie-kesson-be-the-next-prime-minister-of-sweden,https://polymarket.com/event/will-jimmie-kesson-be-the-next-prime-minister-of-sweden,https://embed.polymarket.com/market.html?market=will-jimmie-kesson-be-the-next-prime-minister-of-sweden&features=volume&theme=light,Will Jimmie Åkesson be the next Prime Minister of Sweden?,elections,,"24h $19,762 • spread 0.002 • TTR 8.5d",1528027.4735690001,19762.41,-0.006,-54.5455,2026-09-13T00:00:00+00:00,8.543,1,0.002,-0.994,0.005,0,"[{""name"": ""Top"", ""bestBid"": 0.004, ""bestAsk"": 0.006}]"
679035,0x34ed4ad7a7825f168e1084f53e8f60a161579d783b2740e50aa52f710925a136,will-sgolne-royal-win-the-2027-french-presidential-election,https://polymarket.com/event/will-sgolne-royal-win-the-2027-french-presidential-election,https://embed.polymarket.com/market.html?market=will-sgolne-royal-win-the-2027-french-presidential-election&features=volume&theme=light,Will Ségolène Royal win the 2027 French presidential election?,french-election,,"24h $19,638 • spread 0.001 • TTR 237.5d",5778897.551023999,19638.21,0.0,0.0,2027-04-30T00:00:00+00:00,237.543,1,0.001,-0.998,0.0015,0,"[{""name"": ""Top"", ""bestBid"": 0.001, ""bestAsk"": 0.002}]"
562004,0x17902b9490c6a73152772316b4705935c5c6801ba269f2afc81686532e34fb9a,will-marjorie-taylor-greene-win-the-2028-republican-presidential-nomination,https://polymarket.com/event/will-marjorie-taylor-greene-win-the-2028-republican-presidential-nomination,https://embed.polymarket.com/market.html?market=will-marjorie-taylor-greene-win-the-2028-republican-presidential-nomination&features=volume&theme=light,Will Marjorie Taylor Greene win the 2028 Republican presidential nomination?,united-states,,24h $465 • spread 0.001 • TTR 794.5d,6723499.527596001,465.61,0.0,0.0,2028-11-07T00:00:00+00:00,794.543,1,0.001,-0.995,0.0045,0,"[{""name"": ""Top"", ""bestBid"": 0.004, ""bestAsk"": 0.005}]"
679023,0x06a27c2810eaca94b53e7a17f15ad47761399ba445a6b02039b2679da203262d,will-xavier-bertrand-win-the-2027-french-presidential-election,https://polymarket.com/event/will-xavier-bertrand-win-the-2027-french-presidential-election,https://embed.polymarket.com/market.html?market=will-xavier-bertrand-win-the-2027-french-presidential-election&features=volume&theme=light,Will Xavier Bertrand win the 2027 French presidential election?,french-election,,"24h $25,707 • spread 0.001 • TTR 237.5d",5777234.225839,25707.86,0.0,0.0,2027-04-30T00:00:00+00:00,237.543,1,0.001,-0.998,0.0015,0,"[{""name"": ""Top"", ""bestBid"": 0.001, ""bestAsk"": 0.002}]"
648383,0x9345d5142a67f5541264c96515496affee02580f1c572680759eac9fd2a1588a,billionaire-one-time-wealth-tax-passes-in-california-election-2026,https://polymarket.com/event/billionaire-one-time-wealth-tax-passes-in-california-election-2026,https://embed.polymarket.com/market.html?market=billionaire-one-time-wealth-tax-passes-in-california-election-2026&features=volume&theme=light,Billionaire one-time wealth tax passes in California election 2026?,taxes,,24h $526 • spread 0.010 • TTR 59.5d,3691893.1492129983,526.25,0.0,0.0,2026-11-03T00:00:00+00:00,59.543,1,0.01,-0.72,0.275,0,"[{""name"": ""Top"", ""bestBid"": 0.27, ""bestAsk"": 0.28}]"
679036,0xaba4bb720c6c1b2e48087f5af4a57fd1e9f05814a936e9f6b1c37f10436a34fc,will-franois-asselineau-win-the-2027-french-presidential-election,https://polymarket.com/event/will-franois-asselineau-win-the-2027-french-presidential-election,https://embed.polymarket.com/market.html?market=will-franois-asselineau-win-the-2027-french-presidential-election&features=volume&theme=light,Will François Asselineau win the 2027 French presidential election?,french-election,,"24h $23,450 • spread 0.001 • TTR 237.5d",5680737.656117,23450.2,0.0,0.0,2027-04-30T00:00:00+00:00,237.543,1,0.001,-0.998,0.0015,0,"[{""name"": ""Top"", ""bestBid"": 0.001, ""bestAsk"": 0.002}]"
679043,0xfd431e070263b5f24e43a8fc44532bf41aa008d99cab2330d979913b1c580bd2,will-yal-braun-pivet-win-the-2027-french-presidential-election,https://polymarket.com/event/will-yal-braun-pivet-win-the-2027-french-presidential-election,https://embed.polymarket.com/market.html?market=will-yal-braun-pivet-win-the-2027-french-presidential-election&features=volume&theme=light,Will Yaël Braun-Pivet win the 2027 French presidential election?,french-election,,"24h $24,751 • spread 0.001 • TTR 237.5d",5652196.716579,24751.01,0.0,0.0,2027-04-30T00:00:00+00:00,237.543,1,0.001,-0.998,0.0015,0,"[{""name"": ""Top"", ""bestBid"": 0.001, ""bestAsk"": 0.002}]"
2170255,0x95fc6a4ed7f6856d26aa7f21b9f902d05c9cf76b616fd3463de4d147f7a9126b,bab-el-mandeb-strait-effectively-closed-by-september-30-999-671-939,https://polymarket.com/event/bab-el-mandeb-strait-effectively-closed-by-september-30-999-671-939,https://embed.polymarket.com/market.html?market=bab-el-mandeb-strait-effectively-closed-by-september-30-999-671-939&features=volume&theme=light,Bab el-Mandeb Strait effectively closed by September 30?,politics,,"24h $12,154 • spread 0.001 • TTR 26.7d",2454761.472162001,12154.85,0.01,25.3165,2026-10-01T03:59:00+00:00,26.709,1,0.001,-0.95,0.0495,0,"[{""name"": ""Top"", ""bestBid"": 0.049, ""bestAsk"": 0.05}]"
679033,0xbac8d3ca6cc7297022850562d9d66669d5e0a112767337f8a5955417f1984b54,will-olivier-faure-win-the-2027-french-presidential-election,https://polymarket.com/event/will-olivier-faure-win-the-2027-french-presidential-election,https://embed.polymarket.com/market.html?market=will-olivier-faure-win-the-2027-french-presidential-election&features=volume&theme=light,Will Olivier Faure win the 2027 French presidential election?,french-election,,"24h $11,706 • spread 0.001 • TTR 237.5d",5622695.965615001,11706.13,0.0,0.0,2027-04-30T00:00:00+00:00,237.543,1,0.001,-0.997,0.0025,0,"[{""name"": ""Top"", ""bestBid"": 0.002, ""bestAsk"": 0.003}]"
4187805,0xe8c0801e4e986f92c577fc8477244a8a05a2df4ffecea4ff84c1158f342acb72,lol-kt-dk-2026-09-04-game3,https://polymarket.com/event/lol-kt-dk-2026-09-04-game3,https://embed.polymarket.com/market.html?market=lol-kt-dk-2026-09-04-game3&features=volume&theme=light,LoL: KT Rolster vs Dplus KIA - Game 3 Winner,esports,,"24h $920,019 • TTR 0.1d",920019.6612849999,920019.66,-0.4995,-99.9,2026-09-04T13:00:00+00:00,0.084,1,,-0.999,,0,"[{""name"": ""Top"", ""bestBid"": null, ""bestAsk"": 0.001}]"
679042,0x0b298ab2b2cad3308d486c804985c1ede7ea949bde363f44784a3b2a460be788,will-lisabeth-borne-win-the-2027-french-presidential-election,https://polymarket.com/event/will-lisabeth-borne-win-the-2027-french-presidential-election,https://embed.polymarket.com/market.html?market=will-lisabeth-borne-win-the-2027-french-presidential-election&features=volume&theme=light,Will Élisabeth Borne win the 2027 French presidential election?,french-election,,"24h $24,424 • spread 0.001 • TTR 237.5d",5390688.6415409995,24424.49,0.0,0.0,2027-04-30T00:00:00+00:00,237.543,1,0.001,-0.998,0.0015,0,"[{""name"": ""Top"", ""bestBid"": 0.001, ""bestAsk"": 0.002}]"
898412,0xcd2640464754b9a894ffec98ac11554fdd507ea89ca01237eabb3a6de4a606e6,will-kimi-antonelli-be-the-2026-f1-drivers-champion,https://polymarket.com/event/will-kimi-antonelli-be-the-2026-f1-drivers-champion,https://embed.polymarket.com/market.html?market=will-kimi-antonelli-be-the-2026-f1-drivers-champion&features=volume&theme=light,Will Kimi Antonelli be the 2026 F1 Drivers' Champion?,sports,,"24h $6,409 • spread 0.001 • TTR 92.5d",4103330.054386,6409.08,-0.001,-0.1384,2026-12-06T00:00:00+00:00,92.543,1,0.001,-0.278,0.7215,0,"[{""name"": ""Top"", ""bestBid"": 0.721, ""bestAsk"": 0.722}]"
601834,0x919c9bc428d2d19400437852066582b11bb7b00ad78529a0069cde76766b9faf,will-helder-barbalho-win-the-2026-brazilian-presidential-election,https://polymarket.com/event/will-helder-barbalho-win-the-2026-brazilian-presidential-election,https://embed.polymarket.com/market.html?market=will-helder-barbalho-win-the-2026-brazilian-presidential-election&features=volume&theme=light,Will Helder Barbalho win the 2026 Brazilian presidential election?,politics,,TTR 29.5d,2388866.4568820004,,0.0,0.0,2026-10-04T00:00:00+00:00,29.543,1,,-0.999,,0,"[{""name"": ""Top"", ""bestBid"": null, ""bestAsk"": 0.001}]"
1535973,0x377e7fe65cf198a7fc4fdae3f2136b74729279267858daaf96718b23bc2a5607,iran-leadership-change-by-december-31-974-976-658-482-568-685-996-469-827,https://polymarket.com/event/iran-leadership-change-by-december-31-974-976-658-482-568-685-996-469-827,https://embed.polymarket.com/market.html?market=iran-leadership-change-by-december-31-974-976-658-482-568-685-996-469-827&features=volume&theme=light,Iran leadership change by December 31?,politics,,"24h $2,934 • spread 0.010 • TTR 118.8d",4361330.393672999,2934.55,0.0,0.0,2027-01-01T04:59:00+00:00,118.75,1,0.01,-0.84,0.155,0,"[{""name"": ""Top"", ""bestBid"": 0.15, ""bestAsk"": 0.16}]"
679039,0x6ccebbc57547f8b777aa4ef70a452bb5034055d183131a9b6db47fd8d0777921,will-michel-barnier-win-the-2027-french-presidential-election,https://polymarket.com/event/will-michel-barnier-win-the-2027-french-presidential-election,https://embed.polymarket.com/market.html?market=will-michel-barnier-win-the-2027-french-presidential-election&features=volume&theme=light,Will Michel Barnier win the 2027 French presidential election?,french-election,,"24h $26,359 • spread 0.001 • TTR 237.5d",5196160.212684,26359.73,0.0,0.0,2027-04-30T00:00:00+00:00,237.543,1,0.001,-0.998,0.0015,0,"[{""name"": ""Top"", ""bestBid"": 0.001, ""bestAsk"": 0.002}]"
562005,0x24258776d0a926b4550b0f213267b95ba0a7741fc972d0b3c2b5f6bf8ced2c50,will-thomas-massie-win-the-2028-republican-presidential-nomination,https://polymarket.com/event/will-thomas-massie-win-the-2028-republican-presidential-nomination,https://embed.polymarket.com/market.html?market=will-thomas-massie-win-the-2028-republican-presidential-nomination&features=volume&theme=light,Will Thomas Massie win the 2028 Republican presidential nomination?,united-states,,"24h $3,138 • spread 0.001 • TTR 794.5d",6042215.928157999,3138.69,0.0,0.0,2028-11-07T00:00:00+00:00,794.543,1,0.001,-0.994,0.0055,0,"[{""name"": ""Top"", ""bestBid"": 0.005, ""bestAsk"": 0.006}]"
616911,0x4ec6fcb43fe1a32163c7da09d54a99ab9bf6abdc6fd49939d7ad67d696a3248b,will-9-fed-rate-cuts-happen-in-2026,https://polymarket.com/event/will-9-fed-rate-cuts-happen-in-2026,https://embed.polymarket.com/market.html?market=will-9-fed-rate-cuts-happen-in-2026&features=volume&theme=light,Will 9 Fed rate cuts happen in 2026?,rewards-200-4pt5-50,,24h $84 • TTR 117.5d,4280412.127517999,84.06,0.0,0.0,2026-12-31T00:00:00+00:00,117.543,1,,-0.999,,0,"[{""name"": ""Top"", ""bestBid"": null, ""bestAsk"": 0.001}]"
1357388,0x6c9407f7841e7507ba435d540af237d742674ba05bac48998cf94f4b7ef5d909,will-the-los-angeles-chargers-win-the-2027-nfl-league-championship,https://polymarket.com/event/will-the-los-angeles-chargers-win-the-2027-nfl-league-championship,https://embed.polymarket.com/market.html?market=will-the-los-angeles-chargers-win-the-2027-nfl-league-championship&features=volume&theme=light,Will the Los Angeles Chargers win the 2027 NFL league championship?,sports,,"24h $10,206 • spread 0.001 • TTR 208.5d",4992693.562511001,10206.23,-0.001,-2.2989,2027-03-31T23:55:00+00:00,208.539,1,0.001,-0.957,0.0425,0,"[{""name"": ""Top"", ""bestBid"": 0.042, ""bestAsk"": 0.043}]"
1105753,0x1198bf982483cc6f0a3d3de63d7703117ed19c5b5a9474541a2a3b6b0b5e51f3,will-dan-caine-be-the-leader-of-venezuela-end-of-2026,https://polymarket.com/event/will-dan-caine-be-the-leader-of-venezuela-end-of-2026,https://embed.polymarket.com/market.html?market=will-dan-caine-be-the-leader-of-venezuela-end-of-2026&features=volume&theme=light,Will Dan Caine be the leader of Venezuela end of 2026?,trump-machado,,"24h $1,000 • spread 0.001 • TTR 117.5d",4139856.036041001,1000.0,0.0,0.0,2026-12-31T00:00:00+00:00,117.543,1,0.001,-0.998,0.0015,0,"[{""name"": ""Top"", ""bestBid"": 0.001, ""bestAsk"": 0.002}]"
898663,0x336ee35845099e7d11fa2edbe417ef7791507130689f0f71a35ecc7480807404,will-williams-be-the-2026-f1-constructors-champion,https://polymarket.com/event/will-williams-be-the-2026-f1-constructors-champion,https://embed.polymarket.com/market.html?market=will-williams-be-the-2026-f1-constructors-champion&features=volume&theme=light,Will Williams be the 2026 F1 Constructors' Champion?,formula1,,24h $34 • TTR 92.5d,3809396.8526179986,34.02,0.0,0.0,2026-12-06T00:00:00+00:00,92.543,1,,-0.999,,0,"[{""name"": ""Top"", ""bestBid"": null, ""bestAsk"": 0.001}]"
679037,0x2bf80d93be42dac6c1b03298b5ec329a4b9f87b689c7892d544d1029f3a0caf0,will-clmentine-autain-win-the-2027-french-presidential-election,https://polymarket.com/event/will-clmentine-autain-win-the-2027-french-presidential-election,https://embed.polymarket.com/market.html?market=will-clmentine-autain-win-the-2027-french-presidential-election&features=volume&theme=light,Will Clémentine Autain win the 2027 French presidential election?,french-election,,"24h $30,696 • spread 0.001 • TTR 237.5d",4910995.585528001,30696.36,0.0,0.0,2027-04-30T00:00:00+00:00,237.543,1,0.001,-0.998,0.0015,0,"[{""name"": ""Top"", ""bestBid"": 0.001, ""bestAsk"": 0.002}]"
3501952,0xaad2727a01e09fd1b0d84e286a63a94998efe35fce83a65a3c58dfa9b54dff33,strait-of-hormuz-traffic-returns-to-normal-by-september-15-20260810150912478,https://polymarket.com/event/strait-of-hormuz-traffic-returns-to-normal-by-september-15-20260810150912478,https://embed.polymarket.com/market.html?market=strait-of-hormuz-traffic-returns-to-normal-by-september-15-20260810150912478&features=volume&theme=light,Strait of Hormuz traffic returns to normal by September 15?,oil,,"24h $141,066 • spread 0.001 • TTR 10.5d",1388395.7492920004,141066.98,0.0,0.0,2026-09-15T00:00:00+00:00,10.543,1,0.001,-0.994,0.0055,0,"[{""name"": ""Top"", ""bestBid"": 0.005, ""bestAsk"": 0.006}]"
616908,0x4914bfdd892a48c341b5e0f41ec10475a815f2277273110b16f95e21084bfe75,will-6-fed-rate-cuts-happen-in-2026,https://polymarket.com/event/will-6-fed-rate-cuts-happen-in-2026,https://embed.polymarket.com/market.html?market=will-6-fed-rate-cuts-happen-in-2026&features=volume&theme=light,Will 6 Fed rate cuts happen in 2026?,rewards-200-4pt5-50,,"24h $12,286 • spread 0.001 • TTR 117.5d",4058830.2593200016,12286.57,0.0,0.0,2026-12-31T00:00:00+00:00,117.543,1,0.001,-0.998,0.0015,0,"[{""name"": ""Top"", ""bestBid"": 0.001, ""bestAsk"": 0.002}]"
898669,0x0bd8a57fe56926b10c34052d3d8581db3354b257b150e43301f4bb94913c2d85,will-cadillac-be-the-2026-f1-constructors-champion,https://polymarket.com/event/will-cadillac-be-the-2026-f1-constructors-champion,https://embed.polymarket.com/market.html?market=will-cadillac-be-the-2026-f1-constructors-champion&features=volume&theme=light,Will Cadillac be the 2026 F1 Constructors' Champion?,formula1,,24h $17 • TTR 92.5d,3708689.917053,17.03,0.0,0.0,2026-12-06T00:00:00+00:00,92.543,1,,-0.999,,0,"[{""name"": ""Top"", ""bestBid"": null, ""bestAsk"": 0.001}]"
561261,0x61600d487069f99e775307a0655c1a79f26e4fc6d8d1ba66790c64d78d0beba2,will-jon-ossoff-win-the-2028-us-presidential-election,https://polymarket.com/event/will-jon-ossoff-win-the-2028-us-presidential-election,https://embed.polymarket.com/market.html?market=will-jon-ossoff-win-the-2028-us-presidential-election&features=volume&theme=light,Will Jon Ossoff win the 2028 US Presidential Election?,president,,"24h $2,220 • spread 0.001 • TTR 794.5d",5621437.762024999,2220.87,0.0,0.0,2028-11-07T00:00:00+00:00,794.543,1,0.001,-0.885,0.1145,0,"[{""name"": ""Top"", ""bestBid"": 0.114, ""bestAsk"": 0.115}]"
1130014,0xa04f9a5818493b03a94d86c6323b7c9d8e060fa86b7e1ed3c0a2ad9a5517425b,will-a-just-russia-for-truth-srzp-gain-the-most-seats-in-the-next-russian-parliamentary-election,https://polymarket.com/event/will-a-just-russia-for-truth-srzp-gain-the-most-seats-in-the-next-russian-parliamentary-election,https://embed.polymarket.com/market.html?market=will-a-just-russia-for-truth-srzp-gain-the-most-seats-in-the-next-russian-parliamentary-election&features=volume&theme=light,Will A Just Russia – For Truth (SRZP) gain the most seats in the next Russian parliamentary election?,politics,,"24h $10,955 • spread 0.001 • TTR 25.5d",2051579.571938,10955.96,0.0,0.0,2026-09-30T00:00:00+00:00,25.543,1,0.001,-0.998,0.0015,0,"[{""name"": ""Top"", ""bestBid"": 0.001, ""bestAsk"": 0.002}]"
679048,0xa6c3848b7861841cc9d93a5c2c1d26b3f44e0298a49889968a627214a2b177ae,will-manuel-bompard-win-the-2027-french-presidential-election,https://polymarket.com/event/will-manuel-bompard-win-the-2027-french-presidential-election,https://embed.polymarket.com/market.html?market=will-manuel-bompard-win-the-2027-french-presidential-election&features=volume&theme=light,Will Manuel Bompard win the 2027 French presidential election?,french-election,,"24h $24,802 • spread 0.001 • TTR 237.5d",4764214.780262999,24802.53,0.0,0.0,2027-04-30T00:00:00+00:00,237.543,1,0.001,-0.998,0.0015,0,"[{""name"": ""Top"", ""bestBid"": 0.001, ""bestAsk"": 0.002}]"
1633606,0x5ca616aaa0e1e5df6c38439f8bee4b96bacfe32f8f39cb2f1604c0196548662f,will-china-invade-taiwan-by-september-30-2026,https://polymarket.com/event/will-china-invade-taiwan-by-september-30-2026,https://embed.polymarket.com/market.html?market=will-china-invade-taiwan-by-september-30-2026&features=volume&theme=light,"Will China invade Taiwan by September 30, 2026?",china,,"24h $4,597 • spread 0.001 • TTR 26.7d",2067906.7872520003,4597.1,0.0,0.0,2026-10-01T03:59:00+00:00,26.709,1,0.001,-0.992,0.0075,0,"[{""name"": ""Top"", ""bestBid"": 0.007, ""bestAsk"": 0.008}]"
616914,0xffa0accb74987c0dc33a70eb3780c1da160206bcfb3ef5d16c1667bc5c459c78,will-12-or-more-fed-rate-cuts-happen-in-2026,https://polymarket.com/event/will-12-or-more-fed-rate-cuts-happen-in-2026,https://embed.polymarket.com/market.html?market=will-12-or-more-fed-rate-cuts-happen-in-2026&features=volume&theme=light,Will 12 or more Fed rate cuts happen in 2026?,rewards-200-4pt5-50,,"24h $91,430 • spread 0.001 • TTR 117.5d",3909382.8299199995,91430.71,0.0,0.0,2026-12-31T00:00:00+00:00,117.543,1,0.001,-0.998,0.0015,0,"[{""name"": ""Top"", ""bestBid"": 0.001, ""bestAsk"": 0.002}]"
679046,0xcd050c1af02067e33e03861ff6f67c1c85def8bf4bd196256e6d2b178509533b,will-carole-delga-win-the-2027-french-presidential-election,https://polymarket.com/event/will-carole-delga-win-the-2027-french-presidential-election,https://embed.polymarket.com/market.html?market=will-carole-delga-win-the-2027-french-presidential-election&features=volume&theme=light,Will Carole Delga win the 2027 French presidential election?,french-election,,"24h $24,075 • spread 0.001 • TTR 237.5d",4690494.024387001,24075.76,0.0,0.0,2027-04-30T00:00:00+00:00,237.543,1,0.001,-0.998,0.0015,0,"[{""name"": ""Top"", ""bestBid"": 0.001, ""bestAsk"": 0.002}]"
679038,0x637a2423461f5b531fef314e1e14982b80819de217e32f4f96653caa8af2c47a,will-nicolas-dupont-aignan-win-the-2027-french-presidential-election,https://polymarket.com/event/will-nicolas-dupont-aignan-win-the-2027-french-presidential-election,https://embed.polymarket.com/market.html?market=will-nicolas-dupont-aignan-win-the-2027-french-presidential-election&features=volume&theme=light,Will Nicolas Dupont-Aignan win the 2027 French presidential election?,french-election,,"24h $24,649 • spread 0.001 • TTR 237.5d",4666259.849842999,24649.07,0.0,0.0,2027-04-30T00:00:00+00:00,237.543,1,0.001,-0.998,0.0015,0,"[{""name"": ""Top"", ""bestBid"": 0.001, ""bestAsk"": 0.002}]"
1469743,0x821f357da390a32347e4df0c3fb0aa4a8eadf4af72730c8dc7a7f1ab58798a02,will-seyed-hossein-mousavian-be-head-of-state-in-iran-end-of-2026,https://polymarket.com/event/will-seyed-hossein-mousavian-be-head-of-state-in-iran-end-of-2026,https://embed.polymarket.com/market.html?market=will-seyed-hossein-mousavian-be-head-of-state-in-iran-end-of-2026&features=volume&theme=light,Will Seyed Hossein Mousavian be head of state in Iran end of 2026?,middle-east,,spread 0.001 • TTR 117.5d,3694989.266215,,0.0,0.0,2026-12-31T00:00:00+00:00,117.543,1,0.001,-0.998,0.0015,0,"[{""name"": ""Top"", ""bestBid"": 0.001, ""bestAsk"": 0.002}]"
2737255,0xb55b2b13aee7a480ab0695912a65cb34a5fe5e84d5da810873d9c3e1182f9fd0,will-the-iranian-regime-fall-by-september-30-20260629143335077,https://polymarket.com/event/will-the-iranian-regime-fall-by-september-30-20260629143335077,https://embed.polymarket.com/market.html?market=will-the-iranian-regime-fall-by-september-30-20260629143335077&features=volume&theme=light,Will the Iranian regime fall by September 30?,iran,,"24h $78,995 • spread 0.001 • TTR 26.7d",1924013.4259499994,78995.33,0.001,10.5263,2026-10-01T03:59:00+00:00,26.709,1,0.001,-0.989,0.0105,0,"[{""name"": ""Top"", ""bestBid"": 0.01, ""bestAsk"": 0.011}]"
562828,0x16c63b7cc37f012b9f59ee164ec03877914c701d06d48291ae8d6fc08a088b0d,2026-balance-of-power-d-senate-d-house-949,https://polymarket.com/event/2026-balance-of-power-d-senate-d-house-949,https://embed.polymarket.com/market.html?market=2026-balance-of-power-d-senate-d-house-949&features=volume&theme=light,"2026 Balance of Power: D Senate, D House",united-states,,"24h $8,100 • spread 0.010 • TTR 59.5d • ~50% mid",2818327.416222,8100.06,-0.01,-1.9802,2026-11-03T00:00:00+00:00,59.543,1,0.01,-0.5,0.495,1,"[{""name"": ""Top"", ""bestBid"": 0.49, ""bestAsk"": 0.5}]"
898668,0xa6c8d7d0d25f27f1b6ecadd74be78256bf7c248d9d7c6fb9bc42d2059cfdca4f,will-alpine-be-the-2026-f1-constructors-champion,https://polymarket.com/event/will-alpine-be-the-2026-f1-constructors-champion,https://embed.polymarket.com/market.html?market=will-alpine-be-the-2026-f1-constructors-champion&features=volume&theme=light,Will Alpine be the 2026 F1 Constructors' Champion?,formula1,,24h $6 • TTR 92.5d,3351012.603012999,6.01,0.0,0.0,2026-12-06T00:00:00+00:00,92.543,1,,-0.999,,0,"[{""name"": ""Top"", ""bestBid"": null, ""bestAsk"": 0.001}]"
3976924,0xbe763bd412c78a88ab62eb37c2c6d4fc8a854e8c2fe253a23a1d7a8bd58c325d,lol-al-lgd-2026-09-04,https://polymarket.com/event/lol-al-lgd-2026-09-04,https://embed.polymarket.com/market.html?market=lol-al-lgd-2026-09-04&features=volume&theme=light,LoL: Anyone's Legend vs LGD Gaming (BO5) - LPL Playoffs,esports,,"24h $684,395 • spread 0.010 • TTR 0.2d",747434.1705150001,684395.05,-0.04,-5.8394,2026-09-04T15:10:00+00:00,0.175,1,0.01,-0.35,0.645,0,"[{""name"": ""Top"", ""bestBid"": 0.64, ""bestAsk"": 0.65}]"
898666,0x115401967f653200b41852811453cb5aac5052f339af0a63920fb84e6485f316,will-haas-be-the-2026-f1-constructors-champion,https://polymarket.com/event/will-haas-be-the-2026-f1-constructors-champion,https://embed.polymarket.com/market.html?market=will-haas-be-the-2026-f1-constructors-champion&features=volume&theme=light,Will Haas be the 2026 F1 Constructors' Champion?,formula1,,TTR 92.5d,3317204.7042109994,,0.0,0.0,2026-12-06T00:00:00+00:00,92.543,1,,-0.999,,0,"[{""name"": ""Top"", ""bestBid"": null, ""bestAsk"": 0.001}]"
898665,0x4d7eeb6b14f64cc6b847a5fea348e78f54a7ebbbf3a8e0df2141c916cc4ee3d3,will-aston-martin-be-the-2026-f1-constructors-champion,https://polymarket.com/event/will-aston-martin-be-the-2026-f1-constructors-champion,https://embed.polymarket.com/market.html?market=will-aston-martin-be-the-2026-f1-constructors-champion&features=volume&theme=light,Will Aston Martin be the 2026 F1 Constructors' Champion?,formula1,,24h $62 • TTR 92.5d,3305219.150287,62.04,0.0,0.0,2026-12-06T00:00:00+00:00,92.543,1,,-0.999,,0,"[{""name"": ""Top"", ""bestBid"": null, ""bestAsk"": 0.001}]"
682705,0x7586a96520578acaaaa4ea84a2582f197f84255da1f3392a7aa300386c187b37,will-benjamin-netanyahu-be-the-next-prime-minister-of-israel,https://polymarket.com/event/will-benjamin-netanyahu-be-the-next-prime-minister-of-israel,https://embed.polymarket.com/market.html?market=will-benjamin-netanyahu-be-the-next-prime-minister-of-israel&features=volume&theme=light,Will Benjamin Netanyahu be the next Prime Minister of Israel?,main-election,,"24h $5,551 • spread 0.020 • TTR 117.5d",3531770.457990998,5551.9,0.01,3.4483,2026-12-31T00:00:00+00:00,117.543,1,0.02,-0.69,0.3,0,"[{""name"": ""Top"", ""bestBid"": 0.29, ""bestAsk"": 0.31}]"
1339767,0xce3c54c3e773e8b3bf73e4c12af93205b21195d03b9c386e22f274b9acfc2c56,will-bitcoin-dip-to-50000-by-december-31-2026-454-325-222-878-949-487-451-853-523-111,https://polymarket.com/event/will-bitcoin-dip-to-50000-by-december-31-2026-454-325-222-878-949-487-451-853-523-111,https://embed.polymarket.com/market.html?market=will-bitcoin-dip-to-50000-by-december-31-2026-454-325-222-878-949-487-451-853-523-111&features=volume&theme=light,"Will Bitcoin dip to $50,000 by December 31, 2026?",bitcoin,,"24h $110,197 • spread 0.020 • TTR 118.8d",3542335.983024,110197.67,-0.005,-3.7037,2027-01-01T05:00:00+00:00,118.751,1,0.02,-0.86,0.13,0,"[{""name"": ""Top"", ""bestBid"": 0.12, ""bestAsk"": 0.14}]"
628940,0x119b6b3b744ac3239c7a71100165d254234eaecea401abde5a3d303bef21d19e,will-steve-hilton-win-the-california-governor-election-in-2026,https://polymarket.com/event/will-steve-hilton-win-the-california-governor-election-in-2026,https://embed.polymarket.com/market.html?market=will-steve-hilton-win-the-california-governor-election-in-2026&features=volume&theme=light,Will Steve Hilton win the California Governor Election in 2026?,california-midterm,,24h $781 • spread 0.001 • TTR 59.5d,2712941.438689999,781.49,0.0005,1.1111,2026-11-03T00:00:00+00:00,59.543,1,0.001,-0.954,0.0455,0,"[{""name"": ""Top"", ""bestBid"": 0.045, ""bestAsk"": 0.046}]"
898667,0x523f29f4370b912f8434eba7726b7dd2e463f252cd14c2b97a2c7f256f0921a6,will-audi-be-the-2026-f1-constructors-champion,https://polymarket.com/event/will-audi-be-the-2026-f1-constructors-champion,https://embed.polymarket.com/market.html?market=will-audi-be-the-2026-f1-constructors-champion&features=volume&theme=light,Will Audi be the 2026 F1 Constructors' Champion?,formula1,,24h $86 • TTR 92.5d,3245670.4960269984,86.08,0.0,0.0,2026-12-06T00:00:00+00:00,92.543,1,,-0.999,,0,"[{""name"": ""Top"", ""bestBid"": null, ""bestAsk"": 0.001}]"
