id,conditionId,slug,url,embedSrc,question,category,eventId,why,volume,volume24h,momentumDelta24h,momentumPct24h,endDateISO,timeToResolveDays,outcomeCount,avgSpread,underround,binaryMidYes,near50Flag,bestQuotesJSON
703258,0x0b4cc3b739e1dfe5d73274740e7308b6fb389c5af040c3a174923d928d134bee,will-jesus-christ-return-before-2027,https://polymarket.com/event/will-jesus-christ-return-before-2027,https://embed.polymarket.com/market.html?market=will-jesus-christ-return-before-2027&features=volume&theme=light,Will Jesus Christ return before 2027?,parent-for-derivative,,"24h $4,658 • spread 0.001 • TTR 140.9d",64990008.7919729,4658.74,-0.0005,-2.5,2026-12-31T00:00:00+00:00,140.902,1,0.001,-0.98,0.0195,0,"[{""name"": ""Top"", ""bestBid"": 0.019, ""bestAsk"": 0.02}]"
665374,0x5db999fad322cea2914535aae5517060c3f80ad6d8c0231cde2124a434d16846,will-the-us-invade-iran-before-2027,https://polymarket.com/event/will-the-us-invade-iran-before-2027,https://embed.polymarket.com/market.html?market=will-the-us-invade-iran-before-2027&features=volume&theme=light,Will the U.S. invade Iran before 2027?,military-strikes,,"24h $248,178 • spread 0.010 • TTR 140.9d",58209814.35884301,248178.73,0.01,6.0606,2026-12-31T00:00:00+00:00,140.902,1,0.01,-0.82,0.175,0,"[{""name"": ""Top"", ""bestBid"": 0.17, ""bestAsk"": 0.18}]"
561251,0x836b850fc838195374862551a36f1c8691d96ff01e58b0a071f0fc1a0e357fb1,will-lebron-james-win-the-2028-us-presidential-election,https://polymarket.com/event/will-lebron-james-win-the-2028-us-presidential-election,https://embed.polymarket.com/market.html?market=will-lebron-james-win-the-2028-us-presidential-election&features=volume&theme=light,Will LeBron James win the 2028 US Presidential Election?,president,,"24h $1,314 • spread 0.001 • TTR 817.9d",54503163.69610807,1314.62,0.0,0.0,2028-11-07T00:00:00+00:00,817.902,1,0.001,-0.998,0.0015,0,"[{""name"": ""Top"", ""bestBid"": 0.001, ""bestAsk"": 0.002}]"
559687,0xe06a7e94cf2fa8dc2085b7610fe16e9be1cde6654f34d365c13da1149b276c61,will-oprah-winfrey-win-the-2028-democratic-presidential-nomination,https://polymarket.com/event/will-oprah-winfrey-win-the-2028-democratic-presidential-nomination,https://embed.polymarket.com/market.html?market=will-oprah-winfrey-win-the-2028-democratic-presidential-nomination&features=volume&theme=light,Will Oprah Winfrey win the 2028 Democratic presidential nomination?,united-states,,24h $280 • spread 0.001 • TTR 817.9d,54225985.59019501,280.28,0.0,0.0,2028-11-07T00:00:00+00:00,817.902,1,0.001,-0.996,0.0035,0,"[{""name"": ""Top"", ""bestBid"": 0.003, ""bestAsk"": 0.004}]"
559679,0x30cfb887558b20373a984da60c372fe5a90c0296aa6d8bb413a8aa7543846da2,will-bernie-sanders-win-the-2028-democratic-presidential-nomination-879,https://polymarket.com/event/will-bernie-sanders-win-the-2028-democratic-presidential-nomination-879,https://embed.polymarket.com/market.html?market=will-bernie-sanders-win-the-2028-democratic-presidential-nomination-879&features=volume&theme=light,Will Bernie Sanders win the 2028 Democratic presidential nomination?,united-states,,"24h $2,544 • spread 0.002 • TTR 817.9d",52634717.06660601,2544.36,0.0005,9.0909,2028-11-07T00:00:00+00:00,817.902,1,0.002,-0.993,0.006,0,"[{""name"": ""Top"", ""bestBid"": 0.005, ""bestAsk"": 0.007}]"
567621,0xd9fb1184af0064e5e34b129f5b79afa5a17b7e32f2953ab05efed82315fee6d4,will-china-invade-taiwan-before-2027,https://polymarket.com/event/will-china-invade-taiwan-before-2027,https://embed.polymarket.com/market.html?market=will-china-invade-taiwan-before-2027&features=volume&theme=light,Will China invade Taiwan by end of 2026?,politics,,"24h $16,584 • spread 0.001 • TTR 140.9d",39616094.9799969,16584.96,-0.001,-2.6667,2026-12-31T00:00:00+00:00,140.902,1,0.001,-0.963,0.0365,0,"[{""name"": ""Top"", ""bestBid"": 0.036, ""bestAsk"": 0.037}]"
559684,0xf2e51acfbb6d0414dc2ace81b7dc2af7c165e443dcb91f6caa7aab6d6ab4f06d,will-chelsea-clinton-win-the-2028-democratic-presidential-nomination,https://polymarket.com/event/will-chelsea-clinton-win-the-2028-democratic-presidential-nomination,https://embed.polymarket.com/market.html?market=will-chelsea-clinton-win-the-2028-democratic-presidential-nomination&features=volume&theme=light,Will Chelsea Clinton win the 2028 Democratic presidential nomination?,united-states,,"24h $2,488 • spread 0.001 • TTR 817.9d",50157505.185117014,2488.7,0.0,0.0,2028-11-07T00:00:00+00:00,817.902,1,0.001,-0.994,0.0055,0,"[{""name"": ""Top"", ""bestBid"": 0.005, ""bestAsk"": 0.006}]"
703257,0x747dc809fb79e1b05be09c42d6179459a58de2ef3e40f02484a4e1260f741f75,will-the-us-confirm-that-aliens-exist-before-2027-789-924-249,https://polymarket.com/event/will-the-us-confirm-that-aliens-exist-before-2027-789-924-249,https://embed.polymarket.com/market.html?market=will-the-us-confirm-that-aliens-exist-before-2027-789-924-249&features=volume&theme=light,Will the US confirm that aliens exist before 2027?,aliens,,"24h $17,086 • spread 0.010 • TTR 140.9d",36789888.092617005,17086.52,0.0,0.0,2026-12-31T00:00:00+00:00,140.902,1,0.01,-0.95,0.045,0,"[{""name"": ""Top"", ""bestBid"": 0.04, ""bestAsk"": 0.05}]"
559688,0x450810ae738a0ff820d3248f2b24937f63fb8c8cf422ed2a915125adb4d9d3c8,will-andrew-yang-win-the-2028-democratic-presidential-nomination,https://polymarket.com/event/will-andrew-yang-win-the-2028-democratic-presidential-nomination,https://embed.polymarket.com/market.html?market=will-andrew-yang-win-the-2028-democratic-presidential-nomination&features=volume&theme=light,Will Andrew Yang win the 2028 Democratic presidential nomination?,united-states,,24h $202 • spread 0.001 • TTR 817.9d,48421693.42638299,202.07,0.0,0.0,2028-11-07T00:00:00+00:00,817.902,1,0.001,-0.997,0.0025,0,"[{""name"": ""Top"", ""bestBid"": 0.002, ""bestAsk"": 0.003}]"
997488,0xd595eb9b81885ff018738300c79047e3ec89e87294424f57a29a7fa9162bf116,will-trump-acquire-greenland-before-2027,https://polymarket.com/event/will-trump-acquire-greenland-before-2027,https://embed.polymarket.com/market.html?market=will-trump-acquire-greenland-before-2027&features=volume&theme=light,Will Trump acquire Greenland before 2027?,davos,,"24h $6,416 • spread 0.002 • TTR 140.9d",35257802.12760911,6416.28,0.0005,1.3699,2026-12-31T00:00:00+00:00,140.902,1,0.002,-0.962,0.037,0,"[{""name"": ""Top"", ""bestBid"": 0.036, ""bestAsk"": 0.038}]"
561247,0xae70ab9bf1c3726fe430a2ba8b517697ae24e0f0ab554b876a5b521153068882,will-tim-walz-win-the-2028-us-presidential-election,https://polymarket.com/event/will-tim-walz-win-the-2028-us-presidential-election,https://embed.polymarket.com/market.html?market=will-tim-walz-win-the-2028-us-presidential-election&features=volume&theme=light,Will Tim Walz win the 2028 US Presidential Election?,president,,"24h $2,757 • spread 0.001 • TTR 817.9d",44383004.710634016,2757.36,0.0,0.0,2028-11-07T00:00:00+00:00,817.902,1,0.001,-0.998,0.0015,0,"[{""name"": ""Top"", ""bestBid"": 0.001, ""bestAsk"": 0.002}]"
561986,0xd1747284d6048b2a3dcfbee489db405f36de18f9590197dd0e5c9f0c246bf050,will-byron-donalds-win-the-2028-republican-presidential-nomination,https://polymarket.com/event/will-byron-donalds-win-the-2028-republican-presidential-nomination,https://embed.polymarket.com/market.html?market=will-byron-donalds-win-the-2028-republican-presidential-nomination&features=volume&theme=light,Will Byron Donalds win the 2028 Republican presidential nomination?,united-states,,24h $611 • spread 0.001 • TTR 817.9d,44380279.10592301,611.72,0.0,0.0,2028-11-07T00:00:00+00:00,817.902,1,0.001,-0.993,0.0065,0,"[{""name"": ""Top"", ""bestBid"": 0.006, ""bestAsk"": 0.007}]"
559682,0x1945a8b23e313ed7423b6b6fd556f9ab5578900376b565a61dc480a5f4f35d21,will-person-a-win-the-2028-democratic-presidential-nomination,https://polymarket.com/event/will-person-a-win-the-2028-democratic-presidential-nomination,https://embed.polymarket.com/market.html?market=will-person-a-win-the-2028-democratic-presidential-nomination&features=volume&theme=light,Will Hunter Biden win the 2028 Democratic presidential nomination?,united-states,,24h $772 • spread 0.002 • TTR 817.9d,44109913.81111402,772.13,0.0005,9.0909,2028-11-07T00:00:00+00:00,817.902,1,0.002,-0.993,0.006,0,"[{""name"": ""Top"", ""bestBid"": 0.005, ""bestAsk"": 0.007}]"
559681,0x8b203037c7c0e21b500314f8398d2a8ea294b7ce1f4f9185f426425a3505bc45,will-lebron-james-win-the-2028-democratic-presidential-nomination,https://polymarket.com/event/will-lebron-james-win-the-2028-democratic-presidential-nomination,https://embed.polymarket.com/market.html?market=will-lebron-james-win-the-2028-democratic-presidential-nomination&features=volume&theme=light,Will LeBron James win the 2028 Democratic presidential nomination?,united-states,,24h $497 • spread 0.001 • TTR 817.9d,43817710.41666995,497.92,0.0,0.0,2028-11-07T00:00:00+00:00,817.902,1,0.001,-0.997,0.0025,0,"[{""name"": ""Top"", ""bestBid"": 0.002, ""bestAsk"": 0.003}]"
559677,0x663b88d3a8f2341bb8d878709dc78632bcaf7512e577bd15521e5d8ed933efbc,will-hillary-clinton-win-the-2028-democratic-presidential-nomination,https://polymarket.com/event/will-hillary-clinton-win-the-2028-democratic-presidential-nomination,https://embed.polymarket.com/market.html?market=will-hillary-clinton-win-the-2028-democratic-presidential-nomination&features=volume&theme=light,Will Hillary Clinton win the 2028 Democratic presidential nomination?,united-states,,24h $418 • spread 0.001 • TTR 817.9d,43550140.43647005,418.25,0.0,0.0,2028-11-07T00:00:00+00:00,817.902,1,0.001,-0.997,0.0025,0,"[{""name"": ""Top"", ""bestBid"": 0.002, ""bestAsk"": 0.003}]"
561995,0x41c6341dd79903aca4bb0c29f5a7976946c3774d2fd72f38cbb7de7092144520,will-mike-pence-win-the-2028-republican-presidential-nomination,https://polymarket.com/event/will-mike-pence-win-the-2028-republican-presidential-nomination,https://embed.polymarket.com/market.html?market=will-mike-pence-win-the-2028-republican-presidential-nomination&features=volume&theme=light,Will Mike Pence win the 2028 Republican presidential nomination?,united-states,,24h $134 • spread 0.001 • TTR 817.9d,43370845.47693101,134.75,0.0,0.0,2028-11-07T00:00:00+00:00,817.902,1,0.001,-0.997,0.0025,0,"[{""name"": ""Top"", ""bestBid"": 0.002, ""bestAsk"": 0.003}]"
1105754,0x831493dce463d9adcad78c492f2cbec6ecdac31f4e8c5a894fdac68c130549d4,will-richard-grenell-be-the-leader-of-venezuela-end-of-2026,https://polymarket.com/event/will-richard-grenell-be-the-leader-of-venezuela-end-of-2026,https://embed.polymarket.com/market.html?market=will-richard-grenell-be-the-leader-of-venezuela-end-of-2026&features=volume&theme=light,Will Richard Grenell be the leader of Venezuela end of 2026?,trump-machado,,TTR 140.9d,32638212.098845,,0.0,0.0,2026-12-31T00:00:00+00:00,140.902,1,,-0.999,,0,"[{""name"": ""Top"", ""bestBid"": null, ""bestAsk"": 0.001}]"
559666,0x3265b10daeb30dbcc3214bd02e488551d0a5d3028392f4152e4750b943fbfc91,will-tim-walz-win-the-2028-democratic-presidential-nomination-475,https://polymarket.com/event/will-tim-walz-win-the-2028-democratic-presidential-nomination-475,https://embed.polymarket.com/market.html?market=will-tim-walz-win-the-2028-democratic-presidential-nomination-475&features=volume&theme=light,Will Tim Walz win the 2028 Democratic presidential nomination?,united-states,,"24h $1,319 • spread 0.001 • TTR 817.9d",42974022.00142801,1319.04,0.0,0.0,2028-11-07T00:00:00+00:00,817.902,1,0.001,-0.998,0.0015,0,"[{""name"": ""Top"", ""bestBid"": 0.001, ""bestAsk"": 0.002}]"
559683,0x822e61527476cabf98927e3aad385c5ecdae7086f945535f2c1fd9ae8dbfa46e,will-george-clooney-win-the-2028-democratic-presidential-nomination,https://polymarket.com/event/will-george-clooney-win-the-2028-democratic-presidential-nomination,https://embed.polymarket.com/market.html?market=will-george-clooney-win-the-2028-democratic-presidential-nomination&features=volume&theme=light,Will George Clooney win the 2028 Democratic presidential nomination?,united-states,,"24h $3,428 • spread 0.001 • TTR 817.9d",42908092.29096498,3428.39,0.0,0.0,2028-11-07T00:00:00+00:00,817.902,1,0.001,-0.996,0.0035,0,"[{""name"": ""Top"", ""bestBid"": 0.003, ""bestAsk"": 0.004}]"
559690,0x0f8ef3cc906ba7ba94a44724738df44bdd5f73e59e40c9c8b4ff8569e349643c,will-kim-kardashian-win-the-2028-democratic-presidential-nomination,https://polymarket.com/event/will-kim-kardashian-win-the-2028-democratic-presidential-nomination,https://embed.polymarket.com/market.html?market=will-kim-kardashian-win-the-2028-democratic-presidential-nomination&features=volume&theme=light,Will Kim Kardashian win the 2028 Democratic presidential nomination?,united-states,,"24h $5,580 • spread 0.001 • TTR 817.9d",42719314.44817097,5580.59,0.0,0.0,2028-11-07T00:00:00+00:00,817.902,1,0.001,-0.998,0.0015,0,"[{""name"": ""Top"", ""bestBid"": 0.001, ""bestAsk"": 0.002}]"
559689,0x8ecd1d15e521b7d1020ad5596cc981c8764e9dcfbc3648f582e1a5138aee7185,will-beto-orourke-win-the-2028-democratic-presidential-nomination,https://polymarket.com/event/will-beto-orourke-win-the-2028-democratic-presidential-nomination,https://embed.polymarket.com/market.html?market=will-beto-orourke-win-the-2028-democratic-presidential-nomination&features=volume&theme=light,Will Beto O’Rourke win the 2028 Democratic presidential nomination?,united-states,,"24h $2,161 • spread 0.001 • TTR 817.9d",42670344.39614798,2161.72,0.0,0.0,2028-11-07T00:00:00+00:00,817.902,1,0.001,-0.997,0.0025,0,"[{""name"": ""Top"", ""bestBid"": 0.002, ""bestAsk"": 0.003}]"
559680,0x29283b56d3eec6d1d89fff51793d9d2e01579d2379b1d3e9ebda175d3561e809,will-phil-murphy-win-the-2028-democratic-presidential-nomination-611,https://polymarket.com/event/will-phil-murphy-win-the-2028-democratic-presidential-nomination-611,https://embed.polymarket.com/market.html?market=will-phil-murphy-win-the-2028-democratic-presidential-nomination-611&features=volume&theme=light,Will Phil Murphy win the 2028 Democratic presidential nomination?,united-states,,"24h $1,869 • spread 0.001 • TTR 817.9d",42193000.72836509,1869.08,0.0,0.0,2028-11-07T00:00:00+00:00,817.902,1,0.001,-0.998,0.0015,0,"[{""name"": ""Top"", ""bestBid"": 0.001, ""bestAsk"": 0.002}]"
559685,0xc44edcfdedb422bae8ff1803e2178d1ee025fc41efd81400ccbede709e018841,will-mrbeast-win-the-2028-democratic-presidential-nomination,https://polymarket.com/event/will-mrbeast-win-the-2028-democratic-presidential-nomination,https://embed.polymarket.com/market.html?market=will-mrbeast-win-the-2028-democratic-presidential-nomination&features=volume&theme=light,Will MrBeast win the 2028 Democratic presidential nomination?,united-states,,"24h $13,315 • spread 0.001 • TTR 817.9d",40880635.97401301,13315.5,0.0,0.0,2028-11-07T00:00:00+00:00,817.902,1,0.001,-0.997,0.0025,0,"[{""name"": ""Top"", ""bestBid"": 0.002, ""bestAsk"": 0.003}]"
561254,0x7f695758278e6d4d9e63df862afa88d664d3402a3d26e4d32ae05121cdbddba6,will-kim-kardashian-win-the-2028-us-presidential-election,https://polymarket.com/event/will-kim-kardashian-win-the-2028-us-presidential-election,https://embed.polymarket.com/market.html?market=will-kim-kardashian-win-the-2028-us-presidential-election&features=volume&theme=light,Will Kim Kardashian win the 2028 US Presidential Election?,president,,"24h $1,366 • spread 0.001 • TTR 817.9d",39749519.16811602,1366.64,0.0,0.0,2028-11-07T00:00:00+00:00,817.902,1,0.001,-0.997,0.0025,0,"[{""name"": ""Top"", ""bestBid"": 0.002, ""bestAsk"": 0.003}]"
2774056,0x60c2c085ee8c16bc8f2419739a94971d4c9d00f637ead10fc0f540afa1be64e8,strait-of-hormuz-traffic-returns-to-normal-by-august-31-20260702154212320,https://polymarket.com/event/strait-of-hormuz-traffic-returns-to-normal-by-august-31-20260702154212320,https://embed.polymarket.com/market.html?market=strait-of-hormuz-traffic-returns-to-normal-by-august-31-20260702154212320&features=volume&theme=light,Strait of Hormuz traffic returns to normal by August 31?,oil,,"24h $665,926 • spread 0.001 • TTR 18.9d",12180067.637289,665926.54,0.0055,15.942,2026-08-31T00:00:00+00:00,18.902,1,0.001,-0.958,0.0415,0,"[{""name"": ""Top"", ""bestBid"": 0.041, ""bestAsk"": 0.042}]"
559671,0x3535fb2f4aef6619dde8b367cb5e5d209526bb496d5d9778428c58a0252435e3,will-zohran-mamdani-win-the-2028-democratic-presidential-nomination-445,https://polymarket.com/event/will-zohran-mamdani-win-the-2028-democratic-presidential-nomination-445,https://embed.polymarket.com/market.html?market=will-zohran-mamdani-win-the-2028-democratic-presidential-nomination-445&features=volume&theme=light,Will Zohran Mamdani win the 2028 Democratic presidential nomination?,united-states,,24h $612 • spread 0.001 • TTR 817.9d,38593450.06015505,612.74,0.0,0.0,2028-11-07T00:00:00+00:00,817.902,1,0.001,-0.996,0.0035,0,"[{""name"": ""Top"", ""bestBid"": 0.003, ""bestAsk"": 0.004}]"
559678,0x46dbd48d6bde5b81edb480e0f676a2cdda6c6b592c4d86a9367c7ad5a9870195,will-liz-cheney-win-the-2028-democratic-presidential-nomination-551,https://polymarket.com/event/will-liz-cheney-win-the-2028-democratic-presidential-nomination-551,https://embed.polymarket.com/market.html?market=will-liz-cheney-win-the-2028-democratic-presidential-nomination-551&features=volume&theme=light,Will Liz Cheney win the 2028 Democratic presidential nomination?,united-states,,24h $456 • spread 0.001 • TTR 817.9d,38347742.87878898,456.79,0.0,0.0,2028-11-07T00:00:00+00:00,817.902,1,0.001,-0.997,0.0025,0,"[{""name"": ""Top"", ""bestBid"": 0.002, ""bestAsk"": 0.003}]"
561248,0x64396449b471b10b006285fa49dd9a5df535694de7b4c703fdeb0d88d5c4cd33,will-vivek-ramaswamy-win-the-2028-us-presidential-election,https://polymarket.com/event/will-vivek-ramaswamy-win-the-2028-us-presidential-election,https://embed.polymarket.com/market.html?market=will-vivek-ramaswamy-win-the-2028-us-presidential-election&features=volume&theme=light,Will Vivek Ramaswamy win the 2028 US Presidential Election?,president,,24h $532 • spread 0.001 • TTR 817.9d,37621117.230689995,532.9,0.0,0.0,2028-11-07T00:00:00+00:00,817.902,1,0.001,-0.997,0.0025,0,"[{""name"": ""Top"", ""bestBid"": 0.002, ""bestAsk"": 0.003}]"
559692,0x3cd6e52603d80ddbbdac9b1a4d43f9b7faa6aae4fae4d0fdfad3bd58454da7d3,will-jasmine-crockett-win-the-2028-democratic-presidential-nomination,https://polymarket.com/event/will-jasmine-crockett-win-the-2028-democratic-presidential-nomination,https://embed.polymarket.com/market.html?market=will-jasmine-crockett-win-the-2028-democratic-presidential-nomination&features=volume&theme=light,Will Jasmine Crockett win the 2028 Democratic presidential nomination?,united-states,,"24h $2,379 • spread 0.001 • TTR 817.9d",36268251.212473996,2379.99,0.0,0.0,2028-11-07T00:00:00+00:00,817.902,1,0.001,-0.996,0.0035,0,"[{""name"": ""Top"", ""bestBid"": 0.003, ""bestAsk"": 0.004}]"
561993,0x7190eccbd0677d5d0ae8cdf598b37e945a346915c666dda11468dc9970657a56,will-john-thune-win-the-2028-republican-presidential-nomination,https://polymarket.com/event/will-john-thune-win-the-2028-republican-presidential-nomination,https://embed.polymarket.com/market.html?market=will-john-thune-win-the-2028-republican-presidential-nomination&features=volume&theme=light,Will John Thune win the 2028 Republican presidential nomination?,united-states,,"24h $4,271 • spread 0.001 • TTR 817.9d",36166380.317835994,4271.76,0.0,0.0,2028-11-07T00:00:00+00:00,817.902,1,0.001,-0.998,0.0015,0,"[{""name"": ""Top"", ""bestBid"": 0.001, ""bestAsk"": 0.002}]"
561994,0x5f1b1caf70eb994bfff2986727a05a3ac9f7ec8b0da4017f7732596d023e5a07,will-kristi-noem-win-the-2028-republican-presidential-nomination,https://polymarket.com/event/will-kristi-noem-win-the-2028-republican-presidential-nomination,https://embed.polymarket.com/market.html?market=will-kristi-noem-win-the-2028-republican-presidential-nomination&features=volume&theme=light,Will Kristi Noem win the 2028 Republican presidential nomination?,united-states,,24h $105 • spread 0.001 • TTR 817.9d,36090810.02409901,105.42,0.0,0.0,2028-11-07T00:00:00+00:00,817.902,1,0.001,-0.997,0.0025,0,"[{""name"": ""Top"", ""bestBid"": 0.002, ""bestAsk"": 0.003}]"
559670,0xcb239105ed21a2420ba4d85090b9bc32755c56601ffdc528afd17fd6282fe930,will-gina-raimondo-win-the-2028-democratic-presidential-nomination-676,https://polymarket.com/event/will-gina-raimondo-win-the-2028-democratic-presidential-nomination-676,https://embed.polymarket.com/market.html?market=will-gina-raimondo-win-the-2028-democratic-presidential-nomination-676&features=volume&theme=light,Will Gina Raimondo win the 2028 Democratic presidential nomination?,united-states,,"24h $1,662 • spread 0.001 • TTR 817.9d",35573729.20831501,1662.91,0.0,0.0,2028-11-07T00:00:00+00:00,817.902,1,0.001,-0.997,0.0025,0,"[{""name"": ""Top"", ""bestBid"": 0.002, ""bestAsk"": 0.003}]"
561249,0x01dffa7abae7e5d9b7fb44b06d537c5ac932e2ca422ab4b53366672f5e2dc7d6,will-greg-abbott-win-the-2028-us-presidential-election,https://polymarket.com/event/will-greg-abbott-win-the-2028-us-presidential-election,https://embed.polymarket.com/market.html?market=will-greg-abbott-win-the-2028-us-presidential-election&features=volume&theme=light,Will Greg Abbott win the 2028 US Presidential Election?,president,,24h $80 • spread 0.001 • TTR 817.9d,35156812.77194102,80.64,0.0,0.0,2028-11-07T00:00:00+00:00,817.902,1,0.001,-0.991,0.0085,0,"[{""name"": ""Top"", ""bestBid"": 0.008, ""bestAsk"": 0.009}]"
561242,0x8fc141205ebce5adf437bfdf4d0c5ff58ff24293b79c9431991346c208bb48ed,will-tulsi-gabbard-win-the-2028-us-presidential-election,https://polymarket.com/event/will-tulsi-gabbard-win-the-2028-us-presidential-election,https://embed.polymarket.com/market.html?market=will-tulsi-gabbard-win-the-2028-us-presidential-election&features=volume&theme=light,Will Tulsi Gabbard win the 2028 US Presidential Election?,president,,24h $542 • spread 0.001 • TTR 817.9d,34346277.34767797,542.36,0.0,0.0,2028-11-07T00:00:00+00:00,817.902,1,0.001,-0.997,0.0025,0,"[{""name"": ""Top"", ""bestBid"": 0.002, ""bestAsk"": 0.003}]"
3128885,0x49479ffa88e2897569b1d413e3bc558003e21912edee09d080ca6bac6eb20805,strait-of-hormuz-traffic-returns-to-normal-by-august-15-20260727171036148,https://polymarket.com/event/strait-of-hormuz-traffic-returns-to-normal-by-august-15-20260727171036148,https://embed.polymarket.com/market.html?market=strait-of-hormuz-traffic-returns-to-normal-by-august-15-20260727171036148&features=volume&theme=light,Strait of Hormuz traffic returns to normal by August 15?,oil,,"24h $442,574 • spread 0.001 • TTR 2.9d",5934706.153077003,442574.4,0.0,0.0,2026-08-15T00:00:00+00:00,2.902,1,0.001,-0.996,0.0035,0,"[{""name"": ""Top"", ""bestBid"": 0.003, ""bestAsk"": 0.004}]"
1105752,0x8063a2c9fa21c4a1470b33fee132d6d61fb5b7dcd667dcac3bb82ae15ad70c0d,will-frank-donovan-be-the-leader-of-venezuela-end-of-2026,https://polymarket.com/event/will-frank-donovan-be-the-leader-of-venezuela-end-of-2026,https://embed.polymarket.com/market.html?market=will-frank-donovan-be-the-leader-of-venezuela-end-of-2026&features=volume&theme=light,Will Frank Donovan be the leader of Venezuela end of 2026?,trump-machado,,"24h $9,199 • spread 0.001 • TTR 140.9d",25795543.125588,9199.96,0.0,0.0,2026-12-31T00:00:00+00:00,140.902,1,0.001,-0.998,0.0015,0,"[{""name"": ""Top"", ""bestBid"": 0.001, ""bestAsk"": 0.002}]"
559676,0x88d67705780a3d922317ecb0c78a947a306174d0510df2ae89394d5abfb28206,will-barack-obama-win-the-2028-democratic-presidential-nomination-265,https://polymarket.com/event/will-barack-obama-win-the-2028-democratic-presidential-nomination-265,https://embed.polymarket.com/market.html?market=will-barack-obama-win-the-2028-democratic-presidential-nomination-265&features=volume&theme=light,Will Barack Obama win the 2028 Democratic presidential nomination?,united-states,,"24h $1,592 • spread 0.001 • TTR 817.9d",33857306.18964801,1592.48,0.0,0.0,2028-11-07T00:00:00+00:00,817.902,1,0.001,-0.997,0.0025,0,"[{""name"": ""Top"", ""bestBid"": 0.002, ""bestAsk"": 0.003}]"
561240,0x66b906b8205f48a26beb8e553bbb1e7954e87e4f6e1d539823441221d1806e8f,will-stephen-smith-win-the-2028-us-presidential-election,https://polymarket.com/event/will-stephen-smith-win-the-2028-us-presidential-election,https://embed.polymarket.com/market.html?market=will-stephen-smith-win-the-2028-us-presidential-election&features=volume&theme=light,Will Stephen Smith win the 2028 US Presidential Election?,president,,24h $410 • spread 0.001 • TTR 817.9d,33266439.015618984,410.23,0.0,0.0,2028-11-07T00:00:00+00:00,817.902,1,0.001,-0.997,0.0025,0,"[{""name"": ""Top"", ""bestBid"": 0.002, ""bestAsk"": 0.003}]"
561999,0xf8dbde8b6e038775a673947e59da2de15a2127272b50b9877400fdbf7cfc3026,will-tom-brady-win-the-2028-republican-presidential-nomination,https://polymarket.com/event/will-tom-brady-win-the-2028-republican-presidential-nomination,https://embed.polymarket.com/market.html?market=will-tom-brady-win-the-2028-republican-presidential-nomination&features=volume&theme=light,Will Tom Brady win the 2028 Republican presidential nomination?,united-states,,24h $39 • spread 0.001 • TTR 817.9d,32892746.923229013,39.88,0.0,0.0,2028-11-07T00:00:00+00:00,817.902,1,0.001,-0.997,0.0025,0,"[{""name"": ""Top"", ""bestBid"": 0.002, ""bestAsk"": 0.003}]"
561982,0x00ad3bb5284b0b2314b1a2d42812fe292f606619c6278bd95c9d905816c240f6,will-sarah-huckabee-sanders-win-the-2028-republican-presidential-nomination,https://polymarket.com/event/will-sarah-huckabee-sanders-win-the-2028-republican-presidential-nomination,https://embed.polymarket.com/market.html?market=will-sarah-huckabee-sanders-win-the-2028-republican-presidential-nomination&features=volume&theme=light,Will Sarah Huckabee Sanders win the 2028 Republican presidential nomination?,united-states,,"24h $5,990 • spread 0.001 • TTR 817.9d",32655573.713976,5990.81,0.0,0.0,2028-11-07T00:00:00+00:00,817.902,1,0.001,-0.994,0.0055,0,"[{""name"": ""Top"", ""bestBid"": 0.005, ""bestAsk"": 0.006}]"
663583,0xbb4d51e6364066d92eb6f9b8413dd7193de70966736044463b205834805a1f3b,will-the-iranian-regime-fall-by-the-end-of-2026,https://polymarket.com/event/will-the-iranian-regime-fall-by-the-end-of-2026,https://embed.polymarket.com/market.html?market=will-the-iranian-regime-fall-by-the-end-of-2026&features=volume&theme=light,Will the Iranian regime fall before 2027?,reza-pahlavi,,"24h $13,264 • spread 0.010 • TTR 140.9d",24607548.377832,13264.95,0.0,0.0,2026-12-31T00:00:00+00:00,140.902,1,0.01,-0.93,0.065,0,"[{""name"": ""Top"", ""bestBid"": 0.06, ""bestAsk"": 0.07}]"
559664,0xdce84960dce38aa4a5800a5eba7c9ac34d2ce49ba9d44c42572c472d468af264,will-raphael-warnock-win-the-2028-democratic-presidential-nomination-914,https://polymarket.com/event/will-raphael-warnock-win-the-2028-democratic-presidential-nomination-914,https://embed.polymarket.com/market.html?market=will-raphael-warnock-win-the-2028-democratic-presidential-nomination-914&features=volume&theme=light,Will Raphael Warnock win the 2028 Democratic presidential nomination?,united-states,,"24h $2,064 • spread 0.002 • TTR 817.9d",32030435.019710008,2064.7,0.0,0.0,2028-11-07T00:00:00+00:00,817.902,1,0.002,-0.992,0.007,0,"[{""name"": ""Top"", ""bestBid"": 0.006, ""bestAsk"": 0.008}]"
559672,0x939eeb2dea216749bd409bedde483c3f2bfb0e24d4f2d34461c0b21c6e91f010,will-roy-cooper-win-the-2028-democratic-presidential-nomination-286,https://polymarket.com/event/will-roy-cooper-win-the-2028-democratic-presidential-nomination-286,https://embed.polymarket.com/market.html?market=will-roy-cooper-win-the-2028-democratic-presidential-nomination-286&features=volume&theme=light,Will Roy Cooper win the 2028 Democratic presidential nomination?,united-states,,24h $714 • spread 0.001 • TTR 817.9d,31348977.073310018,714.43,0.0,0.0,2028-11-07T00:00:00+00:00,817.902,1,0.001,-0.995,0.0045,0,"[{""name"": ""Top"", ""bestBid"": 0.004, ""bestAsk"": 0.005}]"
561990,0xfbb80ea5f8fc02ee7df8bd4f58790e1d04b874078a49a7b7028a74a2075100c9,will-elon-musk-win-the-2028-republican-presidential-nomination,https://polymarket.com/event/will-elon-musk-win-the-2028-republican-presidential-nomination,https://embed.polymarket.com/market.html?market=will-elon-musk-win-the-2028-republican-presidential-nomination&features=volume&theme=light,Will Elon Musk win the 2028 Republican presidential nomination?,united-states,,"24h $1,287 • spread 0.001 • TTR 817.9d",28893102.376112998,1287.45,0.0,0.0,2028-11-07T00:00:00+00:00,817.902,1,0.001,-0.992,0.0075,0,"[{""name"": ""Top"", ""bestBid"": 0.007, ""bestAsk"": 0.008}]"
561992,0x61a1278884fa70d68d4bcaaf72fad55bbdb063cac28c6947472ca91635fab10f,will-katie-britt-win-the-2028-republican-presidential-nomination,https://polymarket.com/event/will-katie-britt-win-the-2028-republican-presidential-nomination,https://embed.polymarket.com/market.html?market=will-katie-britt-win-the-2028-republican-presidential-nomination&features=volume&theme=light,Will Katie Britt win the 2028 Republican presidential nomination?,united-states,,24h $31 • spread 0.001 • TTR 817.9d,28753066.44230501,31.7,0.0,0.0,2028-11-07T00:00:00+00:00,817.902,1,0.001,-0.996,0.0035,0,"[{""name"": ""Top"", ""bestBid"": 0.003, ""bestAsk"": 0.004}]"
561245,0xe0173375b7eaccb836f7b92d28a9a2d1cc69e54e5a65fae89a5d7e49aadd332e,will-nikki-haley-win-the-2028-us-presidential-election,https://polymarket.com/event/will-nikki-haley-win-the-2028-us-presidential-election,https://embed.polymarket.com/market.html?market=will-nikki-haley-win-the-2028-us-presidential-election&features=volume&theme=light,Will Nikki Haley win the 2028 US Presidential Election?,president,,24h $545 • spread 0.001 • TTR 817.9d,28564726.535461,545.43,0.0,0.0,2028-11-07T00:00:00+00:00,817.902,1,0.001,-0.994,0.0055,0,"[{""name"": ""Top"", ""bestBid"": 0.005, ""bestAsk"": 0.006}]"
562003,0x414378275cb214b747245942be889ee1e077c56d1c00eb4d726629c95f22b5a5,will-kim-kardashian-win-the-2028-republican-presidential-nomination,https://polymarket.com/event/will-kim-kardashian-win-the-2028-republican-presidential-nomination,https://embed.polymarket.com/market.html?market=will-kim-kardashian-win-the-2028-republican-presidential-nomination&features=volume&theme=light,Will Kim Kardashian win the 2028 Republican presidential nomination?,united-states,,24h $59 • spread 0.001 • TTR 817.9d,28509684.357702002,60.0,0.0,0.0,2028-11-07T00:00:00+00:00,817.902,1,0.001,-0.996,0.0035,0,"[{""name"": ""Top"", ""bestBid"": 0.003, ""bestAsk"": 0.004}]"
561987,0x655b4bfdfa55a95c24d6e9bf7e7cd62f1b57da9a1f4c7f40f090b8ba847dffa2,will-elise-stefanik-win-the-2028-republican-presidential-nomination,https://polymarket.com/event/will-elise-stefanik-win-the-2028-republican-presidential-nomination,https://embed.polymarket.com/market.html?market=will-elise-stefanik-win-the-2028-republican-presidential-nomination&features=volume&theme=light,Will Elise Stefanik win the 2028 Republican presidential nomination?,united-states,,24h $34 • spread 0.001 • TTR 817.9d,27970623.05039199,34.6,0.0,0.0,2028-11-07T00:00:00+00:00,817.902,1,0.001,-0.995,0.0045,0,"[{""name"": ""Top"", ""bestBid"": 0.004, ""bestAsk"": 0.005}]"
559674,0x8fbcb151e2c988df5a43abb02298014b7daf34c008f3eed9188dd16a2a19bec1,will-jared-polis-win-the-2028-democratic-presidential-nomination-837,https://polymarket.com/event/will-jared-polis-win-the-2028-democratic-presidential-nomination-837,https://embed.polymarket.com/market.html?market=will-jared-polis-win-the-2028-democratic-presidential-nomination-837&features=volume&theme=light,Will Jared Polis win the 2028 Democratic presidential nomination?,united-states,,24h $389 • spread 0.001 • TTR 817.9d,27176871.433158007,389.98,0.0,0.0,2028-11-07T00:00:00+00:00,817.902,1,0.001,-0.997,0.0025,0,"[{""name"": ""Top"", ""bestBid"": 0.002, ""bestAsk"": 0.003}]"
601818,0x81a537b379a35e4e17c286d3b37394e94bd74c1779bbe9a13670eb991b201a3a,will-tarcisio-de-frietas-win-the-2026-brazilian-presidential-election,https://polymarket.com/event/will-tarcisio-de-frietas-win-the-2026-brazilian-presidential-election,https://embed.polymarket.com/market.html?market=will-tarcisio-de-frietas-win-the-2026-brazilian-presidential-election&features=volume&theme=light,Will Tarcisio de Freitas win the 2026 Brazilian presidential election?,politics,,"24h $2,106 • TTR 52.9d",13900541.393296003,2106.0,0.0,0.0,2026-10-04T00:00:00+00:00,52.902,1,,-0.999,,0,"[{""name"": ""Top"", ""bestBid"": null, ""bestAsk"": 0.001}]"
559652,0x0f49db97f71c68b1e42a6d16e3de93d85dbf7d4148e3f018eb79e88554be9f75,will-gavin-newsom-win-the-2028-democratic-presidential-nomination-568,https://polymarket.com/event/will-gavin-newsom-win-the-2028-democratic-presidential-nomination-568,https://embed.polymarket.com/market.html?market=will-gavin-newsom-win-the-2028-democratic-presidential-nomination-568&features=volume&theme=light,Will Gavin Newsom win the 2028 Democratic presidential nomination?,united-states,,"24h $9,683 • spread 0.001 • TTR 817.9d",26672813.447115973,9683.47,0.006,3.4188,2028-11-07T00:00:00+00:00,817.902,1,0.001,-0.818,0.1815,0,"[{""name"": ""Top"", ""bestBid"": 0.181, ""bestAsk"": 0.182}]"
561238,0xc4435df23facee8c4cd86090310c7835c2a0425646b2588b0a02e67fa42f444e,will-glenn-youngkin-win-the-2028-us-presidential-election,https://polymarket.com/event/will-glenn-youngkin-win-the-2028-us-presidential-election,https://embed.polymarket.com/market.html?market=will-glenn-youngkin-win-the-2028-us-presidential-election&features=volume&theme=light,Will Glenn Youngkin win the 2028 US Presidential Election?,president,,24h $801 • spread 0.001 • TTR 817.9d,26419450.074376002,801.36,0.0,0.0,2028-11-07T00:00:00+00:00,817.902,1,0.001,-0.993,0.0065,0,"[{""name"": ""Top"", ""bestBid"": 0.006, ""bestAsk"": 0.007}]"
559667,0x3e218c99a1335641b3a5ee6c887521d19b0c28fddd6b99c254a07968e35c0b1b,will-michelle-obama-win-the-2028-democratic-presidential-nomination-777,https://polymarket.com/event/will-michelle-obama-win-the-2028-democratic-presidential-nomination-777,https://embed.polymarket.com/market.html?market=will-michelle-obama-win-the-2028-democratic-presidential-nomination-777&features=volume&theme=light,Will Michelle Obama win the 2028 Democratic presidential nomination?,united-states,,24h $242 • spread 0.001 • TTR 817.9d,26066398.639689,242.09,0.0,0.0,2028-11-07T00:00:00+00:00,817.902,1,0.001,-0.99,0.0095,0,"[{""name"": ""Top"", ""bestBid"": 0.009, ""bestAsk"": 0.01}]"
561250,0x68e3c4e0dd8f82d010060032006fd157401b0bd8e04bd2953ae293e31eb99bf6,will-elon-musk-win-the-2028-us-presidential-election,https://polymarket.com/event/will-elon-musk-win-the-2028-us-presidential-election,https://embed.polymarket.com/market.html?market=will-elon-musk-win-the-2028-us-presidential-election&features=volume&theme=light,Will Elon Musk win the 2028 US Presidential Election?,president,,"24h $1,623 • spread 0.001 • TTR 817.9d",25879807.833323017,1623.17,0.0,0.0,2028-11-07T00:00:00+00:00,817.902,1,0.001,-0.993,0.0065,0,"[{""name"": ""Top"", ""bestBid"": 0.006, ""bestAsk"": 0.007}]"
559665,0x1970bcce75e3674660917ae4685b433a9b1e0152d810a8d7c346dfd5e00694c2,will-corey-booker-win-the-2028-democratic-presidential-nomination-125,https://polymarket.com/event/will-corey-booker-win-the-2028-democratic-presidential-nomination-125,https://embed.polymarket.com/market.html?market=will-corey-booker-win-the-2028-democratic-presidential-nomination-125&features=volume&theme=light,Will Cory Booker win the 2028 Democratic presidential nomination?,united-states,,24h $712 • spread 0.001 • TTR 817.9d,25516902.822239,712.21,0.0,0.0,2028-11-07T00:00:00+00:00,817.902,1,0.001,-0.994,0.0055,0,"[{""name"": ""Top"", ""bestBid"": 0.005, ""bestAsk"": 0.006}]"
560317,0x6bd56627aa21311850825edb27e53434a0e17a4f782be0086bc07f71eee00d0d,putin-out-before-2027-346,https://polymarket.com/event/putin-out-before-2027-346,https://embed.polymarket.com/market.html?market=putin-out-before-2027-346&features=volume&theme=light,"Putin out as President of Russia by December 31, 2026?",putin,,"24h $39,157 • spread 0.010 • TTR 141.7d",18714398.014875,39157.6,0.0,0.0,2026-12-31T18:30:00+00:00,141.673,1,0.01,-0.92,0.075,0,"[{""name"": ""Top"", ""bestBid"": 0.07, ""bestAsk"": 0.08}]"
559675,0xfee07be730188c94cd3644ed6f107fa3ea2dfab9989ce8d39aeeae064766abe3,will-jon-stewart-win-the-2028-democratic-presidential-nomination-518,https://polymarket.com/event/will-jon-stewart-win-the-2028-democratic-presidential-nomination-518,https://embed.polymarket.com/market.html?market=will-jon-stewart-win-the-2028-democratic-presidential-nomination-518&features=volume&theme=light,Will Jon Stewart win the 2028 Democratic presidential nomination?,united-states,,24h $58 • spread 0.001 • TTR 817.9d,24579893.57875901,58.62,0.0,0.0,2028-11-07T00:00:00+00:00,817.902,1,0.001,-0.98,0.0195,0,"[{""name"": ""Top"", ""bestBid"": 0.019, ""bestAsk"": 0.02}]"
559673,0xca1d1139b0c3a29983407f499476ae642482788e841a277eb86faeeb9fa4a85c,will-john-fetterman-win-the-2028-democratic-presidential-nomination-941,https://polymarket.com/event/will-john-fetterman-win-the-2028-democratic-presidential-nomination-941,https://embed.polymarket.com/market.html?market=will-john-fetterman-win-the-2028-democratic-presidential-nomination-941&features=volume&theme=light,Will John Fetterman win the 2028 Democratic presidential nomination?,united-states,,24h $240 • spread 0.001 • TTR 817.9d,24359233.015962992,240.11,0.0,0.0,2028-11-07T00:00:00+00:00,817.902,1,0.001,-0.996,0.0035,0,"[{""name"": ""Top"", ""bestBid"": 0.003, ""bestAsk"": 0.004}]"
2155000,0xa4ddc18895cc7b14810283ef8f113939abffd3969c6a0e37f1897110c67e6f73,hantavirus-pandemic-in-2026,https://polymarket.com/event/hantavirus-pandemic-in-2026,https://embed.polymarket.com/market.html?market=hantavirus-pandemic-in-2026&features=volume&theme=light,Hantavirus pandemic in 2026?,pandemics,,"24h $77,007 • spread 0.004 • TTR 140.9d",17791335.424573015,77007.13,0.0035,9.589,2026-12-31T00:00:00+00:00,140.902,1,0.004,-0.958,0.04,0,"[{""name"": ""Top"", ""bestBid"": 0.038, ""bestAsk"": 0.042}]"
562001,0xd5659eea81cada0bac656f5a9099861786cbae6755e2e1ac2c9e9441908b551f,will-steve-bannon-win-the-2028-republican-presidential-nomination,https://polymarket.com/event/will-steve-bannon-win-the-2028-republican-presidential-nomination,https://embed.polymarket.com/market.html?market=will-steve-bannon-win-the-2028-republican-presidential-nomination&features=volume&theme=light,Will Steve Bannon win the 2028 Republican presidential nomination?,united-states,,24h $125 • spread 0.001 • TTR 817.9d,22812529.817465995,125.54,0.0,0.0,2028-11-07T00:00:00+00:00,817.902,1,0.001,-0.995,0.0045,0,"[{""name"": ""Top"", ""bestBid"": 0.004, ""bestAsk"": 0.005}]"
559662,0x9d4f94f82de9d13ff1d3318639ab9000ee2533949e525343156f374fb00bd9b1,will-mark-cuban-win-the-2028-democratic-presidential-nomination-329,https://polymarket.com/event/will-mark-cuban-win-the-2028-democratic-presidential-nomination-329,https://embed.polymarket.com/market.html?market=will-mark-cuban-win-the-2028-democratic-presidential-nomination-329&features=volume&theme=light,Will Mark Cuban win the 2028 Democratic presidential nomination?,united-states,,"24h $4,019 • spread 0.001 • TTR 817.9d",22763258.227849994,4019.91,0.0,0.0,2028-11-07T00:00:00+00:00,817.902,1,0.001,-0.994,0.0055,0,"[{""name"": ""Top"", ""bestBid"": 0.005, ""bestAsk"": 0.006}]"
561256,0xf05b4b55336a4c1c7b44c726911d2b559732cff7bad339084de86ae364dc85f6,will-zohran-mamdani-win-the-2028-us-presidential-election,https://polymarket.com/event/will-zohran-mamdani-win-the-2028-us-presidential-election,https://embed.polymarket.com/market.html?market=will-zohran-mamdani-win-the-2028-us-presidential-election&features=volume&theme=light,Will Zohran Mamdani win the 2028 US Presidential Election?,president,,"24h $3,223 • spread 0.001 • TTR 817.9d",21789176.669412997,3223.31,0.0,0.0,2028-11-07T00:00:00+00:00,817.902,1,0.001,-0.997,0.0025,0,"[{""name"": ""Top"", ""bestBid"": 0.002, ""bestAsk"": 0.003}]"
559657,0xc8f1cf5d4f26e0fd9c8fe89f2a7b3263b902cf14fde7bfccef525753bb492e47,will-stephen-a-smith-win-the-2028-democratic-presidential-nomination-914,https://polymarket.com/event/will-stephen-a-smith-win-the-2028-democratic-presidential-nomination-914,https://embed.polymarket.com/market.html?market=will-stephen-a-smith-win-the-2028-democratic-presidential-nomination-914&features=volume&theme=light,Will Stephen A. Smith win the 2028 Democratic presidential nomination?,united-states,,"24h $1,114 • spread 0.001 • TTR 817.9d",21579759.53144299,1114.0,0.0,0.0,2028-11-07T00:00:00+00:00,817.902,1,0.001,-0.995,0.0045,0,"[{""name"": ""Top"", ""bestBid"": 0.004, ""bestAsk"": 0.005}]"
561983,0x214093035e429b91df322bd20c55d9f611f741f67472a63f7623a9afc0cffa57,will-greg-abbott-win-the-2028-republican-presidential-nomination,https://polymarket.com/event/will-greg-abbott-win-the-2028-republican-presidential-nomination,https://embed.polymarket.com/market.html?market=will-greg-abbott-win-the-2028-republican-presidential-nomination&features=volume&theme=light,Will Greg Abbott win the 2028 Republican presidential nomination?,united-states,,"24h $5,012 • spread 0.001 • TTR 817.9d",20665020.050611,5012.75,0.0,0.0,2028-11-07T00:00:00+00:00,817.902,1,0.001,-0.992,0.0075,0,"[{""name"": ""Top"", ""bestBid"": 0.007, ""bestAsk"": 0.008}]"
561991,0xf2cea45ec282af4f302d2ab85ede73678cd692ebf8c3ab6d52bfa5e19f44c553,will-matt-gaetz-win-the-2028-republican-presidential-nomination,https://polymarket.com/event/will-matt-gaetz-win-the-2028-republican-presidential-nomination,https://embed.polymarket.com/market.html?market=will-matt-gaetz-win-the-2028-republican-presidential-nomination&features=volume&theme=light,Will Matt Gaetz win the 2028 Republican presidential nomination?,united-states,,"24h $1,753 • spread 0.001 • TTR 817.9d",20175455.309417997,1753.48,0.0,0.0,2028-11-07T00:00:00+00:00,817.902,1,0.001,-0.998,0.0015,0,"[{""name"": ""Top"", ""bestBid"": 0.001, ""bestAsk"": 0.002}]"
561988,0x4d4bceee5f59f75230c6438f69fc913a6da7afa4098ce0734655045c02a730fc,will-josh-hawley-win-the-2028-republican-presidential-nomination,https://polymarket.com/event/will-josh-hawley-win-the-2028-republican-presidential-nomination,https://embed.polymarket.com/market.html?market=will-josh-hawley-win-the-2028-republican-presidential-nomination&features=volume&theme=light,Will Josh Hawley win the 2028 Republican presidential nomination?,united-states,,24h $75 • spread 0.001 • TTR 817.9d,20175280.874310996,75.48,0.0,0.0,2028-11-07T00:00:00+00:00,817.902,1,0.001,-0.996,0.0035,0,"[{""name"": ""Top"", ""bestBid"": 0.003, ""bestAsk"": 0.004}]"
601823,0xe1d5733322fd2215f136412f419d9ff805d097f78c68de3261515ff736895f2b,will-eduardo-bolsonaro-win-the-2026-brazilian-presidential-election,https://polymarket.com/event/will-eduardo-bolsonaro-win-the-2026-brazilian-presidential-election,https://embed.polymarket.com/market.html?market=will-eduardo-bolsonaro-win-the-2026-brazilian-presidential-election&features=volume&theme=light,Will Eduardo Bolsonaro win the 2026 Brazilian presidential election?,politics,,24h $9 • TTR 52.9d,10421300.505772006,9.0,0.0,0.0,2026-10-04T00:00:00+00:00,52.902,1,,-0.999,,0,"[{""name"": ""Top"", ""bestBid"": null, ""bestAsk"": 0.001}]"
601824,0xa59bb6bb91e5c1e4d533864520fbd3bb75d6d0ebb813b4cd8a8b88479bfa8966,will-carlos-roberto-massa-jnior-win-the-2026-brazilian-presidential-election,https://polymarket.com/event/will-carlos-roberto-massa-jnior-win-the-2026-brazilian-presidential-election,https://embed.polymarket.com/market.html?market=will-carlos-roberto-massa-jnior-win-the-2026-brazilian-presidential-election&features=volume&theme=light,Will Carlos Roberto Massa Júnior win the 2026 Brazilian presidential election?,politics,,24h $12 • TTR 52.9d,10417370.296618998,12.0,0.0,0.0,2026-10-04T00:00:00+00:00,52.902,1,,-0.999,,0,"[{""name"": ""Top"", ""bestBid"": null, ""bestAsk"": 0.001}]"
562000,0xd10bc768ede58b53ed400594240b0a0603134a32dab89ec823a18759cbc180ca,will-rand-paul-win-the-2028-republican-presidential-nomination,https://polymarket.com/event/will-rand-paul-win-the-2028-republican-presidential-nomination,https://embed.polymarket.com/market.html?market=will-rand-paul-win-the-2028-republican-presidential-nomination&features=volume&theme=light,Will Rand Paul win the 2028 Republican presidential nomination?,united-states,,24h $661 • spread 0.001 • TTR 817.9d,19269501.69801899,661.02,0.0,0.0,2028-11-07T00:00:00+00:00,817.902,1,0.001,-0.994,0.0055,0,"[{""name"": ""Top"", ""bestBid"": 0.005, ""bestAsk"": 0.006}]"
561237,0x09ad4955c170d46c6d80b5f554435b19e229ff7dbe55370892b64782336cc3b9,will-andy-beshear-win-the-2028-us-presidential-election,https://polymarket.com/event/will-andy-beshear-win-the-2028-us-presidential-election,https://embed.polymarket.com/market.html?market=will-andy-beshear-win-the-2028-us-presidential-election&features=volume&theme=light,Will Andy Beshear win the 2028 US Presidential Election?,president,,"24h $1,281 • spread 0.001 • TTR 817.9d",18942972.403217,1281.55,0.0,0.0,2028-11-07T00:00:00+00:00,817.902,1,0.001,-0.986,0.0135,0,"[{""name"": ""Top"", ""bestBid"": 0.013, ""bestAsk"": 0.014}]"
561989,0x0ac23db1e56971022bc7e822b907a2466c618b34104ea72bc9fa95e41c86a9c6,will-ted-cruz-win-the-2028-republican-presidential-nomination,https://polymarket.com/event/will-ted-cruz-win-the-2028-republican-presidential-nomination,https://embed.polymarket.com/market.html?market=will-ted-cruz-win-the-2028-republican-presidential-nomination&features=volume&theme=light,Will Ted Cruz win the 2028 Republican presidential nomination?,united-states,,24h $162 • spread 0.001 • TTR 817.9d,18770088.532445,162.95,0.0,0.0,2028-11-07T00:00:00+00:00,817.902,1,0.001,-0.99,0.0095,0,"[{""name"": ""Top"", ""bestBid"": 0.009, ""bestAsk"": 0.01}]"
562002,0x7abed80b88301210ee83b7b14ec41bc9a5161e1af07254fbb26c6e2bf7182766,will-erika-kirk-win-the-2028-republican-presidential-nomination,https://polymarket.com/event/will-erika-kirk-win-the-2028-republican-presidential-nomination,https://embed.polymarket.com/market.html?market=will-erika-kirk-win-the-2028-republican-presidential-nomination&features=volume&theme=light,Will Erika Kirk win the 2028 Republican presidential nomination?,united-states,,24h $115 • spread 0.001 • TTR 817.9d,18667412.506153002,115.55,0.0,0.0,2028-11-07T00:00:00+00:00,817.902,1,0.001,-0.997,0.0025,0,"[{""name"": ""Top"", ""bestBid"": 0.002, ""bestAsk"": 0.003}]"
601822,0x37ec4c6b57a18b16eed1241f6155ee7ff45bc1697d7848f15ac33d406e38ed00,will-michelle-bolsonaro-win-the-2026-brazilian-presidential-election,https://polymarket.com/event/will-michelle-bolsonaro-win-the-2026-brazilian-presidential-election,https://embed.polymarket.com/market.html?market=will-michelle-bolsonaro-win-the-2026-brazilian-presidential-election&features=volume&theme=light,Will Michelle Bolsonaro win the 2026 Brazilian presidential election?,politics,,"24h $14,161 • spread 0.001 • TTR 52.9d",9709014.996485006,14161.71,-0.001,-40.0,2026-10-04T00:00:00+00:00,52.902,1,0.001,-0.998,0.0015,0,"[{""name"": ""Top"", ""bestBid"": 0.001, ""bestAsk"": 0.002}]"
561257,0xbbbece074c2d4010e39e39c85ed67b1131180fcea616073c893fb6beaf51d783,will-michelle-obama-win-the-2028-us-presidential-election,https://polymarket.com/event/will-michelle-obama-win-the-2028-us-presidential-election,https://embed.polymarket.com/market.html?market=will-michelle-obama-win-the-2028-us-presidential-election&features=volume&theme=light,Will Michelle Obama win the 2028 US Presidential Election?,president,,24h $783 • spread 0.001 • TTR 817.9d,18636144.516046006,783.07,0.0,0.0,2028-11-07T00:00:00+00:00,817.902,1,0.001,-0.993,0.0065,0,"[{""name"": ""Top"", ""bestBid"": 0.006, ""bestAsk"": 0.007}]"
561263,0x2d3c4fc5cde6dfb43448402b912e41bd4453e3f030448ed026bff8f1a0bc072e,will-eric-trump-win-the-2028-us-presidential-election,https://polymarket.com/event/will-eric-trump-win-the-2028-us-presidential-election,https://embed.polymarket.com/market.html?market=will-eric-trump-win-the-2028-us-presidential-election&features=volume&theme=light,Will Eric Trump win the 2028 US Presidential Election?,president,,24h $519 • spread 0.001 • TTR 817.9d,18565937.216260996,519.35,0.0,0.0,2028-11-07T00:00:00+00:00,817.902,1,0.001,-0.997,0.0025,0,"[{""name"": ""Top"", ""bestBid"": 0.002, ""bestAsk"": 0.003}]"
601825,0x05297f854d3b757d5e51a1a29c7f225a80b14b2a161d6b7f9a61677da7a80ced,will-renan-santos-win-the-2026-brazilian-presidential-election,https://polymarket.com/event/will-renan-santos-win-the-2026-brazilian-presidential-election,https://embed.polymarket.com/market.html?market=will-renan-santos-win-the-2026-brazilian-presidential-election&features=volume&theme=light,Will Renan Santos win the 2026 Brazilian presidential election?,politics,,"24h $130,193 • spread 0.001 • TTR 52.9d",9453064.723246997,130193.32,0.003,3.9216,2026-10-04T00:00:00+00:00,52.902,1,0.001,-0.92,0.0795,0,"[{""name"": ""Top"", ""bestBid"": 0.079, ""bestAsk"": 0.08}]"
898420,0xa2b7d292821eafb97059947b9d834512deda11b7866e0f7b299bcb035071d626,will-oliver-bearman-be-the-2026-f1-drivers-champion,https://polymarket.com/event/will-oliver-bearman-be-the-2026-f1-drivers-champion,https://embed.polymarket.com/market.html?market=will-oliver-bearman-be-the-2026-f1-drivers-champion&features=volume&theme=light,Will Oliver Bearman be the 2026 F1 Drivers' Champion?,sports,,TTR 115.9d,12885042.896555992,,0.0,0.0,2026-12-06T00:00:00+00:00,115.902,1,,-0.999,,0,"[{""name"": ""Top"", ""bestBid"": null, ""bestAsk"": 0.001}]"
561230,0x4567b275e6b667a6217f5cb4f06a797d3a1eaf1d0281fb5bc8c75e2046ae7e57,will-gavin-newsom-win-the-2028-us-presidential-election,https://polymarket.com/event/will-gavin-newsom-win-the-2028-us-presidential-election,https://embed.polymarket.com/market.html?market=will-gavin-newsom-win-the-2028-us-presidential-election&features=volume&theme=light,Will Gavin Newsom win the 2028 US Presidential Election?,president,,"24h $10,622 • spread 0.001 • TTR 817.9d",17704907.257752996,10622.74,0.0,0.0,2028-11-07T00:00:00+00:00,817.902,1,0.001,-0.903,0.0965,0,"[{""name"": ""Top"", ""bestBid"": 0.096, ""bestAsk"": 0.097}]"
561985,0x42631e1a8c8e6389422b58b8e15b1b551892b9833651aa3bab25afab124354b5,will-brian-kemp-win-the-2028-republican-presidential-nomination,https://polymarket.com/event/will-brian-kemp-win-the-2028-republican-presidential-nomination,https://embed.polymarket.com/market.html?market=will-brian-kemp-win-the-2028-republican-presidential-nomination&features=volume&theme=light,Will Brian Kemp win the 2028 Republican presidential nomination?,united-states,,24h $50 • spread 0.001 • TTR 817.9d,17523940.219052,50.23,0.0,0.0,2028-11-07T00:00:00+00:00,817.902,1,0.001,-0.996,0.0035,0,"[{""name"": ""Top"", ""bestBid"": 0.003, ""bestAsk"": 0.004}]"
559656,0x61d9486c0f7e14ed98f3b177b6adcb3cd45646c92e8bbfbf209789b86472d4b6,will-wes-moore-win-the-2028-democratic-presidential-nomination-714,https://polymarket.com/event/will-wes-moore-win-the-2028-democratic-presidential-nomination-714,https://embed.polymarket.com/market.html?market=will-wes-moore-win-the-2028-democratic-presidential-nomination-714&features=volume&theme=light,Will Wes Moore win the 2028 Democratic presidential nomination?,united-states,,"24h $6,441 • spread 0.001 • TTR 817.9d",17465998.805477,6441.95,0.0,0.0,2028-11-07T00:00:00+00:00,817.902,1,0.001,-0.985,0.0145,0,"[{""name"": ""Top"", ""bestBid"": 0.014, ""bestAsk"": 0.015}]"
898424,0xde3d62becec90cd596e01294346786f5a9406a026e105c054d0f7e62cffdcf8f,will-franco-colapinto-be-the-2026-f1-drivers-champion,https://polymarket.com/event/will-franco-colapinto-be-the-2026-f1-drivers-champion,https://embed.polymarket.com/market.html?market=will-franco-colapinto-be-the-2026-f1-drivers-champion&features=volume&theme=light,Will Franco Colapinto be the 2026 F1 Drivers' Champion?,sports,,TTR 115.9d,12214866.031519994,,0.0,0.0,2026-12-06T00:00:00+00:00,115.902,1,,-0.999,,0,"[{""name"": ""Top"", ""bestBid"": null, ""bestAsk"": 0.001}]"
559668,0x36db77c539bcc8c7bf0686c1b99f30c5a5eed1f53d3b3a27a071550c81f83701,will-mark-kelly-win-the-2028-democratic-presidential-nomination-479,https://polymarket.com/event/will-mark-kelly-win-the-2028-democratic-presidential-nomination-479,https://embed.polymarket.com/market.html?market=will-mark-kelly-win-the-2028-democratic-presidential-nomination-479&features=volume&theme=light,Will Mark Kelly win the 2028 Democratic presidential nomination?,united-states,,"24h $2,402 • spread 0.001 • TTR 817.9d",17153529.39356899,2402.82,0.001,3.2787,2028-11-07T00:00:00+00:00,817.902,1,0.001,-0.968,0.0315,0,"[{""name"": ""Top"", ""bestBid"": 0.031, ""bestAsk"": 0.032}]"
898429,0x00f89ad58499dfda366bf9182878c81d9ec6a73cdf4bf9a85b9d24474debf684,will-valtteri-bottas-be-the-2026-f1-drivers-champion,https://polymarket.com/event/will-valtteri-bottas-be-the-2026-f1-drivers-champion,https://embed.polymarket.com/market.html?market=will-valtteri-bottas-be-the-2026-f1-drivers-champion&features=volume&theme=light,Will Valtteri Bottas be the 2026 F1 Drivers' Champion?,sports,,TTR 115.9d,12192585.923810998,,0.0,0.0,2026-12-06T00:00:00+00:00,115.902,1,,-0.999,,0,"[{""name"": ""Top"", ""bestBid"": null, ""bestAsk"": 0.001}]"
559691,0xc720fcfa9e29346a976902f87e0f0f3bdc31d43af501b4fdef4f1780a30dd359,will-chris-murphy-win-the-2028-democratic-presidential-nomination,https://polymarket.com/event/will-chris-murphy-win-the-2028-democratic-presidential-nomination,https://embed.polymarket.com/market.html?market=will-chris-murphy-win-the-2028-democratic-presidential-nomination&features=volume&theme=light,Will Chris Murphy win the 2028 Democratic presidential nomination?,united-states,,24h $84 • spread 0.001 • TTR 817.9d,17105227.392459005,84.24,0.0,0.0,2028-11-07T00:00:00+00:00,817.902,1,0.001,-0.996,0.0035,0,"[{""name"": ""Top"", ""bestBid"": 0.003, ""bestAsk"": 0.004}]"
2832147,0x513bf1706e9cbf61b7cc56f12803b1b72a522bae3c5157e7b356abdf36e2e72d,will-count-binface-win-the-clacton-by-election-20260707211451133,https://polymarket.com/event/will-count-binface-win-the-clacton-by-election-20260707211451133,https://embed.polymarket.com/market.html?market=will-count-binface-win-the-clacton-by-election-20260707211451133&features=volume&theme=light,Will Count Binface win the Clacton by-election?,uk,,"24h $164,159 • spread 0.001 • TTR 1.6d",2744366.6061230004,164159.89,0.0,0.0,2026-08-13T16:00:00+00:00,1.569,1,0.001,-0.991,0.0085,0,"[{""name"": ""Top"", ""bestBid"": 0.008, ""bestAsk"": 0.009}]"
898426,0x7a6491e3c906af3657b9b5cf2b371b454f1ddb91b4f4ca3344caaabf424a8056,will-arvid-lindblad-be-the-2026-f1-drivers-champion,https://polymarket.com/event/will-arvid-lindblad-be-the-2026-f1-drivers-champion,https://embed.polymarket.com/market.html?market=will-arvid-lindblad-be-the-2026-f1-drivers-champion&features=volume&theme=light,Will Arvid Lindblad be the 2026 F1 Drivers' Champion?,sports,,24h $5 • TTR 115.9d,12039177.615627,5.2,0.0,0.0,2026-12-06T00:00:00+00:00,115.902,1,,-0.999,,0,"[{""name"": ""Top"", ""bestBid"": null, ""bestAsk"": 0.001}]"
561984,0xc510176cf39d73295354fc797d84b510d050b45d29d6c9735ee18cdbc4fd6463,will-robert-f-kennedy-jr-win-the-2028-republican-presidential-nomination,https://polymarket.com/event/will-robert-f-kennedy-jr-win-the-2028-republican-presidential-nomination,https://embed.polymarket.com/market.html?market=will-robert-f-kennedy-jr-win-the-2028-republican-presidential-nomination&features=volume&theme=light,Will Robert F. Kennedy Jr. win the 2028 Republican presidential nomination?,united-states,,24h $40 • spread 0.001 • TTR 817.9d,16787556.332224004,40.51,0.0,0.0,2028-11-07T00:00:00+00:00,817.902,1,0.001,-0.995,0.0045,0,"[{""name"": ""Top"", ""bestBid"": 0.004, ""bestAsk"": 0.005}]"
898427,0x596b82d8371efcfcc2fd5312d5dde04f5e9aa1f0c61fd3f93be2a8be09e0da5f,will-alexander-albon-be-the-2026-f1-drivers-champion,https://polymarket.com/event/will-alexander-albon-be-the-2026-f1-drivers-champion,https://embed.polymarket.com/market.html?market=will-alexander-albon-be-the-2026-f1-drivers-champion&features=volume&theme=light,Will Alexander Albon be the 2026 F1 Drivers' Champion?,sports,,TTR 115.9d,11865027.850012997,,0.0,0.0,2026-12-06T00:00:00+00:00,115.902,1,,-0.999,,0,"[{""name"": ""Top"", ""bestBid"": null, ""bestAsk"": 0.001}]"
898430,0x9ca9ea6bcad843f3e94c213ad978b4f21d712d90f9a28372d9248ec99bb7193a,will-sergio-prez-be-the-2026-f1-drivers-champion,https://polymarket.com/event/will-sergio-prez-be-the-2026-f1-drivers-champion,https://embed.polymarket.com/market.html?market=will-sergio-prez-be-the-2026-f1-drivers-champion&features=volume&theme=light,Will Sergio Pérez be the 2026 F1 Drivers' Champion?,sports,,TTR 115.9d,11786863.846911,,0.0,0.0,2026-12-06T00:00:00+00:00,115.902,1,,-0.999,,0,"[{""name"": ""Top"", ""bestBid"": null, ""bestAsk"": 0.001}]"
898418,0xc62b78f7a1b56a4e2cc713a0633fe4cd2a6a5dce6cd3b4eec0bd292a6cbdff71,will-lance-stroll-be-the-2026-f1-drivers-champion,https://polymarket.com/event/will-lance-stroll-be-the-2026-f1-drivers-champion,https://embed.polymarket.com/market.html?market=will-lance-stroll-be-the-2026-f1-drivers-champion&features=volume&theme=light,Will Lance Stroll be the 2026 F1 Drivers' Champion?,sports,,24h $3 • TTR 115.9d,11729442.237504996,3.2,0.0,0.0,2026-12-06T00:00:00+00:00,115.902,1,,-0.999,,0,"[{""name"": ""Top"", ""bestBid"": null, ""bestAsk"": 0.001}]"
898423,0x88d573d2ba5e43e1320cf0eb733452feb4cb4a1d4780dcb05ac6ee6830c2e4c3,will-pierre-gasly-be-the-2026-f1-drivers-champion,https://polymarket.com/event/will-pierre-gasly-be-the-2026-f1-drivers-champion,https://embed.polymarket.com/market.html?market=will-pierre-gasly-be-the-2026-f1-drivers-champion&features=volume&theme=light,Will Pierre Gasly be the 2026 F1 Drivers' Champion?,sports,,TTR 115.9d,11500593.961431997,,0.0,0.0,2026-12-06T00:00:00+00:00,115.902,1,,-0.999,,0,"[{""name"": ""Top"", ""bestBid"": null, ""bestAsk"": 0.001}]"
561981,0xd997dc2a212a7d6673375a3b016db1fb214247142f8cde0cbf07f8e6d789877c,will-vivek-ramaswamy-win-the-2028-republican-presidential-nomination,https://polymarket.com/event/will-vivek-ramaswamy-win-the-2028-republican-presidential-nomination,https://embed.polymarket.com/market.html?market=will-vivek-ramaswamy-win-the-2028-republican-presidential-nomination&features=volume&theme=light,Will Vivek Ramaswamy win the 2028 Republican presidential nomination?,united-states,,"24h $12,456 • spread 0.001 • TTR 817.9d",16050679.263762005,12456.29,0.0,0.0,2028-11-07T00:00:00+00:00,817.902,1,0.001,-0.989,0.0105,0,"[{""name"": ""Top"", ""bestBid"": 0.01, ""bestAsk"": 0.011}]"
2252243,0xac02cbb049e46d6a3627c0fdf52fa554982a9025d45968207b362acb6ca4b830,will-the-fed-decrease-interest-rates-by-25-bps-after-the-september-2026-meeting-586,https://polymarket.com/event/will-the-fed-decrease-interest-rates-by-25-bps-after-the-september-2026-meeting-586,https://embed.polymarket.com/market.html?market=will-the-fed-decrease-interest-rates-by-25-bps-after-the-september-2026-meeting-586&features=volume&theme=light,Will the Fed decrease interest rates by 25 bps after the September 2026 meeting?,fomc,,"24h $391,608 • spread 0.002 • TTR 34.9d",6827806.730788999,391608.85,-0.0035,-21.2121,2026-09-16T00:00:00+00:00,34.902,1,0.002,-0.986,0.013,0,"[{""name"": ""Top"", ""bestBid"": 0.012, ""bestAsk"": 0.014}]"
559651,0xa467b14d51f01b957109d9cbb1d6c124fab2a089d52ed8f471d23c2812e743b7,xi-jinping-out-before-2027,https://polymarket.com/event/xi-jinping-out-before-2027,https://embed.polymarket.com/market.html?market=xi-jinping-out-before-2027&features=volume&theme=light,Xi Jinping out before 2027?,hfc,,"24h $26,037 • spread 0.001 • TTR 140.9d",12018497.451130997,26037.31,-0.002,-4.2105,2026-12-31T00:00:00+00:00,140.902,1,0.001,-0.954,0.0455,0,"[{""name"": ""Top"", ""bestBid"": 0.045, ""bestAsk"": 0.046}]"
601819,0xdf8e2dc5860027decbe6164555c3c1c9645c3bd33e16b9dc57ca87125047d4a8,will-luiz-incio-lula-da-silva-win-the-2026-brazilian-presidential-election,https://polymarket.com/event/will-luiz-incio-lula-da-silva-win-the-2026-brazilian-presidential-election,https://embed.polymarket.com/market.html?market=will-luiz-incio-lula-da-silva-win-the-2026-brazilian-presidential-election&features=volume&theme=light,Will Luiz Inácio Lula da Silva win the 2026 Brazilian presidential election?,politics,,"24h $16,652 • spread 0.010 • TTR 52.9d",8215108.741684998,16652.01,0.0,0.0,2026-10-04T00:00:00+00:00,52.902,1,0.01,-0.36,0.635,0,"[{""name"": ""Top"", ""bestBid"": 0.63, ""bestAsk"": 0.64}]"
601826,0x1a01bf78f56a507fcb666d564d8c8b91b0750679163ed6e96746102c9b7d285d,will-flvio-bolsonaro-win-the-2026-brazilian-presidential-election,https://polymarket.com/event/will-flvio-bolsonaro-win-the-2026-brazilian-presidential-election,https://embed.polymarket.com/market.html?market=will-flvio-bolsonaro-win-the-2026-brazilian-presidential-election&features=volume&theme=light,Will Flávio Bolsonaro win the 2026 Brazilian presidential election?,politics,,"24h $16,100 • spread 0.002 • TTR 52.9d",8124871.879165998,16100.14,-0.0025,-0.9174,2026-10-04T00:00:00+00:00,52.902,1,0.002,-0.729,0.27,0,"[{""name"": ""Top"", ""bestBid"": 0.269, ""bestAsk"": 0.271}]"
898428,0xaf15f055f10713cbd3c7c30cece5c20c4ff00a76e51da59d635bb5160654bd34,will-carlos-sainz-jr-be-the-2026-f1-drivers-champion,https://polymarket.com/event/will-carlos-sainz-jr-be-the-2026-f1-drivers-champion,https://embed.polymarket.com/market.html?market=will-carlos-sainz-jr-be-the-2026-f1-drivers-champion&features=volume&theme=light,Will Carlos Sainz Jr. be the 2026 F1 Drivers' Champion?,sports,,24h $100 • TTR 115.9d,11087461.690267006,100.0,0.0,0.0,2026-12-06T00:00:00+00:00,115.902,1,,-0.999,,0,"[{""name"": ""Top"", ""bestBid"": null, ""bestAsk"": 0.001}]"
1472548,0xaa5cdb6830cbfa2ca711b7cf93bd42cf4f8e062d44ea188c0b8ec1fb2924c083,will-reza-pahlavi-lead-iran-in-2026,https://polymarket.com/event/will-reza-pahlavi-lead-iran-in-2026,https://embed.polymarket.com/market.html?market=will-reza-pahlavi-lead-iran-in-2026&features=volume&theme=light,Will Reza Pahlavi lead Iran in 2026?,iran,,"24h $2,108 • spread 0.002 • TTR 140.9d",11692931.862738993,2108.68,-0.001,-2.9851,2026-12-31T00:00:00+00:00,140.902,1,0.002,-0.966,0.033,0,"[{""name"": ""Top"", ""bestBid"": 0.032, ""bestAsk"": 0.034}]"
561236,0xfd6176f8c9a59105f80e060a77c4099881c5f2d9e0ceab88e55cf978462fab7f,will-gretchen-whitmer-win-the-2028-us-presidential-election,https://polymarket.com/event/will-gretchen-whitmer-win-the-2028-us-presidential-election,https://embed.polymarket.com/market.html?market=will-gretchen-whitmer-win-the-2028-us-presidential-election&features=volume&theme=light,Will Gretchen Whitmer win the 2028 US Presidential Election?,president,,24h $676 • spread 0.001 • TTR 817.9d,15378028.742575997,676.76,0.0,0.0,2028-11-07T00:00:00+00:00,817.902,1,0.001,-0.993,0.0065,0,"[{""name"": ""Top"", ""bestBid"": 0.006, ""bestAsk"": 0.007}]"
559663,0xe883f2fda25a605a184bb5fe583afce6cc21ea0b348b6a3728ec3067553c548d,will-jb-pritzker-win-the-2028-democratic-presidential-nomination-288,https://polymarket.com/event/will-jb-pritzker-win-the-2028-democratic-presidential-nomination-288,https://embed.polymarket.com/market.html?market=will-jb-pritzker-win-the-2028-democratic-presidential-nomination-288&features=volume&theme=light,Will J.B. Pritzker win the 2028 Democratic presidential nomination?,united-states,,"24h $13,448 • spread 0.001 • TTR 817.9d",15347504.815320993,13448.26,0.001,9.5238,2028-11-07T00:00:00+00:00,817.902,1,0.001,-0.988,0.0115,0,"[{""name"": ""Top"", ""bestBid"": 0.011, ""bestAsk"": 0.012}]"
898422,0x97b92c6c26b31dc3be183b76b1c39167806611396793eda0edf084d29b76fa46,will-gabriel-bortoleto-be-the-2026-f1-drivers-champion,https://polymarket.com/event/will-gabriel-bortoleto-be-the-2026-f1-drivers-champion,https://embed.polymarket.com/market.html?market=will-gabriel-bortoleto-be-the-2026-f1-drivers-champion&features=volume&theme=light,Will Gabriel Bortoleto be the 2026 F1 Drivers' Champion?,sports,,TTR 115.9d,10915947.838450996,,0.0,0.0,2026-12-06T00:00:00+00:00,115.902,1,,-0.999,,0,"[{""name"": ""Top"", ""bestBid"": null, ""bestAsk"": 0.001}]"
601831,0x70f1a7d2cd490b640676d5e31470bcbe16fef40087de1af8b6f6e44e299b5784,will-eduardo-leite-win-the-2026-brazilian-presidential-election,https://polymarket.com/event/will-eduardo-leite-win-the-2026-brazilian-presidential-election,https://embed.polymarket.com/market.html?market=will-eduardo-leite-win-the-2026-brazilian-presidential-election&features=volume&theme=light,Will Eduardo Leite win the 2026 Brazilian presidential election?,politics,,24h $12 • TTR 52.9d,7954649.169926999,12.0,0.0,0.0,2026-10-04T00:00:00+00:00,52.902,1,,-0.999,,0,"[{""name"": ""Top"", ""bestBid"": null, ""bestAsk"": 0.001}]"
561229,0x7ad403c3508f8e3912940fd1a913f227591145ca0614074208e0b962d5fcc422,will-jd-vance-win-the-2028-us-presidential-election,https://polymarket.com/event/will-jd-vance-win-the-2028-us-presidential-election,https://embed.polymarket.com/market.html?market=will-jd-vance-win-the-2028-us-presidential-election&features=volume&theme=light,Will JD Vance win the 2028 US Presidential Election?,president,,"24h $65,924 • spread 0.001 • TTR 817.9d",15255278.795985974,65924.22,0.0,0.0,2028-11-07T00:00:00+00:00,817.902,1,0.001,-0.783,0.2165,0,"[{""name"": ""Top"", ""bestBid"": 0.216, ""bestAsk"": 0.217}]"
561979,0x64d31a2af85518c6718a5757a35b840f08eca20c1e22c0eb1e96ec01cc55b8b6,will-ron-desantis-win-the-2028-republican-presidential-nomination,https://polymarket.com/event/will-ron-desantis-win-the-2028-republican-presidential-nomination,https://embed.polymarket.com/market.html?market=will-ron-desantis-win-the-2028-republican-presidential-nomination&features=volume&theme=light,Will Ron DeSantis win the 2028 Republican presidential nomination?,united-states,,"24h $2,944 • spread 0.001 • TTR 817.9d",15224042.071787,2944.87,-0.001,-3.2787,2028-11-07T00:00:00+00:00,817.902,1,0.001,-0.97,0.0295,0,"[{""name"": ""Top"", ""bestBid"": 0.029, ""bestAsk"": 0.03}]"
561974,0x18b1c135d0a40c5894da9412e77311827d9caf16cf4cd6591b247a34730af919,will-jd-vance-win-the-2028-republican-presidential-nomination,https://polymarket.com/event/will-jd-vance-win-the-2028-republican-presidential-nomination,https://embed.polymarket.com/market.html?market=will-jd-vance-win-the-2028-republican-presidential-nomination&features=volume&theme=light,Will J.D. Vance win the 2028 Republican presidential nomination?,united-states,,"24h $30,949 • spread 0.001 • TTR 817.9d • ~50% mid",15148628.950837996,30949.77,-0.001,-0.226,2028-11-07T00:00:00+00:00,817.902,1,0.001,-0.558,0.4415,1,"[{""name"": ""Top"", ""bestBid"": 0.441, ""bestAsk"": 0.442}]"
898425,0xcf72b0f49af9446288a897ac1d73afa72549d98de7860bb17dacc3c4379a2c58,will-liam-lawson-be-the-2026-f1-drivers-champion,https://polymarket.com/event/will-liam-lawson-be-the-2026-f1-drivers-champion,https://embed.polymarket.com/market.html?market=will-liam-lawson-be-the-2026-f1-drivers-champion&features=volume&theme=light,Will Liam Lawson be the 2026 F1 Drivers' Champion?,sports,,TTR 115.9d,10709344.926794002,,0.0,0.0,2026-12-06T00:00:00+00:00,115.902,1,,-0.999,,0,"[{""name"": ""Top"", ""bestBid"": null, ""bestAsk"": 0.001}]"
559669,0x3dc47a72ac6bb265e9cefebd2a2eeed00966394cb2d07245b5c94138b60e82a3,will-rahm-emanuel-win-the-2028-democratic-presidential-nomination-299,https://polymarket.com/event/will-rahm-emanuel-win-the-2028-democratic-presidential-nomination-299,https://embed.polymarket.com/market.html?market=will-rahm-emanuel-win-the-2028-democratic-presidential-nomination-299&features=volume&theme=light,Will Rahm Emanuel win the 2028 Democratic presidential nomination?,united-states,,"24h $24,909 • spread 0.003 • TTR 817.9d",14412143.552332003,24909.66,0.002,8.5106,2028-11-07T00:00:00+00:00,817.902,1,0.003,-0.973,0.0255,0,"[{""name"": ""Top"", ""bestBid"": 0.024, ""bestAsk"": 0.027}]"
559653,0xe6bcc2f1dd025ce5e1833190f7c60a71171c94f805df55b9ab0ded695ec93565,will-alexandria-ocasio-cortez-win-the-2028-democratic-presidential-nomination-653,https://polymarket.com/event/will-alexandria-ocasio-cortez-win-the-2028-democratic-presidential-nomination-653,https://embed.polymarket.com/market.html?market=will-alexandria-ocasio-cortez-win-the-2028-democratic-presidential-nomination-653&features=volume&theme=light,Will Alexandria Ocasio-Cortez win the 2028 Democratic presidential nomination?,united-states,,"24h $5,201 • spread 0.001 • TTR 817.9d",14246215.192289,5201.17,-0.003,-1.9544,2028-11-07T00:00:00+00:00,817.902,1,0.001,-0.849,0.1505,0,"[{""name"": ""Top"", ""bestBid"": 0.15, ""bestAsk"": 0.151}]"
2252244,0xa3b36b2d6104d34af4e6c6215fc818e43352e78a748fbfb0b85e3a35f71dec9a,will-there-be-no-change-in-fed-interest-rates-after-the-september-2026-meeting-615,https://polymarket.com/event/will-there-be-no-change-in-fed-interest-rates-after-the-september-2026-meeting-615,https://embed.polymarket.com/market.html?market=will-there-be-no-change-in-fed-interest-rates-after-the-september-2026-meeting-615&features=volume&theme=light,Will there be no change in Fed interest rates after the September 2026 meeting?,fomc,,"24h $266,150 • spread 0.010 • TTR 34.9d",6061740.143068011,266150.11,0.06,10.8108,2026-09-16T00:00:00+00:00,34.902,1,0.01,-0.38,0.615,0,"[{""name"": ""Top"", ""bestBid"": 0.61, ""bestAsk"": 0.62}]"
666861,0x48b0b0bca515f68fccf95af4793dbd0edbfec1f8ec6e8df2c0f69ba74f8c4722,trump-out-as-president-before-2027,https://polymarket.com/event/trump-out-as-president-before-2027,https://embed.polymarket.com/market.html?market=trump-out-as-president-before-2027&features=volume&theme=light,Trump out as President before 2027?,politics,,"24h $21,817 • spread 0.010 • TTR 140.9d",10551688.696607996,21817.55,0.0,0.0,2026-12-31T00:00:00+00:00,140.902,1,0.01,-0.93,0.065,0,"[{""name"": ""Top"", ""bestBid"": 0.06, ""bestAsk"": 0.07}]"
2252245,0x876506d8b2bd7a0d3fa4fe18c024eee6e1dd81ee24c26795dadd6cfe4a7b5d0d,will-the-fed-increase-interest-rates-by-25-bps-after-the-september-2026-meeting-649,https://polymarket.com/event/will-the-fed-increase-interest-rates-by-25-bps-after-the-september-2026-meeting-649,https://embed.polymarket.com/market.html?market=will-the-fed-increase-interest-rates-by-25-bps-after-the-september-2026-meeting-649&features=volume&theme=light,Will the Fed increase interest rates by 25 bps after the September 2026 meeting?,fomc,,"24h $527,911 • spread 0.010 • TTR 34.9d",5935262.011063005,527911.13,-0.04,-9.4118,2026-09-16T00:00:00+00:00,34.902,1,0.01,-0.61,0.385,0,"[{""name"": ""Top"", ""bestBid"": 0.38, ""bestAsk"": 0.39}]"
561253,0xd94b47bdeba16ae948bfb147bda059f3543d6fca73291644dfff5268bba7a797,will-tucker-carlson-win-the-2028-us-presidential-election,https://polymarket.com/event/will-tucker-carlson-win-the-2028-us-presidential-election,https://embed.polymarket.com/market.html?market=will-tucker-carlson-win-the-2028-us-presidential-election&features=volume&theme=light,Will Tucker Carlson win the 2028 US Presidential Election?,president,,"24h $50,932 • spread 0.001 • TTR 817.9d",13910366.681127997,50932.72,0.003,14.6341,2028-11-07T00:00:00+00:00,817.902,1,0.001,-0.976,0.0235,0,"[{""name"": ""Top"", ""bestBid"": 0.023, ""bestAsk"": 0.024}]"
561244,0x23481b811978194fa175143ed7cd8d0000878ca59c408fd552e33535f7aa771e,will-donald-trump-jr-win-the-2028-us-presidential-election,https://polymarket.com/event/will-donald-trump-jr-win-the-2028-us-presidential-election,https://embed.polymarket.com/market.html?market=will-donald-trump-jr-win-the-2028-us-presidential-election&features=volume&theme=light,Will Donald Trump Jr. win the 2028 US Presidential Election?,president,,24h $353 • spread 0.001 • TTR 817.9d,13600765.83495901,353.0,0.0,0.0,2028-11-07T00:00:00+00:00,817.902,1,0.001,-0.99,0.0095,0,"[{""name"": ""Top"", ""bestBid"": 0.009, ""bestAsk"": 0.01}]"
561976,0x9cd77217b2ab264fe4f6d302f662c0a91f349fe5798f1f98d70bb2311712791b,will-tulsi-gabbard-win-the-2028-republican-presidential-nomination,https://polymarket.com/event/will-tulsi-gabbard-win-the-2028-republican-presidential-nomination,https://embed.polymarket.com/market.html?market=will-tulsi-gabbard-win-the-2028-republican-presidential-nomination&features=volume&theme=light,Will Tulsi Gabbard win the 2028 Republican presidential nomination?,united-states,,24h $238 • spread 0.001 • TTR 817.9d,13599727.508527,238.02,0.0,0.0,2028-11-07T00:00:00+00:00,817.902,1,0.001,-0.995,0.0045,0,"[{""name"": ""Top"", ""bestBid"": 0.004, ""bestAsk"": 0.005}]"
601821,0xdd3d104667774208eae2239f576122ecdd1c04ba81cc14d26d22a36b33887977,will-fernando-haddad-win-the-2026-brazilian-presidential-election,https://polymarket.com/event/will-fernando-haddad-win-the-2026-brazilian-presidential-election,https://embed.polymarket.com/market.html?market=will-fernando-haddad-win-the-2026-brazilian-presidential-election&features=volume&theme=light,Will Fernando Haddad win the 2026 Brazilian presidential election?,politics,,"24h $33,282 • TTR 52.9d",7012799.675962999,33282.31,-0.001,-66.6667,2026-10-04T00:00:00+00:00,52.902,1,,-0.999,,0,"[{""name"": ""Top"", ""bestBid"": null, ""bestAsk"": 0.001}]"
898419,0x0cf91d3955d89ec43b8ac1e918b159fa1a62531f29b26093273c4048337a84d7,will-esteban-ocon-be-the-2026-f1-drivers-champion,https://polymarket.com/event/will-esteban-ocon-be-the-2026-f1-drivers-champion,https://embed.polymarket.com/market.html?market=will-esteban-ocon-be-the-2026-f1-drivers-champion&features=volume&theme=light,Will Esteban Ocon be the 2026 F1 Drivers' Champion?,sports,,24h $147 • TTR 115.9d,9493722.227028003,147.51,0.0,0.0,2026-12-06T00:00:00+00:00,115.902,1,,-0.998,,0,"[{""name"": ""Top"", ""bestBid"": null, ""bestAsk"": 0.002}]"
561996,0x4273517fc8141d57ad1528ede46efdceebdb6a4da746d5de5bad216564209a1e,will-tucker-carlson-win-the-2028-republican-presidential-nomination,https://polymarket.com/event/will-tucker-carlson-win-the-2028-republican-presidential-nomination,https://embed.polymarket.com/market.html?market=will-tucker-carlson-win-the-2028-republican-presidential-nomination&features=volume&theme=light,Will Tucker Carlson win the 2028 Republican presidential nomination?,united-states,,"24h $4,715 • spread 0.001 • TTR 817.9d",13243939.349724002,4716.0,0.0,0.0,2028-11-07T00:00:00+00:00,817.902,1,0.001,-0.976,0.0235,0,"[{""name"": ""Top"", ""bestBid"": 0.023, ""bestAsk"": 0.024}]"
1130012,0x502a94e5c525766d5ee7f16c6568131ba1b2cbadb69c703af05a6ef00336ed64,will-united-russia-er-gain-the-most-seats-in-the-next-russian-parliamentary-election,https://polymarket.com/event/will-united-russia-er-gain-the-most-seats-in-the-next-russian-parliamentary-election,https://embed.polymarket.com/market.html?market=will-united-russia-er-gain-the-most-seats-in-the-next-russian-parliamentary-election&features=volume&theme=light,Will United Russia (ER) gain the most seats in the next Russian parliamentary election?,politics,,"24h $75,379 • spread 0.010 • TTR 48.9d",6619208.610564998,75379.49,0.015,2.2727,2026-09-30T00:00:00+00:00,48.902,1,0.01,-0.32,0.675,0,"[{""name"": ""Top"", ""bestBid"": 0.67, ""bestAsk"": 0.68}]"
898414,0x80971af8befc488bbdd6dcc075d388793851a0ea1c46f7ffd353b190691c7199,will-isack-hadjar-be-the-2026-f1-drivers-champion,https://polymarket.com/event/will-isack-hadjar-be-the-2026-f1-drivers-champion,https://embed.polymarket.com/market.html?market=will-isack-hadjar-be-the-2026-f1-drivers-champion&features=volume&theme=light,Will Isack Hadjar be the 2026 F1 Drivers' Champion?,sports,,24h $108 • TTR 115.9d,9362233.333226,108.81,0.0,0.0,2026-12-06T00:00:00+00:00,115.902,1,,-0.999,,0,"[{""name"": ""Top"", ""bestBid"": null, ""bestAsk"": 0.001}]"
561231,0xf232b565995e4b3a3e7fa6cef775eeff1cecd20ad7c013cb9fc8dadabfe279a9,will-alexandria-ocasio-cortez-win-the-2028-us-presidential-election,https://polymarket.com/event/will-alexandria-ocasio-cortez-win-the-2028-us-presidential-election,https://embed.polymarket.com/market.html?market=will-alexandria-ocasio-cortez-win-the-2028-us-presidential-election&features=volume&theme=light,Will Alexandria Ocasio-Cortez win the 2028 US Presidential Election?,president,,"24h $5,388 • spread 0.001 • TTR 817.9d",12932405.437912997,5388.8,0.003,3.2086,2028-11-07T00:00:00+00:00,817.902,1,0.001,-0.903,0.0965,0,"[{""name"": ""Top"", ""bestBid"": 0.096, ""bestAsk"": 0.097}]"
2910437,0xa055e1cf533c2fcb1f1c89c20c41c8aa25526dcf27c3ff6be69c230fd8898282,us-announces-end-of-iranian-blockade-by-august-15-2026-20260713152715083-347-987-697-628-574-676,https://polymarket.com/event/us-announces-end-of-iranian-blockade-by-august-15-2026-20260713152715083-347-987-697-628-574-676,https://embed.polymarket.com/market.html?market=us-announces-end-of-iranian-blockade-by-august-15-2026-20260713152715083-347-987-697-628-574-676&features=volume&theme=light,"US announces end of Iranian blockade by August 15, 2026?",iran,,"24h $370,886 • spread 0.010 • TTR 3.9d",2360261.215971998,370886.39,0.02,19.0476,2026-08-15T23:59:00+00:00,3.901,1,0.01,-0.87,0.125,0,"[{""name"": ""Top"", ""bestBid"": 0.12, ""bestAsk"": 0.13}]"
559658,0x909659c9436228e2be56d5582ba6188166f2f8bf3c596335512c8f2e380d01ec,will-kamala-harris-win-the-2028-democratic-presidential-nomination-641,https://polymarket.com/event/will-kamala-harris-win-the-2028-democratic-presidential-nomination-641,https://embed.polymarket.com/market.html?market=will-kamala-harris-win-the-2028-democratic-presidential-nomination-641&features=volume&theme=light,Will Kamala Harris win the 2028 Democratic presidential nomination?,united-states,,"24h $4,072 • spread 0.001 • TTR 817.9d",12875853.079844993,4072.96,-0.0005,-0.6579,2028-11-07T00:00:00+00:00,817.902,1,0.001,-0.924,0.0755,0,"[{""name"": ""Top"", ""bestBid"": 0.075, ""bestAsk"": 0.076}]"
559660,0x1d519b87999e3d4e90e1e8f57b5eee73a0ba488ff3fdb70867f294733aba84a9,will-andy-beshear-win-the-2028-democratic-presidential-nomination-832,https://polymarket.com/event/will-andy-beshear-win-the-2028-democratic-presidential-nomination-832,https://embed.polymarket.com/market.html?market=will-andy-beshear-win-the-2028-democratic-presidential-nomination-832&features=volume&theme=light,Will Andy Beshear win the 2028 Democratic presidential nomination?,united-states,,"24h $1,285 • spread 0.001 • TTR 817.9d",12872521.433799997,1285.9,0.0,0.0,2028-11-07T00:00:00+00:00,817.902,1,0.001,-0.976,0.0235,0,"[{""name"": ""Top"", ""bestBid"": 0.023, ""bestAsk"": 0.024}]"
898417,0x38bb9355fd91f6d7053465caefbbf691bd4a81ec1b08edcca656fc9dde259b14,will-fernando-alonso-be-the-2026-f1-drivers-champion,https://polymarket.com/event/will-fernando-alonso-be-the-2026-f1-drivers-champion,https://embed.polymarket.com/market.html?market=will-fernando-alonso-be-the-2026-f1-drivers-champion&features=volume&theme=light,Will Fernando Alonso be the 2026 F1 Drivers' Champion?,sports,,24h $100 • TTR 115.9d,9130859.818707002,100.0,0.0,0.0,2026-12-06T00:00:00+00:00,115.902,1,,-0.999,,0,"[{""name"": ""Top"", ""bestBid"": null, ""bestAsk"": 0.001}]"
559661,0x74dba1ce1ae9dd535414e85f2d9ab5ea32c0fb1acc9b7130b67e6d91217e24e1,will-jon-ossoff-win-the-2028-democratic-presidential-nomination-885,https://polymarket.com/event/will-jon-ossoff-win-the-2028-democratic-presidential-nomination-885,https://embed.polymarket.com/market.html?market=will-jon-ossoff-win-the-2028-democratic-presidential-nomination-885&features=volume&theme=light,Will Jon Ossoff win the 2028 Democratic presidential nomination?,united-states,,"24h $9,032 • spread 0.001 • TTR 817.9d",12551477.84056,9032.24,-0.002,-1.2539,2028-11-07T00:00:00+00:00,817.902,1,0.001,-0.842,0.1575,0,"[{""name"": ""Top"", ""bestBid"": 0.157, ""bestAsk"": 0.158}]"
561241,0xefe6300fd8a053cca53df8f1bd536c5f571a136392c0516e7b16e39f1addecb0,will-jb-pritzker-win-the-2028-us-presidential-election,https://polymarket.com/event/will-jb-pritzker-win-the-2028-us-presidential-election,https://embed.polymarket.com/market.html?market=will-jb-pritzker-win-the-2028-us-presidential-election&features=volume&theme=light,Will JB Pritzker win the 2028 US Presidential Election?,president,,24h $131 • spread 0.001 • TTR 817.9d,12425208.286710003,131.73,0.0,0.0,2028-11-07T00:00:00+00:00,817.902,1,0.001,-0.995,0.0045,0,"[{""name"": ""Top"", ""bestBid"": 0.004, ""bestAsk"": 0.005}]"
559686,0x8dbf6b51f302fd401065706245c144e93fe209abce183199433d4484b3ed8aff,will-dwayne-the-rock-johnson-win-the-2028-democratic-presidential-nomination,https://polymarket.com/event/will-dwayne-the-rock-johnson-win-the-2028-democratic-presidential-nomination,https://embed.polymarket.com/market.html?market=will-dwayne-the-rock-johnson-win-the-2028-democratic-presidential-nomination&features=volume&theme=light,Will Dwayne 'The Rock' Johnson win the 2028 Democratic presidential nomination?,united-states,,"24h $2,699 • spread 0.001 • TTR 817.9d",12351802.610947004,2699.99,0.0,0.0,2028-11-07T00:00:00+00:00,817.902,1,0.001,-0.989,0.0105,0,"[{""name"": ""Top"", ""bestBid"": 0.01, ""bestAsk"": 0.011}]"
561246,0x3367d22cd2a673014f1960742afdf8601040a8ad856dc0a98bd1a44ee99504e2,will-ron-desantis-win-the-2028-us-presidential-election,https://polymarket.com/event/will-ron-desantis-win-the-2028-us-presidential-election,https://embed.polymarket.com/market.html?market=will-ron-desantis-win-the-2028-us-presidential-election&features=volume&theme=light,Will Ron DeSantis win the 2028 US Presidential Election?,president,,"24h $21,424 • spread 0.001 • TTR 817.9d",12230553.775022008,21424.24,0.0,0.0,2028-11-07T00:00:00+00:00,817.902,1,0.001,-0.984,0.0155,0,"[{""name"": ""Top"", ""bestBid"": 0.015, ""bestAsk"": 0.016}]"
1105750,0x4197bf7e572f1dd731669d33d05532c6d3b8cba71fb83dc69d789110e39c41b4,will-pete-hegseth-be-the-leader-of-venezuela-end-of-2026,https://polymarket.com/event/will-pete-hegseth-be-the-leader-of-venezuela-end-of-2026,https://embed.polymarket.com/market.html?market=will-pete-hegseth-be-the-leader-of-venezuela-end-of-2026&features=volume&theme=light,Will Pete Hegseth be the leader of Venezuela end of 2026?,trump-machado,,"24h $4,812 • spread 0.001 • TTR 140.9d",9151861.79833,4812.69,0.0,0.0,2026-12-31T00:00:00+00:00,140.902,1,0.001,-0.998,0.0015,0,"[{""name"": ""Top"", ""bestBid"": 0.001, ""bestAsk"": 0.002}]"
561235,0xe29b33ef5bf351c8a22bfd79f8b58e62649d54ceee6f9735387cef79f52fecae,will-wes-moore-win-the-2028-us-presidential-election,https://polymarket.com/event/will-wes-moore-win-the-2028-us-presidential-election,https://embed.polymarket.com/market.html?market=will-wes-moore-win-the-2028-us-presidential-election&features=volume&theme=light,Will Wes Moore win the 2028 US Presidential Election?,president,,24h $264 • spread 0.001 • TTR 817.9d,12089129.125392,264.72,0.0,0.0,2028-11-07T00:00:00+00:00,817.902,1,0.001,-0.992,0.0075,0,"[{""name"": ""Top"", ""bestBid"": 0.007, ""bestAsk"": 0.008}]"
2633430,0xa1b3158fedfddaf2a0d8b364f6a57ee68146fb6ad458222aa8e02bcf0abbb099,us-iran-final-nuclear-deal-by-august-31-2026-20260621201255154,https://polymarket.com/event/us-iran-final-nuclear-deal-by-august-31-2026-20260621201255154,https://embed.polymarket.com/market.html?market=us-iran-final-nuclear-deal-by-august-31-2026-20260621201255154&features=volume&theme=light,"US-Iran Final Nuclear Deal by August 31, 2026?",iran,,"24h $55,239 • spread 0.002 • TTR 19.9d",3893114.8435959993,55239.07,0.0005,3.0303,2026-08-31T23:59:00+00:00,19.901,1,0.002,-0.982,0.017,0,"[{""name"": ""Top"", ""bestBid"": 0.016, ""bestAsk"": 0.018}]"
898421,0xa460c6bcf298f0c8412df5807a1dbb733f83a2bae69a57854f405a6148151258,will-nico-hlkenberg-be-the-2026-f1-drivers-champion,https://polymarket.com/event/will-nico-hlkenberg-be-the-2026-f1-drivers-champion,https://embed.polymarket.com/market.html?market=will-nico-hlkenberg-be-the-2026-f1-drivers-champion&features=volume&theme=light,Will Nico Hülkenberg be the 2026 F1 Drivers' Champion?,sports,,24h $200 • TTR 115.9d,8459964.117715998,200.0,0.0,0.0,2026-12-06T00:00:00+00:00,115.902,1,,-0.999,,0,"[{""name"": ""Top"", ""bestBid"": null, ""bestAsk"": 0.001}]"
559659,0xe39adea057926dc197fe30a441f57a340b2a232d5a687010f78bba9b6e02620f,will-gretchen-whitmer-win-the-2028-democratic-presidential-nomination-676,https://polymarket.com/event/will-gretchen-whitmer-win-the-2028-democratic-presidential-nomination-676,https://embed.polymarket.com/market.html?market=will-gretchen-whitmer-win-the-2028-democratic-presidential-nomination-676&features=volume&theme=light,Will Gretchen Whitmer win the 2028 Democratic presidential nomination?,united-states,,"24h $17,021 • spread 0.001 • TTR 817.9d",11882309.193325002,17021.15,0.0,0.0,2028-11-07T00:00:00+00:00,817.902,1,0.001,-0.988,0.0115,0,"[{""name"": ""Top"", ""bestBid"": 0.011, ""bestAsk"": 0.012}]"
559654,0x4c325469d9b516ef4e6b8f73a81a12607dec075e3c2fd454f91765aaeafc4760,will-pete-buttigieg-win-the-2028-democratic-presidential-nomination-687,https://polymarket.com/event/will-pete-buttigieg-win-the-2028-democratic-presidential-nomination-687,https://embed.polymarket.com/market.html?market=will-pete-buttigieg-win-the-2028-democratic-presidential-nomination-687&features=volume&theme=light,Will Pete Buttigieg win the 2028 Democratic presidential nomination?,united-states,,"24h $8,877 • spread 0.001 • TTR 817.9d",11769741.001023024,8877.38,0.0,0.0,2028-11-07T00:00:00+00:00,817.902,1,0.001,-0.947,0.0525,0,"[{""name"": ""Top"", ""bestBid"": 0.052, ""bestAsk"": 0.053}]"
561234,0x2053d8515f1b8cbeea4ccdb56e60e89c2617e43a8660d95166b8e71d27865277,will-marco-rubio-win-the-2028-us-presidential-election,https://polymarket.com/event/will-marco-rubio-win-the-2028-us-presidential-election,https://embed.polymarket.com/market.html?market=will-marco-rubio-win-the-2028-us-presidential-election&features=volume&theme=light,Will Marco Rubio win the 2028 US Presidential Election?,president,,"24h $4,838 • spread 0.001 • TTR 817.9d",11635919.087097995,4838.31,-0.001,-0.8032,2028-11-07T00:00:00+00:00,817.902,1,0.001,-0.876,0.1235,0,"[{""name"": ""Top"", ""bestBid"": 0.123, ""bestAsk"": 0.124}]"
2633429,0xc0aed6d5d893988b4bef5a8242435bbc7c3b45b1e438bcffc9e9bf71d173ae46,us-iran-final-nuclear-deal-by-august-18-2026-20260621201255153,https://polymarket.com/event/us-iran-final-nuclear-deal-by-august-18-2026-20260621201255153,https://embed.polymarket.com/market.html?market=us-iran-final-nuclear-deal-by-august-18-2026-20260621201255153&features=volume&theme=light,"US-Iran Final Nuclear Deal by August 18, 2026?",iran,,"24h $15,057 • spread 0.001 • TTR 6.9d",2355417.232336001,15057.94,0.0,0.0,2026-08-18T23:59:00+00:00,6.901,1,0.001,-0.995,0.0045,0,"[{""name"": ""Top"", ""bestBid"": 0.004, ""bestAsk"": 0.005}]"
559694,0x20d0bc282552ac5ec6f61cd7101cb42a5948cae07e7651bdf40ede1a8b2c5eac,will-ro-khanna-win-the-2028-democratic-presidential-nomination,https://polymarket.com/event/will-ro-khanna-win-the-2028-democratic-presidential-nomination,https://embed.polymarket.com/market.html?market=will-ro-khanna-win-the-2028-democratic-presidential-nomination&features=volume&theme=light,Will Ro Khanna win the 2028 Democratic presidential nomination?,united-states,,"24h $6,237 • spread 0.001 • TTR 817.9d",11153051.175541002,6237.63,0.0005,2.2727,2028-11-07T00:00:00+00:00,817.902,1,0.001,-0.977,0.0225,0,"[{""name"": ""Top"", ""bestBid"": 0.022, ""bestAsk"": 0.023}]"
601827,0xbca3d70ec52a5a441ccc365a3b1b48b9cd0f08dfff4bc5871e2cd92d0d92caa1,will-ronaldo-caiado-win-the-2026-brazilian-presidential-election,https://polymarket.com/event/will-ronaldo-caiado-win-the-2026-brazilian-presidential-election,https://embed.polymarket.com/market.html?market=will-ronaldo-caiado-win-the-2026-brazilian-presidential-election&features=volume&theme=light,Will Ronaldo Caiado win the 2026 Brazilian presidential election?,politics,,"24h $8,962 • spread 0.001 • TTR 52.9d",5631280.543678002,8962.11,-0.002,-17.3913,2026-10-04T00:00:00+00:00,52.902,1,0.001,-0.99,0.0095,0,"[{""name"": ""Top"", ""bestBid"": 0.009, ""bestAsk"": 0.01}]"
561258,0xa9549c44687993a9a154347c6907092341459b927efaa3f2b49009ca2c4e40a1,will-jamie-dimon-win-the-2028-us-presidential-election,https://polymarket.com/event/will-jamie-dimon-win-the-2028-us-presidential-election,https://embed.polymarket.com/market.html?market=will-jamie-dimon-win-the-2028-us-presidential-election&features=volume&theme=light,Will Jamie Dimon win the 2028 US Presidential Election?,president,,"24h $1,405 • spread 0.001 • TTR 817.9d",10698586.186411003,1405.68,0.0,0.0,2028-11-07T00:00:00+00:00,817.902,1,0.001,-0.993,0.0065,0,"[{""name"": ""Top"", ""bestBid"": 0.006, ""bestAsk"": 0.007}]"
561259,0xb314f5dbf75919a34d4997e8b22e6793505e3377a690eaa11a75a2547e926bee,will-ro-khanna-win-the-2028-us-presidential-election,https://polymarket.com/event/will-ro-khanna-win-the-2028-us-presidential-election,https://embed.polymarket.com/market.html?market=will-ro-khanna-win-the-2028-us-presidential-election&features=volume&theme=light,Will Ro Khanna win the 2028 US Presidential Election?,president,,"24h $1,215 • spread 0.001 • TTR 817.9d",10606290.027152004,1215.35,0.0,0.0,2028-11-07T00:00:00+00:00,817.902,1,0.001,-0.989,0.0105,0,"[{""name"": ""Top"", ""bestBid"": 0.01, ""bestAsk"": 0.011}]"
2832140,0x95a7c8f39ccda84bf59b54c474f2a006cbc4167737630365f416670466b37ab9,will-nigel-farage-win-the-clacton-by-election-20260707144027825,https://polymarket.com/event/will-nigel-farage-win-the-clacton-by-election-20260707144027825,https://embed.polymarket.com/market.html?market=will-nigel-farage-win-the-clacton-by-election-20260707144027825&features=volume&theme=light,Will Nigel Farage win the Clacton by-election?,uk,,"24h $123,158 • spread 0.006 • TTR 1.6d",1700572.9341839994,123158.55,-0.004,-0.403,2026-08-13T16:00:00+00:00,1.569,1,0.006,-0.009,0.988,0,"[{""name"": ""Top"", ""bestBid"": 0.985, ""bestAsk"": 0.991}]"
601820,0x63d8f3a34c90bd5342dda8acf62b6a898dfa52f86475efaf180b66493ef6af80,will-jair-bolsonaro-win-the-2026-brazilian-presidential-election,https://polymarket.com/event/will-jair-bolsonaro-win-the-2026-brazilian-presidential-election,https://embed.polymarket.com/market.html?market=will-jair-bolsonaro-win-the-2026-brazilian-presidential-election&features=volume&theme=light,Will Jair Bolsonaro win the 2026 Brazilian presidential election?,politics,,"24h $7,453 • spread 0.001 • TTR 52.9d",5504602.807258,7453.25,0.0,0.0,2026-10-04T00:00:00+00:00,52.902,1,0.001,-0.989,0.0105,0,"[{""name"": ""Top"", ""bestBid"": 0.01, ""bestAsk"": 0.011}]"
694936,0x733a3bb1f78a42bdf60092866ceb931664fb1dae1d66d3a6d2cf7b72cec96400,will-nebius-group-be-acquired-before-2027-514-765,https://polymarket.com/event/will-nebius-group-be-acquired-before-2027-514-765,https://embed.polymarket.com/market.html?market=will-nebius-group-be-acquired-before-2027-514-765&features=volume&theme=light,Will Nebius Group be acquired before 2027?,business,,24h $579 • spread 0.011 • TTR 140.9d,7951904.567485003,579.57,-0.003,-4.1958,2026-12-31T00:00:00+00:00,140.902,1,0.011,-0.926,0.0685,0,"[{""name"": ""Top"", ""bestBid"": 0.063, ""bestAsk"": 0.074}]"
2176270,0x5c79dfde05559b79a9cb9f7c4187e4d49632dd042572ae676952f812732591cc,strait-of-hormuz-traffic-returns-to-normal-by-december-31,https://polymarket.com/event/strait-of-hormuz-traffic-returns-to-normal-by-december-31,https://embed.polymarket.com/market.html?market=strait-of-hormuz-traffic-returns-to-normal-by-december-31&features=volume&theme=light,Strait of Hormuz traffic returns to normal by December 31?,politics,,"24h $217,963 • spread 0.010 • TTR 140.9d • ~50% mid",7861376.228717998,217963.42,0.02,4.3011,2026-12-31T00:00:00+00:00,140.902,1,0.01,-0.51,0.485,1,"[{""name"": ""Top"", ""bestBid"": 0.48, ""bestAsk"": 0.49}]"
559695,0xb91be12388b3d4079c3ed9b5783cb42d8c33051d37746a49300227e0f45fc089,will-james-talarico-win-the-2028-democratic-presidential-nomination,https://polymarket.com/event/will-james-talarico-win-the-2028-democratic-presidential-nomination,https://embed.polymarket.com/market.html?market=will-james-talarico-win-the-2028-democratic-presidential-nomination&features=volume&theme=light,Will James Talarico win the 2028 Democratic presidential nomination?,united-states,,"24h $1,593 • spread 0.001 • TTR 817.9d",10355715.029303998,1593.35,0.0,0.0,2028-11-07T00:00:00+00:00,817.902,1,0.001,-0.98,0.0195,0,"[{""name"": ""Top"", ""bestBid"": 0.019, ""bestAsk"": 0.02}]"
561980,0xd7a0d72b19ca48b06b0029684677f581e32f133c367d7a19c2f1e4ad07066af7,will-nikki-haley-win-the-2028-republican-presidential-nomination,https://polymarket.com/event/will-nikki-haley-win-the-2028-republican-presidential-nomination,https://embed.polymarket.com/market.html?market=will-nikki-haley-win-the-2028-republican-presidential-nomination&features=volume&theme=light,Will Nikki Haley win the 2028 Republican presidential nomination?,united-states,,24h $34 • spread 0.001 • TTR 817.9d,10179872.767621,34.9,0.0,0.0,2028-11-07T00:00:00+00:00,817.902,1,0.001,-0.996,0.0035,0,"[{""name"": ""Top"", ""bestBid"": 0.003, ""bestAsk"": 0.004}]"
561975,0x21ad31a46bfaa51650766eff6dc69c866959e32d965ffb116020e37694b6317d,will-marco-rubio-win-the-2028-republican-presidential-nomination,https://polymarket.com/event/will-marco-rubio-win-the-2028-republican-presidential-nomination,https://embed.polymarket.com/market.html?market=will-marco-rubio-win-the-2028-republican-presidential-nomination&features=volume&theme=light,Will Marco Rubio win the 2028 Republican presidential nomination?,united-states,,"24h $8,254 • spread 0.001 • TTR 817.9d",10131507.294079002,8254.71,0.0,0.0,2028-11-07T00:00:00+00:00,817.902,1,0.001,-0.766,0.2335,0,"[{""name"": ""Top"", ""bestBid"": 0.233, ""bestAsk"": 0.234}]"
601830,0xd0536d9612e041312235baceac52bde48821e8aad4607533513b3782904b7d49,will-geraldo-alckmin-win-the-2026-brazilian-presidential-election,https://polymarket.com/event/will-geraldo-alckmin-win-the-2026-brazilian-presidential-election,https://embed.polymarket.com/market.html?market=will-geraldo-alckmin-win-the-2026-brazilian-presidential-election&features=volume&theme=light,Will Geraldo Alckmin win the 2026 Brazilian presidential election?,politics,,"24h $67,262 • spread 0.001 • TTR 52.9d",5214620.907683001,67262.26,0.0,0.0,2026-10-04T00:00:00+00:00,52.902,1,0.001,-0.997,0.0025,0,"[{""name"": ""Top"", ""bestBid"": 0.002, ""bestAsk"": 0.003}]"
562006,0xca68152902c3581ab42feb04921b8b1cd3c4e80d06f255ae077259fca0bba15c,will-eric-trump-win-the-2028-republican-presidential-nomination,https://polymarket.com/event/will-eric-trump-win-the-2028-republican-presidential-nomination,https://embed.polymarket.com/market.html?market=will-eric-trump-win-the-2028-republican-presidential-nomination&features=volume&theme=light,Will Eric Trump win the 2028 Republican presidential nomination?,united-states,,24h $330 • spread 0.001 • TTR 817.9d,9925086.338253997,330.52,0.0,0.0,2028-11-07T00:00:00+00:00,817.902,1,0.001,-0.996,0.0035,0,"[{""name"": ""Top"", ""bestBid"": 0.003, ""bestAsk"": 0.004}]"
908713,0x80b3af88cb991980e8da1ce86b9794a0957f96ec98c29319dd7ba65e9744d82b,fed-rate-hike-in-2026,https://polymarket.com/event/fed-rate-hike-in-2026,https://embed.polymarket.com/market.html?market=fed-rate-hike-in-2026&features=volume&theme=light,Fed rate hike in 2026?,cpi-release,,"24h $40,746 • spread 0.010 • TTR 118.9d • ~50% mid",7109071.186812001,40746.87,0.0,0.0,2026-12-09T00:00:00+00:00,118.902,1,0.01,-0.41,0.585,1,"[{""name"": ""Top"", ""bestBid"": 0.58, ""bestAsk"": 0.59}]"
601828,0x054725b2a7971376f7924a7021221b12acc50fe78d97817824fe411704d5b5a2,will-romeu-zema-win-the-2026-brazilian-presidential-election,https://polymarket.com/event/will-romeu-zema-win-the-2026-brazilian-presidential-election,https://embed.polymarket.com/market.html?market=will-romeu-zema-win-the-2026-brazilian-presidential-election&features=volume&theme=light,Will Romeu Zema win the 2026 Brazilian presidential election?,politics,,"24h $6,242 • spread 0.001 • TTR 52.9d",5055692.046446001,6242.64,-0.001,-22.2222,2026-10-04T00:00:00+00:00,52.902,1,0.001,-0.996,0.0035,0,"[{""name"": ""Top"", ""bestBid"": 0.003, ""bestAsk"": 0.004}]"
561978,0x4a9d58d4da874e26708f5bdb014eb07a06aeebb927068d169d43831595386557,will-donald-trump-jr-win-the-2028-republican-presidential-nomination,https://polymarket.com/event/will-donald-trump-jr-win-the-2028-republican-presidential-nomination,https://embed.polymarket.com/market.html?market=will-donald-trump-jr-win-the-2028-republican-presidential-nomination&features=volume&theme=light,Will Donald Trump Jr. win the 2028 Republican presidential nomination?,united-states,,24h $162 • spread 0.001 • TTR 817.9d,9528373.945388,162.95,0.0,0.0,2028-11-07T00:00:00+00:00,817.902,1,0.001,-0.988,0.0115,0,"[{""name"": ""Top"", ""bestBid"": 0.011, ""bestAsk"": 0.012}]"
616902,0xd4e77ba6f29fc093509d24f508631abd445ecf506bbdc9c4c80e60256a318527,will-no-fed-rate-cuts-happen-in-2026,https://polymarket.com/event/will-no-fed-rate-cuts-happen-in-2026,https://embed.polymarket.com/market.html?market=will-no-fed-rate-cuts-happen-in-2026&features=volume&theme=light,Will no Fed rate cuts happen in 2026?,rewards-200-4pt5-50,,"24h $29,482 • spread 0.001 • TTR 140.9d",7160939.000154003,29482.33,0.001,0.1166,2026-12-31T00:00:00+00:00,140.902,1,0.001,-0.141,0.8585,0,"[{""name"": ""Top"", ""bestBid"": 0.858, ""bestAsk"": 0.859}]"
559655,0xd65891729ce093cc12236856837eba1a0872fc7998fd4294c21346f7db68079c,will-josh-shapiro-win-the-2028-democratic-presidential-nomination-977,https://polymarket.com/event/will-josh-shapiro-win-the-2028-democratic-presidential-nomination-977,https://embed.polymarket.com/market.html?market=will-josh-shapiro-win-the-2028-democratic-presidential-nomination-977&features=volume&theme=light,Will Josh Shapiro win the 2028 Democratic presidential nomination?,united-states,,"24h $2,732 • spread 0.001 • TTR 817.9d",9456953.799952993,2732.88,0.0,0.0,2028-11-07T00:00:00+00:00,817.902,1,0.001,-0.95,0.0495,0,"[{""name"": ""Top"", ""bestBid"": 0.049, ""bestAsk"": 0.05}]"
601832,0xafd3f96b7b6084509e625270538ff0699003fafc042263c1216e7f084cef753a,will-aldo-rebelo-win-the-2026-brazilian-presidential-election,https://polymarket.com/event/will-aldo-rebelo-win-the-2026-brazilian-presidential-election,https://embed.polymarket.com/market.html?market=will-aldo-rebelo-win-the-2026-brazilian-presidential-election&features=volume&theme=light,Will Aldo Rebelo win the 2026 Brazilian presidential election?,politics,,24h $12 • TTR 52.9d,4914569.634043001,12.0,0.0,0.0,2026-10-04T00:00:00+00:00,52.902,1,,-0.999,,0,"[{""name"": ""Top"", ""bestBid"": null, ""bestAsk"": 0.001}]"
561973,0x895e01dbf3e6a33cd9a44ca0f8cdb5df1bd2b0b6ebed5300d28f8da7145145e4,will-donald-trump-win-the-2028-republican-presidential-nomination,https://polymarket.com/event/will-donald-trump-win-the-2028-republican-presidential-nomination,https://embed.polymarket.com/market.html?market=will-donald-trump-win-the-2028-republican-presidential-nomination&features=volume&theme=light,Will Donald Trump win the 2028 Republican presidential nomination?,united-states,,24h $971 • spread 0.001 • TTR 817.9d,9379917.273452997,971.1,0.0,0.0,2028-11-07T00:00:00+00:00,817.902,1,0.001,-0.98,0.0195,0,"[{""name"": ""Top"", ""bestBid"": 0.019, ""bestAsk"": 0.02}]"
561243,0xce9a5fa30fe74e323b4a8f15afbb0b7a41a537aa880779ddf7dee22223b2f34a,will-donald-trump-win-the-2028-us-presidential-election,https://polymarket.com/event/will-donald-trump-win-the-2028-us-presidential-election,https://embed.polymarket.com/market.html?market=will-donald-trump-win-the-2028-us-presidential-election&features=volume&theme=light,Will Donald Trump win the 2028 US Presidential Election?,president,,"24h $1,301 • spread 0.001 • TTR 817.9d",9352129.583541008,1301.04,0.0,0.0,2028-11-07T00:00:00+00:00,817.902,1,0.001,-0.979,0.0205,0,"[{""name"": ""Top"", ""bestBid"": 0.02, ""bestAsk"": 0.021}]"
898409,0x6eec2b6b1c8d62aaacda46471e8caf7320f4ea9235f5ee87cba970a32a4e6985,will-lando-norris-be-the-2026-f1-drivers-champion,https://polymarket.com/event/will-lando-norris-be-the-2026-f1-drivers-champion,https://embed.polymarket.com/market.html?market=will-lando-norris-be-the-2026-f1-drivers-champion&features=volume&theme=light,Will Lando Norris be the 2026 F1 Drivers' Champion?,sports,,"24h $4,513 • spread 0.003 • TTR 115.9d",6626794.616498001,4513.39,-0.001,-3.9216,2026-12-06T00:00:00+00:00,115.902,1,0.003,-0.974,0.0245,0,"[{""name"": ""Top"", ""bestBid"": 0.023, ""bestAsk"": 0.026}]"
601829,0x101d084cd035070abde58d8a3113b78e11ba68028b0d9e7e38ea7d780797aecc,will-camilo-santana-win-the-2026-brazilian-presidential-election,https://polymarket.com/event/will-camilo-santana-win-the-2026-brazilian-presidential-election,https://embed.polymarket.com/market.html?market=will-camilo-santana-win-the-2026-brazilian-presidential-election&features=volume&theme=light,Will Camilo Santana win the 2026 Brazilian presidential election?,politics,,"24h $43,652 • TTR 52.9d",4789140.069657002,43652.92,-0.001,-66.6667,2026-10-04T00:00:00+00:00,52.902,1,,-0.999,,0,"[{""name"": ""Top"", ""bestBid"": null, ""bestAsk"": 0.001}]"
2252246,0x2e4b58fc18dbffd74d5275d89fb076943f21992763c45dcadd81391b83bde13c,will-the-fed-increase-interest-rates-by-50-bps-after-the-september-2026-meeting-664,https://polymarket.com/event/will-the-fed-increase-interest-rates-by-50-bps-after-the-september-2026-meeting-664,https://embed.polymarket.com/market.html?market=will-the-fed-increase-interest-rates-by-50-bps-after-the-september-2026-meeting-664&features=volume&theme=light,Will the Fed increase interest rates by 50+ bps after the September 2026 meeting?,fomc,,"24h $190,344 • spread 0.001 • TTR 34.9d",3844005.586852001,190344.15,0.0,0.0,2026-09-16T00:00:00+00:00,34.902,1,0.001,-0.994,0.0055,0,"[{""name"": ""Top"", ""bestBid"": 0.005, ""bestAsk"": 0.006}]"
2952488,0x6acdc3316f0b43ca4fbc13623fc018e30f2fd20ae7b93bdc07c8193e99b0ac4d,israel-x-iran-ceasefire-continues-through-august-15-20260716224448969-246-815-987-693,https://polymarket.com/event/israel-x-iran-ceasefire-continues-through-august-15-20260716224448969-246-815-987-693,https://embed.polymarket.com/market.html?market=israel-x-iran-ceasefire-continues-through-august-15-20260716224448969-246-815-987-693&features=volume&theme=light,Israel x Iran ceasefire continues through August 15?,iran,,"24h $68,136 • spread 0.001 • TTR 3.9d",1631284.178341998,68136.04,0.002,0.2069,2026-08-15T23:59:00+00:00,3.901,1,0.001,-0.031,0.9685,0,"[{""name"": ""Top"", ""bestBid"": 0.968, ""bestAsk"": 0.969}]"
562008,0x5f3b3456b2d6ef0d6f15d7492162725057be78d738d2465456e2835f1d89046c,will-pete-hegseth-win-the-2028-republican-presidential-nomination,https://polymarket.com/event/will-pete-hegseth-win-the-2028-republican-presidential-nomination,https://embed.polymarket.com/market.html?market=will-pete-hegseth-win-the-2028-republican-presidential-nomination&features=volume&theme=light,Will Pete Hegseth win the 2028 Republican presidential nomination?,united-states,,"24h $4,139 • spread 0.001 • TTR 817.9d",8787743.278005997,4139.61,0.0,0.0,2028-11-07T00:00:00+00:00,817.902,1,0.001,-0.997,0.0025,0,"[{""name"": ""Top"", ""bestBid"": 0.002, ""bestAsk"": 0.003}]"
562007,0xf2cb33c6634ee4676b642e728715c68441fb8d8c90f730ba0b5c3cd1f436a4be,will-joe-kent-win-the-2028-republican-presidential-nomination,https://polymarket.com/event/will-joe-kent-win-the-2028-republican-presidential-nomination,https://embed.polymarket.com/market.html?market=will-joe-kent-win-the-2028-republican-presidential-nomination&features=volume&theme=light,Will Joe Kent win the 2028 Republican presidential nomination?,united-states,,24h $133 • spread 0.001 • TTR 817.9d,8691421.15504,133.41,0.0,0.0,2028-11-07T00:00:00+00:00,817.902,1,0.001,-0.997,0.0025,0,"[{""name"": ""Top"", ""bestBid"": 0.002, ""bestAsk"": 0.003}]"
898410,0x1c373746c204f7437cb212d2bcfbc5fdf0f0263ae9b470dd92c676d4c2c5ba03,will-oscar-piastri-be-the-2026-f1-drivers-champion,https://polymarket.com/event/will-oscar-piastri-be-the-2026-f1-drivers-champion,https://embed.polymarket.com/market.html?market=will-oscar-piastri-be-the-2026-f1-drivers-champion&features=volume&theme=light,Will Oscar Piastri be the 2026 F1 Drivers' Champion?,sports,,24h $773 • spread 0.002 • TTR 115.9d,6176421.714459997,773.66,0.0005,11.1111,2026-12-06T00:00:00+00:00,115.902,1,0.002,-0.994,0.005,0,"[{""name"": ""Top"", ""bestBid"": 0.004, ""bestAsk"": 0.006}]"
561239,0xb3298af85e00aafad937c119444a5f2800a55343b7482eb75581f6e454432501,will-kamala-harris-win-the-2028-us-presidential-election,https://polymarket.com/event/will-kamala-harris-win-the-2028-us-presidential-election,https://embed.polymarket.com/market.html?market=will-kamala-harris-win-the-2028-us-presidential-election&features=volume&theme=light,Will Kamala Harris win the 2028 US Presidential Election?,president,,"24h $5,240 • spread 0.002 • TTR 817.9d",8649549.563613001,5240.45,0.0005,1.0989,2028-11-07T00:00:00+00:00,817.902,1,0.002,-0.953,0.046,0,"[{""name"": ""Top"", ""bestBid"": 0.045, ""bestAsk"": 0.047}]"
561264,0xea649be6ea3447f3c145a173883c68a89faf4edda1f85109b76baa93b3ee7a87,will-pete-hegseth-win-the-2028-us-presidential-election,https://polymarket.com/event/will-pete-hegseth-win-the-2028-us-presidential-election,https://embed.polymarket.com/market.html?market=will-pete-hegseth-win-the-2028-us-presidential-election&features=volume&theme=light,Will Pete Hegseth win the 2028 US Presidential Election?,president,,"24h $1,698 • spread 0.001 • TTR 817.9d",8639441.504986003,1698.49,0.0,0.0,2028-11-07T00:00:00+00:00,817.902,1,0.001,-0.997,0.0025,0,"[{""name"": ""Top"", ""bestBid"": 0.002, ""bestAsk"": 0.003}]"
716942,0x1d916047bbca1be9808076a0590c17ff113fb92986a4b4bc7f0f962642158827,will-there-be-at-least-10000-measles-cases-in-the-us-in-2026-418-668-617-245-787,https://polymarket.com/event/will-there-be-at-least-10000-measles-cases-in-the-us-in-2026-418-668-617-245-787,https://embed.polymarket.com/market.html?market=will-there-be-at-least-10000-measles-cases-in-the-us-in-2026-418-668-617-245-787&features=volume&theme=light,Will there be at least 10000 measles cases in the U.S. in 2026?,rewards-20-4pt5-50,,24h $195 • spread 0.004 • TTR 140.9d,6514331.921542011,195.46,-0.008,-13.1148,2026-12-31T00:00:00+00:00,140.902,1,0.004,-0.945,0.053,0,"[{""name"": ""Top"", ""bestBid"": 0.051, ""bestAsk"": 0.055}]"
1163699,0x9cb23d04b2ded06147482076688b69b487a8d982c63ebdda2ab3678cf27cf390,clarity-act-signed-into-law-in-2026,https://polymarket.com/event/clarity-act-signed-into-law-in-2026,https://embed.polymarket.com/market.html?market=clarity-act-signed-into-law-in-2026&features=volume&theme=light,Clarity Act (H.R.3633) signed into law in 2026?,crypto,,"24h $503,257 • spread 0.010 • TTR 142.1d",6497230.065821,503257.21,-0.03,-12.2449,2027-01-01T05:00:00+00:00,142.11,1,0.01,-0.78,0.215,0,"[{""name"": ""Top"", ""bestBid"": 0.21, ""bestAsk"": 0.22}]"
561977,0xd0c4c60c8e68ee15974df3aa7d217225e98020fab9fcdb32d10f8e3d285e1619,will-glenn-youngkin-win-the-2028-republican-presidential-nomination,https://polymarket.com/event/will-glenn-youngkin-win-the-2028-republican-presidential-nomination,https://embed.polymarket.com/market.html?market=will-glenn-youngkin-win-the-2028-republican-presidential-nomination&features=volume&theme=light,Will Glenn Youngkin win the 2028 Republican presidential nomination?,united-states,,"24h $2,837 • spread 0.001 • TTR 817.9d",8545708.112143004,2837.08,0.0,0.0,2028-11-07T00:00:00+00:00,817.902,1,0.001,-0.99,0.0095,0,"[{""name"": ""Top"", ""bestBid"": 0.009, ""bestAsk"": 0.01}]"
2937526,0x833f0bac240ad7d5c947d58a8acac0f77a74cf03dccd8f9b72a28811836a920f,us-x-iran-effective-ceasfire-by-august-14-20260715194822046,https://polymarket.com/event/us-x-iran-effective-ceasfire-by-august-14-20260715194822046,https://embed.polymarket.com/market.html?market=us-x-iran-effective-ceasfire-by-august-14-20260715194822046&features=volume&theme=light,US x Iran Effective Ceasefire by August 14?,iran,,"24h $103,384 • spread 0.001 • TTR 2.9d",1465260.3780349975,103384.6,0.0345,3.6898,2026-08-14T23:59:00+00:00,2.901,1,0.001,-0.03,0.9695,0,"[{""name"": ""Top"", ""bestBid"": 0.969, ""bestAsk"": 0.97}]"
562802,0xd5d9fc47718bd553592d126b1fa5e87183d27f3936975b0c04cc0f2dec1f1bb4,will-the-democratic-party-control-the-house-after-the-2026-midterm-elections,https://polymarket.com/event/will-the-democratic-party-control-the-house-after-the-2026-midterm-elections,https://embed.polymarket.com/market.html?market=will-the-democratic-party-control-the-house-after-the-2026-midterm-elections&features=volume&theme=light,Will the Democratic Party control the House after the 2026 Midterm elections?,parent-for-derivative,,"24h $26,486 • spread 0.010 • TTR 82.9d",5247374.031251,26486.55,0.01,1.1561,2026-11-03T00:00:00+00:00,82.902,1,0.01,-0.12,0.875,0,"[{""name"": ""Top"", ""bestBid"": 0.87, ""bestAsk"": 0.88}]"
559693,0x98933c78b5e277b62d91a6c174b412218de000b54c4c67ec8673bf561cec6e81,will-ruben-gallego-win-the-2028-democratic-presidential-nomination,https://polymarket.com/event/will-ruben-gallego-win-the-2028-democratic-presidential-nomination,https://embed.polymarket.com/market.html?market=will-ruben-gallego-win-the-2028-democratic-presidential-nomination&features=volume&theme=light,Will Ruben Gallego win the 2028 Democratic presidential nomination?,united-states,,24h $395 • spread 0.001 • TTR 817.9d,8310513.709812996,395.68,0.0,0.0,2028-11-07T00:00:00+00:00,817.902,1,0.001,-0.996,0.0035,0,"[{""name"": ""Top"", ""bestBid"": 0.003, ""bestAsk"": 0.004}]"
2252242,0x5e464d85eb49f22d876f3ed6168a7db5e2288e9ae1eb91effd2758e994676f86,will-the-fed-decrease-interest-rates-by-50-bps-after-the-september-2026-meeting-863,https://polymarket.com/event/will-the-fed-decrease-interest-rates-by-50-bps-after-the-september-2026-meeting-863,https://embed.polymarket.com/market.html?market=will-the-fed-decrease-interest-rates-by-50-bps-after-the-september-2026-meeting-863&features=volume&theme=light,Will the Fed decrease interest rates by 50+ bps after the September 2026 meeting?,fomc,,"24h $406,203 • spread 0.001 • TTR 34.9d",3536143.212106,406203.84,-0.002,-23.5294,2026-09-16T00:00:00+00:00,34.902,1,0.001,-0.993,0.0065,0,"[{""name"": ""Top"", ""bestBid"": 0.006, ""bestAsk"": 0.007}]"
561998,0x4f02b9cf70e514964fcb9aa2f7873d2b0d1aa0986da096cce7e6687e78da00f3,will-ivanka-trump-win-the-2028-republican-presidential-nomination,https://polymarket.com/event/will-ivanka-trump-win-the-2028-republican-presidential-nomination,https://embed.polymarket.com/market.html?market=will-ivanka-trump-win-the-2028-republican-presidential-nomination&features=volume&theme=light,Will Ivanka Trump win the 2028 Republican presidential nomination?,united-states,,24h $106 • spread 0.001 • TTR 817.9d,8287902.488285999,106.0,0.0,0.0,2028-11-07T00:00:00+00:00,817.902,1,0.001,-0.992,0.0075,0,"[{""name"": ""Top"", ""bestBid"": 0.007, ""bestAsk"": 0.008}]"
561252,0xe2bdf6c18c8ab5ad5d3be5f95dd749e88d1dee7ac7c4dbf5101013a5c055e3df,will-dwayne-the-rock-johnson-win-the-2028-us-presidential-election,https://polymarket.com/event/will-dwayne-the-rock-johnson-win-the-2028-us-presidential-election,https://embed.polymarket.com/market.html?market=will-dwayne-the-rock-johnson-win-the-2028-us-presidential-election&features=volume&theme=light,Will Dwayne 'The Rock' Johnson win the 2028 US Presidential Election?,president,,"24h $6,221 • spread 0.002 • TTR 817.9d",8162060.415812002,6221.48,0.0015,9.0909,2028-11-07T00:00:00+00:00,817.902,1,0.002,-0.981,0.018,0,"[{""name"": ""Top"", ""bestBid"": 0.017, ""bestAsk"": 0.019}]"
3474238,0xf9a566d0366e09912a8a36acf39ed96550bb182d3c024e2837238000105eb38a,wta-osaka-rybakin-2026-08-11,https://polymarket.com/event/wta-osaka-rybakin-2026-08-11,https://embed.polymarket.com/market.html?market=wta-osaka-rybakin-2026-08-11&features=volume&theme=light,National Bank Open: Naomi Osaka vs Elena Rybakina,tennis,,"24h $1,689,428 • TTR 6.5d",1690628.0049890017,1689428.49,-0.5045,-99.901,2026-08-18T14:00:00+00:00,6.485,1,,-0.999,,0,"[{""name"": ""Top"", ""bestBid"": null, ""bestAsk"": 0.001}]"
898413,0x696576c9b20d20a71e0acd6f84d215f129fa361ed544b0df14f1ae540d84059f,will-max-verstappen-be-the-2026-f1-drivers-champion,https://polymarket.com/event/will-max-verstappen-be-the-2026-f1-drivers-champion,https://embed.polymarket.com/market.html?market=will-max-verstappen-be-the-2026-f1-drivers-champion&features=volume&theme=light,Will Max Verstappen be the 2026 F1 Drivers' Champion?,sports,,24h $380 • spread 0.001 • TTR 115.9d,5796314.33324,380.61,0.0,0.0,2026-12-06T00:00:00+00:00,115.902,1,0.001,-0.984,0.0155,0,"[{""name"": ""Top"", ""bestBid"": 0.015, ""bestAsk"": 0.016}]"
561260,0x32903694997a5c09afee30904970f9fab2a5fb4ec45f572f194341185574f1a4,will-thomas-massie-win-the-2028-us-presidential-election,https://polymarket.com/event/will-thomas-massie-win-the-2028-us-presidential-election,https://embed.polymarket.com/market.html?market=will-thomas-massie-win-the-2028-us-presidential-election&features=volume&theme=light,Will Thomas Massie win the 2028 US Presidential Election?,president,,"24h $24,156 • spread 0.001 • TTR 817.9d",8039353.687269997,24156.55,-0.003,-19.3548,2028-11-07T00:00:00+00:00,817.902,1,0.001,-0.987,0.0125,0,"[{""name"": ""Top"", ""bestBid"": 0.012, ""bestAsk"": 0.013}]"
561255,0xc586d15be76278848a26c761c2fcf70f8cebca71815cfab83e656ff5c6ec13a9,will-ivanka-trump-win-the-2028-us-presidential-election,https://polymarket.com/event/will-ivanka-trump-win-the-2028-us-presidential-election,https://embed.polymarket.com/market.html?market=will-ivanka-trump-win-the-2028-us-presidential-election&features=volume&theme=light,Will Ivanka Trump win the 2028 US Presidential Election?,president,,"24h $5,782 • spread 0.001 • TTR 817.9d",7973894.120942998,5782.28,0.0,0.0,2028-11-07T00:00:00+00:00,817.902,1,0.001,-0.994,0.0055,0,"[{""name"": ""Top"", ""bestBid"": 0.005, ""bestAsk"": 0.006}]"
559696,0x6685b25cc7c89032efcdf81eb27fdc6bbf04a3e4299bcd99c9f3d62c8471001e,will-graham-platner-win-the-2028-democratic-presidential-nomination,https://polymarket.com/event/will-graham-platner-win-the-2028-democratic-presidential-nomination,https://embed.polymarket.com/market.html?market=will-graham-platner-win-the-2028-democratic-presidential-nomination&features=volume&theme=light,Will Graham Platner win the 2028 Democratic presidential nomination?,united-states,,"24h $4,529 • spread 0.001 • TTR 817.9d",7969806.164492003,4529.65,0.0,0.0,2028-11-07T00:00:00+00:00,817.902,1,0.001,-0.997,0.0025,0,"[{""name"": ""Top"", ""bestBid"": 0.002, ""bestAsk"": 0.003}]"
704475,0xd8b94a79241263ba30e9cd7f58e88bf2a9013ce2ccdce73606916b2f53033466,will-james-fishback-be-the-republican-nominee-for-florida-governor,https://polymarket.com/event/will-james-fishback-be-the-republican-nominee-for-florida-governor,https://embed.polymarket.com/market.html?market=will-james-fishback-be-the-republican-nominee-for-florida-governor&features=volume&theme=light,Will James Fishback be the Republican nominee for Florida Governor?,primary-elections,,"24h $9,398 • spread 0.003 • TTR 5.9d",1601513.0213130007,9398.63,0.0015,21.4286,2026-08-18T00:00:00+00:00,5.902,1,0.003,-0.99,0.0085,0,"[{""name"": ""Top"", ""bestBid"": 0.007, ""bestAsk"": 0.01}]"
561232,0x2c03c41e5032364cb7166e842bdd22913f28aa2c837d8432704aa89c338875c8,will-pete-buttigieg-win-the-2028-us-presidential-election,https://polymarket.com/event/will-pete-buttigieg-win-the-2028-us-presidential-election,https://embed.polymarket.com/market.html?market=will-pete-buttigieg-win-the-2028-us-presidential-election&features=volume&theme=light,Will Pete Buttigieg win the 2028 US Presidential Election?,president,,"24h $6,923 • spread 0.001 • TTR 817.9d",7931131.976679998,6923.36,0.0,0.0,2028-11-07T00:00:00+00:00,817.902,1,0.001,-0.975,0.0245,0,"[{""name"": ""Top"", ""bestBid"": 0.024, ""bestAsk"": 0.025}]"
637002,0x962e5b226a77266ab429029ee04665e8fcfeb10b91af593786ceab871d2e945f,will-donald-trump-win-the-nobel-peace-prize-in-2026-382,https://polymarket.com/event/will-donald-trump-win-the-nobel-peace-prize-in-2026-382,https://embed.polymarket.com/market.html?market=will-donald-trump-win-the-nobel-peace-prize-in-2026-382&features=volume&theme=light,Will Donald Trump win the Nobel Peace Prize in 2026?,awards,,"24h $3,268 • spread 0.003 • TTR 58.9d",4322332.717360999,3268.61,-0.002,-6.7797,2026-10-10T00:00:00+00:00,58.902,1,0.003,-0.971,0.0275,0,"[{""name"": ""Top"", ""bestBid"": 0.026, ""bestAsk"": 0.029}]"
1469737,0x25fb28382075f418a944a781a9f8840e2f541152eea0d9798d1cabfa1466adbb,will-mojtaba-khamenei-be-head-of-state-in-iran-end-of-2026,https://polymarket.com/event/will-mojtaba-khamenei-be-head-of-state-in-iran-end-of-2026,https://embed.polymarket.com/market.html?market=will-mojtaba-khamenei-be-head-of-state-in-iran-end-of-2026&features=volume&theme=light,Will Mojtaba Khamenei be head of state in Iran end of 2026?,middle-east,,"24h $68,726 • spread 0.004 • TTR 140.9d",5956040.977377999,68726.62,0.002,0.2475,2026-12-31T00:00:00+00:00,140.902,1,0.004,-0.188,0.81,0,"[{""name"": ""Top"", ""bestBid"": 0.808, ""bestAsk"": 0.812}]"
3409541,0x60613b262912ce2e3138ec5610a31a2f932b6300843c094053cb33aaff9f2238,will-kai-and-speed-beat-the-minecraft-challenge-by-august-17-20260807213124706,https://polymarket.com/event/will-kai-and-speed-beat-the-minecraft-challenge-by-august-17-20260807213124706,https://embed.polymarket.com/market.html?market=will-kai-and-speed-beat-the-minecraft-challenge-by-august-17-20260807213124706&features=volume&theme=light,Will Kai and Speed beat the Minecraft challenge by August 17?,gaming,,"24h $557,028 • spread 0.010 • TTR 5.9d",1575599.8498660005,557028.5,0.07,40.0,2026-08-17T23:59:00+00:00,5.901,1,0.01,-0.75,0.245,0,"[{""name"": ""Top"", ""bestBid"": 0.24, ""bestAsk"": 0.25}]"
2034729,0xace3c72c24fccb6731433483ece41c780432d84850edccd5a6bf3147ccea62a9,will-the-us-confirm-that-aliens-exist-by-september-30-396,https://polymarket.com/event/will-the-us-confirm-that-aliens-exist-by-september-30-396,https://embed.polymarket.com/market.html?market=will-the-us-confirm-that-aliens-exist-by-september-30-396&features=volume&theme=light,Will the US confirm that aliens exist by September 30?,aliens,,"24h $8,092 • spread 0.001 • TTR 48.9d",3879654.0496569993,8092.23,-0.001,-4.6512,2026-09-30T00:00:00+00:00,48.902,1,0.001,-0.979,0.0205,0,"[{""name"": ""Top"", ""bestBid"": 0.02, ""bestAsk"": 0.021}]"
628955,0x8d62f20324e9e7f1a3c663ab6aac9a2f6e7adb96c6a69ac2cea7e08a71a7f2ef,will-tom-steyer-win-the-california-governor-election-in-2026,https://polymarket.com/event/will-tom-steyer-win-the-california-governor-election-in-2026,https://embed.polymarket.com/market.html?market=will-tom-steyer-win-the-california-governor-election-in-2026&features=volume&theme=light,Will Tom Steyer win the California Governor Election in 2026?,california-midterm,,"24h $6,431 • spread 0.002 • TTR 82.9d",4777608.583969,6431.64,0.0005,33.3333,2026-11-03T00:00:00+00:00,82.902,1,0.002,-0.997,0.002,0,"[{""name"": ""Top"", ""bestBid"": 0.001, ""bestAsk"": 0.003}]"
1105751,0x1dd7704a6d05cca078564bc0bac541261425bc9252acc5634639f5161daf45f9,will-evan-pettus-be-the-leader-of-venezuela-end-of-2026,https://polymarket.com/event/will-evan-pettus-be-the-leader-of-venezuela-end-of-2026,https://embed.polymarket.com/market.html?market=will-evan-pettus-be-the-leader-of-venezuela-end-of-2026&features=volume&theme=light,Will Evan Pettus be the leader of Venezuela end of 2026?,trump-machado,,24h $832 • spread 0.001 • TTR 140.9d,5614761.869314002,832.14,0.0,0.0,2026-12-31T00:00:00+00:00,140.902,1,0.001,-0.998,0.0015,0,"[{""name"": ""Top"", ""bestBid"": 0.001, ""bestAsk"": 0.002}]"
898416,0x2cefe6009ea518f77b8a82714e54c0af1d0f25e99b37d4861f4a5d3ebbf142d3,will-lewis-hamilton-be-the-2026-f1-drivers-champion,https://polymarket.com/event/will-lewis-hamilton-be-the-2026-f1-drivers-champion,https://embed.polymarket.com/market.html?market=will-lewis-hamilton-be-the-2026-f1-drivers-champion&features=volume&theme=light,Will Lewis Hamilton be the 2026 F1 Drivers' Champion?,sports,,"24h $1,613 • spread 0.002 • TTR 115.9d",5184315.338067997,1613.04,0.0055,5.3659,2026-12-06T00:00:00+00:00,115.902,1,0.002,-0.891,0.108,0,"[{""name"": ""Top"", ""bestBid"": 0.107, ""bestAsk"": 0.109}]"
898415,0xe0711866c51f7d0c43284f43e3ae34125e462e909e16bf685718df7610e6a1e7,will-charles-leclerc-be-the-2026-f1-drivers-champion,https://polymarket.com/event/will-charles-leclerc-be-the-2026-f1-drivers-champion,https://embed.polymarket.com/market.html?market=will-charles-leclerc-be-the-2026-f1-drivers-champion&features=volume&theme=light,Will Charles Leclerc be the 2026 F1 Drivers' Champion?,sports,,"24h $3,627 • spread 0.002 • TTR 115.9d",5169572.448785997,3627.66,-0.0005,-1.6393,2026-12-06T00:00:00+00:00,115.902,1,0.002,-0.969,0.03,0,"[{""name"": ""Top"", ""bestBid"": 0.029, ""bestAsk"": 0.031}]"
679049,0x06ea9c02b4c6a2f7f07f78e21411bd367636564edb27c72cd038b556aada1a64,will-mathilde-panot-win-the-2027-french-presidential-election,https://polymarket.com/event/will-mathilde-panot-win-the-2027-french-presidential-election,https://embed.polymarket.com/market.html?market=will-mathilde-panot-win-the-2027-french-presidential-election&features=volume&theme=light,Will Mathilde Panot win the 2027 French presidential election?,french-election,,"24h $5,482 • spread 0.001 • TTR 260.9d",6272504.6837220015,5482.2,0.0,0.0,2027-04-30T00:00:00+00:00,260.902,1,0.001,-0.998,0.0015,0,"[{""name"": ""Top"", ""bestBid"": 0.001, ""bestAsk"": 0.002}]"
1057883,0x6fefc0438c7598b23531457c8c60541990d0786bd4bd9dfc3eabc8d95c291092,will-bitcoin-reach-250000-by-december-31-2026-579-442,https://polymarket.com/event/will-bitcoin-reach-250000-by-december-31-2026-579-442,https://embed.polymarket.com/market.html?market=will-bitcoin-reach-250000-by-december-31-2026-579-442&features=volume&theme=light,"Will Bitcoin reach $250,000 by December 31, 2026?",bitcoin,,"24h $1,439 • spread 0.002 • TTR 142.1d",5372826.254836,1439.75,0.0,0.0,2027-01-01T05:00:00+00:00,142.11,1,0.002,-0.981,0.018,0,"[{""name"": ""Top"", ""bestBid"": 0.017, ""bestAsk"": 0.019}]"
561233,0x5969cbb46aca5319b19e19a3c6f63de098950b675bf268f30f4d035508da1957,will-josh-shapiro-win-the-2028-us-presidential-election,https://polymarket.com/event/will-josh-shapiro-win-the-2028-us-presidential-election,https://embed.polymarket.com/market.html?market=will-josh-shapiro-win-the-2028-us-presidential-election&features=volume&theme=light,Will Josh Shapiro win the 2028 US Presidential Election?,president,,"24h $1,428 • spread 0.001 • TTR 817.9d",7047147.734368998,1428.9,0.0,0.0,2028-11-07T00:00:00+00:00,817.902,1,0.001,-0.973,0.0265,0,"[{""name"": ""Top"", ""bestBid"": 0.026, ""bestAsk"": 0.027}]"
1469755,0x4266ab921148974f104cbadd099e13bca989441bf58acfd2a08fc6cc7440e1a1,will-mohammad-khatami-be-head-of-state-in-iran-end-of-2026,https://polymarket.com/event/will-mohammad-khatami-be-head-of-state-in-iran-end-of-2026,https://embed.polymarket.com/market.html?market=will-mohammad-khatami-be-head-of-state-in-iran-end-of-2026&features=volume&theme=light,Will Mohammad Khatami be head of state in Iran end of 2026?,middle-east,,spread 0.001 • TTR 140.9d,5191445.177480999,,0.0,0.0,2026-12-31T00:00:00+00:00,140.902,1,0.001,-0.998,0.0015,0,"[{""name"": ""Top"", ""bestBid"": 0.001, ""bestAsk"": 0.002}]"
2633428,0x659bff8b341ee3f74dfd82b1608bf37dff28501774f25dd48f93076621aa8f8a,us-iran-final-nuclear-deal-by-august-13-2026-20260621201255152,https://polymarket.com/event/us-iran-final-nuclear-deal-by-august-13-2026-20260621201255152,https://embed.polymarket.com/market.html?market=us-iran-final-nuclear-deal-by-august-13-2026-20260621201255152&features=volume&theme=light,"US-Iran Final Nuclear Deal by August 13, 2026?",iran,,"24h $21,183 • spread 0.001 • TTR 1.9d",1114390.4100339997,21183.76,0.0,0.0,2026-08-13T23:59:00+00:00,1.901,1,0.001,-0.998,0.0015,0,"[{""name"": ""Top"", ""bestBid"": 0.001, ""bestAsk"": 0.002}]"
601833,0xae7dd99bf126b033b77af2553a98b97e1190fd7bdddd5a792ca2791ae23e4d13,will-tereza-cristina-win-the-2026-brazilian-presidential-election,https://polymarket.com/event/will-tereza-cristina-win-the-2026-brazilian-presidential-election,https://embed.polymarket.com/market.html?market=will-tereza-cristina-win-the-2026-brazilian-presidential-election&features=volume&theme=light,Will Tereza Cristina win the 2026 Brazilian presidential election?,politics,,"24h $2,973 • spread 0.001 • TTR 52.9d",3537010.585596,2973.43,0.0,0.0,2026-10-04T00:00:00+00:00,52.902,1,0.001,-0.998,0.0015,0,"[{""name"": ""Top"", ""bestBid"": 0.001, ""bestAsk"": 0.002}]"
561262,0x9eb7ac1524fdacb46ceb8758454f0004c7b117eae76e6295852643644bb862c1,will-james-talarico-win-the-2028-us-presidential-election,https://polymarket.com/event/will-james-talarico-win-the-2028-us-presidential-election,https://embed.polymarket.com/market.html?market=will-james-talarico-win-the-2028-us-presidential-election&features=volume&theme=light,Will James Talarico win the 2028 US Presidential Election?,president,,24h $289 • spread 0.001 • TTR 817.9d,6728180.044507996,289.52,0.0,0.0,2028-11-07T00:00:00+00:00,817.902,1,0.001,-0.995,0.0045,0,"[{""name"": ""Top"", ""bestBid"": 0.004, ""bestAsk"": 0.005}]"
1107582,0x3de0f3d7d7efb40cde68e814d40a0b232832083653c8e78260eb999baa967de0,us-strike-on-cuba-by-december-31,https://polymarket.com/event/us-strike-on-cuba-by-december-31,https://embed.polymarket.com/market.html?market=us-strike-on-cuba-by-december-31&features=volume&theme=light,US strike on Cuba by December 31?,cuba,,"24h $3,154 • spread 0.010 • TTR 140.9d",5076231.401695998,3154.99,0.0,0.0,2026-12-31T00:00:00+00:00,140.902,1,0.01,-0.8,0.195,0,"[{""name"": ""Top"", ""bestBid"": 0.19, ""bestAsk"": 0.2}]"
562004,0x17902b9490c6a73152772316b4705935c5c6801ba269f2afc81686532e34fb9a,will-marjorie-taylor-greene-win-the-2028-republican-presidential-nomination,https://polymarket.com/event/will-marjorie-taylor-greene-win-the-2028-republican-presidential-nomination,https://embed.polymarket.com/market.html?market=will-marjorie-taylor-greene-win-the-2028-republican-presidential-nomination&features=volume&theme=light,Will Marjorie Taylor Greene win the 2028 Republican presidential nomination?,united-states,,24h $77 • spread 0.001 • TTR 817.9d,6683910.175540001,77.28,0.0,0.0,2028-11-07T00:00:00+00:00,817.902,1,0.001,-0.994,0.0055,0,"[{""name"": ""Top"", ""bestBid"": 0.005, ""bestAsk"": 0.006}]"
616913,0x1adf074e048fa613f4ddbc0766088748a48d120a3a713b0183e219032a411ae3,will-11-fed-rate-cuts-happen-in-2026,https://polymarket.com/event/will-11-fed-rate-cuts-happen-in-2026,https://embed.polymarket.com/market.html?market=will-11-fed-rate-cuts-happen-in-2026&features=volume&theme=light,Will 11 Fed rate cuts happen in 2026?,rewards-200-4pt5-50,,"24h $3,716 • spread 0.001 • TTR 140.9d",5037811.751101,3716.49,0.0,0.0,2026-12-31T00:00:00+00:00,140.902,1,0.001,-0.998,0.0015,0,"[{""name"": ""Top"", ""bestBid"": 0.001, ""bestAsk"": 0.002}]"
701501,0x752fa61c93f16c4b15e85b0bd438d9c684176b0ea7b319a84c8aca34616e8a8c,will-bitcoin-dip-to-55000-by-december-31-2026-527-627-868-745-188-361-314-673-612-946-821-624-855-557-684-381-884-939-182-939-516,https://polymarket.com/event/will-bitcoin-dip-to-55000-by-december-31-2026-527-627-868-745-188-361-314-673-612-946-821-624-855-557-684-381-884-939-182-939-516,https://embed.polymarket.com/market.html?market=will-bitcoin-dip-to-55000-by-december-31-2026-527-627-868-745-188-361-314-673-612-946-821-624-855-557-684-381-884-939-182-939-516&features=volume&theme=light,"Will Bitcoin dip to $55,000 by December 31, 2026?",bitcoin,,"24h $6,865 • spread 0.010 • TTR 142.1d • ~50% mid",5015702.610952002,6865.81,-0.01,-1.7391,2027-01-01T05:00:00+00:00,142.11,1,0.01,-0.43,0.565,1,"[{""name"": ""Top"", ""bestBid"": 0.56, ""bestAsk"": 0.57}]"
679041,0x3a8209fbd45fef3be23fb3480eb1c961c85f7bdd07d4a3391f5949252156c594,will-franois-bayrou-win-the-2027-french-presidential-election,https://polymarket.com/event/will-franois-bayrou-win-the-2027-french-presidential-election,https://embed.polymarket.com/market.html?market=will-franois-bayrou-win-the-2027-french-presidential-election&features=volume&theme=light,Will François Bayrou win the 2027 French presidential election?,french-election,,"24h $4,275 • spread 0.001 • TTR 260.9d",5752823.996652001,4275.04,0.0,0.0,2027-04-30T00:00:00+00:00,260.902,1,0.001,-0.998,0.0015,0,"[{""name"": ""Top"", ""bestBid"": 0.001, ""bestAsk"": 0.002}]"
562803,0x4e4f77e7dbf4cab666e9a1943674d7ae66348e862df03ea6f44b11eb95731928,will-the-republican-party-control-the-house-after-the-2026-midterm-elections,https://polymarket.com/event/will-the-republican-party-control-the-house-after-the-2026-midterm-elections,https://embed.polymarket.com/market.html?market=will-the-republican-party-control-the-house-after-the-2026-midterm-elections&features=volume&theme=light,Will the Republican Party control the House after the 2026 Midterm elections?,parent-for-derivative,,"24h $6,675 • spread 0.010 • TTR 82.9d",4123123.233905,6675.49,0.0,0.0,2026-11-03T00:00:00+00:00,82.902,1,0.01,-0.87,0.125,0,"[{""name"": ""Top"", ""bestBid"": 0.12, ""bestAsk"": 0.13}]"
1057916,0xa885bfe10688056a9d0f4e9a1523bfa18f66fda065f0400d714ba54776083713,will-bitcoin-dip-to-15000-by-december-31-2026-416-954-417-853-885-363-335-458-585-275-615-269-479-379-516-218-918-374-598-429-212,https://polymarket.com/event/will-bitcoin-dip-to-15000-by-december-31-2026-416-954-417-853-885-363-335-458-585-275-615-269-479-379-516-218-918-374-598-429-212,https://embed.polymarket.com/market.html?market=will-bitcoin-dip-to-15000-by-december-31-2026-416-954-417-853-885-363-335-458-585-275-615-269-479-379-516-218-918-374-598-429-212&features=volume&theme=light,"Will Bitcoin dip to $15,000 by December 31, 2026?",bitcoin,,24h $424 • spread 0.001 • TTR 142.1d,4921406.759386003,424.63,0.0,0.0,2027-01-01T05:00:00+00:00,142.11,1,0.001,-0.977,0.0225,0,"[{""name"": ""Top"", ""bestBid"": 0.022, ""bestAsk"": 0.023}]"
616912,0x757c144993b3cb831e04c42bfcff8c18864c7da4f4688a5939d2f62e031cbc87,will-10-fed-rate-cuts-happen-in-2026,https://polymarket.com/event/will-10-fed-rate-cuts-happen-in-2026,https://embed.polymarket.com/market.html?market=will-10-fed-rate-cuts-happen-in-2026&features=volume&theme=light,Will 10 Fed rate cuts happen in 2026?,rewards-200-4pt5-50,,"24h $11,356 • spread 0.001 • TTR 140.9d",4871090.660516,11356.5,0.0,0.0,2026-12-31T00:00:00+00:00,140.902,1,0.001,-0.998,0.0015,0,"[{""name"": ""Top"", ""bestBid"": 0.001, ""bestAsk"": 0.002}]"
679043,0xfd431e070263b5f24e43a8fc44532bf41aa008d99cab2330d979913b1c580bd2,will-yal-braun-pivet-win-the-2027-french-presidential-election,https://polymarket.com/event/will-yal-braun-pivet-win-the-2027-french-presidential-election,https://embed.polymarket.com/market.html?market=will-yal-braun-pivet-win-the-2027-french-presidential-election&features=volume&theme=light,Will Yaël Braun-Pivet win the 2027 French presidential election?,french-election,,"24h $4,561 • spread 0.001 • TTR 260.9d",5541523.645579002,4561.83,0.0,0.0,2027-04-30T00:00:00+00:00,260.902,1,0.001,-0.998,0.0015,0,"[{""name"": ""Top"", ""bestBid"": 0.001, ""bestAsk"": 0.002}]"
679036,0xaba4bb720c6c1b2e48087f5af4a57fd1e9f05814a936e9f6b1c37f10436a34fc,will-franois-asselineau-win-the-2027-french-presidential-election,https://polymarket.com/event/will-franois-asselineau-win-the-2027-french-presidential-election,https://embed.polymarket.com/market.html?market=will-franois-asselineau-win-the-2027-french-presidential-election&features=volume&theme=light,Will François Asselineau win the 2027 French presidential election?,french-election,,"24h $2,422 • spread 0.001 • TTR 260.9d",5526997.605117,2422.06,0.0,0.0,2027-04-30T00:00:00+00:00,260.902,1,0.001,-0.998,0.0015,0,"[{""name"": ""Top"", ""bestBid"": 0.001, ""bestAsk"": 0.002}]"
1130015,0x8c48f3acf4177b5ceb012a8a2dc7a9c219eeae4a032d6ddcbc3c2ffab907439a,will-the-liberal-democratic-party-of-russia-ldpr-gain-the-most-seats-in-the-next-russian-parliamentary-election,https://polymarket.com/event/will-the-liberal-democratic-party-of-russia-ldpr-gain-the-most-seats-in-the-next-russian-parliamentary-election,https://embed.polymarket.com/market.html?market=will-the-liberal-democratic-party-of-russia-ldpr-gain-the-most-seats-in-the-next-russian-parliamentary-election&features=volume&theme=light,Will the Liberal Democratic Party of Russia (LDPR) gain the most seats in the next Russian parliamentary election?,politics,,"24h $14,910 • spread 0.003 • TTR 48.9d",3147626.4642939987,14910.4,-0.003,-5.4054,2026-09-30T00:00:00+00:00,48.902,1,0.003,-0.946,0.0525,0,"[{""name"": ""Top"", ""bestBid"": 0.051, ""bestAsk"": 0.054}]"
1144471,0x3b0107a80edd066fe987784d7ab5963c177888433efbec10689951c17320606c,will-satoshi-move-any-bitcoin-in-2026,https://polymarket.com/event/will-satoshi-move-any-bitcoin-in-2026,https://embed.polymarket.com/market.html?market=will-satoshi-move-any-bitcoin-in-2026&features=volume&theme=light,Will Satoshi move any Bitcoin in 2026?,crypto-culture,,"24h $1,359 • spread 0.001 • TTR 142.1d",4719569.103545,1359.54,0.0,0.0,2027-01-01T05:00:00+00:00,142.11,1,0.001,-0.952,0.0475,0,"[{""name"": ""Top"", ""bestBid"": 0.047, ""bestAsk"": 0.048}]"
679035,0x34ed4ad7a7825f168e1084f53e8f60a161579d783b2740e50aa52f710925a136,will-sgolne-royal-win-the-2027-french-presidential-election,https://polymarket.com/event/will-sgolne-royal-win-the-2027-french-presidential-election,https://embed.polymarket.com/market.html?market=will-sgolne-royal-win-the-2027-french-presidential-election&features=volume&theme=light,Will Ségolène Royal win the 2027 French presidential election?,french-election,,"24h $3,227 • spread 0.001 • TTR 260.9d",5311321.328023997,3227.2,0.0,0.0,2027-04-30T00:00:00+00:00,260.902,1,0.001,-0.998,0.0015,0,"[{""name"": ""Top"", ""bestBid"": 0.001, ""bestAsk"": 0.002}]"
679042,0x0b298ab2b2cad3308d486c804985c1ede7ea949bde363f44784a3b2a460be788,will-lisabeth-borne-win-the-2027-french-presidential-election,https://polymarket.com/event/will-lisabeth-borne-win-the-2027-french-presidential-election,https://embed.polymarket.com/market.html?market=will-lisabeth-borne-win-the-2027-french-presidential-election&features=volume&theme=light,Will Élisabeth Borne win the 2027 French presidential election?,french-election,,"24h $2,287 • spread 0.001 • TTR 260.9d",5282972.151540999,2287.68,0.0,0.0,2027-04-30T00:00:00+00:00,260.902,1,0.001,-0.998,0.0015,0,"[{""name"": ""Top"", ""bestBid"": 0.001, ""bestAsk"": 0.002}]"
562005,0x24258776d0a926b4550b0f213267b95ba0a7741fc972d0b3c2b5f6bf8ced2c50,will-thomas-massie-win-the-2028-republican-presidential-nomination,https://polymarket.com/event/will-thomas-massie-win-the-2028-republican-presidential-nomination,https://embed.polymarket.com/market.html?market=will-thomas-massie-win-the-2028-republican-presidential-nomination&features=volume&theme=light,Will Thomas Massie win the 2028 Republican presidential nomination?,united-states,,"24h $3,521 • spread 0.001 • TTR 817.9d",5990977.969703,3521.7,0.0,0.0,2028-11-07T00:00:00+00:00,817.902,1,0.001,-0.992,0.0075,0,"[{""name"": ""Top"", ""bestBid"": 0.007, ""bestAsk"": 0.008}]"
2774057,0xa08a5ce99e14ce0b22767af6f16c08a2ab012249444c20887193a9a3e98e11fc,strait-of-hormuz-traffic-returns-to-normal-by-september-30-20260702154339440,https://polymarket.com/event/strait-of-hormuz-traffic-returns-to-normal-by-september-30-20260702154339440,https://embed.polymarket.com/market.html?market=strait-of-hormuz-traffic-returns-to-normal-by-september-30-20260702154339440&features=volume&theme=light,Strait of Hormuz traffic returns to normal by September 30?,oil,,"24h $375,406 • spread 0.010 • TTR 48.9d",2970308.5428329995,375406.72,0.02,13.7931,2026-09-30T00:00:00+00:00,48.902,1,0.01,-0.83,0.165,0,"[{""name"": ""Top"", ""bestBid"": 0.16, ""bestAsk"": 0.17}]"
679023,0x06a27c2810eaca94b53e7a17f15ad47761399ba445a6b02039b2679da203262d,will-xavier-bertrand-win-the-2027-french-presidential-election,https://polymarket.com/event/will-xavier-bertrand-win-the-2027-french-presidential-election,https://embed.polymarket.com/market.html?market=will-xavier-bertrand-win-the-2027-french-presidential-election&features=volume&theme=light,Will Xavier Bertrand win the 2027 French presidential election?,french-election,,"24h $2,502 • spread 0.001 • TTR 260.9d",5154274.220697003,2502.04,0.0,0.0,2027-04-30T00:00:00+00:00,260.902,1,0.001,-0.998,0.0015,0,"[{""name"": ""Top"", ""bestBid"": 0.001, ""bestAsk"": 0.002}]"
679039,0x6ccebbc57547f8b777aa4ef70a452bb5034055d183131a9b6db47fd8d0777921,will-michel-barnier-win-the-2027-french-presidential-election,https://polymarket.com/event/will-michel-barnier-win-the-2027-french-presidential-election,https://embed.polymarket.com/market.html?market=will-michel-barnier-win-the-2027-french-presidential-election&features=volume&theme=light,Will Michel Barnier win the 2027 French presidential election?,french-election,,"24h $4,427 • spread 0.001 • TTR 260.9d",5082704.917184,4427.76,0.0,0.0,2027-04-30T00:00:00+00:00,260.902,1,0.001,-0.997,0.0025,0,"[{""name"": ""Top"", ""bestBid"": 0.002, ""bestAsk"": 0.003}]"
2663611,0x518df6d694ad4658fe6c284850c029c6f00c9b3609cf05f7757d1fecba1641f8,us-iran-60-day-negotiation-period-extended-20260624044855448,https://polymarket.com/event/us-iran-60-day-negotiation-period-extended-20260624044855448,https://embed.polymarket.com/market.html?market=us-iran-60-day-negotiation-period-extended-20260624044855448&features=volume&theme=light,US-Iran 60 day negotiation period extended?,iran,,"24h $62,973 • spread 0.010 • TTR 8.9d",1323797.209471,62973.78,0.02,7.5472,2026-08-20T23:59:00+00:00,8.901,1,0.01,-0.71,0.285,0,"[{""name"": ""Top"", ""bestBid"": 0.28, ""bestAsk"": 0.29}]"
648383,0x9345d5142a67f5541264c96515496affee02580f1c572680759eac9fd2a1588a,billionaire-one-time-wealth-tax-passes-in-california-election-2026,https://polymarket.com/event/billionaire-one-time-wealth-tax-passes-in-california-election-2026,https://embed.polymarket.com/market.html?market=billionaire-one-time-wealth-tax-passes-in-california-election-2026&features=volume&theme=light,Billionaire one-time wealth tax passes in California election 2026?,taxes,,24h $466 • spread 0.010 • TTR 82.9d,3621737.893529002,466.34,0.0,0.0,2026-11-03T00:00:00+00:00,82.902,1,0.01,-0.69,0.305,0,"[{""name"": ""Top"", ""bestBid"": 0.3, ""bestAsk"": 0.31}]"
679033,0xbac8d3ca6cc7297022850562d9d66669d5e0a112767337f8a5955417f1984b54,will-olivier-faure-win-the-2027-french-presidential-election,https://polymarket.com/event/will-olivier-faure-win-the-2027-french-presidential-election,https://embed.polymarket.com/market.html?market=will-olivier-faure-win-the-2027-french-presidential-election&features=volume&theme=light,Will Olivier Faure win the 2027 French presidential election?,french-election,,"24h $5,015 • spread 0.001 • TTR 260.9d",5007772.368115,5015.15,0.0,0.0,2027-04-30T00:00:00+00:00,260.902,1,0.001,-0.997,0.0025,0,"[{""name"": ""Top"", ""bestBid"": 0.002, ""bestAsk"": 0.003}]"
1357388,0x6c9407f7841e7507ba435d540af237d742674ba05bac48998cf94f4b7ef5d909,will-the-los-angeles-chargers-win-the-2027-nfl-league-championship,https://polymarket.com/event/will-the-los-angeles-chargers-win-the-2027-nfl-league-championship,https://embed.polymarket.com/market.html?market=will-the-los-angeles-chargers-win-the-2027-nfl-league-championship&features=volume&theme=light,Will the Los Angeles Chargers win the 2027 NFL league championship?,sports,,"24h $3,158 • spread 0.001 • TTR 231.9d",4785400.807800999,3158.62,-0.001,-2.0619,2027-03-31T23:55:00+00:00,231.899,1,0.001,-0.952,0.0475,0,"[{""name"": ""Top"", ""bestBid"": 0.047, ""bestAsk"": 0.048}]"
898412,0xcd2640464754b9a894ffec98ac11554fdd507ea89ca01237eabb3a6de4a606e6,will-kimi-antonelli-be-the-2026-f1-drivers-champion,https://polymarket.com/event/will-kimi-antonelli-be-the-2026-f1-drivers-champion,https://embed.polymarket.com/market.html?market=will-kimi-antonelli-be-the-2026-f1-drivers-champion&features=volume&theme=light,Will Kimi Antonelli be the 2026 F1 Drivers' Champion?,sports,,24h $424 • spread 0.001 • TTR 115.9d,3962517.1566060004,424.38,0.002,0.2694,2026-12-06T00:00:00+00:00,115.902,1,0.001,-0.255,0.7445,0,"[{""name"": ""Top"", ""bestBid"": 0.744, ""bestAsk"": 0.745}]"
616911,0x4ec6fcb43fe1a32163c7da09d54a99ab9bf6abdc6fd49939d7ad67d696a3248b,will-9-fed-rate-cuts-happen-in-2026,https://polymarket.com/event/will-9-fed-rate-cuts-happen-in-2026,https://embed.polymarket.com/market.html?market=will-9-fed-rate-cuts-happen-in-2026&features=volume&theme=light,Will 9 Fed rate cuts happen in 2026?,rewards-200-4pt5-50,,24h $511 • spread 0.001 • TTR 140.9d,4161929.491518,511.06,0.0,0.0,2026-12-31T00:00:00+00:00,140.902,1,0.001,-0.998,0.0015,0,"[{""name"": ""Top"", ""bestBid"": 0.001, ""bestAsk"": 0.002}]"
679037,0x2bf80d93be42dac6c1b03298b5ec329a4b9f87b689c7892d544d1029f3a0caf0,will-clmentine-autain-win-the-2027-french-presidential-election,https://polymarket.com/event/will-clmentine-autain-win-the-2027-french-presidential-election,https://embed.polymarket.com/market.html?market=will-clmentine-autain-win-the-2027-french-presidential-election&features=volume&theme=light,Will Clémentine Autain win the 2027 French presidential election?,french-election,,"24h $3,391 • spread 0.001 • TTR 260.9d",4771990.270528002,3391.43,0.0,0.0,2027-04-30T00:00:00+00:00,260.902,1,0.001,-0.998,0.0015,0,"[{""name"": ""Top"", ""bestBid"": 0.001, ""bestAsk"": 0.002}]"
1105753,0x1198bf982483cc6f0a3d3de63d7703117ed19c5b5a9474541a2a3b6b0b5e51f3,will-dan-caine-be-the-leader-of-venezuela-end-of-2026,https://polymarket.com/event/will-dan-caine-be-the-leader-of-venezuela-end-of-2026,https://embed.polymarket.com/market.html?market=will-dan-caine-be-the-leader-of-venezuela-end-of-2026&features=volume&theme=light,Will Dan Caine be the leader of Venezuela end of 2026?,trump-machado,,TTR 140.9d,4113078.7750409995,,0.0,0.0,2026-12-31T00:00:00+00:00,140.902,1,,-0.999,,0,"[{""name"": ""Top"", ""bestBid"": null, ""bestAsk"": 0.001}]"
561261,0x61600d487069f99e775307a0655c1a79f26e4fc6d8d1ba66790c64d78d0beba2,will-jon-ossoff-win-the-2028-us-presidential-election,https://polymarket.com/event/will-jon-ossoff-win-the-2028-us-presidential-election,https://embed.polymarket.com/market.html?market=will-jon-ossoff-win-the-2028-us-presidential-election&features=volume&theme=light,Will Jon Ossoff win the 2028 US Presidential Election?,president,,"24h $4,463 • spread 0.001 • TTR 817.9d",5371494.902224,4463.15,0.0,0.0,2028-11-07T00:00:00+00:00,817.902,1,0.001,-0.904,0.0955,0,"[{""name"": ""Top"", ""bestBid"": 0.095, ""bestAsk"": 0.096}]"
898663,0x336ee35845099e7d11fa2edbe417ef7791507130689f0f71a35ecc7480807404,will-williams-be-the-2026-f1-constructors-champion,https://polymarket.com/event/will-williams-be-the-2026-f1-constructors-champion,https://embed.polymarket.com/market.html?market=will-williams-be-the-2026-f1-constructors-champion&features=volume&theme=light,Will Williams be the 2026 F1 Constructors' Champion?,formula1,,TTR 115.9d,3808173.692617894,,0.0,0.0,2026-12-06T00:00:00+00:00,115.902,1,,-0.999,,0,"[{""name"": ""Top"", ""bestBid"": null, ""bestAsk"": 0.001}]"
701502,0x024b68f77bfc019341ee3db8f57c103334e4b9430bba4746d8c94aafd8b36fee,will-bitcoin-dip-to-45000-by-december-31-2026-674-923-755-971-998-525-926-245-316-517-544-589-965-923-986-841-815-224-586-231-289-533-573,https://polymarket.com/event/will-bitcoin-dip-to-45000-by-december-31-2026-674-923-755-971-998-525-926-245-316-517-544-589-965-923-986-841-815-224-586-231-289-533-573,https://embed.polymarket.com/market.html?market=will-bitcoin-dip-to-45000-by-december-31-2026-674-923-755-971-998-525-926-245-316-517-544-589-965-923-986-841-815-224-586-231-289-533-573&features=volume&theme=light,"Will Bitcoin dip to $45,000 by December 31, 2026?",bitcoin,,"24h $15,548 • spread 0.010 • TTR 142.1d",4047400.293037001,15548.7,-0.015,-5.7692,2027-01-01T05:00:00+00:00,142.11,1,0.01,-0.75,0.245,0,"[{""name"": ""Top"", ""bestBid"": 0.24, ""bestAsk"": 0.25}]"
2911874,0x31327c6fbdc70a44d97f8e8973f536b6a748e01b4c0ca5549ed0910c703b1d7b,bab-el-mandeb-strait-effectively-closed-by-august-31,https://polymarket.com/event/bab-el-mandeb-strait-effectively-closed-by-august-31,https://embed.polymarket.com/market.html?market=bab-el-mandeb-strait-effectively-closed-by-august-31&features=volume&theme=light,Bab el-Mandeb Strait effectively closed by August 31?,politics,,"24h $90,701 • spread 0.003 • TTR 18.9d",1678044.6563569999,90701.59,0.0005,1.1628,2026-08-31T00:00:00+00:00,18.902,1,0.003,-0.955,0.0435,0,"[{""name"": ""Top"", ""bestBid"": 0.042, ""bestAsk"": 0.045}]"
679048,0xa6c3848b7861841cc9d93a5c2c1d26b3f44e0298a49889968a627214a2b177ae,will-manuel-bompard-win-the-2027-french-presidential-election,https://polymarket.com/event/will-manuel-bompard-win-the-2027-french-presidential-election,https://embed.polymarket.com/market.html?market=will-manuel-bompard-win-the-2027-french-presidential-election&features=volume&theme=light,Will Manuel Bompard win the 2027 French presidential election?,french-election,,"24h $2,857 • spread 0.001 • TTR 260.9d",4651979.9362630015,2857.72,0.0,0.0,2027-04-30T00:00:00+00:00,260.902,1,0.001,-0.998,0.0015,0,"[{""name"": ""Top"", ""bestBid"": 0.001, ""bestAsk"": 0.002}]"
608547,0x12dc2b61723b2a54fc1947a307389b5f32038e7a29a0e936ad1fe410b969d06a,will-harry-kane-win-the-2026-ballon-dor,https://polymarket.com/event/will-harry-kane-win-the-2026-ballon-dor,https://embed.polymarket.com/market.html?market=will-harry-kane-win-the-2026-ballon-dor&features=volume&theme=light,Will Harry Kane win the 2026 Ballon d'Or?,soccer,,"24h $21,489 • spread 0.001 • TTR 79.9d • ~50% mid",3271922.8461419963,21489.07,0.018,3.1332,2026-10-31T00:00:00+00:00,79.902,1,0.001,-0.407,0.5925,1,"[{""name"": ""Top"", ""bestBid"": 0.592, ""bestAsk"": 0.593}]"
789953,0x8aaaca6ea5c037d3cdfe85272ab9029b7165694dcae8af0de5071f01a1a944f0,will-afd-win-the-most-seats-in-the-2026-berlin-state-elections,https://polymarket.com/event/will-afd-win-the-most-seats-in-the-2026-berlin-state-elections,https://embed.polymarket.com/market.html?market=will-afd-win-the-most-seats-in-the-2026-berlin-state-elections&features=volume&theme=light,Will AfD win the most seats in the 2026 Berlin state elections?,world-elections,,"24h $1,358 • spread 0.001 • TTR 38.9d",2358162.342263,1358.4,0.0045,2.6012,2026-09-20T00:00:00+00:00,38.902,1,0.001,-0.822,0.1775,0,"[{""name"": ""Top"", ""bestBid"": 0.177, ""bestAsk"": 0.178}]"
1535973,0x377e7fe65cf198a7fc4fdae3f2136b74729279267858daaf96718b23bc2a5607,iran-leadership-change-by-december-31-974-976-658-482-568-685-996-469-827,https://polymarket.com/event/iran-leadership-change-by-december-31-974-976-658-482-568-685-996-469-827,https://embed.polymarket.com/market.html?market=iran-leadership-change-by-december-31-974-976-658-482-568-685-996-469-827&features=volume&theme=light,Iran leadership change by December 31?,politics,,"24h $4,397 • spread 0.010 • TTR 140.9d",3961500.228532,4397.8,-0.01,-5.1282,2026-12-31T00:00:00+00:00,140.902,1,0.01,-0.81,0.185,0,"[{""name"": ""Top"", ""bestBid"": 0.18, ""bestAsk"": 0.19}]"
679046,0xcd050c1af02067e33e03861ff6f67c1c85def8bf4bd196256e6d2b178509533b,will-carole-delga-win-the-2027-french-presidential-election,https://polymarket.com/event/will-carole-delga-win-the-2027-french-presidential-election,https://embed.polymarket.com/market.html?market=will-carole-delga-win-the-2027-french-presidential-election&features=volume&theme=light,Will Carole Delga win the 2027 French presidential election?,french-election,,"24h $2,733 • spread 0.001 • TTR 260.9d",4571214.770387001,2733.83,0.0,0.0,2027-04-30T00:00:00+00:00,260.902,1,0.001,-0.998,0.0015,0,"[{""name"": ""Top"", ""bestBid"": 0.001, ""bestAsk"": 0.002}]"
679038,0x637a2423461f5b531fef314e1e14982b80819de217e32f4f96653caa8af2c47a,will-nicolas-dupont-aignan-win-the-2027-french-presidential-election,https://polymarket.com/event/will-nicolas-dupont-aignan-win-the-2027-french-presidential-election,https://embed.polymarket.com/market.html?market=will-nicolas-dupont-aignan-win-the-2027-french-presidential-election&features=volume&theme=light,Will Nicolas Dupont-Aignan win the 2027 French presidential election?,french-election,,"24h $2,358 • spread 0.001 • TTR 260.9d",4554394.838842999,2358.47,0.0,0.0,2027-04-30T00:00:00+00:00,260.902,1,0.001,-0.998,0.0015,0,"[{""name"": ""Top"", ""bestBid"": 0.001, ""bestAsk"": 0.002}]"
898669,0x0bd8a57fe56926b10c34052d3d8581db3354b257b150e43301f4bb94913c2d85,will-cadillac-be-the-2026-f1-constructors-champion,https://polymarket.com/event/will-cadillac-be-the-2026-f1-constructors-champion,https://embed.polymarket.com/market.html?market=will-cadillac-be-the-2026-f1-constructors-champion&features=volume&theme=light,Will Cadillac be the 2026 F1 Constructors' Champion?,formula1,,24h $10 • TTR 115.9d,3708657.8670529993,10.31,0.0,0.0,2026-12-06T00:00:00+00:00,115.902,1,,-0.999,,0,"[{""name"": ""Top"", ""bestBid"": null, ""bestAsk"": 0.001}]"
616908,0x4914bfdd892a48c341b5e0f41ec10475a815f2277273110b16f95e21084bfe75,will-6-fed-rate-cuts-happen-in-2026,https://polymarket.com/event/will-6-fed-rate-cuts-happen-in-2026,https://embed.polymarket.com/market.html?market=will-6-fed-rate-cuts-happen-in-2026&features=volume&theme=light,Will 6 Fed rate cuts happen in 2026?,rewards-200-4pt5-50,,"24h $2,933 • spread 0.001 • TTR 140.9d",3904929.624991998,2933.36,0.0,0.0,2026-12-31T00:00:00+00:00,140.902,1,0.001,-0.997,0.0025,0,"[{""name"": ""Top"", ""bestBid"": 0.002, ""bestAsk"": 0.003}]"
2937527,0x61c2b9e70f7fdf3441fd1cfa2c8fa93308fefe3f5ecc2db87c393efab3a207a3,us-x-iran-effective-ceasfire-by-august-31-20260715194822047,https://polymarket.com/event/us-x-iran-effective-ceasfire-by-august-31-20260715194822047,https://embed.polymarket.com/market.html?market=us-x-iran-effective-ceasfire-by-august-31-20260715194822047&features=volume&theme=light,US x Iran Effective Ceasefire by August 31?,iran,,"24h $71,932 • spread 0.008 • TTR 19.9d",1666025.2410139998,71932.03,0.029,3.0688,2026-08-31T23:59:00+00:00,19.901,1,0.008,-0.022,0.974,0,"[{""name"": ""Top"", ""bestBid"": 0.97, ""bestAsk"": 0.978}]"
2977247,0xdbaa19c72378f7eb2fc01c0b40404857a1b1e68e3561ce5bbe792a24ce79377e,israel-closes-its-airspace-by-august-15,https://polymarket.com/event/israel-closes-its-airspace-by-august-15,https://embed.polymarket.com/market.html?market=israel-closes-its-airspace-by-august-15&features=volume&theme=light,Israel closes its airspace by August 15?,politics,,"24h $21,652 • spread 0.001 • TTR 2.9d",879992.7801459999,21652.39,0.0005,2.0833,2026-08-15T00:00:00+00:00,2.902,1,0.001,-0.975,0.0245,0,"[{""name"": ""Top"", ""bestBid"": 0.024, ""bestAsk"": 0.025}]"
2952493,0xc1556ecbe613e403dfb9e38bf1b25a8aee2aa1687f2b343bc896dd2c9763ed74,israel-x-iran-ceasefire-continues-through-august-31-20260716224448970-754-896-823,https://polymarket.com/event/israel-x-iran-ceasefire-continues-through-august-31-20260716224448970-754-896-823,https://embed.polymarket.com/market.html?market=israel-x-iran-ceasefire-continues-through-august-31-20260716224448970-754-896-823&features=volume&theme=light,Israel x Iran ceasefire continues through August 31?,iran,,"24h $40,923 • spread 0.010 • TTR 19.9d",1602393.4822850002,40923.02,0.02,2.3121,2026-08-31T23:59:00+00:00,19.901,1,0.01,-0.11,0.885,0,"[{""name"": ""Top"", ""bestBid"": 0.88, ""bestAsk"": 0.89}]"
616914,0xffa0accb74987c0dc33a70eb3780c1da160206bcfb3ef5d16c1667bc5c459c78,will-12-or-more-fed-rate-cuts-happen-in-2026,https://polymarket.com/event/will-12-or-more-fed-rate-cuts-happen-in-2026,https://embed.polymarket.com/market.html?market=will-12-or-more-fed-rate-cuts-happen-in-2026&features=volume&theme=light,Will 12 or more Fed rate cuts happen in 2026?,rewards-200-4pt5-50,,"24h $1,652 • spread 0.001 • TTR 140.9d",3715573.085919999,1652.02,0.0,0.0,2026-12-31T00:00:00+00:00,140.902,1,0.001,-0.997,0.0025,0,"[{""name"": ""Top"", ""bestBid"": 0.002, ""bestAsk"": 0.003}]"
1469743,0x821f357da390a32347e4df0c3fb0aa4a8eadf4af72730c8dc7a7f1ab58798a02,will-seyed-hossein-mousavian-be-head-of-state-in-iran-end-of-2026,https://polymarket.com/event/will-seyed-hossein-mousavian-be-head-of-state-in-iran-end-of-2026,https://embed.polymarket.com/market.html?market=will-seyed-hossein-mousavian-be-head-of-state-in-iran-end-of-2026&features=volume&theme=light,Will Seyed Hossein Mousavian be head of state in Iran end of 2026?,middle-east,,spread 0.001 • TTR 140.9d,3693626.6212150007,,0.0,0.0,2026-12-31T00:00:00+00:00,140.902,1,0.001,-0.998,0.0015,0,"[{""name"": ""Top"", ""bestBid"": 0.001, ""bestAsk"": 0.002}]"
898668,0xa6c8d7d0d25f27f1b6ecadd74be78256bf7c248d9d7c6fb9bc42d2059cfdca4f,will-alpine-be-the-2026-f1-constructors-champion,https://polymarket.com/event/will-alpine-be-the-2026-f1-constructors-champion,https://embed.polymarket.com/market.html?market=will-alpine-be-the-2026-f1-constructors-champion&features=volume&theme=light,Will Alpine be the 2026 F1 Constructors' Champion?,formula1,,TTR 115.9d,3349930.486012963,,0.0,0.0,2026-12-06T00:00:00+00:00,115.902,1,,-0.999,,0,"[{""name"": ""Top"", ""bestBid"": null, ""bestAsk"": 0.001}]"
898666,0x115401967f653200b41852811453cb5aac5052f339af0a63920fb84e6485f316,will-haas-be-the-2026-f1-constructors-champion,https://polymarket.com/event/will-haas-be-the-2026-f1-constructors-champion,https://embed.polymarket.com/market.html?market=will-haas-be-the-2026-f1-constructors-champion&features=volume&theme=light,Will Haas be the 2026 F1 Constructors' Champion?,formula1,,TTR 115.9d,3317067.244211001,,0.0,0.0,2026-12-06T00:00:00+00:00,115.902,1,,-0.999,,0,"[{""name"": ""Top"", ""bestBid"": null, ""bestAsk"": 0.001}]"
1130017,0x2636a06ef9192d50bf0100bf8c857cfe346e8b230978056f2857cb69276e5c46,will-rodina-gain-the-most-seats-in-the-next-russian-parliamentary-election,https://polymarket.com/event/will-rodina-gain-the-most-seats-in-the-next-russian-parliamentary-election,https://embed.polymarket.com/market.html?market=will-rodina-gain-the-most-seats-in-the-next-russian-parliamentary-election&features=volume&theme=light,Will Rodina gain the most seats in the next Russian parliamentary election?,politics,,"24h $16,449 • spread 0.001 • TTR 48.9d",2305146.7883749995,16449.8,0.0,0.0,2026-09-30T00:00:00+00:00,48.902,1,0.001,-0.997,0.0025,0,"[{""name"": ""Top"", ""bestBid"": 0.002, ""bestAsk"": 0.003}]"
898667,0x523f29f4370b912f8434eba7726b7dd2e463f252cd14c2b97a2c7f256f0921a6,will-audi-be-the-2026-f1-constructors-champion,https://polymarket.com/event/will-audi-be-the-2026-f1-constructors-champion,https://embed.polymarket.com/market.html?market=will-audi-be-the-2026-f1-constructors-champion&features=volume&theme=light,Will Audi be the 2026 F1 Constructors' Champion?,formula1,,TTR 115.9d,3245193.016027,,0.0,0.0,2026-12-06T00:00:00+00:00,115.902,1,,-0.999,,0,"[{""name"": ""Top"", ""bestBid"": null, ""bestAsk"": 0.001}]"
898664,0xc031351cea755544a76be09c2e884554c04eeea7fc172fb9de2caac4b92fc854,will-racing-bulls-be-the-2026-f1-constructors-champion,https://polymarket.com/event/will-racing-bulls-be-the-2026-f1-constructors-champion,https://embed.polymarket.com/market.html?market=will-racing-bulls-be-the-2026-f1-constructors-champion&features=volume&theme=light,Will Racing Bulls be the 2026 F1 Constructors' Champion?,formula1,,TTR 115.9d,3242273.1482750005,,0.0,0.0,2026-12-06T00:00:00+00:00,115.902,1,,-0.999,,0,"[{""name"": ""Top"", ""bestBid"": null, ""bestAsk"": 0.001}]"
679053,0x1779552bade1ad85d35b2e5128136ea04602f26e2b67b7e1b6f9ec46ea8811d3,will-clmence-guett-win-the-2027-french-presidential-election,https://polymarket.com/event/will-clmence-guett-win-the-2027-french-presidential-election,https://embed.polymarket.com/market.html?market=will-clmence-guett-win-the-2027-french-presidential-election&features=volume&theme=light,Will Clémence Guetté win the 2027 French presidential election?,french-election,,"24h $4,891 • spread 0.001 • TTR 260.9d",3979254.255065,4891.09,0.0,0.0,2027-04-30T00:00:00+00:00,260.902,1,0.001,-0.998,0.0015,0,"[{""name"": ""Top"", ""bestBid"": 0.001, ""bestAsk"": 0.002}]"
898665,0x4d7eeb6b14f64cc6b847a5fea348e78f54a7ebbbf3a8e0df2141c916cc4ee3d3,will-aston-martin-be-the-2026-f1-constructors-champion,https://polymarket.com/event/will-aston-martin-be-the-2026-f1-constructors-champion,https://embed.polymarket.com/market.html?market=will-aston-martin-be-the-2026-f1-constructors-champion&features=volume&theme=light,Will Aston Martin be the 2026 F1 Constructors' Champion?,formula1,,24h $926 • spread 0.001 • TTR 115.9d,3233721.9772869986,926.98,0.0,0.0,2026-12-06T00:00:00+00:00,115.902,1,0.001,-0.998,0.0015,0,"[{""name"": ""Top"", ""bestBid"": 0.001, ""bestAsk"": 0.002}]"
1357400,0x2abc2ca23b04c1d8e170b33f1de93937eec740bf5b3e9309e250f3562f1a166b,will-the-tampa-bay-buccaneers-win-the-2027-nfl-league-championship,https://polymarket.com/event/will-the-tampa-bay-buccaneers-win-the-2027-nfl-league-championship,https://embed.polymarket.com/market.html?market=will-the-tampa-bay-buccaneers-win-the-2027-nfl-league-championship&features=volume&theme=light,Will the Tampa Bay Buccaneers win the 2027 NFL league championship?,sports,,"24h $3,624 • spread 0.001 • TTR 231.9d",3865502.935552,3624.13,0.0,0.0,2027-03-31T23:55:00+00:00,231.899,1,0.001,-0.987,0.0125,0,"[{""name"": ""Top"", ""bestBid"": 0.012, ""bestAsk"": 0.013}]"
601834,0x919c9bc428d2d19400437852066582b11bb7b00ad78529a0069cde76766b9faf,will-helder-barbalho-win-the-2026-brazilian-presidential-election,https://polymarket.com/event/will-helder-barbalho-win-the-2026-brazilian-presidential-election,https://embed.polymarket.com/market.html?market=will-helder-barbalho-win-the-2026-brazilian-presidential-election&features=volume&theme=light,Will Helder Barbalho win the 2026 Brazilian presidential election?,politics,,24h $56 • TTR 52.9d,2347750.1068820003,56.04,0.0,0.0,2026-10-04T00:00:00+00:00,52.902,1,,-0.999,,0,"[{""name"": ""Top"", ""bestBid"": null, ""bestAsk"": 0.001}]"
679032,0x6ad63235931f80951a48f2338956dea7bb70c97f99a7bd03f5f501d6e4673842,will-fabien-roussel-win-the-2027-french-presidential-election,https://polymarket.com/event/will-fabien-roussel-win-the-2027-french-presidential-election,https://embed.polymarket.com/market.html?market=will-fabien-roussel-win-the-2027-french-presidential-election&features=volume&theme=light,Will Fabien Roussel win the 2027 French presidential election?,french-election,,"24h $3,676 • spread 0.001 • TTR 260.9d",3932064.0250080004,3676.2,0.0,0.0,2027-04-30T00:00:00+00:00,260.902,1,0.001,-0.998,0.0015,0,"[{""name"": ""Top"", ""bestBid"": 0.001, ""bestAsk"": 0.002}]"
