id,conditionId,slug,url,embedSrc,question,category,eventId,why,volume,volume24h,momentumDelta24h,momentumPct24h,endDateISO,timeToResolveDays,outcomeCount,avgSpread,underround,binaryMidYes,near50Flag,bestQuotesJSON
1654958,0x8bf1c1536ecb1c08fe13c6b71e8ab1f58bf3461c4cb79f5f1679f869a06aef86,will-there-be-no-change-in-fed-interest-rates-after-the-july-2026-meeting,https://polymarket.com/event/will-there-be-no-change-in-fed-interest-rates-after-the-july-2026-meeting,https://embed.polymarket.com/market.html?market=will-there-be-no-change-in-fed-interest-rates-after-the-july-2026-meeting&features=volume&theme=light,Will there be no change in Fed interest rates after the July 2026 meeting?,economic-policy,,"24h $2,275,617 • spread 0.001 • TTR 0.9d",30645222.967717934,2275617.99,-0.089,-11.1181,2026-07-29T00:00:00+00:00,0.88,1,0.001,-0.288,0.7115,0,"[{""name"": ""Top"", ""bestBid"": 0.711, ""bestAsk"": 0.712}]"
1654959,0xb5c0abeecb5502e6e8d83155c27819174d8317af3c425c3afc5a8c45257a3793,will-the-fed-increase-interest-rates-by-25-bps-after-the-july-2026-meeting,https://polymarket.com/event/will-the-fed-increase-interest-rates-by-25-bps-after-the-july-2026-meeting,https://embed.polymarket.com/market.html?market=will-the-fed-increase-interest-rates-by-25-bps-after-the-july-2026-meeting&features=volume&theme=light,Will the Fed increase interest rates by 25 bps after the July 2026 meeting?,economic-policy,,"24h $1,838,480 • spread 0.002 • TTR 0.9d",20857984.244060438,1838480.69,0.0815,41.9023,2026-07-29T00:00:00+00:00,0.88,1,0.002,-0.718,0.281,0,"[{""name"": ""Top"", ""bestBid"": 0.28, ""bestAsk"": 0.282}]"
1654960,0x2a28cc33492516116690a20d290f9922acbe0ed367ff52a6082154474c7f2971,will-the-fed-increase-interest-rates-by-50-bps-after-the-july-2026-meeting,https://polymarket.com/event/will-the-fed-increase-interest-rates-by-50-bps-after-the-july-2026-meeting,https://embed.polymarket.com/market.html?market=will-the-fed-increase-interest-rates-by-50-bps-after-the-july-2026-meeting&features=volume&theme=light,Will the Fed increase interest rates by 50+ bps after the July 2026 meeting?,economic-policy,,"24h $1,758,390 • spread 0.001 • TTR 0.9d",20564279.123564847,1758390.34,-0.001,-15.3846,2026-07-29T00:00:00+00:00,0.88,1,0.001,-0.994,0.0055,0,"[{""name"": ""Top"", ""bestBid"": 0.005, ""bestAsk"": 0.006}]"
2176262,0xb8e6d129a06d0ccb21d7b32eb529ea455eddba3cf29bfa097112202cbdf5bf21,strait-of-hormuz-traffic-returns-to-normal-by-july-31,https://polymarket.com/event/strait-of-hormuz-traffic-returns-to-normal-by-july-31,https://embed.polymarket.com/market.html?market=strait-of-hormuz-traffic-returns-to-normal-by-july-31&features=volume&theme=light,Strait of Hormuz traffic returns to normal by July 31?,politics,,"24h $246,262 • spread 0.001 • TTR 2.9d",21404945.9463993,246262.9,-0.001,-18.1818,2026-07-31T00:00:00+00:00,2.88,1,0.001,-0.995,0.0045,0,"[{""name"": ""Top"", ""bestBid"": 0.004, ""bestAsk"": 0.005}]"
1654957,0x4ede078cae84a5877ac32d7fb48811e5c23549a1904b7df06ff7935c6d79d831,will-the-fed-decrease-interest-rates-by-25-bps-after-the-july-2026-meeting,https://polymarket.com/event/will-the-fed-decrease-interest-rates-by-25-bps-after-the-july-2026-meeting,https://embed.polymarket.com/market.html?market=will-the-fed-decrease-interest-rates-by-25-bps-after-the-july-2026-meeting&features=volume&theme=light,Will the Fed decrease interest rates by 25 bps after the July 2026 meeting?,economic-policy,,"24h $2,070,247 • spread 0.001 • TTR 0.9d",17693398.93969503,2070247.07,-0.002,-57.1429,2026-07-29T00:00:00+00:00,0.88,1,0.001,-0.998,0.0015,0,"[{""name"": ""Top"", ""bestBid"": 0.001, ""bestAsk"": 0.002}]"
1654956,0x3d675f1c88099a57c12abca632cf926be1bf430125168321de06234e9930fe1a,will-the-fed-decrease-interest-rates-by-50-bps-after-the-july-2026-meeting,https://polymarket.com/event/will-the-fed-decrease-interest-rates-by-50-bps-after-the-july-2026-meeting,https://embed.polymarket.com/market.html?market=will-the-fed-decrease-interest-rates-by-50-bps-after-the-july-2026-meeting&features=volume&theme=light,Will the Fed decrease interest rates by 50+ bps after the July 2026 meeting?,economic-policy,,"24h $1,493,611 • spread 0.001 • TTR 0.9d",15875653.641148891,1493611.81,0.0,0.0,2026-07-29T00:00:00+00:00,0.88,1,0.001,-0.998,0.0015,0,"[{""name"": ""Top"", ""bestBid"": 0.001, ""bestAsk"": 0.002}]"
703258,0x0b4cc3b739e1dfe5d73274740e7308b6fb389c5af040c3a174923d928d134bee,will-jesus-christ-return-before-2027,https://polymarket.com/event/will-jesus-christ-return-before-2027,https://embed.polymarket.com/market.html?market=will-jesus-christ-return-before-2027&features=volume&theme=light,Will Jesus Christ return before 2027?,parent-for-derivative,,"24h $2,311 • spread 0.001 • TTR 155.9d",64836475.618710704,2311.42,0.0,0.0,2026-12-31T00:00:00+00:00,155.88,1,0.001,-0.98,0.0195,0,"[{""name"": ""Top"", ""bestBid"": 0.019, ""bestAsk"": 0.02}]"
540819,0x32b09f6390252b37d674501527e709016d55581b2c1e544bd4b8167f5f732f4c,will-jesus-christ-return-before-gta-vi-665,https://polymarket.com/event/will-jesus-christ-return-before-gta-vi-665,https://embed.polymarket.com/market.html?market=will-jesus-christ-return-before-gta-vi-665&features=volume&theme=light,Will Jesus Christ return before GTA VI?,pop-culture,,"24h $1,797 • spread 0.010 • TTR 3.4d • ~50% mid",11881695.923815705,1797.78,0.0,0.0,2026-07-31T12:00:00+00:00,3.38,1,0.01,-0.5,0.495,1,"[{""name"": ""Top"", ""bestBid"": 0.49, ""bestAsk"": 0.5}]"
665374,0x5db999fad322cea2914535aae5517060c3f80ad6d8c0231cde2124a434d16846,will-the-us-invade-iran-before-2027,https://polymarket.com/event/will-the-us-invade-iran-before-2027,https://embed.polymarket.com/market.html?market=will-the-us-invade-iran-before-2027&features=volume&theme=light,Will the U.S. invade Iran before 2027?,military-strikes,,"24h $236,190 • spread 0.010 • TTR 155.9d",48747068.276940785,236190.6,0.01,4.878,2026-12-31T00:00:00+00:00,155.88,1,0.01,-0.78,0.215,0,"[{""name"": ""Top"", ""bestBid"": 0.21, ""bestAsk"": 0.22}]"
561251,0x836b850fc838195374862551a36f1c8691d96ff01e58b0a071f0fc1a0e357fb1,will-lebron-james-win-the-2028-us-presidential-election,https://polymarket.com/event/will-lebron-james-win-the-2028-us-presidential-election,https://embed.polymarket.com/market.html?market=will-lebron-james-win-the-2028-us-presidential-election&features=volume&theme=light,Will LeBron James win the 2028 US Presidential Election?,president,,"24h $2,898 • spread 0.001 • TTR 832.9d",54444888.684102446,2898.92,-0.0005,-25.0,2028-11-07T00:00:00+00:00,832.88,1,0.001,-0.998,0.0015,0,"[{""name"": ""Top"", ""bestBid"": 0.001, ""bestAsk"": 0.002}]"
559687,0xe06a7e94cf2fa8dc2085b7610fe16e9be1cde6654f34d365c13da1149b276c61,will-oprah-winfrey-win-the-2028-democratic-presidential-nomination,https://polymarket.com/event/will-oprah-winfrey-win-the-2028-democratic-presidential-nomination,https://embed.polymarket.com/market.html?market=will-oprah-winfrey-win-the-2028-democratic-presidential-nomination&features=volume&theme=light,Will Oprah Winfrey win the 2028 Democratic presidential nomination?,united-states,,24h $486 • spread 0.001 • TTR 832.9d,54167047.871369086,486.65,0.0,0.0,2028-11-07T00:00:00+00:00,832.88,1,0.001,-0.995,0.0045,0,"[{""name"": ""Top"", ""bestBid"": 0.004, ""bestAsk"": 0.005}]"
559679,0x30cfb887558b20373a984da60c372fe5a90c0296aa6d8bb413a8aa7543846da2,will-bernie-sanders-win-the-2028-democratic-presidential-nomination-879,https://polymarket.com/event/will-bernie-sanders-win-the-2028-democratic-presidential-nomination-879,https://embed.polymarket.com/market.html?market=will-bernie-sanders-win-the-2028-democratic-presidential-nomination-879&features=volume&theme=light,Will Bernie Sanders win the 2028 Democratic presidential nomination?,united-states,,"24h $7,336 • spread 0.001 • TTR 832.9d",52535469.45541426,7336.7,0.0,0.0,2028-11-07T00:00:00+00:00,832.88,1,0.001,-0.993,0.0065,0,"[{""name"": ""Top"", ""bestBid"": 0.006, ""bestAsk"": 0.007}]"
567621,0xd9fb1184af0064e5e34b129f5b79afa5a17b7e32f2953ab05efed82315fee6d4,will-china-invade-taiwan-before-2027,https://polymarket.com/event/will-china-invade-taiwan-before-2027,https://embed.polymarket.com/market.html?market=will-china-invade-taiwan-before-2027&features=volume&theme=light,Will China invade Taiwan by end of 2026?,politics,,"24h $44,264 • spread 0.001 • TTR 155.9d",39164051.88857707,44264.54,0.003,8.4507,2026-12-31T00:00:00+00:00,155.88,1,0.001,-0.961,0.0385,0,"[{""name"": ""Top"", ""bestBid"": 0.038, ""bestAsk"": 0.039}]"
559684,0xf2e51acfbb6d0414dc2ace81b7dc2af7c165e443dcb91f6caa7aab6d6ab4f06d,will-chelsea-clinton-win-the-2028-democratic-presidential-nomination,https://polymarket.com/event/will-chelsea-clinton-win-the-2028-democratic-presidential-nomination,https://embed.polymarket.com/market.html?market=will-chelsea-clinton-win-the-2028-democratic-presidential-nomination&features=volume&theme=light,Will Chelsea Clinton win the 2028 Democratic presidential nomination?,united-states,,"24h $7,553 • spread 0.001 • TTR 832.9d",50123893.87916937,7553.26,0.0,0.0,2028-11-07T00:00:00+00:00,832.88,1,0.001,-0.991,0.0085,0,"[{""name"": ""Top"", ""bestBid"": 0.008, ""bestAsk"": 0.009}]"
559688,0x450810ae738a0ff820d3248f2b24937f63fb8c8cf422ed2a915125adb4d9d3c8,will-andrew-yang-win-the-2028-democratic-presidential-nomination,https://polymarket.com/event/will-andrew-yang-win-the-2028-democratic-presidential-nomination,https://embed.polymarket.com/market.html?market=will-andrew-yang-win-the-2028-democratic-presidential-nomination&features=volume&theme=light,Will Andrew Yang win the 2028 Democratic presidential nomination?,united-states,,24h $577 • spread 0.001 • TTR 832.9d,48394541.02987498,577.24,0.0,0.0,2028-11-07T00:00:00+00:00,832.88,1,0.001,-0.997,0.0025,0,"[{""name"": ""Top"", ""bestBid"": 0.002, ""bestAsk"": 0.003}]"
703257,0x747dc809fb79e1b05be09c42d6179459a58de2ef3e40f02484a4e1260f741f75,will-the-us-confirm-that-aliens-exist-before-2027-789-924-249,https://polymarket.com/event/will-the-us-confirm-that-aliens-exist-before-2027-789-924-249,https://embed.polymarket.com/market.html?market=will-the-us-confirm-that-aliens-exist-before-2027-789-924-249&features=volume&theme=light,Will the US confirm that aliens exist before 2027?,aliens,,24h $893 • spread 0.010 • TTR 155.9d,36278064.23124882,893.42,0.0,0.0,2026-12-31T00:00:00+00:00,155.88,1,0.01,-0.94,0.055,0,"[{""name"": ""Top"", ""bestBid"": 0.05, ""bestAsk"": 0.06}]"
997488,0xd595eb9b81885ff018738300c79047e3ec89e87294424f57a29a7fa9162bf116,will-trump-acquire-greenland-before-2027,https://polymarket.com/event/will-trump-acquire-greenland-before-2027,https://embed.polymarket.com/market.html?market=will-trump-acquire-greenland-before-2027&features=volume&theme=light,Will Trump acquire Greenland before 2027?,davos,,"24h $18,390 • spread 0.001 • TTR 155.9d",35098076.642936416,18390.31,-0.0005,-1.1364,2026-12-31T00:00:00+00:00,155.88,1,0.001,-0.956,0.0435,0,"[{""name"": ""Top"", ""bestBid"": 0.043, ""bestAsk"": 0.044}]"
561986,0xd1747284d6048b2a3dcfbee489db405f36de18f9590197dd0e5c9f0c246bf050,will-byron-donalds-win-the-2028-republican-presidential-nomination,https://polymarket.com/event/will-byron-donalds-win-the-2028-republican-presidential-nomination,https://embed.polymarket.com/market.html?market=will-byron-donalds-win-the-2028-republican-presidential-nomination&features=volume&theme=light,Will Byron Donalds win the 2028 Republican presidential nomination?,united-states,,"24h $3,120 • spread 0.001 • TTR 832.9d",44355426.79283776,3120.31,-0.0005,-7.1429,2028-11-07T00:00:00+00:00,832.88,1,0.001,-0.993,0.0065,0,"[{""name"": ""Top"", ""bestBid"": 0.006, ""bestAsk"": 0.007}]"
561247,0xae70ab9bf1c3726fe430a2ba8b517697ae24e0f0ab554b876a5b521153068882,will-tim-walz-win-the-2028-us-presidential-election,https://polymarket.com/event/will-tim-walz-win-the-2028-us-presidential-election,https://embed.polymarket.com/market.html?market=will-tim-walz-win-the-2028-us-presidential-election&features=volume&theme=light,Will Tim Walz win the 2028 US Presidential Election?,president,,24h $521 • spread 0.001 • TTR 832.9d,44322782.536640055,521.91,0.0,0.0,2028-11-07T00:00:00+00:00,832.88,1,0.001,-0.998,0.0015,0,"[{""name"": ""Top"", ""bestBid"": 0.001, ""bestAsk"": 0.002}]"
559682,0x1945a8b23e313ed7423b6b6fd556f9ab5578900376b565a61dc480a5f4f35d21,will-person-a-win-the-2028-democratic-presidential-nomination,https://polymarket.com/event/will-person-a-win-the-2028-democratic-presidential-nomination,https://embed.polymarket.com/market.html?market=will-person-a-win-the-2028-democratic-presidential-nomination&features=volume&theme=light,Will Hunter Biden win the 2028 Democratic presidential nomination?,united-states,,"24h $26,090 • spread 0.001 • TTR 832.9d",43854585.510599814,26090.55,0.0,0.0,2028-11-07T00:00:00+00:00,832.88,1,0.001,-0.994,0.0055,0,"[{""name"": ""Top"", ""bestBid"": 0.005, ""bestAsk"": 0.006}]"
559681,0x8b203037c7c0e21b500314f8398d2a8ea294b7ce1f4f9185f426425a3505bc45,will-lebron-james-win-the-2028-democratic-presidential-nomination,https://polymarket.com/event/will-lebron-james-win-the-2028-democratic-presidential-nomination,https://embed.polymarket.com/market.html?market=will-lebron-james-win-the-2028-democratic-presidential-nomination&features=volume&theme=light,Will LeBron James win the 2028 Democratic presidential nomination?,united-states,,24h $752 • spread 0.001 • TTR 832.9d,43734459.34418683,752.61,0.0,0.0,2028-11-07T00:00:00+00:00,832.88,1,0.001,-0.995,0.0045,0,"[{""name"": ""Top"", ""bestBid"": 0.004, ""bestAsk"": 0.005}]"
559677,0x663b88d3a8f2341bb8d878709dc78632bcaf7512e577bd15521e5d8ed933efbc,will-hillary-clinton-win-the-2028-democratic-presidential-nomination,https://polymarket.com/event/will-hillary-clinton-win-the-2028-democratic-presidential-nomination,https://embed.polymarket.com/market.html?market=will-hillary-clinton-win-the-2028-democratic-presidential-nomination&features=volume&theme=light,Will Hillary Clinton win the 2028 Democratic presidential nomination?,united-states,,"24h $1,406 • spread 0.001 • TTR 832.9d",43460703.348171845,1406.25,0.0,0.0,2028-11-07T00:00:00+00:00,832.88,1,0.001,-0.996,0.0035,0,"[{""name"": ""Top"", ""bestBid"": 0.003, ""bestAsk"": 0.004}]"
561995,0x41c6341dd79903aca4bb0c29f5a7976946c3774d2fd72f38cbb7de7092144520,will-mike-pence-win-the-2028-republican-presidential-nomination,https://polymarket.com/event/will-mike-pence-win-the-2028-republican-presidential-nomination,https://embed.polymarket.com/market.html?market=will-mike-pence-win-the-2028-republican-presidential-nomination&features=volume&theme=light,Will Mike Pence win the 2028 Republican presidential nomination?,united-states,,"24h $2,485 • spread 0.001 • TTR 832.9d",43121718.854307175,2485.8,0.0,0.0,2028-11-07T00:00:00+00:00,832.88,1,0.001,-0.996,0.0035,0,"[{""name"": ""Top"", ""bestBid"": 0.003, ""bestAsk"": 0.004}]"
559683,0x822e61527476cabf98927e3aad385c5ecdae7086f945535f2c1fd9ae8dbfa46e,will-george-clooney-win-the-2028-democratic-presidential-nomination,https://polymarket.com/event/will-george-clooney-win-the-2028-democratic-presidential-nomination,https://embed.polymarket.com/market.html?market=will-george-clooney-win-the-2028-democratic-presidential-nomination&features=volume&theme=light,Will George Clooney win the 2028 Democratic presidential nomination?,united-states,,24h $951 • spread 0.001 • TTR 832.9d,42872268.878510535,951.23,0.0,0.0,2028-11-07T00:00:00+00:00,832.88,1,0.001,-0.996,0.0035,0,"[{""name"": ""Top"", ""bestBid"": 0.003, ""bestAsk"": 0.004}]"
559666,0x3265b10daeb30dbcc3214bd02e488551d0a5d3028392f4152e4750b943fbfc91,will-tim-walz-win-the-2028-democratic-presidential-nomination-475,https://polymarket.com/event/will-tim-walz-win-the-2028-democratic-presidential-nomination-475,https://embed.polymarket.com/market.html?market=will-tim-walz-win-the-2028-democratic-presidential-nomination-475&features=volume&theme=light,Will Tim Walz win the 2028 Democratic presidential nomination?,united-states,,"24h $1,375 • spread 0.001 • TTR 832.9d",42706807.55376717,1375.0,0.0,0.0,2028-11-07T00:00:00+00:00,832.88,1,0.001,-0.997,0.0025,0,"[{""name"": ""Top"", ""bestBid"": 0.002, ""bestAsk"": 0.003}]"
559689,0x8ecd1d15e521b7d1020ad5596cc981c8764e9dcfbc3648f582e1a5138aee7185,will-beto-orourke-win-the-2028-democratic-presidential-nomination,https://polymarket.com/event/will-beto-orourke-win-the-2028-democratic-presidential-nomination,https://embed.polymarket.com/market.html?market=will-beto-orourke-win-the-2028-democratic-presidential-nomination&features=volume&theme=light,Will Beto O’Rourke win the 2028 Democratic presidential nomination?,united-states,,"24h $1,321 • spread 0.001 • TTR 832.9d",42536082.15918067,1321.35,0.0,0.0,2028-11-07T00:00:00+00:00,832.88,1,0.001,-0.996,0.0035,0,"[{""name"": ""Top"", ""bestBid"": 0.003, ""bestAsk"": 0.004}]"
559690,0x0f8ef3cc906ba7ba94a44724738df44bdd5f73e59e40c9c8b4ff8569e349643c,will-kim-kardashian-win-the-2028-democratic-presidential-nomination,https://polymarket.com/event/will-kim-kardashian-win-the-2028-democratic-presidential-nomination,https://embed.polymarket.com/market.html?market=will-kim-kardashian-win-the-2028-democratic-presidential-nomination&features=volume&theme=light,Will Kim Kardashian win the 2028 Democratic presidential nomination?,united-states,,"24h $2,329 • spread 0.001 • TTR 832.9d",42261107.37283219,2329.54,0.0,0.0,2028-11-07T00:00:00+00:00,832.88,1,0.001,-0.997,0.0025,0,"[{""name"": ""Top"", ""bestBid"": 0.002, ""bestAsk"": 0.003}]"
559680,0x29283b56d3eec6d1d89fff51793d9d2e01579d2379b1d3e9ebda175d3561e809,will-phil-murphy-win-the-2028-democratic-presidential-nomination-611,https://polymarket.com/event/will-phil-murphy-win-the-2028-democratic-presidential-nomination-611,https://embed.polymarket.com/market.html?market=will-phil-murphy-win-the-2028-democratic-presidential-nomination-611&features=volume&theme=light,Will Phil Murphy win the 2028 Democratic presidential nomination?,united-states,,"24h $1,666 • spread 0.001 • TTR 832.9d",41968724.318556614,1666.49,0.0,0.0,2028-11-07T00:00:00+00:00,832.88,1,0.001,-0.996,0.0035,0,"[{""name"": ""Top"", ""bestBid"": 0.003, ""bestAsk"": 0.004}]"
1105754,0x831493dce463d9adcad78c492f2cbec6ecdac31f4e8c5a894fdac68c130549d4,will-richard-grenell-be-the-leader-of-venezuela-end-of-2026,https://polymarket.com/event/will-richard-grenell-be-the-leader-of-venezuela-end-of-2026,https://embed.polymarket.com/market.html?market=will-richard-grenell-be-the-leader-of-venezuela-end-of-2026&features=volume&theme=light,Will Richard Grenell be the leader of Venezuela end of 2026?,trump-machado,,TTR 155.9d,32515828.058845375,,0.0,0.0,2026-12-31T00:00:00+00:00,155.88,1,,-0.999,,0,"[{""name"": ""Top"", ""bestBid"": null, ""bestAsk"": 0.001}]"
559685,0xc44edcfdedb422bae8ff1803e2178d1ee025fc41efd81400ccbede709e018841,will-mrbeast-win-the-2028-democratic-presidential-nomination,https://polymarket.com/event/will-mrbeast-win-the-2028-democratic-presidential-nomination,https://embed.polymarket.com/market.html?market=will-mrbeast-win-the-2028-democratic-presidential-nomination&features=volume&theme=light,Will MrBeast win the 2028 Democratic presidential nomination?,united-states,,"24h $1,033 • spread 0.001 • TTR 832.9d",40292544.774784826,1033.49,0.0,0.0,2028-11-07T00:00:00+00:00,832.88,1,0.001,-0.997,0.0025,0,"[{""name"": ""Top"", ""bestBid"": 0.002, ""bestAsk"": 0.003}]"
561254,0x7f695758278e6d4d9e63df862afa88d664d3402a3d26e4d32ae05121cdbddba6,will-kim-kardashian-win-the-2028-us-presidential-election,https://polymarket.com/event/will-kim-kardashian-win-the-2028-us-presidential-election,https://embed.polymarket.com/market.html?market=will-kim-kardashian-win-the-2028-us-presidential-election&features=volume&theme=light,Will Kim Kardashian win the 2028 US Presidential Election?,president,,"24h $4,106 • spread 0.001 • TTR 832.9d",39701406.44961644,4106.56,0.0,0.0,2028-11-07T00:00:00+00:00,832.88,1,0.001,-0.997,0.0025,0,"[{""name"": ""Top"", ""bestBid"": 0.002, ""bestAsk"": 0.003}]"
559671,0x3535fb2f4aef6619dde8b367cb5e5d209526bb496d5d9778428c58a0252435e3,will-zohran-mamdani-win-the-2028-democratic-presidential-nomination-445,https://polymarket.com/event/will-zohran-mamdani-win-the-2028-democratic-presidential-nomination-445,https://embed.polymarket.com/market.html?market=will-zohran-mamdani-win-the-2028-democratic-presidential-nomination-445&features=volume&theme=light,Will Zohran Mamdani win the 2028 Democratic presidential nomination?,united-states,,"24h $1,028 • spread 0.001 • TTR 832.9d",38537399.17168463,1028.55,0.0,0.0,2028-11-07T00:00:00+00:00,832.88,1,0.001,-0.995,0.0045,0,"[{""name"": ""Top"", ""bestBid"": 0.004, ""bestAsk"": 0.005}]"
559678,0x46dbd48d6bde5b81edb480e0f676a2cdda6c6b592c4d86a9367c7ad5a9870195,will-liz-cheney-win-the-2028-democratic-presidential-nomination-551,https://polymarket.com/event/will-liz-cheney-win-the-2028-democratic-presidential-nomination-551,https://embed.polymarket.com/market.html?market=will-liz-cheney-win-the-2028-democratic-presidential-nomination-551&features=volume&theme=light,Will Liz Cheney win the 2028 Democratic presidential nomination?,united-states,,24h $183 • spread 0.001 • TTR 832.9d,38279168.21732602,183.33,-0.0005,-16.6667,2028-11-07T00:00:00+00:00,832.88,1,0.001,-0.997,0.0025,0,"[{""name"": ""Top"", ""bestBid"": 0.002, ""bestAsk"": 0.003}]"
561248,0x64396449b471b10b006285fa49dd9a5df535694de7b4c703fdeb0d88d5c4cd33,will-vivek-ramaswamy-win-the-2028-us-presidential-election,https://polymarket.com/event/will-vivek-ramaswamy-win-the-2028-us-presidential-election,https://embed.polymarket.com/market.html?market=will-vivek-ramaswamy-win-the-2028-us-presidential-election&features=volume&theme=light,Will Vivek Ramaswamy win the 2028 US Presidential Election?,president,,"24h $2,923 • spread 0.001 • TTR 832.9d",37424380.25927912,2923.59,0.0,0.0,2028-11-07T00:00:00+00:00,832.88,1,0.001,-0.996,0.0035,0,"[{""name"": ""Top"", ""bestBid"": 0.003, ""bestAsk"": 0.004}]"
561994,0x5f1b1caf70eb994bfff2986727a05a3ac9f7ec8b0da4017f7732596d023e5a07,will-kristi-noem-win-the-2028-republican-presidential-nomination,https://polymarket.com/event/will-kristi-noem-win-the-2028-republican-presidential-nomination,https://embed.polymarket.com/market.html?market=will-kristi-noem-win-the-2028-republican-presidential-nomination&features=volume&theme=light,Will Kristi Noem win the 2028 Republican presidential nomination?,united-states,,24h $369 • spread 0.001 • TTR 832.9d,36070268.8197665,369.71,0.0,0.0,2028-11-07T00:00:00+00:00,832.88,1,0.001,-0.997,0.0025,0,"[{""name"": ""Top"", ""bestBid"": 0.002, ""bestAsk"": 0.003}]"
559692,0x3cd6e52603d80ddbbdac9b1a4d43f9b7faa6aae4fae4d0fdfad3bd58454da7d3,will-jasmine-crockett-win-the-2028-democratic-presidential-nomination,https://polymarket.com/event/will-jasmine-crockett-win-the-2028-democratic-presidential-nomination,https://embed.polymarket.com/market.html?market=will-jasmine-crockett-win-the-2028-democratic-presidential-nomination&features=volume&theme=light,Will Jasmine Crockett win the 2028 Democratic presidential nomination?,united-states,,"24h $8,304 • spread 0.001 • TTR 832.9d",36053432.60479257,8304.42,0.0,0.0,2028-11-07T00:00:00+00:00,832.88,1,0.001,-0.993,0.0065,0,"[{""name"": ""Top"", ""bestBid"": 0.006, ""bestAsk"": 0.007}]"
561993,0x7190eccbd0677d5d0ae8cdf598b37e945a346915c666dda11468dc9970657a56,will-john-thune-win-the-2028-republican-presidential-nomination,https://polymarket.com/event/will-john-thune-win-the-2028-republican-presidential-nomination,https://embed.polymarket.com/market.html?market=will-john-thune-win-the-2028-republican-presidential-nomination&features=volume&theme=light,Will John Thune win the 2028 Republican presidential nomination?,united-states,,24h $323 • spread 0.001 • TTR 832.9d,35879357.279846005,323.0,0.0,0.0,2028-11-07T00:00:00+00:00,832.88,1,0.001,-0.997,0.0025,0,"[{""name"": ""Top"", ""bestBid"": 0.002, ""bestAsk"": 0.003}]"
559670,0xcb239105ed21a2420ba4d85090b9bc32755c56601ffdc528afd17fd6282fe930,will-gina-raimondo-win-the-2028-democratic-presidential-nomination-676,https://polymarket.com/event/will-gina-raimondo-win-the-2028-democratic-presidential-nomination-676,https://embed.polymarket.com/market.html?market=will-gina-raimondo-win-the-2028-democratic-presidential-nomination-676&features=volume&theme=light,Will Gina Raimondo win the 2028 Democratic presidential nomination?,united-states,,"24h $2,109 • spread 0.001 • TTR 832.9d",35519659.975328974,2109.41,0.0,0.0,2028-11-07T00:00:00+00:00,832.88,1,0.001,-0.996,0.0035,0,"[{""name"": ""Top"", ""bestBid"": 0.003, ""bestAsk"": 0.004}]"
561249,0x01dffa7abae7e5d9b7fb44b06d537c5ac932e2ca422ab4b53366672f5e2dc7d6,will-greg-abbott-win-the-2028-us-presidential-election,https://polymarket.com/event/will-greg-abbott-win-the-2028-us-presidential-election,https://embed.polymarket.com/market.html?market=will-greg-abbott-win-the-2028-us-presidential-election&features=volume&theme=light,Will Greg Abbott win the 2028 US Presidential Election?,president,,"24h $5,231 • spread 0.001 • TTR 832.9d",35107590.68444167,5231.84,0.0,0.0,2028-11-07T00:00:00+00:00,832.88,1,0.001,-0.991,0.0085,0,"[{""name"": ""Top"", ""bestBid"": 0.008, ""bestAsk"": 0.009}]"
559676,0x88d67705780a3d922317ecb0c78a947a306174d0510df2ae89394d5abfb28206,will-barack-obama-win-the-2028-democratic-presidential-nomination-265,https://polymarket.com/event/will-barack-obama-win-the-2028-democratic-presidential-nomination-265,https://embed.polymarket.com/market.html?market=will-barack-obama-win-the-2028-democratic-presidential-nomination-265&features=volume&theme=light,Will Barack Obama win the 2028 Democratic presidential nomination?,united-states,,24h $135 • spread 0.001 • TTR 832.9d,33798159.67833762,135.6,0.0,0.0,2028-11-07T00:00:00+00:00,832.88,1,0.001,-0.996,0.0035,0,"[{""name"": ""Top"", ""bestBid"": 0.003, ""bestAsk"": 0.004}]"
561240,0x66b906b8205f48a26beb8e553bbb1e7954e87e4f6e1d539823441221d1806e8f,will-stephen-smith-win-the-2028-us-presidential-election,https://polymarket.com/event/will-stephen-smith-win-the-2028-us-presidential-election,https://embed.polymarket.com/market.html?market=will-stephen-smith-win-the-2028-us-presidential-election&features=volume&theme=light,Will Stephen Smith win the 2028 US Presidential Election?,president,,"24h $3,182 • spread 0.001 • TTR 832.9d",33250277.481786665,3182.6,0.0,0.0,2028-11-07T00:00:00+00:00,832.88,1,0.001,-0.997,0.0025,0,"[{""name"": ""Top"", ""bestBid"": 0.002, ""bestAsk"": 0.003}]"
561242,0x8fc141205ebce5adf437bfdf4d0c5ff58ff24293b79c9431991346c208bb48ed,will-tulsi-gabbard-win-the-2028-us-presidential-election,https://polymarket.com/event/will-tulsi-gabbard-win-the-2028-us-presidential-election,https://embed.polymarket.com/market.html?market=will-tulsi-gabbard-win-the-2028-us-presidential-election&features=volume&theme=light,Will Tulsi Gabbard win the 2028 US Presidential Election?,president,,"24h $60,460 • spread 0.002 • TTR 832.9d",33177398.24080582,60460.52,-0.0005,-7.6923,2028-11-07T00:00:00+00:00,832.88,1,0.002,-0.993,0.006,0,"[{""name"": ""Top"", ""bestBid"": 0.005, ""bestAsk"": 0.007}]"
1105752,0x8063a2c9fa21c4a1470b33fee132d6d61fb5b7dcd667dcac3bb82ae15ad70c0d,will-frank-donovan-be-the-leader-of-venezuela-end-of-2026,https://polymarket.com/event/will-frank-donovan-be-the-leader-of-venezuela-end-of-2026,https://embed.polymarket.com/market.html?market=will-frank-donovan-be-the-leader-of-venezuela-end-of-2026&features=volume&theme=light,Will Frank Donovan be the leader of Venezuela end of 2026?,trump-machado,,24h $754 • spread 0.001 • TTR 155.9d,25741597.895588502,754.01,0.0,0.0,2026-12-31T00:00:00+00:00,155.88,1,0.001,-0.998,0.0015,0,"[{""name"": ""Top"", ""bestBid"": 0.001, ""bestAsk"": 0.002}]"
561999,0xf8dbde8b6e038775a673947e59da2de15a2127272b50b9877400fdbf7cfc3026,will-tom-brady-win-the-2028-republican-presidential-nomination,https://polymarket.com/event/will-tom-brady-win-the-2028-republican-presidential-nomination,https://embed.polymarket.com/market.html?market=will-tom-brady-win-the-2028-republican-presidential-nomination&features=volume&theme=light,Will Tom Brady win the 2028 Republican presidential nomination?,united-states,,24h $155 • spread 0.001 • TTR 832.9d,32881137.260729495,155.31,0.0,0.0,2028-11-07T00:00:00+00:00,832.88,1,0.001,-0.997,0.0025,0,"[{""name"": ""Top"", ""bestBid"": 0.002, ""bestAsk"": 0.003}]"
561982,0x00ad3bb5284b0b2314b1a2d42812fe292f606619c6278bd95c9d905816c240f6,will-sarah-huckabee-sanders-win-the-2028-republican-presidential-nomination,https://polymarket.com/event/will-sarah-huckabee-sanders-win-the-2028-republican-presidential-nomination,https://embed.polymarket.com/market.html?market=will-sarah-huckabee-sanders-win-the-2028-republican-presidential-nomination&features=volume&theme=light,Will Sarah Huckabee Sanders win the 2028 Republican presidential nomination?,united-states,,"24h $4,064 • spread 0.001 • TTR 832.9d",32505049.16838682,4064.91,0.0,0.0,2028-11-07T00:00:00+00:00,832.88,1,0.001,-0.994,0.0055,0,"[{""name"": ""Top"", ""bestBid"": 0.005, ""bestAsk"": 0.006}]"
559664,0xdce84960dce38aa4a5800a5eba7c9ac34d2ce49ba9d44c42572c472d468af264,will-raphael-warnock-win-the-2028-democratic-presidential-nomination-914,https://polymarket.com/event/will-raphael-warnock-win-the-2028-democratic-presidential-nomination-914,https://embed.polymarket.com/market.html?market=will-raphael-warnock-win-the-2028-democratic-presidential-nomination-914&features=volume&theme=light,Will Raphael Warnock win the 2028 Democratic presidential nomination?,united-states,,"24h $1,642 • spread 0.001 • TTR 832.9d",31859635.648043327,1642.21,0.0,0.0,2028-11-07T00:00:00+00:00,832.88,1,0.001,-0.994,0.0055,0,"[{""name"": ""Top"", ""bestBid"": 0.005, ""bestAsk"": 0.006}]"
559672,0x939eeb2dea216749bd409bedde483c3f2bfb0e24d4f2d34461c0b21c6e91f010,will-roy-cooper-win-the-2028-democratic-presidential-nomination-286,https://polymarket.com/event/will-roy-cooper-win-the-2028-democratic-presidential-nomination-286,https://embed.polymarket.com/market.html?market=will-roy-cooper-win-the-2028-democratic-presidential-nomination-286&features=volume&theme=light,Will Roy Cooper win the 2028 Democratic presidential nomination?,united-states,,24h $308 • spread 0.001 • TTR 832.9d,31305235.51731441,308.67,0.0,0.0,2028-11-07T00:00:00+00:00,832.88,1,0.001,-0.993,0.0065,0,"[{""name"": ""Top"", ""bestBid"": 0.006, ""bestAsk"": 0.007}]"
663583,0xbb4d51e6364066d92eb6f9b8413dd7193de70966736044463b205834805a1f3b,will-the-iranian-regime-fall-by-the-end-of-2026,https://polymarket.com/event/will-the-iranian-regime-fall-by-the-end-of-2026,https://embed.polymarket.com/market.html?market=will-the-iranian-regime-fall-by-the-end-of-2026&features=volume&theme=light,Will the Iranian regime fall before 2027?,reza-pahlavi,,"24h $22,694 • spread 0.010 • TTR 155.9d",23177816.19120532,22694.43,0.0,0.0,2026-12-31T00:00:00+00:00,155.88,1,0.01,-0.91,0.085,0,"[{""name"": ""Top"", ""bestBid"": 0.08, ""bestAsk"": 0.09}]"
561992,0x61a1278884fa70d68d4bcaaf72fad55bbdb063cac28c6947472ca91635fab10f,will-katie-britt-win-the-2028-republican-presidential-nomination,https://polymarket.com/event/will-katie-britt-win-the-2028-republican-presidential-nomination,https://embed.polymarket.com/market.html?market=will-katie-britt-win-the-2028-republican-presidential-nomination&features=volume&theme=light,Will Katie Britt win the 2028 Republican presidential nomination?,united-states,,24h $218 • spread 0.001 • TTR 832.9d,28742326.363361366,218.99,0.0,0.0,2028-11-07T00:00:00+00:00,832.88,1,0.001,-0.996,0.0035,0,"[{""name"": ""Top"", ""bestBid"": 0.003, ""bestAsk"": 0.004}]"
561990,0xfbb80ea5f8fc02ee7df8bd4f58790e1d04b874078a49a7b7028a74a2075100c9,will-elon-musk-win-the-2028-republican-presidential-nomination,https://polymarket.com/event/will-elon-musk-win-the-2028-republican-presidential-nomination,https://embed.polymarket.com/market.html?market=will-elon-musk-win-the-2028-republican-presidential-nomination&features=volume&theme=light,Will Elon Musk win the 2028 Republican presidential nomination?,united-states,,24h $834 • spread 0.001 • TTR 832.9d,28619516.16414592,834.06,0.0,0.0,2028-11-07T00:00:00+00:00,832.88,1,0.001,-0.992,0.0075,0,"[{""name"": ""Top"", ""bestBid"": 0.007, ""bestAsk"": 0.008}]"
561245,0xe0173375b7eaccb836f7b92d28a9a2d1cc69e54e5a65fae89a5d7e49aadd332e,will-nikki-haley-win-the-2028-us-presidential-election,https://polymarket.com/event/will-nikki-haley-win-the-2028-us-presidential-election,https://embed.polymarket.com/market.html?market=will-nikki-haley-win-the-2028-us-presidential-election&features=volume&theme=light,Will Nikki Haley win the 2028 US Presidential Election?,president,,"24h $101,709 • spread 0.001 • TTR 832.9d",28528815.57010122,101709.12,0.0,0.0,2028-11-07T00:00:00+00:00,832.88,1,0.001,-0.994,0.0055,0,"[{""name"": ""Top"", ""bestBid"": 0.005, ""bestAsk"": 0.006}]"
562003,0x414378275cb214b747245942be889ee1e077c56d1c00eb4d726629c95f22b5a5,will-kim-kardashian-win-the-2028-republican-presidential-nomination,https://polymarket.com/event/will-kim-kardashian-win-the-2028-republican-presidential-nomination,https://embed.polymarket.com/market.html?market=will-kim-kardashian-win-the-2028-republican-presidential-nomination&features=volume&theme=light,Will Kim Kardashian win the 2028 Republican presidential nomination?,united-states,,24h $217 • spread 0.001 • TTR 832.9d,28355313.01420452,217.76,0.0,0.0,2028-11-07T00:00:00+00:00,832.88,1,0.001,-0.996,0.0035,0,"[{""name"": ""Top"", ""bestBid"": 0.003, ""bestAsk"": 0.004}]"
561987,0x655b4bfdfa55a95c24d6e9bf7e7cd62f1b57da9a1f4c7f40f090b8ba847dffa2,will-elise-stefanik-win-the-2028-republican-presidential-nomination,https://polymarket.com/event/will-elise-stefanik-win-the-2028-republican-presidential-nomination,https://embed.polymarket.com/market.html?market=will-elise-stefanik-win-the-2028-republican-presidential-nomination&features=volume&theme=light,Will Elise Stefanik win the 2028 Republican presidential nomination?,united-states,,24h $120 • spread 0.001 • TTR 832.9d,27922065.587613784,120.62,-0.0005,-12.5,2028-11-07T00:00:00+00:00,832.88,1,0.001,-0.996,0.0035,0,"[{""name"": ""Top"", ""bestBid"": 0.003, ""bestAsk"": 0.004}]"
559674,0x8fbcb151e2c988df5a43abb02298014b7daf34c008f3eed9188dd16a2a19bec1,will-jared-polis-win-the-2028-democratic-presidential-nomination-837,https://polymarket.com/event/will-jared-polis-win-the-2028-democratic-presidential-nomination-837,https://embed.polymarket.com/market.html?market=will-jared-polis-win-the-2028-democratic-presidential-nomination-837&features=volume&theme=light,Will Jared Polis win the 2028 Democratic presidential nomination?,united-states,,"24h $2,214 • spread 0.001 • TTR 832.9d",27150390.72799184,2214.1,0.0,0.0,2028-11-07T00:00:00+00:00,832.88,1,0.001,-0.997,0.0025,0,"[{""name"": ""Top"", ""bestBid"": 0.002, ""bestAsk"": 0.003}]"
540844,0xbb57ccf5853a85487bc3d83d04d669310d28c6c810758953b9d9b91d1aee89d2,will-bitcoin-hit-1m-before-gta-vi-872-424,https://polymarket.com/event/will-bitcoin-hit-1m-before-gta-vi-872-424,https://embed.polymarket.com/market.html?market=will-bitcoin-hit-1m-before-gta-vi-872-424&features=volume&theme=light,Will bitcoin hit $1m before GTA VI?,pop-culture,,"24h $9,624 • spread 0.001 • TTR 3.4d • ~50% mid",4758075.662057696,9624.86,0.0,0.0,2026-07-31T12:00:00+00:00,3.38,1,0.001,-0.501,0.4985,1,"[{""name"": ""Top"", ""bestBid"": 0.498, ""bestAsk"": 0.499}]"
559652,0x0f49db97f71c68b1e42a6d16e3de93d85dbf7d4148e3f018eb79e88554be9f75,will-gavin-newsom-win-the-2028-democratic-presidential-nomination-568,https://polymarket.com/event/will-gavin-newsom-win-the-2028-democratic-presidential-nomination-568,https://embed.polymarket.com/market.html?market=will-gavin-newsom-win-the-2028-democratic-presidential-nomination-568&features=volume&theme=light,Will Gavin Newsom win the 2028 Democratic presidential nomination?,united-states,,"24h $17,137 • spread 0.001 • TTR 832.9d",26591045.155930288,17137.62,-0.003,-1.5267,2028-11-07T00:00:00+00:00,832.88,1,0.001,-0.806,0.1935,0,"[{""name"": ""Top"", ""bestBid"": 0.193, ""bestAsk"": 0.194}]"
561238,0xc4435df23facee8c4cd86090310c7835c2a0425646b2588b0a02e67fa42f444e,will-glenn-youngkin-win-the-2028-us-presidential-election,https://polymarket.com/event/will-glenn-youngkin-win-the-2028-us-presidential-election,https://embed.polymarket.com/market.html?market=will-glenn-youngkin-win-the-2028-us-presidential-election&features=volume&theme=light,Will Glenn Youngkin win the 2028 US Presidential Election?,president,,"24h $8,884 • spread 0.001 • TTR 832.9d",26356908.070149235,8884.99,0.0,0.0,2028-11-07T00:00:00+00:00,832.88,1,0.001,-0.993,0.0065,0,"[{""name"": ""Top"", ""bestBid"": 0.006, ""bestAsk"": 0.007}]"
559667,0x3e218c99a1335641b3a5ee6c887521d19b0c28fddd6b99c254a07968e35c0b1b,will-michelle-obama-win-the-2028-democratic-presidential-nomination-777,https://polymarket.com/event/will-michelle-obama-win-the-2028-democratic-presidential-nomination-777,https://embed.polymarket.com/market.html?market=will-michelle-obama-win-the-2028-democratic-presidential-nomination-777&features=volume&theme=light,Will Michelle Obama win the 2028 Democratic presidential nomination?,united-states,,"24h $7,187 • spread 0.001 • TTR 832.9d",26008434.57894533,7187.67,0.0,0.0,2028-11-07T00:00:00+00:00,832.88,1,0.001,-0.99,0.0095,0,"[{""name"": ""Top"", ""bestBid"": 0.009, ""bestAsk"": 0.01}]"
561250,0x68e3c4e0dd8f82d010060032006fd157401b0bd8e04bd2953ae293e31eb99bf6,will-elon-musk-win-the-2028-us-presidential-election,https://polymarket.com/event/will-elon-musk-win-the-2028-us-presidential-election,https://embed.polymarket.com/market.html?market=will-elon-musk-win-the-2028-us-presidential-election&features=volume&theme=light,Will Elon Musk win the 2028 US Presidential Election?,president,,"24h $8,043 • spread 0.001 • TTR 832.9d",25810300.40124801,8043.55,0.0,0.0,2028-11-07T00:00:00+00:00,832.88,1,0.001,-0.993,0.0065,0,"[{""name"": ""Top"", ""bestBid"": 0.006, ""bestAsk"": 0.007}]"
559665,0x1970bcce75e3674660917ae4685b433a9b1e0152d810a8d7c346dfd5e00694c2,will-corey-booker-win-the-2028-democratic-presidential-nomination-125,https://polymarket.com/event/will-corey-booker-win-the-2028-democratic-presidential-nomination-125,https://embed.polymarket.com/market.html?market=will-corey-booker-win-the-2028-democratic-presidential-nomination-125&features=volume&theme=light,Will Cory Booker win the 2028 Democratic presidential nomination?,united-states,,"24h $11,067 • spread 0.001 • TTR 832.9d",25432217.02537394,11067.59,0.0,0.0,2028-11-07T00:00:00+00:00,832.88,1,0.001,-0.994,0.0055,0,"[{""name"": ""Top"", ""bestBid"": 0.005, ""bestAsk"": 0.006}]"
559675,0xfee07be730188c94cd3644ed6f107fa3ea2dfab9989ce8d39aeeae064766abe3,will-jon-stewart-win-the-2028-democratic-presidential-nomination-518,https://polymarket.com/event/will-jon-stewart-win-the-2028-democratic-presidential-nomination-518,https://embed.polymarket.com/market.html?market=will-jon-stewart-win-the-2028-democratic-presidential-nomination-518&features=volume&theme=light,Will Jon Stewart win the 2028 Democratic presidential nomination?,united-states,,24h $288 • spread 0.001 • TTR 832.9d,24546217.40342129,288.0,0.0,0.0,2028-11-07T00:00:00+00:00,832.88,1,0.001,-0.977,0.0225,0,"[{""name"": ""Top"", ""bestBid"": 0.022, ""bestAsk"": 0.023}]"
559673,0xca1d1139b0c3a29983407f499476ae642482788e841a277eb86faeeb9fa4a85c,will-john-fetterman-win-the-2028-democratic-presidential-nomination-941,https://polymarket.com/event/will-john-fetterman-win-the-2028-democratic-presidential-nomination-941,https://embed.polymarket.com/market.html?market=will-john-fetterman-win-the-2028-democratic-presidential-nomination-941&features=volume&theme=light,Will John Fetterman win the 2028 Democratic presidential nomination?,united-states,,"24h $1,511 • spread 0.001 • TTR 832.9d",24337503.95507319,1511.56,0.0,0.0,2028-11-07T00:00:00+00:00,832.88,1,0.001,-0.996,0.0035,0,"[{""name"": ""Top"", ""bestBid"": 0.003, ""bestAsk"": 0.004}]"
601818,0x81a537b379a35e4e17c286d3b37394e94bd74c1779bbe9a13670eb991b201a3a,will-tarcisio-de-frietas-win-the-2026-brazilian-presidential-election,https://polymarket.com/event/will-tarcisio-de-frietas-win-the-2026-brazilian-presidential-election,https://embed.polymarket.com/market.html?market=will-tarcisio-de-frietas-win-the-2026-brazilian-presidential-election&features=volume&theme=light,Will Tarcisio de Freitas win the 2026 Brazilian presidential election?,politics,,"24h $5,465 • spread 0.001 • TTR 67.9d",13640142.933295557,5465.82,0.0,0.0,2026-10-04T00:00:00+00:00,67.88,1,0.001,-0.998,0.0015,0,"[{""name"": ""Top"", ""bestBid"": 0.001, ""bestAsk"": 0.002}]"
560317,0x6bd56627aa21311850825edb27e53434a0e17a4f782be0086bc07f71eee00d0d,putin-out-before-2027-346,https://polymarket.com/event/putin-out-before-2027-346,https://embed.polymarket.com/market.html?market=putin-out-before-2027-346&features=volume&theme=light,"Putin out as President of Russia by December 31, 2026?",putin,,"24h $45,313 • spread 0.010 • TTR 156.7d",18064973.944406003,45313.93,0.0,0.0,2026-12-31T18:30:00+00:00,156.651,1,0.01,-0.91,0.085,0,"[{""name"": ""Top"", ""bestBid"": 0.08, ""bestAsk"": 0.09}]"
559662,0x9d4f94f82de9d13ff1d3318639ab9000ee2533949e525343156f374fb00bd9b1,will-mark-cuban-win-the-2028-democratic-presidential-nomination-329,https://polymarket.com/event/will-mark-cuban-win-the-2028-democratic-presidential-nomination-329,https://embed.polymarket.com/market.html?market=will-mark-cuban-win-the-2028-democratic-presidential-nomination-329&features=volume&theme=light,Will Mark Cuban win the 2028 Democratic presidential nomination?,united-states,,24h $180 • spread 0.001 • TTR 832.9d,22743666.888451703,180.72,0.0,0.0,2028-11-07T00:00:00+00:00,832.88,1,0.001,-0.994,0.0055,0,"[{""name"": ""Top"", ""bestBid"": 0.005, ""bestAsk"": 0.006}]"
562001,0xd5659eea81cada0bac656f5a9099861786cbae6755e2e1ac2c9e9441908b551f,will-steve-bannon-win-the-2028-republican-presidential-nomination,https://polymarket.com/event/will-steve-bannon-win-the-2028-republican-presidential-nomination,https://embed.polymarket.com/market.html?market=will-steve-bannon-win-the-2028-republican-presidential-nomination&features=volume&theme=light,Will Steve Bannon win the 2028 Republican presidential nomination?,united-states,,24h $230 • spread 0.001 • TTR 832.9d,22720637.83671513,230.56,0.0,0.0,2028-11-07T00:00:00+00:00,832.88,1,0.001,-0.995,0.0045,0,"[{""name"": ""Top"", ""bestBid"": 0.004, ""bestAsk"": 0.005}]"
2155000,0xa4ddc18895cc7b14810283ef8f113939abffd3969c6a0e37f1897110c67e6f73,hantavirus-pandemic-in-2026,https://polymarket.com/event/hantavirus-pandemic-in-2026,https://embed.polymarket.com/market.html?market=hantavirus-pandemic-in-2026&features=volume&theme=light,Hantavirus pandemic in 2026?,pandemics,,"24h $120,519 • spread 0.001 • TTR 155.9d",17164532.373143807,120519.34,-0.001,-2.9851,2026-12-31T00:00:00+00:00,155.88,1,0.001,-0.967,0.0325,0,"[{""name"": ""Top"", ""bestBid"": 0.032, ""bestAsk"": 0.033}]"
561256,0xf05b4b55336a4c1c7b44c726911d2b559732cff7bad339084de86ae364dc85f6,will-zohran-mamdani-win-the-2028-us-presidential-election,https://polymarket.com/event/will-zohran-mamdani-win-the-2028-us-presidential-election,https://embed.polymarket.com/market.html?market=will-zohran-mamdani-win-the-2028-us-presidential-election&features=volume&theme=light,Will Zohran Mamdani win the 2028 US Presidential Election?,president,,"24h $4,838 • spread 0.001 • TTR 832.9d",21488019.285620607,4838.43,0.0,0.0,2028-11-07T00:00:00+00:00,832.88,1,0.001,-0.996,0.0035,0,"[{""name"": ""Top"", ""bestBid"": 0.003, ""bestAsk"": 0.004}]"
559657,0xc8f1cf5d4f26e0fd9c8fe89f2a7b3263b902cf14fde7bfccef525753bb492e47,will-stephen-a-smith-win-the-2028-democratic-presidential-nomination-914,https://polymarket.com/event/will-stephen-a-smith-win-the-2028-democratic-presidential-nomination-914,https://embed.polymarket.com/market.html?market=will-stephen-a-smith-win-the-2028-democratic-presidential-nomination-914&features=volume&theme=light,Will Stephen A. Smith win the 2028 Democratic presidential nomination?,united-states,,"24h $2,204 • spread 0.001 • TTR 832.9d",21461859.77442115,2204.32,0.0,0.0,2028-11-07T00:00:00+00:00,832.88,1,0.001,-0.993,0.0065,0,"[{""name"": ""Top"", ""bestBid"": 0.006, ""bestAsk"": 0.007}]"
561983,0x214093035e429b91df322bd20c55d9f611f741f67472a63f7623a9afc0cffa57,will-greg-abbott-win-the-2028-republican-presidential-nomination,https://polymarket.com/event/will-greg-abbott-win-the-2028-republican-presidential-nomination,https://embed.polymarket.com/market.html?market=will-greg-abbott-win-the-2028-republican-presidential-nomination&features=volume&theme=light,Will Greg Abbott win the 2028 Republican presidential nomination?,united-states,,24h $81 • spread 0.001 • TTR 832.9d,20647676.63955385,81.16,0.0,0.0,2028-11-07T00:00:00+00:00,832.88,1,0.001,-0.992,0.0075,0,"[{""name"": ""Top"", ""bestBid"": 0.007, ""bestAsk"": 0.008}]"
561988,0x4d4bceee5f59f75230c6438f69fc913a6da7afa4098ce0734655045c02a730fc,will-josh-hawley-win-the-2028-republican-presidential-nomination,https://polymarket.com/event/will-josh-hawley-win-the-2028-republican-presidential-nomination,https://embed.polymarket.com/market.html?market=will-josh-hawley-win-the-2028-republican-presidential-nomination&features=volume&theme=light,Will Josh Hawley win the 2028 Republican presidential nomination?,united-states,,"24h $96,831 • spread 0.001 • TTR 832.9d",20164379.657065503,96831.56,0.0,0.0,2028-11-07T00:00:00+00:00,832.88,1,0.001,-0.996,0.0035,0,"[{""name"": ""Top"", ""bestBid"": 0.003, ""bestAsk"": 0.004}]"
561991,0xf2cea45ec282af4f302d2ab85ede73678cd692ebf8c3ab6d52bfa5e19f44c553,will-matt-gaetz-win-the-2028-republican-presidential-nomination,https://polymarket.com/event/will-matt-gaetz-win-the-2028-republican-presidential-nomination,https://embed.polymarket.com/market.html?market=will-matt-gaetz-win-the-2028-republican-presidential-nomination&features=volume&theme=light,Will Matt Gaetz win the 2028 Republican presidential nomination?,united-states,,24h $343 • spread 0.001 • TTR 832.9d,20021827.667917408,343.3,0.0,0.0,2028-11-07T00:00:00+00:00,832.88,1,0.001,-0.997,0.0025,0,"[{""name"": ""Top"", ""bestBid"": 0.002, ""bestAsk"": 0.003}]"
562000,0xd10bc768ede58b53ed400594240b0a0603134a32dab89ec823a18759cbc180ca,will-rand-paul-win-the-2028-republican-presidential-nomination,https://polymarket.com/event/will-rand-paul-win-the-2028-republican-presidential-nomination,https://embed.polymarket.com/market.html?market=will-rand-paul-win-the-2028-republican-presidential-nomination&features=volume&theme=light,Will Rand Paul win the 2028 Republican presidential nomination?,united-states,,24h $162 • spread 0.001 • TTR 832.9d,19219715.613305103,162.71,0.0,0.0,2028-11-07T00:00:00+00:00,832.88,1,0.001,-0.992,0.0075,0,"[{""name"": ""Top"", ""bestBid"": 0.007, ""bestAsk"": 0.008}]"
561237,0x09ad4955c170d46c6d80b5f554435b19e229ff7dbe55370892b64782336cc3b9,will-andy-beshear-win-the-2028-us-presidential-election,https://polymarket.com/event/will-andy-beshear-win-the-2028-us-presidential-election,https://embed.polymarket.com/market.html?market=will-andy-beshear-win-the-2028-us-presidential-election&features=volume&theme=light,Will Andy Beshear win the 2028 US Presidential Election?,president,,"24h $1,274 • spread 0.001 • TTR 832.9d",18810461.2444292,1274.37,0.0,0.0,2028-11-07T00:00:00+00:00,832.88,1,0.001,-0.988,0.0115,0,"[{""name"": ""Top"", ""bestBid"": 0.011, ""bestAsk"": 0.012}]"
561989,0x0ac23db1e56971022bc7e822b907a2466c618b34104ea72bc9fa95e41c86a9c6,will-ted-cruz-win-the-2028-republican-presidential-nomination,https://polymarket.com/event/will-ted-cruz-win-the-2028-republican-presidential-nomination,https://embed.polymarket.com/market.html?market=will-ted-cruz-win-the-2028-republican-presidential-nomination&features=volume&theme=light,Will Ted Cruz win the 2028 Republican presidential nomination?,united-states,,24h $354 • spread 0.001 • TTR 832.9d,18717271.439324252,354.04,0.0,0.0,2028-11-07T00:00:00+00:00,832.88,1,0.001,-0.99,0.0095,0,"[{""name"": ""Top"", ""bestBid"": 0.009, ""bestAsk"": 0.01}]"
562002,0x7abed80b88301210ee83b7b14ec41bc9a5161e1af07254fbb26c6e2bf7182766,will-erika-kirk-win-the-2028-republican-presidential-nomination,https://polymarket.com/event/will-erika-kirk-win-the-2028-republican-presidential-nomination,https://embed.polymarket.com/market.html?market=will-erika-kirk-win-the-2028-republican-presidential-nomination&features=volume&theme=light,Will Erika Kirk win the 2028 Republican presidential nomination?,united-states,,24h $294 • spread 0.001 • TTR 832.9d,18656051.24167749,294.66,0.0,0.0,2028-11-07T00:00:00+00:00,832.88,1,0.001,-0.996,0.0035,0,"[{""name"": ""Top"", ""bestBid"": 0.003, ""bestAsk"": 0.004}]"
561257,0xbbbece074c2d4010e39e39c85ed67b1131180fcea616073c893fb6beaf51d783,will-michelle-obama-win-the-2028-us-presidential-election,https://polymarket.com/event/will-michelle-obama-win-the-2028-us-presidential-election,https://embed.polymarket.com/market.html?market=will-michelle-obama-win-the-2028-us-presidential-election&features=volume&theme=light,Will Michelle Obama win the 2028 US Presidential Election?,president,,"24h $9,647 • spread 0.001 • TTR 832.9d",18571563.451584913,9647.89,0.0,0.0,2028-11-07T00:00:00+00:00,832.88,1,0.001,-0.993,0.0065,0,"[{""name"": ""Top"", ""bestBid"": 0.006, ""bestAsk"": 0.007}]"
561263,0x2d3c4fc5cde6dfb43448402b912e41bd4453e3f030448ed026bff8f1a0bc072e,will-eric-trump-win-the-2028-us-presidential-election,https://polymarket.com/event/will-eric-trump-win-the-2028-us-presidential-election,https://embed.polymarket.com/market.html?market=will-eric-trump-win-the-2028-us-presidential-election&features=volume&theme=light,Will Eric Trump win the 2028 US Presidential Election?,president,,24h $175 • spread 0.001 • TTR 832.9d,18365179.23981498,175.41,0.0,0.0,2028-11-07T00:00:00+00:00,832.88,1,0.001,-0.996,0.0035,0,"[{""name"": ""Top"", ""bestBid"": 0.003, ""bestAsk"": 0.004}]"
601824,0xa59bb6bb91e5c1e4d533864520fbd3bb75d6d0ebb813b4cd8a8b88479bfa8966,will-carlos-roberto-massa-jnior-win-the-2026-brazilian-presidential-election,https://polymarket.com/event/will-carlos-roberto-massa-jnior-win-the-2026-brazilian-presidential-election,https://embed.polymarket.com/market.html?market=will-carlos-roberto-massa-jnior-win-the-2026-brazilian-presidential-election&features=volume&theme=light,Will Carlos Roberto Massa Júnior win the 2026 Brazilian presidential election?,politics,,TTR 67.9d,10372238.436618866,,0.0,0.0,2026-10-04T00:00:00+00:00,67.88,1,,-0.999,,0,"[{""name"": ""Top"", ""bestBid"": null, ""bestAsk"": 0.001}]"
601823,0xe1d5733322fd2215f136412f419d9ff805d097f78c68de3261515ff736895f2b,will-eduardo-bolsonaro-win-the-2026-brazilian-presidential-election,https://polymarket.com/event/will-eduardo-bolsonaro-win-the-2026-brazilian-presidential-election,https://embed.polymarket.com/market.html?market=will-eduardo-bolsonaro-win-the-2026-brazilian-presidential-election&features=volume&theme=light,Will Eduardo Bolsonaro win the 2026 Brazilian presidential election?,politics,,24h $59 • TTR 67.9d,10352505.572770998,59.14,0.0,0.0,2026-10-04T00:00:00+00:00,67.88,1,,-0.999,,0,"[{""name"": ""Top"", ""bestBid"": null, ""bestAsk"": 0.001}]"
561230,0x4567b275e6b667a6217f5cb4f06a797d3a1eaf1d0281fb5bc8c75e2046ae7e57,will-gavin-newsom-win-the-2028-us-presidential-election,https://polymarket.com/event/will-gavin-newsom-win-the-2028-us-presidential-election,https://embed.polymarket.com/market.html?market=will-gavin-newsom-win-the-2028-us-presidential-election&features=volume&theme=light,Will Gavin Newsom win the 2028 US Presidential Election?,president,,"24h $5,061 • spread 0.001 • TTR 832.9d",17541895.649187036,5061.12,-0.005,-4.0486,2028-11-07T00:00:00+00:00,832.88,1,0.001,-0.881,0.1185,0,"[{""name"": ""Top"", ""bestBid"": 0.118, ""bestAsk"": 0.119}]"
561985,0x42631e1a8c8e6389422b58b8e15b1b551892b9833651aa3bab25afab124354b5,will-brian-kemp-win-the-2028-republican-presidential-nomination,https://polymarket.com/event/will-brian-kemp-win-the-2028-republican-presidential-nomination,https://embed.polymarket.com/market.html?market=will-brian-kemp-win-the-2028-republican-presidential-nomination&features=volume&theme=light,Will Brian Kemp win the 2028 Republican presidential nomination?,united-states,,"24h $2,732 • spread 0.001 • TTR 832.9d",17464733.184788346,2732.23,0.0,0.0,2028-11-07T00:00:00+00:00,832.88,1,0.001,-0.994,0.0055,0,"[{""name"": ""Top"", ""bestBid"": 0.005, ""bestAsk"": 0.006}]"
898420,0xa2b7d292821eafb97059947b9d834512deda11b7866e0f7b299bcb035071d626,will-oliver-bearman-be-the-2026-f1-drivers-champion,https://polymarket.com/event/will-oliver-bearman-be-the-2026-f1-drivers-champion,https://embed.polymarket.com/market.html?market=will-oliver-bearman-be-the-2026-f1-drivers-champion&features=volume&theme=light,Will Oliver Bearman be the 2026 F1 Drivers' Champion?,sports,,24h $158 • TTR 130.9d,12882907.30655541,158.97,0.0,0.0,2026-12-06T00:00:00+00:00,130.88,1,,-0.999,,0,"[{""name"": ""Top"", ""bestBid"": null, ""bestAsk"": 0.001}]"
559656,0x61d9486c0f7e14ed98f3b177b6adcb3cd45646c92e8bbfbf209789b86472d4b6,will-wes-moore-win-the-2028-democratic-presidential-nomination-714,https://polymarket.com/event/will-wes-moore-win-the-2028-democratic-presidential-nomination-714,https://embed.polymarket.com/market.html?market=will-wes-moore-win-the-2028-democratic-presidential-nomination-714&features=volume&theme=light,Will Wes Moore win the 2028 Democratic presidential nomination?,united-states,,"24h $58,175 • spread 0.001 • TTR 832.9d",17107627.478868965,58175.36,0.0,0.0,2028-11-07T00:00:00+00:00,832.88,1,0.001,-0.986,0.0135,0,"[{""name"": ""Top"", ""bestBid"": 0.013, ""bestAsk"": 0.014}]"
2643400,0x636f780f794635820e8cafe81924ef2dd67622fc01b6b2e5e64e9cc99593a005,will-iran-announce-withdrawal-from-mou-negotiations-by-july-31-20260622191733846-586-829-787,https://polymarket.com/event/will-iran-announce-withdrawal-from-mou-negotiations-by-july-31-20260622191733846-586-829-787,https://embed.polymarket.com/market.html?market=will-iran-announce-withdrawal-from-mou-negotiations-by-july-31-20260622191733846-586-829-787&features=volume&theme=light,Will Iran announce withdrawal from MOU negotiations by July 31?,iran,,"24h $21,848 • spread 0.001 • TTR 3.9d",3120518.504516987,21848.42,-0.0015,-9.375,2026-07-31T23:59:00+00:00,3.879,1,0.001,-0.985,0.0145,0,"[{""name"": ""Top"", ""bestBid"": 0.014, ""bestAsk"": 0.015}]"
559691,0xc720fcfa9e29346a976902f87e0f0f3bdc31d43af501b4fdef4f1780a30dd359,will-chris-murphy-win-the-2028-democratic-presidential-nomination,https://polymarket.com/event/will-chris-murphy-win-the-2028-democratic-presidential-nomination,https://embed.polymarket.com/market.html?market=will-chris-murphy-win-the-2028-democratic-presidential-nomination&features=volume&theme=light,Will Chris Murphy win the 2028 Democratic presidential nomination?,united-states,,24h $110 • spread 0.001 • TTR 832.9d,17028337.487716638,110.17,0.0,0.0,2028-11-07T00:00:00+00:00,832.88,1,0.001,-0.994,0.0055,0,"[{""name"": ""Top"", ""bestBid"": 0.005, ""bestAsk"": 0.006}]"
559668,0x36db77c539bcc8c7bf0686c1b99f30c5a5eed1f53d3b3a27a071550c81f83701,will-mark-kelly-win-the-2028-democratic-presidential-nomination-479,https://polymarket.com/event/will-mark-kelly-win-the-2028-democratic-presidential-nomination-479,https://embed.polymarket.com/market.html?market=will-mark-kelly-win-the-2028-democratic-presidential-nomination-479&features=volume&theme=light,Will Mark Kelly win the 2028 Democratic presidential nomination?,united-states,,"24h $12,666 • spread 0.001 • TTR 832.9d",16817344.133344404,12666.89,0.001,4.6512,2028-11-07T00:00:00+00:00,832.88,1,0.001,-0.977,0.0225,0,"[{""name"": ""Top"", ""bestBid"": 0.022, ""bestAsk"": 0.023}]"
561984,0xc510176cf39d73295354fc797d84b510d050b45d29d6c9735ee18cdbc4fd6463,will-robert-f-kennedy-jr-win-the-2028-republican-presidential-nomination,https://polymarket.com/event/will-robert-f-kennedy-jr-win-the-2028-republican-presidential-nomination,https://embed.polymarket.com/market.html?market=will-robert-f-kennedy-jr-win-the-2028-republican-presidential-nomination&features=volume&theme=light,Will Robert F. Kennedy Jr. win the 2028 Republican presidential nomination?,united-states,,24h $74 • spread 0.001 • TTR 832.9d,16754913.375332221,74.37,0.0,0.0,2028-11-07T00:00:00+00:00,832.88,1,0.001,-0.992,0.0075,0,"[{""name"": ""Top"", ""bestBid"": 0.007, ""bestAsk"": 0.008}]"
898424,0xde3d62becec90cd596e01294346786f5a9406a026e105c054d0f7e62cffdcf8f,will-franco-colapinto-be-the-2026-f1-drivers-champion,https://polymarket.com/event/will-franco-colapinto-be-the-2026-f1-drivers-champion,https://embed.polymarket.com/market.html?market=will-franco-colapinto-be-the-2026-f1-drivers-champion&features=volume&theme=light,Will Franco Colapinto be the 2026 F1 Drivers' Champion?,sports,,TTR 130.9d,12213606.531519143,,0.0,0.0,2026-12-06T00:00:00+00:00,130.88,1,,-0.999,,0,"[{""name"": ""Top"", ""bestBid"": null, ""bestAsk"": 0.001}]"
898429,0x00f89ad58499dfda366bf9182878c81d9ec6a73cdf4bf9a85b9d24474debf684,will-valtteri-bottas-be-the-2026-f1-drivers-champion,https://polymarket.com/event/will-valtteri-bottas-be-the-2026-f1-drivers-champion,https://embed.polymarket.com/market.html?market=will-valtteri-bottas-be-the-2026-f1-drivers-champion&features=volume&theme=light,Will Valtteri Bottas be the 2026 F1 Drivers' Champion?,sports,,24h $25 • TTR 130.9d,12192245.54780961,25.14,0.0,0.0,2026-12-06T00:00:00+00:00,130.88,1,,-0.999,,0,"[{""name"": ""Top"", ""bestBid"": null, ""bestAsk"": 0.001}]"
898426,0x7a6491e3c906af3657b9b5cf2b371b454f1ddb91b4f4ca3344caaabf424a8056,will-arvid-lindblad-be-the-2026-f1-drivers-champion,https://polymarket.com/event/will-arvid-lindblad-be-the-2026-f1-drivers-champion,https://embed.polymarket.com/market.html?market=will-arvid-lindblad-be-the-2026-f1-drivers-champion&features=volume&theme=light,Will Arvid Lindblad be the 2026 F1 Drivers' Champion?,sports,,24h $131 • TTR 130.9d,12038975.705626184,131.66,0.0,0.0,2026-12-06T00:00:00+00:00,130.88,1,,-0.999,,0,"[{""name"": ""Top"", ""bestBid"": null, ""bestAsk"": 0.001}]"
898427,0x596b82d8371efcfcc2fd5312d5dde04f5e9aa1f0c61fd3f93be2a8be09e0da5f,will-alexander-albon-be-the-2026-f1-drivers-champion,https://polymarket.com/event/will-alexander-albon-be-the-2026-f1-drivers-champion,https://embed.polymarket.com/market.html?market=will-alexander-albon-be-the-2026-f1-drivers-champion&features=volume&theme=light,Will Alexander Albon be the 2026 F1 Drivers' Champion?,sports,,24h $16 • TTR 130.9d,11864751.41001192,16.48,0.0,0.0,2026-12-06T00:00:00+00:00,130.88,1,,-0.999,,0,"[{""name"": ""Top"", ""bestBid"": null, ""bestAsk"": 0.001}]"
601822,0x37ec4c6b57a18b16eed1241f6155ee7ff45bc1697d7848f15ac33d406e38ed00,will-michelle-bolsonaro-win-the-2026-brazilian-presidential-election,https://polymarket.com/event/will-michelle-bolsonaro-win-the-2026-brazilian-presidential-election,https://embed.polymarket.com/market.html?market=will-michelle-bolsonaro-win-the-2026-brazilian-presidential-election&features=volume&theme=light,Will Michelle Bolsonaro win the 2026 Brazilian presidential election?,politics,,"24h $34,493 • spread 0.001 • TTR 67.9d",9310502.50396574,34493.19,-0.003,-46.1538,2026-10-04T00:00:00+00:00,67.88,1,0.001,-0.996,0.0035,0,"[{""name"": ""Top"", ""bestBid"": 0.003, ""bestAsk"": 0.004}]"
561981,0xd997dc2a212a7d6673375a3b016db1fb214247142f8cde0cbf07f8e6d789877c,will-vivek-ramaswamy-win-the-2028-republican-presidential-nomination,https://polymarket.com/event/will-vivek-ramaswamy-win-the-2028-republican-presidential-nomination,https://embed.polymarket.com/market.html?market=will-vivek-ramaswamy-win-the-2028-republican-presidential-nomination&features=volume&theme=light,Will Vivek Ramaswamy win the 2028 Republican presidential nomination?,united-states,,24h $161 • spread 0.001 • TTR 832.9d,15975231.176806103,161.19,0.0,0.0,2028-11-07T00:00:00+00:00,832.88,1,0.001,-0.989,0.0105,0,"[{""name"": ""Top"", ""bestBid"": 0.01, ""bestAsk"": 0.011}]"
898430,0x9ca9ea6bcad843f3e94c213ad978b4f21d712d90f9a28372d9248ec99bb7193a,will-sergio-prez-be-the-2026-f1-drivers-champion,https://polymarket.com/event/will-sergio-prez-be-the-2026-f1-drivers-champion,https://embed.polymarket.com/market.html?market=will-sergio-prez-be-the-2026-f1-drivers-champion&features=volume&theme=light,Will Sergio Pérez be the 2026 F1 Drivers' Champion?,sports,,24h $21 • TTR 130.9d,11786846.874410238,21.58,0.0,0.0,2026-12-06T00:00:00+00:00,130.88,1,,-0.999,,0,"[{""name"": ""Top"", ""bestBid"": null, ""bestAsk"": 0.001}]"
898418,0xc62b78f7a1b56a4e2cc713a0633fe4cd2a6a5dce6cd3b4eec0bd292a6cbdff71,will-lance-stroll-be-the-2026-f1-drivers-champion,https://polymarket.com/event/will-lance-stroll-be-the-2026-f1-drivers-champion,https://embed.polymarket.com/market.html?market=will-lance-stroll-be-the-2026-f1-drivers-champion&features=volume&theme=light,Will Lance Stroll be the 2026 F1 Drivers' Champion?,sports,,24h $15 • TTR 130.9d,11729206.635504646,15.94,0.0,0.0,2026-12-06T00:00:00+00:00,130.88,1,,-0.999,,0,"[{""name"": ""Top"", ""bestBid"": null, ""bestAsk"": 0.001}]"
2555351,0xb12f5e328a7d9f7a26e0a074625ea775025104e673c776d575dab422a472ef59,israel-closes-its-airspace-by-july-31-287,https://polymarket.com/event/israel-closes-its-airspace-by-july-31-287,https://embed.polymarket.com/market.html?market=israel-closes-its-airspace-by-july-31-287&features=volume&theme=light,Israel closes its airspace by July 31?,politics,,"24h $106,484 • spread 0.005 • TTR 2.9d",2731236.0789830056,106484.56,-0.0235,-36.1538,2026-07-31T00:00:00+00:00,2.88,1,0.005,-0.958,0.0395,0,"[{""name"": ""Top"", ""bestBid"": 0.037, ""bestAsk"": 0.042}]"
898423,0x88d573d2ba5e43e1320cf0eb733452feb4cb4a1d4780dcb05ac6ee6830c2e4c3,will-pierre-gasly-be-the-2026-f1-drivers-champion,https://polymarket.com/event/will-pierre-gasly-be-the-2026-f1-drivers-champion,https://embed.polymarket.com/market.html?market=will-pierre-gasly-be-the-2026-f1-drivers-champion&features=volume&theme=light,Will Pierre Gasly be the 2026 F1 Drivers' Champion?,sports,,24h $5 • TTR 130.9d,11500585.761431502,5.0,0.0,0.0,2026-12-06T00:00:00+00:00,130.88,1,,-0.999,,0,"[{""name"": ""Top"", ""bestBid"": null, ""bestAsk"": 0.001}]"
561236,0xfd6176f8c9a59105f80e060a77c4099881c5f2d9e0ceab88e55cf978462fab7f,will-gretchen-whitmer-win-the-2028-us-presidential-election,https://polymarket.com/event/will-gretchen-whitmer-win-the-2028-us-presidential-election,https://embed.polymarket.com/market.html?market=will-gretchen-whitmer-win-the-2028-us-presidential-election&features=volume&theme=light,Will Gretchen Whitmer win the 2028 US Presidential Election?,president,,"24h $36,691 • spread 0.001 • TTR 832.9d",15325491.293171797,36691.14,0.0,0.0,2028-11-07T00:00:00+00:00,832.88,1,0.001,-0.992,0.0075,0,"[{""name"": ""Top"", ""bestBid"": 0.007, ""bestAsk"": 0.008}]"
559663,0xe883f2fda25a605a184bb5fe583afce6cc21ea0b348b6a3728ec3067553c548d,will-jb-pritzker-win-the-2028-democratic-presidential-nomination-288,https://polymarket.com/event/will-jb-pritzker-win-the-2028-democratic-presidential-nomination-288,https://embed.polymarket.com/market.html?market=will-jb-pritzker-win-the-2028-democratic-presidential-nomination-288&features=volume&theme=light,Will J.B. Pritzker win the 2028 Democratic presidential nomination?,united-states,,"24h $83,554 • spread 0.001 • TTR 832.9d",15211502.296886822,83554.57,0.001,10.5263,2028-11-07T00:00:00+00:00,832.88,1,0.001,-0.989,0.0105,0,"[{""name"": ""Top"", ""bestBid"": 0.01, ""bestAsk"": 0.011}]"
561979,0x64d31a2af85518c6718a5757a35b840f08eca20c1e22c0eb1e96ec01cc55b8b6,will-ron-desantis-win-the-2028-republican-presidential-nomination,https://polymarket.com/event/will-ron-desantis-win-the-2028-republican-presidential-nomination,https://embed.polymarket.com/market.html?market=will-ron-desantis-win-the-2028-republican-presidential-nomination&features=volume&theme=light,Will Ron DeSantis win the 2028 Republican presidential nomination?,united-states,,"24h $13,080 • spread 0.001 • TTR 832.9d",15109010.911835678,13080.3,0.001,3.3898,2028-11-07T00:00:00+00:00,832.88,1,0.001,-0.969,0.0305,0,"[{""name"": ""Top"", ""bestBid"": 0.03, ""bestAsk"": 0.031}]"
1472548,0xaa5cdb6830cbfa2ca711b7cf93bd42cf4f8e062d44ea188c0b8ec1fb2924c083,will-reza-pahlavi-lead-iran-in-2026,https://polymarket.com/event/will-reza-pahlavi-lead-iran-in-2026,https://embed.polymarket.com/market.html?market=will-reza-pahlavi-lead-iran-in-2026&features=volume&theme=light,Will Reza Pahlavi lead Iran in 2026?,iran,,"24h $1,353 • spread 0.001 • TTR 155.9d",11656399.915676175,1353.55,-0.0005,-1.0638,2026-12-31T00:00:00+00:00,155.88,1,0.001,-0.953,0.0465,0,"[{""name"": ""Top"", ""bestBid"": 0.046, ""bestAsk"": 0.047}]"
898428,0xaf15f055f10713cbd3c7c30cece5c20c4ff00a76e51da59d635bb5160654bd34,will-carlos-sainz-jr-be-the-2026-f1-drivers-champion,https://polymarket.com/event/will-carlos-sainz-jr-be-the-2026-f1-drivers-champion,https://embed.polymarket.com/market.html?market=will-carlos-sainz-jr-be-the-2026-f1-drivers-champion&features=volume&theme=light,Will Carlos Sainz Jr. be the 2026 F1 Drivers' Champion?,sports,,24h $59 • TTR 130.9d,11082218.170266166,59.09,0.0,0.0,2026-12-06T00:00:00+00:00,130.88,1,,-0.999,,0,"[{""name"": ""Top"", ""bestBid"": null, ""bestAsk"": 0.001}]"
561229,0x7ad403c3508f8e3912940fd1a913f227591145ca0614074208e0b962d5fcc422,will-jd-vance-win-the-2028-us-presidential-election,https://polymarket.com/event/will-jd-vance-win-the-2028-us-presidential-election,https://embed.polymarket.com/market.html?market=will-jd-vance-win-the-2028-us-presidential-election&features=volume&theme=light,Will JD Vance win the 2028 US Presidential Election?,president,,"24h $8,946 • spread 0.001 • TTR 832.9d",14911988.212191127,8946.97,0.0,0.0,2028-11-07T00:00:00+00:00,832.88,1,0.001,-0.797,0.2025,0,"[{""name"": ""Top"", ""bestBid"": 0.202, ""bestAsk"": 0.203}]"
559651,0xa467b14d51f01b957109d9cbb1d6c124fab2a089d52ed8f471d23c2812e743b7,xi-jinping-out-before-2027,https://polymarket.com/event/xi-jinping-out-before-2027,https://embed.polymarket.com/market.html?market=xi-jinping-out-before-2027&features=volume&theme=light,Xi Jinping out before 2027?,hfc,,"24h $14,178 • spread 0.001 • TTR 155.9d",11564125.543793006,14178.59,-0.0005,-1.0417,2026-12-31T00:00:00+00:00,155.88,1,0.001,-0.952,0.0475,0,"[{""name"": ""Top"", ""bestBid"": 0.047, ""bestAsk"": 0.048}]"
898422,0x97b92c6c26b31dc3be183b76b1c39167806611396793eda0edf084d29b76fa46,will-gabriel-bortoleto-be-the-2026-f1-drivers-champion,https://polymarket.com/event/will-gabriel-bortoleto-be-the-2026-f1-drivers-champion,https://embed.polymarket.com/market.html?market=will-gabriel-bortoleto-be-the-2026-f1-drivers-champion&features=volume&theme=light,Will Gabriel Bortoleto be the 2026 F1 Drivers' Champion?,sports,,24h $56 • TTR 130.9d,10915147.801449984,56.1,0.0,0.0,2026-12-06T00:00:00+00:00,130.88,1,,-0.999,,0,"[{""name"": ""Top"", ""bestBid"": null, ""bestAsk"": 0.001}]"
601825,0x05297f854d3b757d5e51a1a29c7f225a80b14b2a161d6b7f9a61677da7a80ced,will-renan-santos-win-the-2026-brazilian-presidential-election,https://polymarket.com/event/will-renan-santos-win-the-2026-brazilian-presidential-election,https://embed.polymarket.com/market.html?market=will-renan-santos-win-the-2026-brazilian-presidential-election&features=volume&theme=light,Will Renan Santos win the 2026 Brazilian presidential election?,politics,,"24h $31,087 • spread 0.006 • TTR 67.9d",8570069.536244892,31087.28,-0.0075,-7.6923,2026-10-04T00:00:00+00:00,67.88,1,0.006,-0.907,0.09,0,"[{""name"": ""Top"", ""bestBid"": 0.087, ""bestAsk"": 0.093}]"
561974,0x18b1c135d0a40c5894da9412e77311827d9caf16cf4cd6591b247a34730af919,will-jd-vance-win-the-2028-republican-presidential-nomination,https://polymarket.com/event/will-jd-vance-win-the-2028-republican-presidential-nomination,https://embed.polymarket.com/market.html?market=will-jd-vance-win-the-2028-republican-presidential-nomination&features=volume&theme=light,Will J.D. Vance win the 2028 Republican presidential nomination?,united-states,,"24h $34,674 • spread 0.001 • TTR 832.9d • ~50% mid",14715807.128919113,34674.31,0.001,0.2334,2028-11-07T00:00:00+00:00,832.88,1,0.001,-0.57,0.4295,1,"[{""name"": ""Top"", ""bestBid"": 0.429, ""bestAsk"": 0.43}]"
898425,0xcf72b0f49af9446288a897ac1d73afa72549d98de7860bb17dacc3c4379a2c58,will-liam-lawson-be-the-2026-f1-drivers-champion,https://polymarket.com/event/will-liam-lawson-be-the-2026-f1-drivers-champion,https://embed.polymarket.com/market.html?market=will-liam-lawson-be-the-2026-f1-drivers-champion&features=volume&theme=light,Will Liam Lawson be the 2026 F1 Drivers' Champion?,sports,,24h $2 • TTR 130.9d,10709066.366793085,2.7,0.0,0.0,2026-12-06T00:00:00+00:00,130.88,1,,-0.999,,0,"[{""name"": ""Top"", ""bestBid"": null, ""bestAsk"": 0.001}]"
559669,0x3dc47a72ac6bb265e9cefebd2a2eeed00966394cb2d07245b5c94138b60e82a3,will-rahm-emanuel-win-the-2028-democratic-presidential-nomination-299,https://polymarket.com/event/will-rahm-emanuel-win-the-2028-democratic-presidential-nomination-299,https://embed.polymarket.com/market.html?market=will-rahm-emanuel-win-the-2028-democratic-presidential-nomination-299&features=volume&theme=light,Will Rahm Emanuel win the 2028 Democratic presidential nomination?,united-states,,24h $400 • spread 0.001 • TTR 832.9d,14330428.09830993,400.31,0.0,0.0,2028-11-07T00:00:00+00:00,832.88,1,0.001,-0.976,0.0235,0,"[{""name"": ""Top"", ""bestBid"": 0.023, ""bestAsk"": 0.024}]"
559653,0xe6bcc2f1dd025ce5e1833190f7c60a71171c94f805df55b9ab0ded695ec93565,will-alexandria-ocasio-cortez-win-the-2028-democratic-presidential-nomination-653,https://polymarket.com/event/will-alexandria-ocasio-cortez-win-the-2028-democratic-presidential-nomination-653,https://embed.polymarket.com/market.html?market=will-alexandria-ocasio-cortez-win-the-2028-democratic-presidential-nomination-653&features=volume&theme=light,Will Alexandria Ocasio-Cortez win the 2028 Democratic presidential nomination?,united-states,,"24h $19,013 • spread 0.005 • TTR 832.9d",14054804.69065613,19013.57,-0.01,-6.9204,2028-11-07T00:00:00+00:00,832.88,1,0.005,-0.863,0.1345,0,"[{""name"": ""Top"", ""bestBid"": 0.132, ""bestAsk"": 0.137}]"
2698591,0xcfa8fd6341f3489fabeb6c57aa9c14ab22571a31fb9b3198b0ba0463cefc8509,trump-out-as-president-by-july-31-20260626202639374,https://polymarket.com/event/trump-out-as-president-by-july-31-20260626202639374,https://embed.polymarket.com/market.html?market=trump-out-as-president-by-july-31-20260626202639374&features=volume&theme=light,Trump out as President by July 31?,trump,,"24h $52,269 • spread 0.001 • TTR 3.9d",2505312.05389199,52269.38,-0.0015,-42.8571,2026-07-31T23:59:00+00:00,3.879,1,0.001,-0.997,0.0025,0,"[{""name"": ""Top"", ""bestBid"": 0.002, ""bestAsk"": 0.003}]"
561253,0xd94b47bdeba16ae948bfb147bda059f3543d6fca73291644dfff5268bba7a797,will-tucker-carlson-win-the-2028-us-presidential-election,https://polymarket.com/event/will-tucker-carlson-win-the-2028-us-presidential-election,https://embed.polymarket.com/market.html?market=will-tucker-carlson-win-the-2028-us-presidential-election&features=volume&theme=light,Will Tucker Carlson win the 2028 US Presidential Election?,president,,24h $245 • spread 0.001 • TTR 832.9d,13636316.7348332,245.05,0.0,0.0,2028-11-07T00:00:00+00:00,832.88,1,0.001,-0.985,0.0145,0,"[{""name"": ""Top"", ""bestBid"": 0.014, ""bestAsk"": 0.015}]"
601831,0x70f1a7d2cd490b640676d5e31470bcbe16fef40087de1af8b6f6e44e299b5784,will-eduardo-leite-win-the-2026-brazilian-presidential-election,https://polymarket.com/event/will-eduardo-leite-win-the-2026-brazilian-presidential-election,https://embed.polymarket.com/market.html?market=will-eduardo-leite-win-the-2026-brazilian-presidential-election&features=volume&theme=light,Will Eduardo Leite win the 2026 Brazilian presidential election?,politics,,"24h $1,133 • TTR 67.9d",7898434.547926779,1133.22,0.0,0.0,2026-10-04T00:00:00+00:00,67.88,1,,-0.999,,0,"[{""name"": ""Top"", ""bestBid"": null, ""bestAsk"": 0.001}]"
561976,0x9cd77217b2ab264fe4f6d302f662c0a91f349fe5798f1f98d70bb2311712791b,will-tulsi-gabbard-win-the-2028-republican-presidential-nomination,https://polymarket.com/event/will-tulsi-gabbard-win-the-2028-republican-presidential-nomination,https://embed.polymarket.com/market.html?market=will-tulsi-gabbard-win-the-2028-republican-presidential-nomination&features=volume&theme=light,Will Tulsi Gabbard win the 2028 Republican presidential nomination?,united-states,,24h $66 • spread 0.001 • TTR 832.9d,13581396.712552978,66.92,0.0,0.0,2028-11-07T00:00:00+00:00,832.88,1,0.001,-0.993,0.0065,0,"[{""name"": ""Top"", ""bestBid"": 0.006, ""bestAsk"": 0.007}]"
1126504,0x890fc3ba40458db0b67560691aa1597344c2a0560d18e80f586a4b35f510b4ce,will-the-us-acquire-any-part-of-greenland-in-2026,https://polymarket.com/event/will-the-us-acquire-any-part-of-greenland-in-2026,https://embed.polymarket.com/market.html?market=will-the-us-acquire-any-part-of-greenland-in-2026&features=volume&theme=light,Will the US acquire part of Greenland in 2026?,davos,,"24h $1,023 • spread 0.020 • TTR 155.9d",10484619.977544067,1023.39,0.0,0.0,2026-12-31T00:00:00+00:00,155.88,1,0.02,-0.92,0.07,0,"[{""name"": ""Top"", ""bestBid"": 0.06, ""bestAsk"": 0.08}]"
561244,0x23481b811978194fa175143ed7cd8d0000878ca59c408fd552e33535f7aa771e,will-donald-trump-jr-win-the-2028-us-presidential-election,https://polymarket.com/event/will-donald-trump-jr-win-the-2028-us-presidential-election,https://embed.polymarket.com/market.html?market=will-donald-trump-jr-win-the-2028-us-presidential-election&features=volume&theme=light,Will Donald Trump Jr. win the 2028 US Presidential Election?,president,,"24h $3,038 • spread 0.001 • TTR 832.9d",13466499.905684782,3038.21,0.0,0.0,2028-11-07T00:00:00+00:00,832.88,1,0.001,-0.989,0.0105,0,"[{""name"": ""Top"", ""bestBid"": 0.01, ""bestAsk"": 0.011}]"
666861,0x48b0b0bca515f68fccf95af4793dbd0edbfec1f8ec6e8df2c0f69ba74f8c4722,trump-out-as-president-before-2027,https://polymarket.com/event/trump-out-as-president-before-2027,https://embed.polymarket.com/market.html?market=trump-out-as-president-before-2027&features=volume&theme=light,Trump out as President before 2027?,politics,,"24h $10,334 • spread 0.010 • TTR 155.9d",10300671.27462433,10334.85,0.0,0.0,2026-12-31T00:00:00+00:00,155.88,1,0.01,-0.92,0.075,0,"[{""name"": ""Top"", ""bestBid"": 0.07, ""bestAsk"": 0.08}]"
601819,0xdf8e2dc5860027decbe6164555c3c1c9645c3bd33e16b9dc57ca87125047d4a8,will-luiz-incio-lula-da-silva-win-the-2026-brazilian-presidential-election,https://polymarket.com/event/will-luiz-incio-lula-da-silva-win-the-2026-brazilian-presidential-election,https://embed.polymarket.com/market.html?market=will-luiz-incio-lula-da-silva-win-the-2026-brazilian-presidential-election&features=volume&theme=light,Will Luiz Inácio Lula da Silva win the 2026 Brazilian presidential election?,politics,,"24h $15,025 • spread 0.010 • TTR 67.9d",7684371.456139893,15025.08,0.0,0.0,2026-10-04T00:00:00+00:00,67.88,1,0.01,-0.36,0.635,0,"[{""name"": ""Top"", ""bestBid"": 0.63, ""bestAsk"": 0.64}]"
601826,0x1a01bf78f56a507fcb666d564d8c8b91b0750679163ed6e96746102c9b7d285d,will-flvio-bolsonaro-win-the-2026-brazilian-presidential-election,https://polymarket.com/event/will-flvio-bolsonaro-win-the-2026-brazilian-presidential-election,https://embed.polymarket.com/market.html?market=will-flvio-bolsonaro-win-the-2026-brazilian-presidential-election&features=volume&theme=light,Will Flávio Bolsonaro win the 2026 Brazilian presidential election?,politics,,"24h $6,126 • spread 0.001 • TTR 67.9d",7683633.54242899,6126.57,0.001,0.4211,2026-10-04T00:00:00+00:00,67.88,1,0.001,-0.761,0.2385,0,"[{""name"": ""Top"", ""bestBid"": 0.238, ""bestAsk"": 0.239}]"
2758339,0xbe20fcfd54937c2a48a7b8521ca349e6a2c4373566328ebb950a8c35ab1be3d9,will-bitcoin-reach-67pt5k-in-july-2026,https://polymarket.com/event/will-bitcoin-reach-67pt5k-in-july-2026,https://embed.polymarket.com/market.html?market=will-bitcoin-reach-67pt5k-in-july-2026&features=volume&theme=light,"Will Bitcoin reach $67,500 in July?",bitcoin,,"24h $200,886 • spread 0.010 • TTR 4.0d",2363123.913313012,200886.85,-0.295,-79.7297,2026-08-01T04:00:00+00:00,4.046,1,0.01,-0.92,0.075,0,"[{""name"": ""Top"", ""bestBid"": 0.07, ""bestAsk"": 0.08}]"
559660,0x1d519b87999e3d4e90e1e8f57b5eee73a0ba488ff3fdb70867f294733aba84a9,will-andy-beshear-win-the-2028-democratic-presidential-nomination-832,https://polymarket.com/event/will-andy-beshear-win-the-2028-democratic-presidential-nomination-832,https://embed.polymarket.com/market.html?market=will-andy-beshear-win-the-2028-democratic-presidential-nomination-832&features=volume&theme=light,Will Andy Beshear win the 2028 Democratic presidential nomination?,united-states,,"24h $1,218 • spread 0.001 • TTR 832.9d",12825890.08511292,1218.46,0.001,4.2553,2028-11-07T00:00:00+00:00,832.88,1,0.001,-0.975,0.0245,0,"[{""name"": ""Top"", ""bestBid"": 0.024, ""bestAsk"": 0.025}]"
898419,0x0cf91d3955d89ec43b8ac1e918b159fa1a62531f29b26093273c4048337a84d7,will-esteban-ocon-be-the-2026-f1-drivers-champion,https://polymarket.com/event/will-esteban-ocon-be-the-2026-f1-drivers-champion,https://embed.polymarket.com/market.html?market=will-esteban-ocon-be-the-2026-f1-drivers-champion&features=volume&theme=light,Will Esteban Ocon be the 2026 F1 Drivers' Champion?,sports,,"24h $20,910 • TTR 130.9d",9462144.447027419,20910.21,-0.001,-66.6667,2026-12-06T00:00:00+00:00,130.88,1,,-0.999,,0,"[{""name"": ""Top"", ""bestBid"": null, ""bestAsk"": 0.001}]"
559658,0x909659c9436228e2be56d5582ba6188166f2f8bf3c596335512c8f2e380d01ec,will-kamala-harris-win-the-2028-democratic-presidential-nomination-641,https://polymarket.com/event/will-kamala-harris-win-the-2028-democratic-presidential-nomination-641,https://embed.polymarket.com/market.html?market=will-kamala-harris-win-the-2028-democratic-presidential-nomination-641&features=volume&theme=light,Will Kamala Harris win the 2028 Democratic presidential nomination?,united-states,,"24h $14,305 • spread 0.001 • TTR 832.9d",12796503.053248923,14305.81,-0.001,-1.1299,2028-11-07T00:00:00+00:00,832.88,1,0.001,-0.912,0.0875,0,"[{""name"": ""Top"", ""bestBid"": 0.087, ""bestAsk"": 0.088}]"
898414,0x80971af8befc488bbdd6dcc075d388793851a0ea1c46f7ffd353b190691c7199,will-isack-hadjar-be-the-2026-f1-drivers-champion,https://polymarket.com/event/will-isack-hadjar-be-the-2026-f1-drivers-champion,https://embed.polymarket.com/market.html?market=will-isack-hadjar-be-the-2026-f1-drivers-champion&features=volume&theme=light,Will Isack Hadjar be the 2026 F1 Drivers' Champion?,sports,,24h $23 • TTR 130.9d,9359574.733225277,23.82,0.0,0.0,2026-12-06T00:00:00+00:00,130.88,1,,-0.999,,0,"[{""name"": ""Top"", ""bestBid"": null, ""bestAsk"": 0.001}]"
561231,0xf232b565995e4b3a3e7fa6cef775eeff1cecd20ad7c013cb9fc8dadabfe279a9,will-alexandria-ocasio-cortez-win-the-2028-us-presidential-election,https://polymarket.com/event/will-alexandria-ocasio-cortez-win-the-2028-us-presidential-election,https://embed.polymarket.com/market.html?market=will-alexandria-ocasio-cortez-win-the-2028-us-presidential-election&features=volume&theme=light,Will Alexandria Ocasio-Cortez win the 2028 US Presidential Election?,president,,"24h $2,897 • spread 0.001 • TTR 832.9d",12632094.05222785,2897.39,0.0015,1.7857,2028-11-07T00:00:00+00:00,832.88,1,0.001,-0.914,0.0855,0,"[{""name"": ""Top"", ""bestBid"": 0.085, ""bestAsk"": 0.086}]"
561241,0xefe6300fd8a053cca53df8f1bd536c5f571a136392c0516e7b16e39f1addecb0,will-jb-pritzker-win-the-2028-us-presidential-election,https://polymarket.com/event/will-jb-pritzker-win-the-2028-us-presidential-election,https://embed.polymarket.com/market.html?market=will-jb-pritzker-win-the-2028-us-presidential-election&features=volume&theme=light,Will JB Pritzker win the 2028 US Presidential Election?,president,,"24h $17,466 • spread 0.002 • TTR 832.9d",12400674.413725026,17466.61,0.0005,9.0909,2028-11-07T00:00:00+00:00,832.88,1,0.002,-0.993,0.006,0,"[{""name"": ""Top"", ""bestBid"": 0.005, ""bestAsk"": 0.007}]"
898417,0x38bb9355fd91f6d7053465caefbbf691bd4a81ec1b08edcca656fc9dde259b14,will-fernando-alonso-be-the-2026-f1-drivers-champion,https://polymarket.com/event/will-fernando-alonso-be-the-2026-f1-drivers-champion,https://embed.polymarket.com/market.html?market=will-fernando-alonso-be-the-2026-f1-drivers-champion&features=volume&theme=light,Will Fernando Alonso be the 2026 F1 Drivers' Champion?,sports,,"24h $3,018 • TTR 130.9d",9130122.057374565,3018.31,0.0,0.0,2026-12-06T00:00:00+00:00,130.88,1,,-0.999,,0,"[{""name"": ""Top"", ""bestBid"": null, ""bestAsk"": 0.001}]"
559661,0x74dba1ce1ae9dd535414e85f2d9ab5ea32c0fb1acc9b7130b67e6d91217e24e1,will-jon-ossoff-win-the-2028-democratic-presidential-nomination-885,https://polymarket.com/event/will-jon-ossoff-win-the-2028-democratic-presidential-nomination-885,https://embed.polymarket.com/market.html?market=will-jon-ossoff-win-the-2028-democratic-presidential-nomination-885&features=volume&theme=light,Will Jon Ossoff win the 2028 Democratic presidential nomination?,united-states,,"24h $44,060 • spread 0.001 • TTR 832.9d",12363925.44983988,44060.17,-0.015,-9.6463,2028-11-07T00:00:00+00:00,832.88,1,0.001,-0.859,0.1405,0,"[{""name"": ""Top"", ""bestBid"": 0.14, ""bestAsk"": 0.141}]"
2333782,0x5813dc7ee3feea004711c97bdf27c407c3e943d876432ef50b49b8399eae9f37,israel-withdraws-from-lebanon-by-july-31-2026,https://polymarket.com/event/israel-withdraws-from-lebanon-by-july-31-2026,https://embed.polymarket.com/market.html?market=israel-withdraws-from-lebanon-by-july-31-2026&features=volume&theme=light,"Israel withdraws from Lebanon by July 31, 2026?",geopolitics,,"24h $9,797 • spread 0.001 • TTR 2.9d",2131277.151991986,9797.49,-0.003,-54.5455,2026-07-31T00:00:00+00:00,2.88,1,0.001,-0.997,0.0025,0,"[{""name"": ""Top"", ""bestBid"": 0.002, ""bestAsk"": 0.003}]"
559686,0x8dbf6b51f302fd401065706245c144e93fe209abce183199433d4484b3ed8aff,will-dwayne-the-rock-johnson-win-the-2028-democratic-presidential-nomination,https://polymarket.com/event/will-dwayne-the-rock-johnson-win-the-2028-democratic-presidential-nomination,https://embed.polymarket.com/market.html?market=will-dwayne-the-rock-johnson-win-the-2028-democratic-presidential-nomination&features=volume&theme=light,Will Dwayne 'The Rock' Johnson win the 2028 Democratic presidential nomination?,united-states,,"24h $3,350 • spread 0.001 • TTR 832.9d",12317297.225191051,3350.19,0.0,0.0,2028-11-07T00:00:00+00:00,832.88,1,0.001,-0.988,0.0115,0,"[{""name"": ""Top"", ""bestBid"": 0.011, ""bestAsk"": 0.012}]"
561246,0x3367d22cd2a673014f1960742afdf8601040a8ad856dc0a98bd1a44ee99504e2,will-ron-desantis-win-the-2028-us-presidential-election,https://polymarket.com/event/will-ron-desantis-win-the-2028-us-presidential-election,https://embed.polymarket.com/market.html?market=will-ron-desantis-win-the-2028-us-presidential-election&features=volume&theme=light,Will Ron DeSantis win the 2028 US Presidential Election?,president,,"24h $9,815 • spread 0.001 • TTR 832.9d",12144221.094711157,9815.93,0.0,0.0,2028-11-07T00:00:00+00:00,832.88,1,0.001,-0.984,0.0155,0,"[{""name"": ""Top"", ""bestBid"": 0.015, ""bestAsk"": 0.016}]"
561996,0x4273517fc8141d57ad1528ede46efdceebdb6a4da746d5de5bad216564209a1e,will-tucker-carlson-win-the-2028-republican-presidential-nomination,https://polymarket.com/event/will-tucker-carlson-win-the-2028-republican-presidential-nomination,https://embed.polymarket.com/market.html?market=will-tucker-carlson-win-the-2028-republican-presidential-nomination&features=volume&theme=light,Will Tucker Carlson win the 2028 Republican presidential nomination?,united-states,,"24h $41,112 • spread 0.001 • TTR 832.9d",11954878.570963033,41112.97,0.0,0.0,2028-11-07T00:00:00+00:00,832.88,1,0.001,-0.983,0.0165,0,"[{""name"": ""Top"", ""bestBid"": 0.016, ""bestAsk"": 0.017}]"
561235,0xe29b33ef5bf351c8a22bfd79f8b58e62649d54ceee6f9735387cef79f52fecae,will-wes-moore-win-the-2028-us-presidential-election,https://polymarket.com/event/will-wes-moore-win-the-2028-us-presidential-election,https://embed.polymarket.com/market.html?market=will-wes-moore-win-the-2028-us-presidential-election&features=volume&theme=light,Will Wes Moore win the 2028 US Presidential Election?,president,,"24h $27,922 • spread 0.001 • TTR 832.9d",11938441.562451636,27922.2,0.0,0.0,2028-11-07T00:00:00+00:00,832.88,1,0.001,-0.991,0.0085,0,"[{""name"": ""Top"", ""bestBid"": 0.008, ""bestAsk"": 0.009}]"
559659,0xe39adea057926dc197fe30a441f57a340b2a232d5a687010f78bba9b6e02620f,will-gretchen-whitmer-win-the-2028-democratic-presidential-nomination-676,https://polymarket.com/event/will-gretchen-whitmer-win-the-2028-democratic-presidential-nomination-676,https://embed.polymarket.com/market.html?market=will-gretchen-whitmer-win-the-2028-democratic-presidential-nomination-676&features=volume&theme=light,Will Gretchen Whitmer win the 2028 Democratic presidential nomination?,united-states,,24h $269 • spread 0.001 • TTR 832.9d,11832620.915561987,269.95,0.0,0.0,2028-11-07T00:00:00+00:00,832.88,1,0.001,-0.984,0.0155,0,"[{""name"": ""Top"", ""bestBid"": 0.015, ""bestAsk"": 0.016}]"
2673621,0xa38f0aba5b78cfc9894826c431dc6c8b16e1dff8bb1f4ff3b9ab51d35e12cd55,will-nvidia-be-the-largest-company-in-the-world-by-market-cap-on-july-31-20260624192329841,https://polymarket.com/event/will-nvidia-be-the-largest-company-in-the-world-by-market-cap-on-july-31-20260624192329841,https://embed.polymarket.com/market.html?market=will-nvidia-be-the-largest-company-in-the-world-by-market-cap-on-july-31-20260624192329841&features=volume&theme=light,Will NVIDIA be the largest company in the world by market cap on July 31?,tech,,"24h $129,714 • spread 0.020 • TTR 3.9d",2140707.704034992,129714.59,-0.57,-72.1519,2026-07-31T23:59:00+00:00,3.879,1,0.02,-0.77,0.22,0,"[{""name"": ""Top"", ""bestBid"": 0.21, ""bestAsk"": 0.23}]"
1105750,0x4197bf7e572f1dd731669d33d05532c6d3b8cba71fb83dc69d789110e39c41b4,will-pete-hegseth-be-the-leader-of-venezuela-end-of-2026,https://polymarket.com/event/will-pete-hegseth-be-the-leader-of-venezuela-end-of-2026,https://embed.polymarket.com/market.html?market=will-pete-hegseth-be-the-leader-of-venezuela-end-of-2026&features=volume&theme=light,Will Pete Hegseth be the leader of Venezuela end of 2026?,trump-machado,,24h $794 • spread 0.001 • TTR 155.9d,9098765.195329508,794.55,0.0,0.0,2026-12-31T00:00:00+00:00,155.88,1,0.001,-0.998,0.0015,0,"[{""name"": ""Top"", ""bestBid"": 0.001, ""bestAsk"": 0.002}]"
559654,0x4c325469d9b516ef4e6b8f73a81a12607dec075e3c2fd454f91765aaeafc4760,will-pete-buttigieg-win-the-2028-democratic-presidential-nomination-687,https://polymarket.com/event/will-pete-buttigieg-win-the-2028-democratic-presidential-nomination-687,https://embed.polymarket.com/market.html?market=will-pete-buttigieg-win-the-2028-democratic-presidential-nomination-687&features=volume&theme=light,Will Pete Buttigieg win the 2028 Democratic presidential nomination?,united-states,,"24h $21,188 • spread 0.002 • TTR 832.9d",11694792.378830569,21188.88,0.004,7.6923,2028-11-07T00:00:00+00:00,832.88,1,0.002,-0.943,0.056,0,"[{""name"": ""Top"", ""bestBid"": 0.055, ""bestAsk"": 0.057}]"
898421,0xa460c6bcf298f0c8412df5807a1dbb733f83a2bae69a57854f405a6148151258,will-nico-hlkenberg-be-the-2026-f1-drivers-champion,https://polymarket.com/event/will-nico-hlkenberg-be-the-2026-f1-drivers-champion,https://embed.polymarket.com/market.html?market=will-nico-hlkenberg-be-the-2026-f1-drivers-champion&features=volume&theme=light,Will Nico Hülkenberg be the 2026 F1 Drivers' Champion?,sports,,24h $9 • TTR 130.9d,8459604.773715317,9.5,0.0,0.0,2026-12-06T00:00:00+00:00,130.88,1,,-0.999,,0,"[{""name"": ""Top"", ""bestBid"": null, ""bestAsk"": 0.001}]"
561234,0x2053d8515f1b8cbeea4ccdb56e60e89c2617e43a8660d95166b8e71d27865277,will-marco-rubio-win-the-2028-us-presidential-election,https://polymarket.com/event/will-marco-rubio-win-the-2028-us-presidential-election,https://embed.polymarket.com/market.html?market=will-marco-rubio-win-the-2028-us-presidential-election&features=volume&theme=light,Will Marco Rubio win the 2028 US Presidential Election?,president,,"24h $10,245 • spread 0.001 • TTR 832.9d",11412040.385859063,10245.94,0.0,0.0,2028-11-07T00:00:00+00:00,832.88,1,0.001,-0.875,0.1245,0,"[{""name"": ""Top"", ""bestBid"": 0.124, ""bestAsk"": 0.125}]"
2758332,0xc84688e9a008a57f44b4c032f3c5f633fe27cd6478c1c6d7d4a1c9f49067b092,will-bitcoin-reach-100k-in-july-2026,https://polymarket.com/event/will-bitcoin-reach-100k-in-july-2026,https://embed.polymarket.com/market.html?market=will-bitcoin-reach-100k-in-july-2026&features=volume&theme=light,"Will Bitcoin reach $100,000 in July?",bitcoin,,"24h $9,866 • TTR 4.0d",2077060.0275240007,9866.01,-0.0005,-50.0,2026-08-01T04:00:00+00:00,4.046,1,,-0.999,,0,"[{""name"": ""Top"", ""bestBid"": null, ""bestAsk"": 0.001}]"
559694,0x20d0bc282552ac5ec6f61cd7101cb42a5948cae07e7651bdf40ede1a8b2c5eac,will-ro-khanna-win-the-2028-democratic-presidential-nomination,https://polymarket.com/event/will-ro-khanna-win-the-2028-democratic-presidential-nomination,https://embed.polymarket.com/market.html?market=will-ro-khanna-win-the-2028-democratic-presidential-nomination&features=volume&theme=light,Will Ro Khanna win the 2028 Democratic presidential nomination?,united-states,,24h $624 • spread 0.001 • TTR 832.9d,11075766.348388528,624.81,0.0015,7.1429,2028-11-07T00:00:00+00:00,832.88,1,0.001,-0.977,0.0225,0,"[{""name"": ""Top"", ""bestBid"": 0.022, ""bestAsk"": 0.023}]"
601821,0xdd3d104667774208eae2239f576122ecdd1c04ba81cc14d26d22a36b33887977,will-fernando-haddad-win-the-2026-brazilian-presidential-election,https://polymarket.com/event/will-fernando-haddad-win-the-2026-brazilian-presidential-election,https://embed.polymarket.com/market.html?market=will-fernando-haddad-win-the-2026-brazilian-presidential-election&features=volume&theme=light,Will Fernando Haddad win the 2026 Brazilian presidential election?,politics,,"24h $16,701 • spread 0.001 • TTR 67.9d",6377179.627633926,16701.3,-0.001,-28.5714,2026-10-04T00:00:00+00:00,67.88,1,0.001,-0.997,0.0025,0,"[{""name"": ""Top"", ""bestBid"": 0.002, ""bestAsk"": 0.003}]"
540843,0x7b49b9bacb5f435bc10f3b100ff59e2fdd346f7f92a9001881bc9825a0af0f11,will-china-invades-taiwan-before-gta-vi-716-644,https://polymarket.com/event/will-china-invades-taiwan-before-gta-vi-716-644,https://embed.polymarket.com/market.html?market=will-china-invades-taiwan-before-gta-vi-716-644&features=volume&theme=light,Will China invades Taiwan before GTA VI?,pop-culture,,"24h $3,553 • spread 0.010 • TTR 3.4d • ~50% mid",1925833.292356064,3553.58,0.0,0.0,2026-07-31T12:00:00+00:00,3.38,1,0.01,-0.49,0.505,1,"[{""name"": ""Top"", ""bestBid"": 0.5, ""bestAsk"": 0.51}]"
2730117,0x7d352ec1d718dd1f2d2fdb93d65fd3908cf34755d1aa45a8697a84d2b5ae1e8e,will-wti-reach-95-in-july-2026,https://polymarket.com/event/will-wti-reach-95-in-july-2026,https://embed.polymarket.com/market.html?market=will-wti-reach-95-in-july-2026&features=volume&theme=light,Will WTI Crude Oil (WTI) hit (HIGH) $95 in July?,finance,,"24h $152,700 • spread 0.002 • TTR 4.0d",1979099.3914499965,152700.38,-0.0695,-62.3318,2026-08-01T03:59:59.999000+00:00,4.046,1,0.002,-0.957,0.042,0,"[{""name"": ""Top"", ""bestBid"": 0.041, ""bestAsk"": 0.043}]"
2554361,0x253676d94edd8f3e92060410bec8bca9117890d117d06664d31867db0e396c56,mojtaba-khamenei-seen-in-public-by-july-31-827-659,https://polymarket.com/event/mojtaba-khamenei-seen-in-public-by-july-31-827-659,https://embed.polymarket.com/market.html?market=mojtaba-khamenei-seen-in-public-by-july-31-827-659&features=volume&theme=light,Mojtaba Khamenei seen in public by July 31?,middle-east,,"24h $44,323 • spread 0.001 • TTR 2.9d",1848716.5747950037,44323.45,0.004,47.0588,2026-07-31T00:00:00+00:00,2.88,1,0.001,-0.987,0.0125,0,"[{""name"": ""Top"", ""bestBid"": 0.012, ""bestAsk"": 0.013}]"
1130012,0x502a94e5c525766d5ee7f16c6568131ba1b2cbadb69c703af05a6ef00336ed64,will-united-russia-er-gain-the-most-seats-in-the-next-russian-parliamentary-election,https://polymarket.com/event/will-united-russia-er-gain-the-most-seats-in-the-next-russian-parliamentary-election,https://embed.polymarket.com/market.html?market=will-united-russia-er-gain-the-most-seats-in-the-next-russian-parliamentary-election&features=volume&theme=light,Will United Russia (ER) gain the most seats in the next Russian parliamentary election?,politics,,"24h $16,484 • spread 0.010 • TTR 63.9d • ~50% mid",5988116.791069003,16484.69,0.01,1.7699,2026-09-30T00:00:00+00:00,63.88,1,0.01,-0.42,0.575,1,"[{""name"": ""Top"", ""bestBid"": 0.57, ""bestAsk"": 0.58}]"
561259,0xb314f5dbf75919a34d4997e8b22e6793505e3377a690eaa11a75a2547e926bee,will-ro-khanna-win-the-2028-us-presidential-election,https://polymarket.com/event/will-ro-khanna-win-the-2028-us-presidential-election,https://embed.polymarket.com/market.html?market=will-ro-khanna-win-the-2028-us-presidential-election&features=volume&theme=light,Will Ro Khanna win the 2028 US Presidential Election?,president,,"24h $5,729 • spread 0.002 • TTR 832.9d",10531233.748500152,5729.91,-0.0005,-4.3478,2028-11-07T00:00:00+00:00,832.88,1,0.002,-0.988,0.011,0,"[{""name"": ""Top"", ""bestBid"": 0.01, ""bestAsk"": 0.012}]"
561258,0xa9549c44687993a9a154347c6907092341459b927efaa3f2b49009ca2c4e40a1,will-jamie-dimon-win-the-2028-us-presidential-election,https://polymarket.com/event/will-jamie-dimon-win-the-2028-us-presidential-election,https://embed.polymarket.com/market.html?market=will-jamie-dimon-win-the-2028-us-presidential-election&features=volume&theme=light,Will Jamie Dimon win the 2028 US Presidential Election?,president,,24h $895 • spread 0.001 • TTR 832.9d,10512939.754050042,895.94,0.0,0.0,2028-11-07T00:00:00+00:00,832.88,1,0.001,-0.993,0.0065,0,"[{""name"": ""Top"", ""bestBid"": 0.006, ""bestAsk"": 0.007}]"
2686770,0x3953c85ab5e965cb5b3b4deaa2a5294daa6b1165ff83b586804c04a7abf51a13,iran-full-airspace-closure-by-july-31-20260625195254150-838,https://polymarket.com/event/iran-full-airspace-closure-by-july-31-20260625195254150-838,https://embed.polymarket.com/market.html?market=iran-full-airspace-closure-by-july-31-20260625195254150-838&features=volume&theme=light,Iran full airspace closure by July 31?,iran,,"24h $62,800 • spread 0.003 • TTR 3.9d",1889325.729041999,62800.36,-0.0375,-50.0,2026-07-31T23:59:00+00:00,3.879,1,0.003,-0.961,0.0375,0,"[{""name"": ""Top"", ""bestBid"": 0.036, ""bestAsk"": 0.039}]"
694936,0x733a3bb1f78a42bdf60092866ceb931664fb1dae1d66d3a6d2cf7b72cec96400,will-nebius-group-be-acquired-before-2027-514-765,https://polymarket.com/event/will-nebius-group-be-acquired-before-2027-514-765,https://embed.polymarket.com/market.html?market=will-nebius-group-be-acquired-before-2027-514-765&features=volume&theme=light,Will Nebius Group be acquired before 2027?,business,,24h $52 • spread 0.010 • TTR 155.9d,7944834.2369149905,52.71,0.0,0.0,2026-12-31T00:00:00+00:00,155.88,1,0.01,-0.85,0.145,0,"[{""name"": ""Top"", ""bestBid"": 0.14, ""bestAsk"": 0.15}]"
559695,0xb91be12388b3d4079c3ed9b5783cb42d8c33051d37746a49300227e0f45fc089,will-james-talarico-win-the-2028-democratic-presidential-nomination,https://polymarket.com/event/will-james-talarico-win-the-2028-democratic-presidential-nomination,https://embed.polymarket.com/market.html?market=will-james-talarico-win-the-2028-democratic-presidential-nomination&features=volume&theme=light,Will James Talarico win the 2028 Democratic presidential nomination?,united-states,,"24h $11,052 • spread 0.001 • TTR 832.9d",10188199.791444046,11052.93,0.001,9.5238,2028-11-07T00:00:00+00:00,832.88,1,0.001,-0.988,0.0115,0,"[{""name"": ""Top"", ""bestBid"": 0.011, ""bestAsk"": 0.012}]"
2758338,0xe284a52d608552290b056def0a62e1914b3ebe316407504f56f6361fafc68358,will-bitcoin-reach-70k-in-july-2026,https://polymarket.com/event/will-bitcoin-reach-70k-in-july-2026,https://embed.polymarket.com/market.html?market=will-bitcoin-reach-70k-in-july-2026&features=volume&theme=light,"Will Bitcoin reach $70,000 in July?",bitcoin,,"24h $127,641 • spread 0.001 • TTR 4.0d",1871820.9302509937,127641.1,-0.0505,-77.6923,2026-08-01T04:00:00+00:00,4.046,1,0.001,-0.985,0.0145,0,"[{""name"": ""Top"", ""bestBid"": 0.014, ""bestAsk"": 0.015}]"
561980,0xd7a0d72b19ca48b06b0029684677f581e32f133c367d7a19c2f1e4ad07066af7,will-nikki-haley-win-the-2028-republican-presidential-nomination,https://polymarket.com/event/will-nikki-haley-win-the-2028-republican-presidential-nomination,https://embed.polymarket.com/market.html?market=will-nikki-haley-win-the-2028-republican-presidential-nomination&features=volume&theme=light,Will Nikki Haley win the 2028 Republican presidential nomination?,united-states,,24h $349 • spread 0.001 • TTR 832.9d,10168035.344678486,349.01,0.0,0.0,2028-11-07T00:00:00+00:00,832.88,1,0.001,-0.996,0.0035,0,"[{""name"": ""Top"", ""bestBid"": 0.003, ""bestAsk"": 0.004}]"
561975,0x21ad31a46bfaa51650766eff6dc69c866959e32d965ffb116020e37694b6317d,will-marco-rubio-win-the-2028-republican-presidential-nomination,https://polymarket.com/event/will-marco-rubio-win-the-2028-republican-presidential-nomination,https://embed.polymarket.com/market.html?market=will-marco-rubio-win-the-2028-republican-presidential-nomination&features=volume&theme=light,Will Marco Rubio win the 2028 Republican presidential nomination?,united-states,,"24h $16,324 • spread 0.001 • TTR 832.9d",9996472.819983676,16324.5,0.0,0.0,2028-11-07T00:00:00+00:00,832.88,1,0.001,-0.73,0.2695,0,"[{""name"": ""Top"", ""bestBid"": 0.269, ""bestAsk"": 0.27}]"
562006,0xca68152902c3581ab42feb04921b8b1cd3c4e80d06f255ae077259fca0bba15c,will-eric-trump-win-the-2028-republican-presidential-nomination,https://polymarket.com/event/will-eric-trump-win-the-2028-republican-presidential-nomination,https://embed.polymarket.com/market.html?market=will-eric-trump-win-the-2028-republican-presidential-nomination&features=volume&theme=light,Will Eric Trump win the 2028 Republican presidential nomination?,united-states,,24h $195 • spread 0.001 • TTR 832.9d,9896629.766297353,195.81,0.0,0.0,2028-11-07T00:00:00+00:00,832.88,1,0.001,-0.995,0.0045,0,"[{""name"": ""Top"", ""bestBid"": 0.004, ""bestAsk"": 0.005}]"
2952486,0xa6480903e54c68f2ee79cacb7861dfcc9b473e8b07d6dcaf2c9923034a5fb56f,israel-x-iran-ceasefire-continues-through-july-31-20260716224448968-384-155-519-798-243,https://polymarket.com/event/israel-x-iran-ceasefire-continues-through-july-31-20260716224448968-384-155-519-798-243,https://embed.polymarket.com/market.html?market=israel-x-iran-ceasefire-continues-through-july-31-20260716224448968-384-155-519-798-243&features=volume&theme=light,Israel x Iran ceasefire continues through July 31?,iran,,"24h $259,445 • spread 0.010 • TTR 3.9d",1780889.470071995,259445.81,0.07,8.0,2026-07-31T23:59:00+00:00,3.879,1,0.01,-0.05,0.945,0,"[{""name"": ""Top"", ""bestBid"": 0.94, ""bestAsk"": 0.95}]"
561978,0x4a9d58d4da874e26708f5bdb014eb07a06aeebb927068d169d43831595386557,will-donald-trump-jr-win-the-2028-republican-presidential-nomination,https://polymarket.com/event/will-donald-trump-jr-win-the-2028-republican-presidential-nomination,https://embed.polymarket.com/market.html?market=will-donald-trump-jr-win-the-2028-republican-presidential-nomination&features=volume&theme=light,Will Donald Trump Jr. win the 2028 Republican presidential nomination?,united-states,,"24h $3,957 • spread 0.001 • TTR 832.9d",9447214.519818075,3957.97,0.0015,12.5,2028-11-07T00:00:00+00:00,832.88,1,0.001,-0.986,0.0135,0,"[{""name"": ""Top"", ""bestBid"": 0.013, ""bestAsk"": 0.014}]"
559655,0xd65891729ce093cc12236856837eba1a0872fc7998fd4294c21346f7db68079c,will-josh-shapiro-win-the-2028-democratic-presidential-nomination-977,https://polymarket.com/event/will-josh-shapiro-win-the-2028-democratic-presidential-nomination-977,https://embed.polymarket.com/market.html?market=will-josh-shapiro-win-the-2028-democratic-presidential-nomination-977&features=volume&theme=light,Will Josh Shapiro win the 2028 Democratic presidential nomination?,united-states,,"24h $9,637 • spread 0.001 • TTR 832.9d",9389680.696760166,9637.42,-0.0025,-4.902,2028-11-07T00:00:00+00:00,832.88,1,0.001,-0.951,0.0485,0,"[{""name"": ""Top"", ""bestBid"": 0.048, ""bestAsk"": 0.049}]"
561973,0x895e01dbf3e6a33cd9a44ca0f8cdb5df1bd2b0b6ebed5300d28f8da7145145e4,will-donald-trump-win-the-2028-republican-presidential-nomination,https://polymarket.com/event/will-donald-trump-win-the-2028-republican-presidential-nomination,https://embed.polymarket.com/market.html?market=will-donald-trump-win-the-2028-republican-presidential-nomination&features=volume&theme=light,Will Donald Trump win the 2028 Republican presidential nomination?,united-states,,"24h $3,005 • spread 0.001 • TTR 832.9d",9334794.756181035,3005.93,0.0,0.0,2028-11-07T00:00:00+00:00,832.88,1,0.001,-0.977,0.0225,0,"[{""name"": ""Top"", ""bestBid"": 0.022, ""bestAsk"": 0.023}]"
561243,0xce9a5fa30fe74e323b4a8f15afbb0b7a41a537aa880779ddf7dee22223b2f34a,will-donald-trump-win-the-2028-us-presidential-election,https://polymarket.com/event/will-donald-trump-win-the-2028-us-presidential-election,https://embed.polymarket.com/market.html?market=will-donald-trump-win-the-2028-us-presidential-election&features=volume&theme=light,Will Donald Trump win the 2028 US Presidential Election?,president,,"24h $44,016 • spread 0.001 • TTR 832.9d",9137311.043890273,44016.04,0.004,22.8571,2028-11-07T00:00:00+00:00,832.88,1,0.001,-0.978,0.0215,0,"[{""name"": ""Top"", ""bestBid"": 0.021, ""bestAsk"": 0.022}]"
601820,0x63d8f3a34c90bd5342dda8acf62b6a898dfa52f86475efaf180b66493ef6af80,will-jair-bolsonaro-win-the-2026-brazilian-presidential-election,https://polymarket.com/event/will-jair-bolsonaro-win-the-2026-brazilian-presidential-election,https://embed.polymarket.com/market.html?market=will-jair-bolsonaro-win-the-2026-brazilian-presidential-election&features=volume&theme=light,Will Jair Bolsonaro win the 2026 Brazilian presidential election?,politics,,"24h $6,561 • spread 0.001 • TTR 67.9d",5252057.642597864,6561.3,0.0005,5.0,2026-10-04T00:00:00+00:00,67.88,1,0.001,-0.989,0.0105,0,"[{""name"": ""Top"", ""bestBid"": 0.01, ""bestAsk"": 0.011}]"
898409,0x6eec2b6b1c8d62aaacda46471e8caf7320f4ea9235f5ee87cba970a32a4e6985,will-lando-norris-be-the-2026-f1-drivers-champion,https://polymarket.com/event/will-lando-norris-be-the-2026-f1-drivers-champion,https://embed.polymarket.com/market.html?market=will-lando-norris-be-the-2026-f1-drivers-champion&features=volume&theme=light,Will Lando Norris be the 2026 F1 Drivers' Champion?,sports,,"24h $4,799 • spread 0.001 • TTR 130.9d",6600730.182669977,4799.48,-0.001,-3.1746,2026-12-06T00:00:00+00:00,130.88,1,0.001,-0.969,0.0305,0,"[{""name"": ""Top"", ""bestBid"": 0.03, ""bestAsk"": 0.031}]"
2646850,0xb838caec0354e09985f2c228c54ba190cb284f390beda5ffd58d163ba00648ec,us-x-iran-diplomatic-meeting-by-july-31-2026-20260622191708361,https://polymarket.com/event/us-x-iran-diplomatic-meeting-by-july-31-2026-20260622191708361,https://embed.polymarket.com/market.html?market=us-x-iran-diplomatic-meeting-by-july-31-2026-20260622191708361&features=volume&theme=light,"US x Iran diplomatic meeting by July 31, 2026?",iran,,"24h $45,769 • spread 0.010 • TTR 3.9d",1625458.7139769988,45769.94,-0.04,-47.0588,2026-07-31T23:59:00+00:00,3.879,1,0.01,-0.95,0.045,0,"[{""name"": ""Top"", ""bestBid"": 0.04, ""bestAsk"": 0.05}]"
601827,0xbca3d70ec52a5a441ccc365a3b1b48b9cd0f08dfff4bc5871e2cd92d0d92caa1,will-ronaldo-caiado-win-the-2026-brazilian-presidential-election,https://polymarket.com/event/will-ronaldo-caiado-win-the-2026-brazilian-presidential-election,https://embed.polymarket.com/market.html?market=will-ronaldo-caiado-win-the-2026-brazilian-presidential-election&features=volume&theme=light,Will Ronaldo Caiado win the 2026 Brazilian presidential election?,politics,,"24h $16,512 • spread 0.001 • TTR 67.9d",5155064.579067986,16512.71,0.003,17.1429,2026-10-04T00:00:00+00:00,67.88,1,0.001,-0.979,0.0205,0,"[{""name"": ""Top"", ""bestBid"": 0.02, ""bestAsk"": 0.021}]"
562008,0x5f3b3456b2d6ef0d6f15d7492162725057be78d738d2465456e2835f1d89046c,will-pete-hegseth-win-the-2028-republican-presidential-nomination,https://polymarket.com/event/will-pete-hegseth-win-the-2028-republican-presidential-nomination,https://embed.polymarket.com/market.html?market=will-pete-hegseth-win-the-2028-republican-presidential-nomination&features=volume&theme=light,Will Pete Hegseth win the 2028 Republican presidential nomination?,united-states,,24h $155 • spread 0.001 • TTR 832.9d,8610187.387688436,155.71,0.0,0.0,2028-11-07T00:00:00+00:00,832.88,1,0.001,-0.996,0.0035,0,"[{""name"": ""Top"", ""bestBid"": 0.003, ""bestAsk"": 0.004}]"
561977,0xd0c4c60c8e68ee15974df3aa7d217225e98020fab9fcdb32d10f8e3d285e1619,will-glenn-youngkin-win-the-2028-republican-presidential-nomination,https://polymarket.com/event/will-glenn-youngkin-win-the-2028-republican-presidential-nomination,https://embed.polymarket.com/market.html?market=will-glenn-youngkin-win-the-2028-republican-presidential-nomination&features=volume&theme=light,Will Glenn Youngkin win the 2028 Republican presidential nomination?,united-states,,24h $749 • spread 0.001 • TTR 832.9d,8523154.966775784,749.88,0.0,0.0,2028-11-07T00:00:00+00:00,832.88,1,0.001,-0.99,0.0095,0,"[{""name"": ""Top"", ""bestBid"": 0.009, ""bestAsk"": 0.01}]"
561239,0xb3298af85e00aafad937c119444a5f2800a55343b7482eb75581f6e454432501,will-kamala-harris-win-the-2028-us-presidential-election,https://polymarket.com/event/will-kamala-harris-win-the-2028-us-presidential-election,https://embed.polymarket.com/market.html?market=will-kamala-harris-win-the-2028-us-presidential-election&features=volume&theme=light,Will Kamala Harris win the 2028 US Presidential Election?,president,,"24h $13,211 • spread 0.001 • TTR 832.9d",8520886.647116031,13211.5,0.0,0.0,2028-11-07T00:00:00+00:00,832.88,1,0.001,-0.951,0.0485,0,"[{""name"": ""Top"", ""bestBid"": 0.048, ""bestAsk"": 0.049}]"
601830,0xd0536d9612e041312235baceac52bde48821e8aad4607533513b3782904b7d49,will-geraldo-alckmin-win-the-2026-brazilian-presidential-election,https://polymarket.com/event/will-geraldo-alckmin-win-the-2026-brazilian-presidential-election,https://embed.polymarket.com/market.html?market=will-geraldo-alckmin-win-the-2026-brazilian-presidential-election&features=volume&theme=light,Will Geraldo Alckmin win the 2026 Brazilian presidential election?,politics,,24h $788 • spread 0.001 • TTR 67.9d,4913798.148694936,788.46,0.0,0.0,2026-10-04T00:00:00+00:00,67.88,1,0.001,-0.997,0.0025,0,"[{""name"": ""Top"", ""bestBid"": 0.002, ""bestAsk"": 0.003}]"
562007,0xf2cb33c6634ee4676b642e728715c68441fb8d8c90f730ba0b5c3cd1f436a4be,will-joe-kent-win-the-2028-republican-presidential-nomination,https://polymarket.com/event/will-joe-kent-win-the-2028-republican-presidential-nomination,https://embed.polymarket.com/market.html?market=will-joe-kent-win-the-2028-republican-presidential-nomination&features=volume&theme=light,Will Joe Kent win the 2028 Republican presidential nomination?,united-states,,"24h $42,782 • spread 0.001 • TTR 832.9d",8450698.174346324,42782.6,0.0,0.0,2028-11-07T00:00:00+00:00,832.88,1,0.001,-0.995,0.0045,0,"[{""name"": ""Top"", ""bestBid"": 0.004, ""bestAsk"": 0.005}]"
561264,0xea649be6ea3447f3c145a173883c68a89faf4edda1f85109b76baa93b3ee7a87,will-pete-hegseth-win-the-2028-us-presidential-election,https://polymarket.com/event/will-pete-hegseth-win-the-2028-us-presidential-election,https://embed.polymarket.com/market.html?market=will-pete-hegseth-win-the-2028-us-presidential-election&features=volume&theme=light,Will Pete Hegseth win the 2028 US Presidential Election?,president,,"24h $1,523 • spread 0.001 • TTR 832.9d",8434545.099429023,1523.08,0.0,0.0,2028-11-07T00:00:00+00:00,832.88,1,0.001,-0.995,0.0045,0,"[{""name"": ""Top"", ""bestBid"": 0.004, ""bestAsk"": 0.005}]"
616902,0xd4e77ba6f29fc093509d24f508631abd445ecf506bbdc9c4c80e60256a318527,will-no-fed-rate-cuts-happen-in-2026,https://polymarket.com/event/will-no-fed-rate-cuts-happen-in-2026,https://embed.polymarket.com/market.html?market=will-no-fed-rate-cuts-happen-in-2026&features=volume&theme=light,Will no Fed rate cuts happen in 2026?,rewards-200-4pt5-50,,"24h $145,583 • spread 0.001 • TTR 155.9d",6532176.698248995,145583.92,0.007,0.8269,2026-12-31T00:00:00+00:00,155.88,1,0.001,-0.146,0.8535,0,"[{""name"": ""Top"", ""bestBid"": 0.853, ""bestAsk"": 0.854}]"
716942,0x1d916047bbca1be9808076a0590c17ff113fb92986a4b4bc7f0f962642158827,will-there-be-at-least-10000-measles-cases-in-the-us-in-2026-418-668-617-245,https://polymarket.com/event/will-there-be-at-least-10000-measles-cases-in-the-us-in-2026-418-668-617-245,https://embed.polymarket.com/market.html?market=will-there-be-at-least-10000-measles-cases-in-the-us-in-2026-418-668-617-245&features=volume&theme=light,Will there be at least 10000 measles cases in the U.S. in 2026?,rewards-20-4pt5-50,,24h $809 • spread 0.017 • TTR 155.9d,6512708.6627909755,809.08,-0.0015,-2.2727,2026-12-31T00:00:00+00:00,155.88,1,0.017,-0.93,0.0615,0,"[{""name"": ""Top"", ""bestBid"": 0.053, ""bestAsk"": 0.07}]"
601832,0xafd3f96b7b6084509e625270538ff0699003fafc042263c1216e7f084cef753a,will-aldo-rebelo-win-the-2026-brazilian-presidential-election,https://polymarket.com/event/will-aldo-rebelo-win-the-2026-brazilian-presidential-election,https://embed.polymarket.com/market.html?market=will-aldo-rebelo-win-the-2026-brazilian-presidential-election&features=volume&theme=light,Will Aldo Rebelo win the 2026 Brazilian presidential election?,politics,,24h $109 • TTR 67.9d,4866625.044042743,109.65,0.0,0.0,2026-10-04T00:00:00+00:00,67.88,1,,-0.999,,0,"[{""name"": ""Top"", ""bestBid"": null, ""bestAsk"": 0.001}]"
898410,0x1c373746c204f7437cb212d2bcfbc5fdf0f0263ae9b470dd92c676d4c2c5ba03,will-oscar-piastri-be-the-2026-f1-drivers-champion,https://polymarket.com/event/will-oscar-piastri-be-the-2026-f1-drivers-champion,https://embed.polymarket.com/market.html?market=will-oscar-piastri-be-the-2026-f1-drivers-champion&features=volume&theme=light,Will Oscar Piastri be the 2026 F1 Drivers' Champion?,sports,,"24h $15,316 • spread 0.001 • TTR 130.9d",6136924.073526003,15316.6,0.0,0.0,2026-12-06T00:00:00+00:00,130.88,1,0.001,-0.995,0.0045,0,"[{""name"": ""Top"", ""bestBid"": 0.004, ""bestAsk"": 0.005}]"
559693,0x98933c78b5e277b62d91a6c174b412218de000b54c4c67ec8673bf561cec6e81,will-ruben-gallego-win-the-2028-democratic-presidential-nomination,https://polymarket.com/event/will-ruben-gallego-win-the-2028-democratic-presidential-nomination,https://embed.polymarket.com/market.html?market=will-ruben-gallego-win-the-2028-democratic-presidential-nomination&features=volume&theme=light,Will Ruben Gallego win the 2028 Democratic presidential nomination?,united-states,,24h $574 • spread 0.001 • TTR 832.9d,8271352.823419023,574.98,0.0,0.0,2028-11-07T00:00:00+00:00,832.88,1,0.001,-0.995,0.0045,0,"[{""name"": ""Top"", ""bestBid"": 0.004, ""bestAsk"": 0.005}]"
561998,0x4f02b9cf70e514964fcb9aa2f7873d2b0d1aa0986da096cce7e6687e78da00f3,will-ivanka-trump-win-the-2028-republican-presidential-nomination,https://polymarket.com/event/will-ivanka-trump-win-the-2028-republican-presidential-nomination,https://embed.polymarket.com/market.html?market=will-ivanka-trump-win-the-2028-republican-presidential-nomination&features=volume&theme=light,Will Ivanka Trump win the 2028 Republican presidential nomination?,united-states,,"24h $7,680 • spread 0.001 • TTR 832.9d",8135135.595292977,7680.72,0.0,0.0,2028-11-07T00:00:00+00:00,832.88,1,0.001,-0.99,0.0095,0,"[{""name"": ""Top"", ""bestBid"": 0.009, ""bestAsk"": 0.01}]"
561252,0xe2bdf6c18c8ab5ad5d3be5f95dd749e88d1dee7ac7c4dbf5101013a5c055e3df,will-dwayne-the-rock-johnson-win-the-2028-us-presidential-election,https://polymarket.com/event/will-dwayne-the-rock-johnson-win-the-2028-us-presidential-election,https://embed.polymarket.com/market.html?market=will-dwayne-the-rock-johnson-win-the-2028-us-presidential-election&features=volume&theme=light,Will Dwayne 'The Rock' Johnson win the 2028 US Presidential Election?,president,,"24h $2,006 • spread 0.001 • TTR 832.9d",8094808.104616015,2006.53,0.0,0.0,2028-11-07T00:00:00+00:00,832.88,1,0.001,-0.984,0.0155,0,"[{""name"": ""Top"", ""bestBid"": 0.015, ""bestAsk"": 0.016}]"
2774056,0x60c2c085ee8c16bc8f2419739a94971d4c9d00f637ead10fc0f540afa1be64e8,strait-of-hormuz-traffic-returns-to-normal-by-august-31-20260702154212320,https://polymarket.com/event/strait-of-hormuz-traffic-returns-to-normal-by-august-31-20260702154212320,https://embed.polymarket.com/market.html?market=strait-of-hormuz-traffic-returns-to-normal-by-august-31-20260702154212320&features=volume&theme=light,Strait of Hormuz traffic returns to normal by August 31?,oil,,"24h $292,580 • spread 0.010 • TTR 33.9d",3375407.1377349924,292580.49,-0.02,-13.7931,2026-08-31T00:00:00+00:00,33.88,1,0.01,-0.87,0.125,0,"[{""name"": ""Top"", ""bestBid"": 0.12, ""bestAsk"": 0.13}]"
2176270,0x5c79dfde05559b79a9cb9f7c4187e4d49632dd042572ae676952f812732591cc,strait-of-hormuz-traffic-returns-to-normal-by-december-31,https://polymarket.com/event/strait-of-hormuz-traffic-returns-to-normal-by-december-31,https://embed.polymarket.com/market.html?market=strait-of-hormuz-traffic-returns-to-normal-by-december-31&features=volume&theme=light,Strait of Hormuz traffic returns to normal by December 31?,politics,,"24h $43,776 • spread 0.010 • TTR 155.9d • ~50% mid",6133622.291023989,43776.14,-0.03,-5.1282,2026-12-31T00:00:00+00:00,155.88,1,0.01,-0.44,0.555,1,"[{""name"": ""Top"", ""bestBid"": 0.55, ""bestAsk"": 0.56}]"
561255,0xc586d15be76278848a26c761c2fcf70f8cebca71815cfab83e656ff5c6ec13a9,will-ivanka-trump-win-the-2028-us-presidential-election,https://polymarket.com/event/will-ivanka-trump-win-the-2028-us-presidential-election,https://embed.polymarket.com/market.html?market=will-ivanka-trump-win-the-2028-us-presidential-election&features=volume&theme=light,Will Ivanka Trump win the 2028 US Presidential Election?,president,,"24h $49,790 • spread 0.001 • TTR 832.9d",7850538.724345093,49790.38,0.0,0.0,2028-11-07T00:00:00+00:00,832.88,1,0.001,-0.995,0.0045,0,"[{""name"": ""Top"", ""bestBid"": 0.004, ""bestAsk"": 0.005}]"
601828,0x054725b2a7971376f7924a7021221b12acc50fe78d97817824fe411704d5b5a2,will-romeu-zema-win-the-2026-brazilian-presidential-election,https://polymarket.com/event/will-romeu-zema-win-the-2026-brazilian-presidential-election,https://embed.polymarket.com/market.html?market=will-romeu-zema-win-the-2026-brazilian-presidential-election&features=volume&theme=light,Will Romeu Zema win the 2026 Brazilian presidential election?,politics,,"24h $14,968 • spread 0.001 • TTR 67.9d",4548722.775157984,14968.51,0.0,0.0,2026-10-04T00:00:00+00:00,67.88,1,0.001,-0.993,0.0065,0,"[{""name"": ""Top"", ""bestBid"": 0.006, ""bestAsk"": 0.007}]"
561232,0x2c03c41e5032364cb7166e842bdd22913f28aa2c837d8432704aa89c338875c8,will-pete-buttigieg-win-the-2028-us-presidential-election,https://polymarket.com/event/will-pete-buttigieg-win-the-2028-us-presidential-election,https://embed.polymarket.com/market.html?market=will-pete-buttigieg-win-the-2028-us-presidential-election&features=volume&theme=light,Will Pete Buttigieg win the 2028 US Presidential Election?,president,,"24h $26,724 • spread 0.001 • TTR 832.9d",7831153.361169453,26724.02,0.002,8.5106,2028-11-07T00:00:00+00:00,832.88,1,0.001,-0.974,0.0255,0,"[{""name"": ""Top"", ""bestBid"": 0.025, ""bestAsk"": 0.026}]"
898413,0x696576c9b20d20a71e0acd6f84d215f129fa361ed544b0df14f1ae540d84059f,will-max-verstappen-be-the-2026-f1-drivers-champion,https://polymarket.com/event/will-max-verstappen-be-the-2026-f1-drivers-champion,https://embed.polymarket.com/market.html?market=will-max-verstappen-be-the-2026-f1-drivers-champion&features=volume&theme=light,Will Max Verstappen be the 2026 F1 Drivers' Champion?,sports,,"24h $5,187 • spread 0.001 • TTR 130.9d",5777104.098112968,5187.19,-0.001,-5.4054,2026-12-06T00:00:00+00:00,130.88,1,0.001,-0.982,0.0175,0,"[{""name"": ""Top"", ""bestBid"": 0.017, ""bestAsk"": 0.018}]"
559696,0x6685b25cc7c89032efcdf81eb27fdc6bbf04a3e4299bcd99c9f3d62c8471001e,will-graham-platner-win-the-2028-democratic-presidential-nomination,https://polymarket.com/event/will-graham-platner-win-the-2028-democratic-presidential-nomination,https://embed.polymarket.com/market.html?market=will-graham-platner-win-the-2028-democratic-presidential-nomination&features=volume&theme=light,Will Graham Platner win the 2028 Democratic presidential nomination?,united-states,,"24h $1,358 • spread 0.001 • TTR 832.9d",7785217.462677983,1358.05,0.0,0.0,2028-11-07T00:00:00+00:00,832.88,1,0.001,-0.996,0.0035,0,"[{""name"": ""Top"", ""bestBid"": 0.003, ""bestAsk"": 0.004}]"
561260,0x32903694997a5c09afee30904970f9fab2a5fb4ec45f572f194341185574f1a4,will-thomas-massie-win-the-2028-us-presidential-election,https://polymarket.com/event/will-thomas-massie-win-the-2028-us-presidential-election,https://embed.polymarket.com/market.html?market=will-thomas-massie-win-the-2028-us-presidential-election&features=volume&theme=light,Will Thomas Massie win the 2028 US Presidential Election?,president,,"24h $3,109 • spread 0.001 • TTR 832.9d",7677767.013929943,3109.74,0.0,0.0,2028-11-07T00:00:00+00:00,832.88,1,0.001,-0.989,0.0105,0,"[{""name"": ""Top"", ""bestBid"": 0.01, ""bestAsk"": 0.011}]"
2758343,0x2be031440c5a571cd4fc3e05e2478d98aee41c7a44d10d3c5e6a24e38b30fabb,will-bitcoin-dip-to-57pt5k-in-july-2026-618,https://polymarket.com/event/will-bitcoin-dip-to-57pt5k-in-july-2026-618,https://embed.polymarket.com/market.html?market=will-bitcoin-dip-to-57pt5k-in-july-2026-618&features=volume&theme=light,"Will Bitcoin dip to $57,500 in July?",bitcoin,,"24h $138,755 • spread 0.001 • TTR 4.0d",1376379.6967349984,138755.08,0.042,215.3846,2026-08-01T04:00:00+00:00,4.046,1,0.001,-0.94,0.0595,0,"[{""name"": ""Top"", ""bestBid"": 0.059, ""bestAsk"": 0.06}]"
2758336,0x5523e3b9895124788b2bed38f4b6be72c3f41cd2d2ee4354d93b26a3f533eaf6,will-bitcoin-reach-75k-in-july-2026,https://polymarket.com/event/will-bitcoin-reach-75k-in-july-2026,https://embed.polymarket.com/market.html?market=will-bitcoin-reach-75k-in-july-2026&features=volume&theme=light,"Will Bitcoin reach $75,000 in July?",bitcoin,,"24h $34,428 • spread 0.001 • TTR 4.0d",1346542.0533510065,34428.03,-0.002,-44.4444,2026-08-01T04:00:00+00:00,4.046,1,0.001,-0.997,0.0025,0,"[{""name"": ""Top"", ""bestBid"": 0.002, ""bestAsk"": 0.003}]"
2758337,0x38903ef70b7d9ee41ea22ef2aec6287e4e6c77ec8702ca741e37d5c5df090a4d,will-bitcoin-reach-72pt5k-in-july-2026,https://polymarket.com/event/will-bitcoin-reach-72pt5k-in-july-2026,https://embed.polymarket.com/market.html?market=will-bitcoin-reach-72pt5k-in-july-2026&features=volume&theme=light,"Will Bitcoin reach $72,500 in July?",bitcoin,,"24h $74,444 • spread 0.001 • TTR 4.0d",1345478.6433560043,74444.26,-0.0105,-70.0,2026-08-01T04:00:00+00:00,4.046,1,0.001,-0.995,0.0045,0,"[{""name"": ""Top"", ""bestBid"": 0.004, ""bestAsk"": 0.005}]"
562802,0xd5d9fc47718bd553592d126b1fa5e87183d27f3936975b0c04cc0f2dec1f1bb4,will-the-democratic-party-control-the-house-after-the-2026-midterm-elections,https://polymarket.com/event/will-the-democratic-party-control-the-house-after-the-2026-midterm-elections,https://embed.polymarket.com/market.html?market=will-the-democratic-party-control-the-house-after-the-2026-midterm-elections&features=volume&theme=light,Will the Democratic Party control the House after the 2026 Midterm elections?,parent-for-derivative,,"24h $6,111 • spread 0.010 • TTR 97.9d",4864849.044584844,6111.37,-0.01,-1.1561,2026-11-03T00:00:00+00:00,97.88,1,0.01,-0.14,0.855,0,"[{""name"": ""Top"", ""bestBid"": 0.85, ""bestAsk"": 0.86}]"
1105751,0x1dd7704a6d05cca078564bc0bac541261425bc9252acc5634639f5161daf45f9,will-evan-pettus-be-the-leader-of-venezuela-end-of-2026,https://polymarket.com/event/will-evan-pettus-be-the-leader-of-venezuela-end-of-2026,https://embed.polymarket.com/market.html?market=will-evan-pettus-be-the-leader-of-venezuela-end-of-2026&features=volume&theme=light,Will Evan Pettus be the leader of Venezuela end of 2026?,trump-machado,,"24h $5,982 • spread 0.001 • TTR 155.9d",5578754.734313685,5982.35,0.0,0.0,2026-12-31T00:00:00+00:00,155.88,1,0.001,-0.998,0.0015,0,"[{""name"": ""Top"", ""bestBid"": 0.001, ""bestAsk"": 0.002}]"
2633427,0x61dcae8107169382527c8dac1fcd0e214b4b4267b65d0e6fd4872736d373f360,us-iran-final-nuclear-deal-by-july-31-2026-20260621201255151,https://polymarket.com/event/us-iran-final-nuclear-deal-by-july-31-2026-20260621201255151,https://embed.polymarket.com/market.html?market=us-iran-final-nuclear-deal-by-july-31-2026-20260621201255151&features=volume&theme=light,"US-Iran Final Nuclear Deal by July 31, 2026?",iran,,"24h $26,540 • spread 0.001 • TTR 3.9d",1306744.864879005,26540.12,-0.001,-28.5714,2026-07-31T23:59:00+00:00,3.879,1,0.001,-0.997,0.0025,0,"[{""name"": ""Top"", ""bestBid"": 0.002, ""bestAsk"": 0.003}]"
2677862,0x21c77725363b6717538157cf5ce5cf9c69571120870d6def4233257566e07db4,will-wti-reach-100-in-july-2026-928,https://polymarket.com/event/will-wti-reach-100-in-july-2026-928,https://embed.polymarket.com/market.html?market=will-wti-reach-100-in-july-2026-928&features=volume&theme=light,Will WTI Crude Oil (WTI) hit (HIGH) $100 in July?,finance,,"24h $202,690 • spread 0.004 • TTR 4.0d",1318102.8564000013,202690.35,-0.0435,-70.7317,2026-08-01T03:59:59.999000+00:00,4.046,1,0.004,-0.98,0.018,0,"[{""name"": ""Top"", ""bestBid"": 0.016, ""bestAsk"": 0.02}]"
628955,0x8d62f20324e9e7f1a3c663ab6aac9a2f6e7adb96c6a69ac2cea7e08a71a7f2ef,will-tom-steyer-win-the-california-governor-election-in-2026,https://polymarket.com/event/will-tom-steyer-win-the-california-governor-election-in-2026,https://embed.polymarket.com/market.html?market=will-tom-steyer-win-the-california-governor-election-in-2026&features=volume&theme=light,Will Tom Steyer win the California Governor Election in 2026?,california-midterm,,24h $22 • TTR 97.9d,4769497.337778964,22.9,0.0,0.0,2026-11-03T00:00:00+00:00,97.88,1,,-0.999,,0,"[{""name"": ""Top"", ""bestBid"": null, ""bestAsk"": 0.001}]"
2730676,0x0d3ad3afe0e01075d00e6869a09f1982742fba950b4cae8fff452b282b5a80fc,iran-leadership-change-by-july-31-20260629143932628,https://polymarket.com/event/iran-leadership-change-by-july-31-20260629143932628,https://embed.polymarket.com/market.html?market=iran-leadership-change-by-july-31-20260629143932628&features=volume&theme=light,Iran leadership change by July 31?,politics,,"24h $38,694 • spread 0.003 • TTR 2.9d",1229450.5916620009,38694.88,-0.002,-19.0476,2026-07-31T00:00:00+00:00,2.88,1,0.003,-0.99,0.0085,0,"[{""name"": ""Top"", ""bestBid"": 0.007, ""bestAsk"": 0.01}]"
2535844,0x91a0b4ff72ad76f01abf986e18aa8d226a5172760fffdc3687b78c580692bca2,israel-x-hezbollah-permanent-peace-deal-by-july-31-2026,https://polymarket.com/event/israel-x-hezbollah-permanent-peace-deal-by-july-31-2026,https://embed.polymarket.com/market.html?market=israel-x-hezbollah-permanent-peace-deal-by-july-31-2026&features=volume&theme=light,"Israel x Hezbollah permanent peace deal by July 31, 2026?",geopolitics,,24h $173 • spread 0.002 • TTR 2.9d,1222407.2568560124,173.09,-0.0005,-14.2857,2026-07-31T00:00:00+00:00,2.88,1,0.002,-0.996,0.003,0,"[{""name"": ""Top"", ""bestBid"": 0.002, ""bestAsk"": 0.004}]"
601829,0x101d084cd035070abde58d8a3113b78e11ba68028b0d9e7e38ea7d780797aecc,will-camilo-santana-win-the-2026-brazilian-presidential-election,https://polymarket.com/event/will-camilo-santana-win-the-2026-brazilian-presidential-election,https://embed.polymarket.com/market.html?market=will-camilo-santana-win-the-2026-brazilian-presidential-election&features=volume&theme=light,Will Camilo Santana win the 2026 Brazilian presidential election?,politics,,"24h $23,242 • spread 0.002 • TTR 67.9d",4104221.139273974,23242.53,-0.0005,-11.1111,2026-10-04T00:00:00+00:00,67.88,1,0.002,-0.995,0.004,0,"[{""name"": ""Top"", ""bestBid"": 0.003, ""bestAsk"": 0.005}]"
679049,0x06ea9c02b4c6a2f7f07f78e21411bd367636564edb27c72cd038b556aada1a64,will-mathilde-panot-win-the-2027-french-presidential-election,https://polymarket.com/event/will-mathilde-panot-win-the-2027-french-presidential-election,https://embed.polymarket.com/market.html?market=will-mathilde-panot-win-the-2027-french-presidential-election&features=volume&theme=light,Will Mathilde Panot win the 2027 French presidential election?,french-election,,24h $439 • spread 0.001 • TTR 275.9d,6214266.930722025,439.07,0.0,0.0,2027-04-30T00:00:00+00:00,275.88,1,0.001,-0.998,0.0015,0,"[{""name"": ""Top"", ""bestBid"": 0.001, ""bestAsk"": 0.002}]"
561233,0x5969cbb46aca5319b19e19a3c6f63de098950b675bf268f30f4d035508da1957,will-josh-shapiro-win-the-2028-us-presidential-election,https://polymarket.com/event/will-josh-shapiro-win-the-2028-us-presidential-election,https://embed.polymarket.com/market.html?market=will-josh-shapiro-win-the-2028-us-presidential-election&features=volume&theme=light,Will Josh Shapiro win the 2028 US Presidential Election?,president,,"24h $3,770 • spread 0.001 • TTR 832.9d",6986080.212677982,3770.91,0.0,0.0,2028-11-07T00:00:00+00:00,832.88,1,0.001,-0.974,0.0255,0,"[{""name"": ""Top"", ""bestBid"": 0.025, ""bestAsk"": 0.026}]"
898415,0xe0711866c51f7d0c43284f43e3ae34125e462e909e16bf685718df7610e6a1e7,will-charles-leclerc-be-the-2026-f1-drivers-champion,https://polymarket.com/event/will-charles-leclerc-be-the-2026-f1-drivers-champion,https://embed.polymarket.com/market.html?market=will-charles-leclerc-be-the-2026-f1-drivers-champion&features=volume&theme=light,Will Charles Leclerc be the 2026 F1 Drivers' Champion?,sports,,"24h $2,275 • spread 0.001 • TTR 130.9d",5145305.928592005,2275.25,0.0,0.0,2026-12-06T00:00:00+00:00,130.88,1,0.001,-0.97,0.0295,0,"[{""name"": ""Top"", ""bestBid"": 0.029, ""bestAsk"": 0.03}]"
898416,0x2cefe6009ea518f77b8a82714e54c0af1d0f25e99b37d4861f4a5d3ebbf142d3,will-lewis-hamilton-be-the-2026-f1-drivers-champion,https://polymarket.com/event/will-lewis-hamilton-be-the-2026-f1-drivers-champion,https://embed.polymarket.com/market.html?market=will-lewis-hamilton-be-the-2026-f1-drivers-champion&features=volume&theme=light,Will Lewis Hamilton be the 2026 F1 Drivers' Champion?,sports,,"24h $6,987 • spread 0.002 • TTR 130.9d",5122795.044307934,6987.86,0.0055,6.0109,2026-12-06T00:00:00+00:00,130.88,1,0.002,-0.902,0.097,0,"[{""name"": ""Top"", ""bestBid"": 0.096, ""bestAsk"": 0.098}]"
637002,0x962e5b226a77266ab429029ee04665e8fcfeb10b91af593786ceab871d2e945f,will-donald-trump-win-the-nobel-peace-prize-in-2026-382,https://polymarket.com/event/will-donald-trump-win-the-nobel-peace-prize-in-2026-382,https://embed.polymarket.com/market.html?market=will-donald-trump-win-the-nobel-peace-prize-in-2026-382&features=volume&theme=light,Will Donald Trump win the Nobel Peace Prize in 2026?,awards,,"24h $14,376 • spread 0.001 • TTR 73.9d",4167043.9608339523,14376.51,-0.0025,-7.3529,2026-10-10T00:00:00+00:00,73.88,1,0.001,-0.968,0.0315,0,"[{""name"": ""Top"", ""bestBid"": 0.031, ""bestAsk"": 0.032}]"
2911873,0x8240c24b4ac5c954241ee6a10cffc627abf676d88b9d7de5b034c2f7c060b00a,bab-el-mandeb-strait-effectively-closed-by-july-31,https://polymarket.com/event/bab-el-mandeb-strait-effectively-closed-by-july-31,https://embed.polymarket.com/market.html?market=bab-el-mandeb-strait-effectively-closed-by-july-31&features=volume&theme=light,Bab el-Mandeb Strait effectively closed by July 31?,politics,,"24h $52,851 • spread 0.003 • TTR 2.9d",1191353.5400960008,52851.44,0.001,22.2222,2026-07-31T00:00:00+00:00,2.88,1,0.003,-0.993,0.0055,0,"[{""name"": ""Top"", ""bestBid"": 0.004, ""bestAsk"": 0.007}]"
2937525,0x5a9395dae6c7643ea06e7a555580a5526e81073aea9c9306363529c5b76a8f8b,us-x-iran-effective-ceasfire-by-july-31-20260715194822045,https://polymarket.com/event/us-x-iran-effective-ceasfire-by-july-31-20260715194822045,https://embed.polymarket.com/market.html?market=us-x-iran-effective-ceasfire-by-july-31-20260715194822045&features=volume&theme=light,US x Iran Effective Ceasefire by July 31?,iran,,"24h $177,795 • spread 0.010 • TTR 3.9d • ~50% mid",1252462.207836,177795.67,-0.05,-8.547,2026-07-31T23:59:00+00:00,3.879,1,0.01,-0.46,0.535,1,"[{""name"": ""Top"", ""bestBid"": 0.53, ""bestAsk"": 0.54}]"
2633430,0xa1b3158fedfddaf2a0d8b364f6a57ee68146fb6ad458222aa8e02bcf0abbb099,us-iran-final-nuclear-deal-by-august-31-2026-20260621201255154,https://polymarket.com/event/us-iran-final-nuclear-deal-by-august-31-2026-20260621201255154,https://embed.polymarket.com/market.html?market=us-iran-final-nuclear-deal-by-august-31-2026-20260621201255154&features=volume&theme=light,"US-Iran Final Nuclear Deal by August 31, 2026?",iran,,"24h $36,827 • spread 0.010 • TTR 34.9d",2918417.1015959983,36827.98,-0.01,-13.3333,2026-08-31T23:59:00+00:00,34.879,1,0.01,-0.93,0.065,0,"[{""name"": ""Top"", ""bestBid"": 0.06, ""bestAsk"": 0.07}]"
1057883,0x6fefc0438c7598b23531457c8c60541990d0786bd4bd9dfc3eabc8d95c291092,will-bitcoin-reach-250000-by-december-31-2026-579-442,https://polymarket.com/event/will-bitcoin-reach-250000-by-december-31-2026-579-442,https://embed.polymarket.com/market.html?market=will-bitcoin-reach-250000-by-december-31-2026-579-442&features=volume&theme=light,"Will Bitcoin reach $250,000 by December 31, 2026?",bitcoin,,"24h $2,674 • spread 0.002 • TTR 157.1d",5332785.313427015,2674.47,0.0005,3.0303,2027-01-01T05:00:00+00:00,157.088,1,0.002,-0.982,0.017,0,"[{""name"": ""Top"", ""bestBid"": 0.016, ""bestAsk"": 0.018}]"
2355354,0xc11f41372087c4d934ae7adb869ff08272b2bcb3e242d4e628330353c130e480,iran-agrees-to-surrender-enriched-uranium-stockpile-by-july-31-2026,https://polymarket.com/event/iran-agrees-to-surrender-enriched-uranium-stockpile-by-july-31-2026,https://embed.polymarket.com/market.html?market=iran-agrees-to-surrender-enriched-uranium-stockpile-by-july-31-2026&features=volume&theme=light,"Iran agrees to surrender enriched uranium stockpile by July 31, 2026?",geopolitics,,"24h $17,177 • spread 0.002 • TTR 2.9d",1161377.2090220086,17177.04,-0.003,-50.0,2026-07-31T00:00:00+00:00,2.88,1,0.002,-0.996,0.003,0,"[{""name"": ""Top"", ""bestBid"": 0.002, ""bestAsk"": 0.004}]"
562004,0x17902b9490c6a73152772316b4705935c5c6801ba269f2afc81686532e34fb9a,will-marjorie-taylor-greene-win-the-2028-republican-presidential-nomination,https://polymarket.com/event/will-marjorie-taylor-greene-win-the-2028-republican-presidential-nomination,https://embed.polymarket.com/market.html?market=will-marjorie-taylor-greene-win-the-2028-republican-presidential-nomination&features=volume&theme=light,Will Marjorie Taylor Greene win the 2028 Republican presidential nomination?,united-states,,"24h $88,175 • spread 0.001 • TTR 832.9d",6674370.699073961,88175.64,0.001,22.2222,2028-11-07T00:00:00+00:00,832.88,1,0.001,-0.994,0.0055,0,"[{""name"": ""Top"", ""bestBid"": 0.005, ""bestAsk"": 0.006}]"
2967837,0xba34d786cd7bfbd719aa77c705f27969aba84d6649dca9adb365aad8c255db7a,will-the-us-announce-an-iran-ceasefire-by-july-31-20260718000915875,https://polymarket.com/event/will-the-us-announce-an-iran-ceasefire-by-july-31-20260718000915875,https://embed.polymarket.com/market.html?market=will-the-us-announce-an-iran-ceasefire-by-july-31-20260718000915875&features=volume&theme=light,US announces halt in Iran offensive operations by July 31?,iran,,"24h $2,352,190 • spread 0.001 • TTR 34.9d",2829124.231667999,2352190.81,0.6245,166.5333,2026-08-31T23:59:00+00:00,34.879,1,0.001,0.0,0.9995,0,"[{""name"": ""Top"", ""bestBid"": 0.999, ""bestAsk"": 1.0}]"
561262,0x9eb7ac1524fdacb46ceb8758454f0004c7b117eae76e6295852643644bb862c1,will-james-talarico-win-the-2028-us-presidential-election,https://polymarket.com/event/will-james-talarico-win-the-2028-us-presidential-election,https://embed.polymarket.com/market.html?market=will-james-talarico-win-the-2028-us-presidential-election&features=volume&theme=light,Will James Talarico win the 2028 US Presidential Election?,president,,"24h $5,964 • spread 0.001 • TTR 832.9d",6555612.068355053,5964.0,0.0,0.0,2028-11-07T00:00:00+00:00,832.88,1,0.001,-0.993,0.0065,0,"[{""name"": ""Top"", ""bestBid"": 0.006, ""bestAsk"": 0.007}]"
1469755,0x4266ab921148974f104cbadd099e13bca989441bf58acfd2a08fc6cc7440e1a1,will-mohammad-khatami-be-head-of-state-in-iran-end-of-2026,https://polymarket.com/event/will-mohammad-khatami-be-head-of-state-in-iran-end-of-2026,https://embed.polymarket.com/market.html?market=will-mohammad-khatami-be-head-of-state-in-iran-end-of-2026&features=volume&theme=light,Will Mohammad Khatami be head of state in Iran end of 2026?,middle-east,,24h $166 • spread 0.001 • TTR 155.9d,5082359.410980997,166.0,0.0,0.0,2026-12-31T00:00:00+00:00,155.88,1,0.001,-0.997,0.0025,0,"[{""name"": ""Top"", ""bestBid"": 0.002, ""bestAsk"": 0.003}]"
1469737,0x25fb28382075f418a944a781a9f8840e2f541152eea0d9798d1cabfa1466adbb,will-mojtaba-khamenei-be-head-of-state-in-iran-end-of-2026,https://polymarket.com/event/will-mojtaba-khamenei-be-head-of-state-in-iran-end-of-2026,https://embed.polymarket.com/market.html?market=will-mojtaba-khamenei-be-head-of-state-in-iran-end-of-2026&features=volume&theme=light,Will Mojtaba Khamenei be head of state in Iran end of 2026?,middle-east,,"24h $4,357 • spread 0.007 • TTR 155.9d",5069629.983775977,4357.11,-0.0005,-0.0629,2026-12-31T00:00:00+00:00,155.88,1,0.007,-0.202,0.7945,0,"[{""name"": ""Top"", ""bestBid"": 0.791, ""bestAsk"": 0.798}]"
908713,0x80b3af88cb991980e8da1ce86b9794a0957f96ec98c29319dd7ba65e9744d82b,fed-rate-hike-in-2026,https://polymarket.com/event/fed-rate-hike-in-2026,https://embed.polymarket.com/market.html?market=fed-rate-hike-in-2026&features=volume&theme=light,Fed rate hike in 2026?,cpi-release,,"24h $90,958 • spread 0.010 • TTR 133.9d",4825473.395747009,90958.82,0.11,16.5414,2026-12-09T00:00:00+00:00,133.88,1,0.01,-0.22,0.775,0,"[{""name"": ""Top"", ""bestBid"": 0.77, ""bestAsk"": 0.78}]"
679041,0x3a8209fbd45fef3be23fb3480eb1c961c85f7bdd07d4a3391f5949252156c594,will-franois-bayrou-win-the-2027-french-presidential-election,https://polymarket.com/event/will-franois-bayrou-win-the-2027-french-presidential-election,https://embed.polymarket.com/market.html?market=will-franois-bayrou-win-the-2027-french-presidential-election&features=volume&theme=light,Will François Bayrou win the 2027 French presidential election?,french-election,,24h $693 • spread 0.001 • TTR 275.9d,5699478.97265201,693.24,0.0,0.0,2027-04-30T00:00:00+00:00,275.88,1,0.001,-0.998,0.0015,0,"[{""name"": ""Top"", ""bestBid"": 0.001, ""bestAsk"": 0.002}]"
616913,0x1adf074e048fa613f4ddbc0766088748a48d120a3a713b0183e219032a411ae3,will-11-fed-rate-cuts-happen-in-2026,https://polymarket.com/event/will-11-fed-rate-cuts-happen-in-2026,https://embed.polymarket.com/market.html?market=will-11-fed-rate-cuts-happen-in-2026&features=volume&theme=light,Will 11 Fed rate cuts happen in 2026?,rewards-200-4pt5-50,,"24h $4,645 • spread 0.001 • TTR 155.9d",4929142.324739863,4645.59,0.0,0.0,2026-12-31T00:00:00+00:00,155.88,1,0.001,-0.998,0.0015,0,"[{""name"": ""Top"", ""bestBid"": 0.001, ""bestAsk"": 0.002}]"
1057916,0xa885bfe10688056a9d0f4e9a1523bfa18f66fda065f0400d714ba54776083713,will-bitcoin-dip-to-15000-by-december-31-2026-416-954-417-853-885-363-335-458-585-275-615-269-479-379-516-218-918-374-598-429-212,https://polymarket.com/event/will-bitcoin-dip-to-15000-by-december-31-2026-416-954-417-853-885-363-335-458-585-275-615-269-479-379-516-218-918-374-598-429-212,https://embed.polymarket.com/market.html?market=will-bitcoin-dip-to-15000-by-december-31-2026-416-954-417-853-885-363-335-458-585-275-615-269-479-379-516-218-918-374-598-429-212&features=volume&theme=light,"Will Bitcoin dip to $15,000 by December 31, 2026?",bitcoin,,24h $248 • spread 0.001 • TTR 157.1d,4906339.977718886,248.54,0.001,5.4054,2027-01-01T05:00:00+00:00,157.088,1,0.001,-0.98,0.0195,0,"[{""name"": ""Top"", ""bestBid"": 0.019, ""bestAsk"": 0.02}]"
1107582,0x3de0f3d7d7efb40cde68e814d40a0b232832083653c8e78260eb999baa967de0,us-strike-on-cuba-by-december-31,https://polymarket.com/event/us-strike-on-cuba-by-december-31,https://embed.polymarket.com/market.html?market=us-strike-on-cuba-by-december-31&features=volume&theme=light,US strike on Cuba by December 31?,cuba,,"24h $6,876 • spread 0.010 • TTR 155.9d",4889735.546321046,6876.09,-0.01,-3.0769,2026-12-31T00:00:00+00:00,155.88,1,0.01,-0.68,0.315,0,"[{""name"": ""Top"", ""bestBid"": 0.31, ""bestAsk"": 0.32}]"
679043,0xfd431e070263b5f24e43a8fc44532bf41aa008d99cab2330d979913b1c580bd2,will-yal-braun-pivet-win-the-2027-french-presidential-election,https://polymarket.com/event/will-yal-braun-pivet-win-the-2027-french-presidential-election,https://embed.polymarket.com/market.html?market=will-yal-braun-pivet-win-the-2027-french-presidential-election&features=volume&theme=light,Will Yaël Braun-Pivet win the 2027 French presidential election?,french-election,,"24h $1,695 • spread 0.001 • TTR 275.9d",5498650.70157897,1695.26,0.0,0.0,2027-04-30T00:00:00+00:00,275.88,1,0.001,-0.998,0.0015,0,"[{""name"": ""Top"", ""bestBid"": 0.001, ""bestAsk"": 0.002}]"
679036,0xaba4bb720c6c1b2e48087f5af4a57fd1e9f05814a936e9f6b1c37f10436a34fc,will-franois-asselineau-win-the-2027-french-presidential-election,https://polymarket.com/event/will-franois-asselineau-win-the-2027-french-presidential-election,https://embed.polymarket.com/market.html?market=will-franois-asselineau-win-the-2027-french-presidential-election&features=volume&theme=light,Will François Asselineau win the 2027 French presidential election?,french-election,,"24h $5,945 • spread 0.001 • TTR 275.9d",5473296.838616952,5945.65,0.0,0.0,2027-04-30T00:00:00+00:00,275.88,1,0.001,-0.998,0.0015,0,"[{""name"": ""Top"", ""bestBid"": 0.001, ""bestAsk"": 0.002}]"
701501,0x752fa61c93f16c4b15e85b0bd438d9c684176b0ea7b319a84c8aca34616e8a8c,will-bitcoin-dip-to-55000-by-december-31-2026-527-627-868-745-188-361-314-673-612-946-821-624-855-557-684-381-884-939-182-939-516,https://polymarket.com/event/will-bitcoin-dip-to-55000-by-december-31-2026-527-627-868-745-188-361-314-673-612-946-821-624-855-557-684-381-884-939-182-939-516,https://embed.polymarket.com/market.html?market=will-bitcoin-dip-to-55000-by-december-31-2026-527-627-868-745-188-361-314-673-612-946-821-624-855-557-684-381-884-939-182-939-516&features=volume&theme=light,"Will Bitcoin dip to $55,000 by December 31, 2026?",bitcoin,,"24h $17,379 • spread 0.010 • TTR 157.1d • ~50% mid",4790755.3045780035,17379.85,0.075,15.7895,2027-01-01T05:00:00+00:00,157.088,1,0.01,-0.45,0.545,1,"[{""name"": ""Top"", ""bestBid"": 0.54, ""bestAsk"": 0.55}]"
616912,0x757c144993b3cb831e04c42bfcff8c18864c7da4f4688a5939d2f62e031cbc87,will-10-fed-rate-cuts-happen-in-2026,https://polymarket.com/event/will-10-fed-rate-cuts-happen-in-2026,https://embed.polymarket.com/market.html?market=will-10-fed-rate-cuts-happen-in-2026&features=volume&theme=light,Will 10 Fed rate cuts happen in 2026?,rewards-200-4pt5-50,,"24h $14,543 • spread 0.001 • TTR 155.9d",4755808.789515839,14543.52,0.0,0.0,2026-12-31T00:00:00+00:00,155.88,1,0.001,-0.998,0.0015,0,"[{""name"": ""Top"", ""bestBid"": 0.001, ""bestAsk"": 0.002}]"
2832147,0x513bf1706e9cbf61b7cc56f12803b1b72a522bae3c5157e7b356abdf36e2e72d,will-count-binface-win-the-clacton-by-election-20260707211451133,https://polymarket.com/event/will-count-binface-win-the-clacton-by-election-20260707211451133,https://embed.polymarket.com/market.html?market=will-count-binface-win-the-clacton-by-election-20260707211451133&features=volume&theme=light,Will Count Binface win the Clacton by-election?,uk,,"24h $46,387 • spread 0.003 • TTR 16.5d",1803231.8703389945,46387.13,0.003,8.0,2026-08-13T16:00:00+00:00,16.546,1,0.003,-0.958,0.0405,0,"[{""name"": ""Top"", ""bestBid"": 0.039, ""bestAsk"": 0.042}]"
2034729,0xace3c72c24fccb6731433483ece41c780432d84850edccd5a6bf3147ccea62a9,will-the-us-confirm-that-aliens-exist-by-september-30-396,https://polymarket.com/event/will-the-us-confirm-that-aliens-exist-by-september-30-396,https://embed.polymarket.com/market.html?market=will-the-us-confirm-that-aliens-exist-by-september-30-396&features=volume&theme=light,Will the US confirm that aliens exist by September 30?,aliens,,"24h $7,688 • spread 0.001 • TTR 63.9d",3445998.974235999,7688.71,-0.001,-3.6364,2026-09-30T00:00:00+00:00,63.88,1,0.001,-0.973,0.0265,0,"[{""name"": ""Top"", ""bestBid"": 0.026, ""bestAsk"": 0.027}]"
679042,0x0b298ab2b2cad3308d486c804985c1ede7ea949bde363f44784a3b2a460be788,will-lisabeth-borne-win-the-2027-french-presidential-election,https://polymarket.com/event/will-lisabeth-borne-win-the-2027-french-presidential-election,https://embed.polymarket.com/market.html?market=will-lisabeth-borne-win-the-2027-french-presidential-election&features=volume&theme=light,Will Élisabeth Borne win the 2027 French presidential election?,french-election,,"24h $6,990 • spread 0.001 • TTR 275.9d",5253744.810540954,6990.37,0.0,0.0,2027-04-30T00:00:00+00:00,275.88,1,0.001,-0.998,0.0015,0,"[{""name"": ""Top"", ""bestBid"": 0.001, ""bestAsk"": 0.002}]"
2758334,0x7c11c14664000e9a338d1b2a112d9aba06bc37c900daf52b0df4372ab32367de,will-bitcoin-reach-80k-in-july-2026,https://polymarket.com/event/will-bitcoin-reach-80k-in-july-2026,https://embed.polymarket.com/market.html?market=will-bitcoin-reach-80k-in-july-2026&features=volume&theme=light,"Will Bitcoin reach $80,000 in July?",bitcoin,,"24h $51,494 • spread 0.001 • TTR 4.0d",1096865.263090998,51494.86,-0.001,-40.0,2026-08-01T04:00:00+00:00,4.046,1,0.001,-0.998,0.0015,0,"[{""name"": ""Top"", ""bestBid"": 0.001, ""bestAsk"": 0.002}]"
679035,0x34ed4ad7a7825f168e1084f53e8f60a161579d783b2740e50aa52f710925a136,will-sgolne-royal-win-the-2027-french-presidential-election,https://polymarket.com/event/will-sgolne-royal-win-the-2027-french-presidential-election,https://embed.polymarket.com/market.html?market=will-sgolne-royal-win-the-2027-french-presidential-election&features=volume&theme=light,Will Ségolène Royal win the 2027 French presidential election?,french-election,,24h $170 • spread 0.001 • TTR 275.9d,5239080.4445239995,170.08,0.0,0.0,2027-04-30T00:00:00+00:00,275.88,1,0.001,-0.997,0.0025,0,"[{""name"": ""Top"", ""bestBid"": 0.002, ""bestAsk"": 0.003}]"
562005,0x24258776d0a926b4550b0f213267b95ba0a7741fc972d0b3c2b5f6bf8ced2c50,will-thomas-massie-win-the-2028-republican-presidential-nomination,https://polymarket.com/event/will-thomas-massie-win-the-2028-republican-presidential-nomination,https://embed.polymarket.com/market.html?market=will-thomas-massie-win-the-2028-republican-presidential-nomination&features=volume&theme=light,Will Thomas Massie win the 2028 Republican presidential nomination?,united-states,,"24h $15,569 • spread 0.001 • TTR 832.9d",5918161.921650994,15569.31,0.001,15.3846,2028-11-07T00:00:00+00:00,832.88,1,0.001,-0.992,0.0075,0,"[{""name"": ""Top"", ""bestBid"": 0.007, ""bestAsk"": 0.008}]"
2430327,0xd2a472c051e1ab231a4feb40322ccdafccff5fe9e4a006381224e10aff0e83ce,will-anthropic-have-the-best-ai-model-at-the-end-of-july-2026,https://polymarket.com/event/will-anthropic-have-the-best-ai-model-at-the-end-of-july-2026,https://embed.polymarket.com/market.html?market=will-anthropic-have-the-best-ai-model-at-the-end-of-july-2026&features=volume&theme=light,Will Anthropic have the best AI model at the end of July 2026?,tech,,"24h $21,717 • spread 0.002 • TTR 2.9d",1021042.896257999,21717.56,0.0025,0.2527,2026-07-31T00:00:00+00:00,2.88,1,0.002,-0.007,0.992,0,"[{""name"": ""Top"", ""bestBid"": 0.991, ""bestAsk"": 0.993}]"
562803,0x4e4f77e7dbf4cab666e9a1943674d7ae66348e862df03ea6f44b11eb95731928,will-the-republican-party-control-the-house-after-the-2026-midterm-elections,https://polymarket.com/event/will-the-republican-party-control-the-house-after-the-2026-midterm-elections,https://embed.polymarket.com/market.html?market=will-the-republican-party-control-the-house-after-the-2026-midterm-elections&features=volume&theme=light,Will the Republican Party control the House after the 2026 Midterm elections?,parent-for-derivative,,24h $551 • spread 0.010 • TTR 97.9d,3927644.0657269415,551.05,0.0,0.0,2026-11-03T00:00:00+00:00,97.88,1,0.01,-0.86,0.135,0,"[{""name"": ""Top"", ""bestBid"": 0.13, ""bestAsk"": 0.14}]"
679023,0x06a27c2810eaca94b53e7a17f15ad47761399ba445a6b02039b2679da203262d,will-xavier-bertrand-win-the-2027-french-presidential-election,https://polymarket.com/event/will-xavier-bertrand-win-the-2027-french-presidential-election,https://embed.polymarket.com/market.html?market=will-xavier-bertrand-win-the-2027-french-presidential-election&features=volume&theme=light,Will Xavier Bertrand win the 2027 French presidential election?,french-election,,"24h $1,453 • spread 0.001 • TTR 275.9d",5106696.715696945,1453.13,0.0,0.0,2027-04-30T00:00:00+00:00,275.88,1,0.001,-0.998,0.0015,0,"[{""name"": ""Top"", ""bestBid"": 0.001, ""bestAsk"": 0.002}]"
1144471,0x3b0107a80edd066fe987784d7ab5963c177888433efbec10689951c17320606c,will-satoshi-move-any-bitcoin-in-2026,https://polymarket.com/event/will-satoshi-move-any-bitcoin-in-2026,https://embed.polymarket.com/market.html?market=will-satoshi-move-any-bitcoin-in-2026&features=volume&theme=light,Will Satoshi move any Bitcoin in 2026?,crypto-culture,,"24h $1,578 • spread 0.001 • TTR 157.1d",4507552.383062993,1578.35,0.0,0.0,2027-01-01T05:00:00+00:00,157.088,1,0.001,-0.944,0.0555,0,"[{""name"": ""Top"", ""bestBid"": 0.055, ""bestAsk"": 0.056}]"
679039,0x6ccebbc57547f8b777aa4ef70a452bb5034055d183131a9b6db47fd8d0777921,will-michel-barnier-win-the-2027-french-presidential-election,https://polymarket.com/event/will-michel-barnier-win-the-2027-french-presidential-election,https://embed.polymarket.com/market.html?market=will-michel-barnier-win-the-2027-french-presidential-election&features=volume&theme=light,Will Michel Barnier win the 2027 French presidential election?,french-election,,"24h $3,170 • spread 0.001 • TTR 275.9d",5045061.482307006,3170.05,0.0,0.0,2027-04-30T00:00:00+00:00,275.88,1,0.001,-0.997,0.0025,0,"[{""name"": ""Top"", ""bestBid"": 0.002, ""bestAsk"": 0.003}]"
679033,0xbac8d3ca6cc7297022850562d9d66669d5e0a112767337f8a5955417f1984b54,will-olivier-faure-win-the-2027-french-presidential-election,https://polymarket.com/event/will-olivier-faure-win-the-2027-french-presidential-election,https://embed.polymarket.com/market.html?market=will-olivier-faure-win-the-2027-french-presidential-election&features=volume&theme=light,Will Olivier Faure win the 2027 French presidential election?,french-election,,"24h $4,543 • spread 0.001 • TTR 275.9d",4962370.29944899,4543.66,0.0,0.0,2027-04-30T00:00:00+00:00,275.88,1,0.001,-0.997,0.0025,0,"[{""name"": ""Top"", ""bestBid"": 0.002, ""bestAsk"": 0.003}]"
2354984,0x151b13b0d75a282ea864a2835963c0164c03e8fa3064c4d44026e3af5f2ff8d4,iran-agrees-to-end-enrichment-of-uranium-by-july-31,https://polymarket.com/event/iran-agrees-to-end-enrichment-of-uranium-by-july-31,https://embed.polymarket.com/market.html?market=iran-agrees-to-end-enrichment-of-uranium-by-july-31&features=volume&theme=light, Iran agrees to end enrichment of uranium by July 31?,trump,,"24h $11,370 • spread 0.003 • TTR 2.9d",955028.9845860034,11370.08,-0.003,-40.0,2026-07-31T00:00:00+00:00,2.88,1,0.003,-0.994,0.0045,0,"[{""name"": ""Top"", ""bestBid"": 0.003, ""bestAsk"": 0.006}]"
2430328,0xed5356b5d6f3b0d1095e21d586214de01b438ccb8d0ae5c59b55647d8fc95e97,will-openai-have-the-best-ai-model-at-the-end-of-july-2026,https://polymarket.com/event/will-openai-have-the-best-ai-model-at-the-end-of-july-2026,https://embed.polymarket.com/market.html?market=will-openai-have-the-best-ai-model-at-the-end-of-july-2026&features=volume&theme=light,Will OpenAI have the best AI model at the end of July 2026?,tech,,"24h $6,048 • spread 0.001 • TTR 2.9d",948328.1302920019,6048.75,0.001,66.6667,2026-07-31T00:00:00+00:00,2.88,1,0.001,-0.997,0.0025,0,"[{""name"": ""Top"", ""bestBid"": 0.002, ""bestAsk"": 0.003}]"
1357388,0x6c9407f7841e7507ba435d540af237d742674ba05bac48998cf94f4b7ef5d909,will-the-los-angeles-chargers-win-the-2027-nfl-league-championship,https://polymarket.com/event/will-the-los-angeles-chargers-win-the-2027-nfl-league-championship,https://embed.polymarket.com/market.html?market=will-the-los-angeles-chargers-win-the-2027-nfl-league-championship&features=volume&theme=light,Will the Los Angeles Chargers win the 2027 NFL league championship?,sports,,"24h $26,492 • spread 0.001 • TTR 246.9d",4725365.230804288,26492.69,-0.007,-15.0538,2027-03-31T23:55:00+00:00,246.876,1,0.001,-0.96,0.0395,0,"[{""name"": ""Top"", ""bestBid"": 0.039, ""bestAsk"": 0.04}]"
2730119,0x668373148ae84fcdb7c43f6559e7a02c8a3f36bfcbebddb9d85f61166b342714,will-wti-dip-to-65-in-july-2026-367,https://polymarket.com/event/will-wti-dip-to-65-in-july-2026-367,https://embed.polymarket.com/market.html?market=will-wti-dip-to-65-in-july-2026-367&features=volume&theme=light,Will WTI Crude Oil (WTI) hit (LOW) $65 in July?,finance,,"24h $19,091 • spread 0.001 • TTR 4.0d",1005427.2749010007,19091.5,-0.0015,-21.4286,2026-08-01T03:59:59.999000+00:00,4.046,1,0.001,-0.994,0.0055,0,"[{""name"": ""Top"", ""bestBid"": 0.005, ""bestAsk"": 0.006}]"
601833,0xae7dd99bf126b033b77af2553a98b97e1190fd7bdddd5a792ca2791ae23e4d13,will-tereza-cristina-win-the-2026-brazilian-presidential-election,https://polymarket.com/event/will-tereza-cristina-win-the-2026-brazilian-presidential-election,https://embed.polymarket.com/market.html?market=will-tereza-cristina-win-the-2026-brazilian-presidential-election&features=volume&theme=light,Will Tereza Cristina win the 2026 Brazilian presidential election?,politics,,"24h $3,580 • spread 0.001 • TTR 67.9d",3148499.979055937,3580.12,0.0,0.0,2026-10-04T00:00:00+00:00,67.88,1,0.001,-0.998,0.0015,0,"[{""name"": ""Top"", ""bestBid"": 0.001, ""bestAsk"": 0.002}]"
2758344,0xbfefe500c3fea4d8067f39246e4d9404a6fe0ea3040e1366d4ac02367d751c46,will-bitcoin-dip-to-55k-in-july-2026-381,https://polymarket.com/event/will-bitcoin-dip-to-55k-in-july-2026-381,https://embed.polymarket.com/market.html?market=will-bitcoin-dip-to-55k-in-july-2026-381&features=volume&theme=light,"Will Bitcoin dip to $55,000 in July?",bitcoin,,"24h $114,018 • spread 0.001 • TTR 4.0d",997599.9471140044,114018.67,0.009,200.0,2026-08-01T04:00:00+00:00,4.046,1,0.001,-0.986,0.0135,0,"[{""name"": ""Top"", ""bestBid"": 0.013, ""bestAsk"": 0.014}]"
679037,0x2bf80d93be42dac6c1b03298b5ec329a4b9f87b689c7892d544d1029f3a0caf0,will-clmentine-autain-win-the-2027-french-presidential-election,https://polymarket.com/event/will-clmentine-autain-win-the-2027-french-presidential-election,https://embed.polymarket.com/market.html?market=will-clmentine-autain-win-the-2027-french-presidential-election&features=volume&theme=light,Will Clémentine Autain win the 2027 French presidential election?,french-election,,"24h $1,876 • spread 0.001 • TTR 275.9d",4742697.919527927,1876.88,0.0,0.0,2027-04-30T00:00:00+00:00,275.88,1,0.001,-0.998,0.0015,0,"[{""name"": ""Top"", ""bestBid"": 0.001, ""bestAsk"": 0.002}]"
648383,0x9345d5142a67f5541264c96515496affee02580f1c572680759eac9fd2a1588a,billionaire-one-time-wealth-tax-passes-in-california-election-2026,https://polymarket.com/event/billionaire-one-time-wealth-tax-passes-in-california-election-2026,https://embed.polymarket.com/market.html?market=billionaire-one-time-wealth-tax-passes-in-california-election-2026&features=volume&theme=light,Billionaire one-time wealth tax passes in California election 2026?,taxes,,"24h $20,013 • spread 0.010 • TTR 97.9d",3594531.8632319523,20013.41,-0.01,-2.8986,2026-11-03T00:00:00+00:00,97.88,1,0.01,-0.66,0.335,0,"[{""name"": ""Top"", ""bestBid"": 0.33, ""bestAsk"": 0.34}]"
561261,0x61600d487069f99e775307a0655c1a79f26e4fc6d8d1ba66790c64d78d0beba2,will-jon-ossoff-win-the-2028-us-presidential-election,https://polymarket.com/event/will-jon-ossoff-win-the-2028-us-presidential-election,https://embed.polymarket.com/market.html?market=will-jon-ossoff-win-the-2028-us-presidential-election&features=volume&theme=light,Will Jon Ossoff win the 2028 US Presidential Election?,president,,"24h $12,911 • spread 0.001 • TTR 832.9d",5255956.938367969,12911.68,0.004,4.5198,2028-11-07T00:00:00+00:00,832.88,1,0.001,-0.907,0.0925,0,"[{""name"": ""Top"", ""bestBid"": 0.092, ""bestAsk"": 0.093}]"
1105753,0x1198bf982483cc6f0a3d3de63d7703117ed19c5b5a9474541a2a3b6b0b5e51f3,will-dan-caine-be-the-leader-of-venezuela-end-of-2026,https://polymarket.com/event/will-dan-caine-be-the-leader-of-venezuela-end-of-2026,https://embed.polymarket.com/market.html?market=will-dan-caine-be-the-leader-of-venezuela-end-of-2026&features=volume&theme=light,Will Dan Caine be the leader of Venezuela end of 2026?,trump-machado,,24h $47 • TTR 155.9d,4079926.365040981,47.28,0.0,0.0,2026-12-31T00:00:00+00:00,155.88,1,,-0.999,,0,"[{""name"": ""Top"", ""bestBid"": null, ""bestAsk"": 0.001}]"
616911,0x4ec6fcb43fe1a32163c7da09d54a99ab9bf6abdc6fd49939d7ad67d696a3248b,will-9-fed-rate-cuts-happen-in-2026,https://polymarket.com/event/will-9-fed-rate-cuts-happen-in-2026,https://embed.polymarket.com/market.html?market=will-9-fed-rate-cuts-happen-in-2026&features=volume&theme=light,Will 9 Fed rate cuts happen in 2026?,rewards-200-4pt5-50,,"24h $7,858 • spread 0.001 • TTR 155.9d",4076708.528517841,7858.02,0.0,0.0,2026-12-31T00:00:00+00:00,155.88,1,0.001,-0.998,0.0015,0,"[{""name"": ""Top"", ""bestBid"": 0.001, ""bestAsk"": 0.002}]"
1130015,0x8c48f3acf4177b5ceb012a8a2dc7a9c219eeae4a032d6ddcbc3c2ffab907439a,will-the-liberal-democratic-party-of-russia-ldpr-gain-the-most-seats-in-the-next-russian-parliamentary-election,https://polymarket.com/event/will-the-liberal-democratic-party-of-russia-ldpr-gain-the-most-seats-in-the-next-russian-parliamentary-election,https://embed.polymarket.com/market.html?market=will-the-liberal-democratic-party-of-russia-ldpr-gain-the-most-seats-in-the-next-russian-parliamentary-election&features=volume&theme=light,Will the Liberal Democratic Party of Russia (LDPR) gain the most seats in the next Russian parliamentary election?,politics,,"24h $3,200 • spread 0.001 • TTR 63.9d",2964619.169490989,3200.11,0.009,21.6867,2026-09-30T00:00:00+00:00,63.88,1,0.001,-0.949,0.0505,0,"[{""name"": ""Top"", ""bestBid"": 0.05, ""bestAsk"": 0.051}]"
679048,0xa6c3848b7861841cc9d93a5c2c1d26b3f44e0298a49889968a627214a2b177ae,will-manuel-bompard-win-the-2027-french-presidential-election,https://polymarket.com/event/will-manuel-bompard-win-the-2027-french-presidential-election,https://embed.polymarket.com/market.html?market=will-manuel-bompard-win-the-2027-french-presidential-election&features=volume&theme=light,Will Manuel Bompard win the 2027 French presidential election?,french-election,,24h $316 • spread 0.001 • TTR 275.9d,4615511.7672629915,316.27,0.0,0.0,2027-04-30T00:00:00+00:00,275.88,1,0.001,-0.998,0.0015,0,"[{""name"": ""Top"", ""bestBid"": 0.001, ""bestAsk"": 0.002}]"
2633429,0xc0aed6d5d893988b4bef5a8242435bbc7c3b45b1e438bcffc9e9bf71d173ae46,us-iran-final-nuclear-deal-by-august-18-2026-20260621201255153,https://polymarket.com/event/us-iran-final-nuclear-deal-by-august-18-2026-20260621201255153,https://embed.polymarket.com/market.html?market=us-iran-final-nuclear-deal-by-august-18-2026-20260621201255153&features=volume&theme=light,"US-Iran Final Nuclear Deal by August 18, 2026?",iran,,"24h $7,513 • spread 0.002 • TTR 21.9d",1758902.7236859987,7513.32,-0.001,-2.0408,2026-08-18T23:59:00+00:00,21.879,1,0.002,-0.951,0.048,0,"[{""name"": ""Top"", ""bestBid"": 0.047, ""bestAsk"": 0.049}]"
898412,0xcd2640464754b9a894ffec98ac11554fdd507ea89ca01237eabb3a6de4a606e6,will-kimi-antonelli-be-the-2026-f1-drivers-champion,https://polymarket.com/event/will-kimi-antonelli-be-the-2026-f1-drivers-champion,https://embed.polymarket.com/market.html?market=will-kimi-antonelli-be-the-2026-f1-drivers-champion&features=volume&theme=light,Will Kimi Antonelli be the 2026 F1 Drivers' Champion?,sports,,"24h $3,056 • spread 0.002 • TTR 130.9d",3844812.553317996,3056.48,-0.005,-0.6623,2026-12-06T00:00:00+00:00,130.88,1,0.002,-0.249,0.75,0,"[{""name"": ""Top"", ""bestBid"": 0.749, ""bestAsk"": 0.751}]"
898663,0x336ee35845099e7d11fa2edbe417ef7791507130689f0f71a35ecc7480807404,will-williams-be-the-2026-f1-constructors-champion,https://polymarket.com/event/will-williams-be-the-2026-f1-constructors-champion,https://embed.polymarket.com/market.html?market=will-williams-be-the-2026-f1-constructors-champion&features=volume&theme=light,Will Williams be the 2026 F1 Constructors' Champion?,formula1,,TTR 130.9d,3808173.692617894,,0.0,0.0,2026-12-06T00:00:00+00:00,130.88,1,,-0.999,,0,"[{""name"": ""Top"", ""bestBid"": null, ""bestAsk"": 0.001}]"
679046,0xcd050c1af02067e33e03861ff6f67c1c85def8bf4bd196256e6d2b178509533b,will-carole-delga-win-the-2027-french-presidential-election,https://polymarket.com/event/will-carole-delga-win-the-2027-french-presidential-election,https://embed.polymarket.com/market.html?market=will-carole-delga-win-the-2027-french-presidential-election&features=volume&theme=light,Will Carole Delga win the 2027 French presidential election?,french-election,,"24h $1,339 • spread 0.001 • TTR 275.9d",4531892.848720979,1339.27,0.0,0.0,2027-04-30T00:00:00+00:00,275.88,1,0.001,-0.998,0.0015,0,"[{""name"": ""Top"", ""bestBid"": 0.001, ""bestAsk"": 0.002}]"
