id,conditionId,slug,url,embedSrc,question,category,eventId,why,volume,volume24h,momentumDelta24h,momentumPct24h,endDateISO,timeToResolveDays,outcomeCount,avgSpread,underround,binaryMidYes,near50Flag,bestQuotesJSON
1654958,0x8bf1c1536ecb1c08fe13c6b71e8ab1f58bf3461c4cb79f5f1679f869a06aef86,will-there-be-no-change-in-fed-interest-rates-after-the-july-2026-meeting,https://polymarket.com/event/will-there-be-no-change-in-fed-interest-rates-after-the-july-2026-meeting,https://embed.polymarket.com/market.html?market=will-there-be-no-change-in-fed-interest-rates-after-the-july-2026-meeting&features=volume&theme=light,Will there be no change in Fed interest rates after the July 2026 meeting?,economic-policy,,"24h $715,525 • spread 0.001 • TTR 2.2d",28098783.584341995,715525.11,0.0425,5.4698,2026-07-29T00:00:00+00:00,2.195,1,0.001,-0.18,0.8195,0,"[{""name"": ""Top"", ""bestBid"": 0.819, ""bestAsk"": 0.82}]"
2176262,0xb8e6d129a06d0ccb21d7b32eb529ea455eddba3cf29bfa097112202cbdf5bf21,strait-of-hormuz-traffic-returns-to-normal-by-july-31,https://polymarket.com/event/strait-of-hormuz-traffic-returns-to-normal-by-july-31,https://embed.polymarket.com/market.html?market=strait-of-hormuz-traffic-returns-to-normal-by-july-31&features=volume&theme=light,Strait of Hormuz traffic returns to normal by July 31?,politics,,"24h $475,124 • spread 0.002 • TTR 4.2d",21110585.40761422,475124.91,0.0025,45.4545,2026-07-31T00:00:00+00:00,4.195,1,0.002,-0.991,0.008,0,"[{""name"": ""Top"", ""bestBid"": 0.007, ""bestAsk"": 0.009}]"
1654959,0xb5c0abeecb5502e6e8d83155c27819174d8317af3c425c3afc5a8c45257a3793,will-the-fed-increase-interest-rates-by-25-bps-after-the-july-2026-meeting,https://polymarket.com/event/will-the-fed-increase-interest-rates-by-25-bps-after-the-july-2026-meeting,https://embed.polymarket.com/market.html?market=will-the-fed-increase-interest-rates-by-25-bps-after-the-july-2026-meeting&features=volume&theme=light,Will the Fed increase interest rates by 25 bps after the July 2026 meeting?,economic-policy,,"24h $413,918 • spread 0.001 • TTR 2.2d",18862424.750173517,413918.16,-0.049,-22.4256,2026-07-29T00:00:00+00:00,2.195,1,0.001,-0.83,0.1695,0,"[{""name"": ""Top"", ""bestBid"": 0.169, ""bestAsk"": 0.17}]"
1654960,0x2a28cc33492516116690a20d290f9922acbe0ed367ff52a6082154474c7f2971,will-the-fed-increase-interest-rates-by-50-bps-after-the-july-2026-meeting,https://polymarket.com/event/will-the-fed-increase-interest-rates-by-50-bps-after-the-july-2026-meeting,https://embed.polymarket.com/market.html?market=will-the-fed-increase-interest-rates-by-50-bps-after-the-july-2026-meeting&features=volume&theme=light,Will the Fed increase interest rates by 50+ bps after the July 2026 meeting?,economic-policy,,"24h $657,083 • spread 0.001 • TTR 2.2d",18669017.069514897,657083.26,-0.002,-23.5294,2026-07-29T00:00:00+00:00,2.195,1,0.001,-0.993,0.0065,0,"[{""name"": ""Top"", ""bestBid"": 0.006, ""bestAsk"": 0.007}]"
1654957,0x4ede078cae84a5877ac32d7fb48811e5c23549a1904b7df06ff7935c6d79d831,will-the-fed-decrease-interest-rates-by-25-bps-after-the-july-2026-meeting,https://polymarket.com/event/will-the-fed-decrease-interest-rates-by-25-bps-after-the-july-2026-meeting,https://embed.polymarket.com/market.html?market=will-the-fed-decrease-interest-rates-by-25-bps-after-the-july-2026-meeting&features=volume&theme=light,Will the Fed decrease interest rates by 25 bps after the July 2026 meeting?,economic-policy,,"24h $251,903 • spread 0.001 • TTR 2.2d",15511200.72083309,251903.42,-0.001,-22.2222,2026-07-29T00:00:00+00:00,2.195,1,0.001,-0.996,0.0035,0,"[{""name"": ""Top"", ""bestBid"": 0.003, ""bestAsk"": 0.004}]"
1654956,0x3d675f1c88099a57c12abca632cf926be1bf430125168321de06234e9930fe1a,will-the-fed-decrease-interest-rates-by-50-bps-after-the-july-2026-meeting,https://polymarket.com/event/will-the-fed-decrease-interest-rates-by-50-bps-after-the-july-2026-meeting,https://embed.polymarket.com/market.html?market=will-the-fed-decrease-interest-rates-by-50-bps-after-the-july-2026-meeting&features=volume&theme=light,Will the Fed decrease interest rates by 50+ bps after the July 2026 meeting?,economic-policy,,"24h $826,197 • spread 0.001 • TTR 2.2d",13910556.033148915,826197.3,0.0,0.0,2026-07-29T00:00:00+00:00,2.195,1,0.001,-0.998,0.0015,0,"[{""name"": ""Top"", ""bestBid"": 0.001, ""bestAsk"": 0.002}]"
703258,0x0b4cc3b739e1dfe5d73274740e7308b6fb389c5af040c3a174923d928d134bee,will-jesus-christ-return-before-2027,https://polymarket.com/event/will-jesus-christ-return-before-2027,https://embed.polymarket.com/market.html?market=will-jesus-christ-return-before-2027&features=volume&theme=light,Will Jesus Christ return before 2027?,parent-for-derivative,,"24h $4,290 • spread 0.001 • TTR 157.2d",64833858.39512069,4290.32,0.0,0.0,2026-12-31T00:00:00+00:00,157.195,1,0.001,-0.98,0.0195,0,"[{""name"": ""Top"", ""bestBid"": 0.019, ""bestAsk"": 0.02}]"
540819,0x32b09f6390252b37d674501527e709016d55581b2c1e544bd4b8167f5f732f4c,will-jesus-christ-return-before-gta-vi-665,https://polymarket.com/event/will-jesus-christ-return-before-gta-vi-665,https://embed.polymarket.com/market.html?market=will-jesus-christ-return-before-gta-vi-665&features=volume&theme=light,Will Jesus Christ return before GTA VI?,pop-culture,,"24h $1,490 • spread 0.010 • TTR 4.7d • ~50% mid",11879720.917285716,1490.37,0.0,0.0,2026-07-31T12:00:00+00:00,4.695,1,0.01,-0.5,0.495,1,"[{""name"": ""Top"", ""bestBid"": 0.49, ""bestAsk"": 0.5}]"
665374,0x5db999fad322cea2914535aae5517060c3f80ad6d8c0231cde2124a434d16846,will-the-us-invade-iran-before-2027,https://polymarket.com/event/will-the-us-invade-iran-before-2027,https://embed.polymarket.com/market.html?market=will-the-us-invade-iran-before-2027&features=volume&theme=light,Will the U.S. invade Iran before 2027?,military-strikes,,"24h $882,023 • spread 0.010 • TTR 157.2d",48494193.6794637,882023.31,-0.06,-22.6415,2026-12-31T00:00:00+00:00,157.195,1,0.01,-0.79,0.205,0,"[{""name"": ""Top"", ""bestBid"": 0.2, ""bestAsk"": 0.21}]"
561251,0x836b850fc838195374862551a36f1c8691d96ff01e58b0a071f0fc1a0e357fb1,will-lebron-james-win-the-2028-us-presidential-election,https://polymarket.com/event/will-lebron-james-win-the-2028-us-presidential-election,https://embed.polymarket.com/market.html?market=will-lebron-james-win-the-2028-us-presidential-election&features=volume&theme=light,Will LeBron James win the 2028 US Presidential Election?,president,,"24h $4,371 • spread 0.001 • TTR 834.2d",54439643.23910242,4371.14,0.0,0.0,2028-11-07T00:00:00+00:00,834.195,1,0.001,-0.997,0.0025,0,"[{""name"": ""Top"", ""bestBid"": 0.002, ""bestAsk"": 0.003}]"
559687,0xe06a7e94cf2fa8dc2085b7610fe16e9be1cde6654f34d365c13da1149b276c61,will-oprah-winfrey-win-the-2028-democratic-presidential-nomination,https://polymarket.com/event/will-oprah-winfrey-win-the-2028-democratic-presidential-nomination,https://embed.polymarket.com/market.html?market=will-oprah-winfrey-win-the-2028-democratic-presidential-nomination&features=volume&theme=light,Will Oprah Winfrey win the 2028 Democratic presidential nomination?,united-states,,24h $685 • spread 0.001 • TTR 834.2d,54164825.01386908,685.05,0.0,0.0,2028-11-07T00:00:00+00:00,834.195,1,0.001,-0.995,0.0045,0,"[{""name"": ""Top"", ""bestBid"": 0.004, ""bestAsk"": 0.005}]"
559679,0x30cfb887558b20373a984da60c372fe5a90c0296aa6d8bb413a8aa7543846da2,will-bernie-sanders-win-the-2028-democratic-presidential-nomination-879,https://polymarket.com/event/will-bernie-sanders-win-the-2028-democratic-presidential-nomination-879,https://embed.polymarket.com/market.html?market=will-bernie-sanders-win-the-2028-democratic-presidential-nomination-879&features=volume&theme=light,Will Bernie Sanders win the 2028 Democratic presidential nomination?,united-states,,"24h $104,703 • spread 0.001 • TTR 834.2d",52527921.306925274,104703.96,0.0,0.0,2028-11-07T00:00:00+00:00,834.195,1,0.001,-0.993,0.0065,0,"[{""name"": ""Top"", ""bestBid"": 0.006, ""bestAsk"": 0.007}]"
567621,0xd9fb1184af0064e5e34b129f5b79afa5a17b7e32f2953ab05efed82315fee6d4,will-china-invade-taiwan-before-2027,https://polymarket.com/event/will-china-invade-taiwan-before-2027,https://embed.polymarket.com/market.html?market=will-china-invade-taiwan-before-2027&features=volume&theme=light,Will China invade Taiwan by end of 2026?,politics,,"24h $30,985 • spread 0.001 • TTR 157.2d",39031160.699126646,30985.47,-0.002,-5.1948,2026-12-31T00:00:00+00:00,157.195,1,0.001,-0.963,0.0365,0,"[{""name"": ""Top"", ""bestBid"": 0.036, ""bestAsk"": 0.037}]"
559684,0xf2e51acfbb6d0414dc2ace81b7dc2af7c165e443dcb91f6caa7aab6d6ab4f06d,will-chelsea-clinton-win-the-2028-democratic-presidential-nomination,https://polymarket.com/event/will-chelsea-clinton-win-the-2028-democratic-presidential-nomination,https://embed.polymarket.com/market.html?market=will-chelsea-clinton-win-the-2028-democratic-presidential-nomination&features=volume&theme=light,Will Chelsea Clinton win the 2028 Democratic presidential nomination?,united-states,,"24h $5,914 • spread 0.001 • TTR 834.2d",50115323.65766938,5914.56,0.0,0.0,2028-11-07T00:00:00+00:00,834.195,1,0.001,-0.991,0.0085,0,"[{""name"": ""Top"", ""bestBid"": 0.008, ""bestAsk"": 0.009}]"
559688,0x450810ae738a0ff820d3248f2b24937f63fb8c8cf422ed2a915125adb4d9d3c8,will-andrew-yang-win-the-2028-democratic-presidential-nomination,https://polymarket.com/event/will-andrew-yang-win-the-2028-democratic-presidential-nomination,https://embed.polymarket.com/market.html?market=will-andrew-yang-win-the-2028-democratic-presidential-nomination&features=volume&theme=light,Will Andrew Yang win the 2028 Democratic presidential nomination?,united-states,,"24h $7,069 • spread 0.001 • TTR 834.2d",48393126.943041965,7069.18,0.0,0.0,2028-11-07T00:00:00+00:00,834.195,1,0.001,-0.997,0.0025,0,"[{""name"": ""Top"", ""bestBid"": 0.002, ""bestAsk"": 0.003}]"
703257,0x747dc809fb79e1b05be09c42d6179459a58de2ef3e40f02484a4e1260f741f75,will-the-us-confirm-that-aliens-exist-before-2027-789-924-249,https://polymarket.com/event/will-the-us-confirm-that-aliens-exist-before-2027-789-924-249,https://embed.polymarket.com/market.html?market=will-the-us-confirm-that-aliens-exist-before-2027-789-924-249&features=volume&theme=light,Will the US confirm that aliens exist before 2027?,aliens,,"24h $3,920 • spread 0.010 • TTR 157.2d",36276238.80020482,3920.29,0.0,0.0,2026-12-31T00:00:00+00:00,157.195,1,0.01,-0.94,0.055,0,"[{""name"": ""Top"", ""bestBid"": 0.05, ""bestAsk"": 0.06}]"
997488,0xd595eb9b81885ff018738300c79047e3ec89e87294424f57a29a7fa9162bf116,will-trump-acquire-greenland-before-2027,https://polymarket.com/event/will-trump-acquire-greenland-before-2027,https://embed.polymarket.com/market.html?market=will-trump-acquire-greenland-before-2027&features=volume&theme=light,Will Trump acquire Greenland before 2027?,davos,,"24h $6,052 • spread 0.001 • TTR 157.2d",35072687.905523114,6052.48,0.0,0.0,2026-12-31T00:00:00+00:00,157.195,1,0.001,-0.956,0.0435,0,"[{""name"": ""Top"", ""bestBid"": 0.043, ""bestAsk"": 0.044}]"
561986,0xd1747284d6048b2a3dcfbee489db405f36de18f9590197dd0e5c9f0c246bf050,will-byron-donalds-win-the-2028-republican-presidential-nomination,https://polymarket.com/event/will-byron-donalds-win-the-2028-republican-presidential-nomination,https://embed.polymarket.com/market.html?market=will-byron-donalds-win-the-2028-republican-presidential-nomination&features=volume&theme=light,Will Byron Donalds win the 2028 Republican presidential nomination?,united-states,,"24h $2,227 • spread 0.001 • TTR 834.2d",44351867.554312736,2227.46,0.0,0.0,2028-11-07T00:00:00+00:00,834.195,1,0.001,-0.992,0.0075,0,"[{""name"": ""Top"", ""bestBid"": 0.007, ""bestAsk"": 0.008}]"
561247,0xae70ab9bf1c3726fe430a2ba8b517697ae24e0f0ab554b876a5b521153068882,will-tim-walz-win-the-2028-us-presidential-election,https://polymarket.com/event/will-tim-walz-win-the-2028-us-presidential-election,https://embed.polymarket.com/market.html?market=will-tim-walz-win-the-2028-us-presidential-election&features=volume&theme=light,Will Tim Walz win the 2028 US Presidential Election?,president,,"24h $1,265 • spread 0.001 • TTR 834.2d",44322052.34564005,1265.66,0.0,0.0,2028-11-07T00:00:00+00:00,834.195,1,0.001,-0.998,0.0015,0,"[{""name"": ""Top"", ""bestBid"": 0.001, ""bestAsk"": 0.002}]"
559682,0x1945a8b23e313ed7423b6b6fd556f9ab5578900376b565a61dc480a5f4f35d21,will-person-a-win-the-2028-democratic-presidential-nomination,https://polymarket.com/event/will-person-a-win-the-2028-democratic-presidential-nomination,https://embed.polymarket.com/market.html?market=will-person-a-win-the-2028-democratic-presidential-nomination&features=volume&theme=light,Will Hunter Biden win the 2028 Democratic presidential nomination?,united-states,,"24h $1,022 • spread 0.001 • TTR 834.2d",43797976.03273381,1022.35,0.0,0.0,2028-11-07T00:00:00+00:00,834.195,1,0.001,-0.994,0.0055,0,"[{""name"": ""Top"", ""bestBid"": 0.005, ""bestAsk"": 0.006}]"
559681,0x8b203037c7c0e21b500314f8398d2a8ea294b7ce1f4f9185f426425a3505bc45,will-lebron-james-win-the-2028-democratic-presidential-nomination,https://polymarket.com/event/will-lebron-james-win-the-2028-democratic-presidential-nomination,https://embed.polymarket.com/market.html?market=will-lebron-james-win-the-2028-democratic-presidential-nomination&features=volume&theme=light,Will LeBron James win the 2028 Democratic presidential nomination?,united-states,,24h $567 • spread 0.001 • TTR 834.2d,43733322.022686824,567.82,0.0,0.0,2028-11-07T00:00:00+00:00,834.195,1,0.001,-0.995,0.0045,0,"[{""name"": ""Top"", ""bestBid"": 0.004, ""bestAsk"": 0.005}]"
559677,0x663b88d3a8f2341bb8d878709dc78632bcaf7512e577bd15521e5d8ed933efbc,will-hillary-clinton-win-the-2028-democratic-presidential-nomination,https://polymarket.com/event/will-hillary-clinton-win-the-2028-democratic-presidential-nomination,https://embed.polymarket.com/market.html?market=will-hillary-clinton-win-the-2028-democratic-presidential-nomination&features=volume&theme=light,Will Hillary Clinton win the 2028 Democratic presidential nomination?,united-states,,"24h $2,291 • spread 0.001 • TTR 834.2d",43458328.10651784,2291.59,0.0,0.0,2028-11-07T00:00:00+00:00,834.195,1,0.001,-0.996,0.0035,0,"[{""name"": ""Top"", ""bestBid"": 0.003, ""bestAsk"": 0.004}]"
561995,0x41c6341dd79903aca4bb0c29f5a7976946c3774d2fd72f38cbb7de7092144520,will-mike-pence-win-the-2028-republican-presidential-nomination,https://polymarket.com/event/will-mike-pence-win-the-2028-republican-presidential-nomination,https://embed.polymarket.com/market.html?market=will-mike-pence-win-the-2028-republican-presidential-nomination&features=volume&theme=light,Will Mike Pence win the 2028 Republican presidential nomination?,united-states,,24h $304 • spread 0.001 • TTR 834.2d,43119073.1569852,304.39,0.0,0.0,2028-11-07T00:00:00+00:00,834.195,1,0.001,-0.996,0.0035,0,"[{""name"": ""Top"", ""bestBid"": 0.003, ""bestAsk"": 0.004}]"
559683,0x822e61527476cabf98927e3aad385c5ecdae7086f945535f2c1fd9ae8dbfa46e,will-george-clooney-win-the-2028-democratic-presidential-nomination,https://polymarket.com/event/will-george-clooney-win-the-2028-democratic-presidential-nomination,https://embed.polymarket.com/market.html?market=will-george-clooney-win-the-2028-democratic-presidential-nomination&features=volume&theme=light,Will George Clooney win the 2028 Democratic presidential nomination?,united-states,,"24h $1,192 • spread 0.001 • TTR 834.2d",42870665.25618153,1192.67,0.0,0.0,2028-11-07T00:00:00+00:00,834.195,1,0.001,-0.996,0.0035,0,"[{""name"": ""Top"", ""bestBid"": 0.003, ""bestAsk"": 0.004}]"
559666,0x3265b10daeb30dbcc3214bd02e488551d0a5d3028392f4152e4750b943fbfc91,will-tim-walz-win-the-2028-democratic-presidential-nomination-475,https://polymarket.com/event/will-tim-walz-win-the-2028-democratic-presidential-nomination-475,https://embed.polymarket.com/market.html?market=will-tim-walz-win-the-2028-democratic-presidential-nomination-475&features=volume&theme=light,Will Tim Walz win the 2028 Democratic presidential nomination?,united-states,,"24h $3,107 • spread 0.001 • TTR 834.2d",42703604.332434185,3107.13,0.0,0.0,2028-11-07T00:00:00+00:00,834.195,1,0.001,-0.997,0.0025,0,"[{""name"": ""Top"", ""bestBid"": 0.002, ""bestAsk"": 0.003}]"
559689,0x8ecd1d15e521b7d1020ad5596cc981c8764e9dcfbc3648f582e1a5138aee7185,will-beto-orourke-win-the-2028-democratic-presidential-nomination,https://polymarket.com/event/will-beto-orourke-win-the-2028-democratic-presidential-nomination,https://embed.polymarket.com/market.html?market=will-beto-orourke-win-the-2028-democratic-presidential-nomination&features=volume&theme=light,Will Beto O’Rourke win the 2028 Democratic presidential nomination?,united-states,,"24h $1,416 • spread 0.001 • TTR 834.2d",42534559.07585268,1416.47,0.0,0.0,2028-11-07T00:00:00+00:00,834.195,1,0.001,-0.996,0.0035,0,"[{""name"": ""Top"", ""bestBid"": 0.003, ""bestAsk"": 0.004}]"
559690,0x0f8ef3cc906ba7ba94a44724738df44bdd5f73e59e40c9c8b4ff8569e349643c,will-kim-kardashian-win-the-2028-democratic-presidential-nomination,https://polymarket.com/event/will-kim-kardashian-win-the-2028-democratic-presidential-nomination,https://embed.polymarket.com/market.html?market=will-kim-kardashian-win-the-2028-democratic-presidential-nomination&features=volume&theme=light,Will Kim Kardashian win the 2028 Democratic presidential nomination?,united-states,,"24h $1,346 • spread 0.001 • TTR 834.2d",42256622.4614992,1346.64,0.0,0.0,2028-11-07T00:00:00+00:00,834.195,1,0.001,-0.997,0.0025,0,"[{""name"": ""Top"", ""bestBid"": 0.002, ""bestAsk"": 0.003}]"
559680,0x29283b56d3eec6d1d89fff51793d9d2e01579d2379b1d3e9ebda175d3561e809,will-phil-murphy-win-the-2028-democratic-presidential-nomination-611,https://polymarket.com/event/will-phil-murphy-win-the-2028-democratic-presidential-nomination-611,https://embed.polymarket.com/market.html?market=will-phil-murphy-win-the-2028-democratic-presidential-nomination-611&features=volume&theme=light,Will Phil Murphy win the 2028 Democratic presidential nomination?,united-states,,"24h $4,290 • spread 0.001 • TTR 834.2d",41966477.15290063,4290.19,0.0,0.0,2028-11-07T00:00:00+00:00,834.195,1,0.001,-0.996,0.0035,0,"[{""name"": ""Top"", ""bestBid"": 0.003, ""bestAsk"": 0.004}]"
1105754,0x831493dce463d9adcad78c492f2cbec6ecdac31f4e8c5a894fdac68c130549d4,will-richard-grenell-be-the-leader-of-venezuela-end-of-2026,https://polymarket.com/event/will-richard-grenell-be-the-leader-of-venezuela-end-of-2026,https://embed.polymarket.com/market.html?market=will-richard-grenell-be-the-leader-of-venezuela-end-of-2026&features=volume&theme=light,Will Richard Grenell be the leader of Venezuela end of 2026?,trump-machado,,TTR 157.2d,32515826.958845373,,0.0,0.0,2026-12-31T00:00:00+00:00,157.195,1,,-0.999,,0,"[{""name"": ""Top"", ""bestBid"": null, ""bestAsk"": 0.001}]"
559685,0xc44edcfdedb422bae8ff1803e2178d1ee025fc41efd81400ccbede709e018841,will-mrbeast-win-the-2028-democratic-presidential-nomination,https://polymarket.com/event/will-mrbeast-win-the-2028-democratic-presidential-nomination,https://embed.polymarket.com/market.html?market=will-mrbeast-win-the-2028-democratic-presidential-nomination&features=volume&theme=light,Will MrBeast win the 2028 Democratic presidential nomination?,united-states,,"24h $1,636 • spread 0.001 • TTR 834.2d",40290400.36045177,1636.46,0.0,0.0,2028-11-07T00:00:00+00:00,834.195,1,0.001,-0.997,0.0025,0,"[{""name"": ""Top"", ""bestBid"": 0.002, ""bestAsk"": 0.003}]"
561254,0x7f695758278e6d4d9e63df862afa88d664d3402a3d26e4d32ae05121cdbddba6,will-kim-kardashian-win-the-2028-us-presidential-election,https://polymarket.com/event/will-kim-kardashian-win-the-2028-us-presidential-election,https://embed.polymarket.com/market.html?market=will-kim-kardashian-win-the-2028-us-presidential-election&features=volume&theme=light,Will Kim Kardashian win the 2028 US Presidential Election?,president,,"24h $1,121 • spread 0.001 • TTR 834.2d",39697081.17411646,1121.86,0.0,0.0,2028-11-07T00:00:00+00:00,834.195,1,0.001,-0.997,0.0025,0,"[{""name"": ""Top"", ""bestBid"": 0.002, ""bestAsk"": 0.003}]"
559671,0x3535fb2f4aef6619dde8b367cb5e5d209526bb496d5d9778428c58a0252435e3,will-zohran-mamdani-win-the-2028-democratic-presidential-nomination-445,https://polymarket.com/event/will-zohran-mamdani-win-the-2028-democratic-presidential-nomination-445,https://embed.polymarket.com/market.html?market=will-zohran-mamdani-win-the-2028-democratic-presidential-nomination-445&features=volume&theme=light,Will Zohran Mamdani win the 2028 Democratic presidential nomination?,united-states,,"24h $6,579 • spread 0.001 • TTR 834.2d",38535954.87518464,6579.45,0.0,0.0,2028-11-07T00:00:00+00:00,834.195,1,0.001,-0.995,0.0045,0,"[{""name"": ""Top"", ""bestBid"": 0.004, ""bestAsk"": 0.005}]"
559678,0x46dbd48d6bde5b81edb480e0f676a2cdda6c6b592c4d86a9367c7ad5a9870195,will-liz-cheney-win-the-2028-democratic-presidential-nomination-551,https://polymarket.com/event/will-liz-cheney-win-the-2028-democratic-presidential-nomination-551,https://embed.polymarket.com/market.html?market=will-liz-cheney-win-the-2028-democratic-presidential-nomination-551&features=volume&theme=light,Will Liz Cheney win the 2028 Democratic presidential nomination?,united-states,,24h $434 • spread 0.001 • TTR 834.2d,38278455.55649305,434.14,-0.0005,-16.6667,2028-11-07T00:00:00+00:00,834.195,1,0.001,-0.997,0.0025,0,"[{""name"": ""Top"", ""bestBid"": 0.002, ""bestAsk"": 0.003}]"
561248,0x64396449b471b10b006285fa49dd9a5df535694de7b4c703fdeb0d88d5c4cd33,will-vivek-ramaswamy-win-the-2028-us-presidential-election,https://polymarket.com/event/will-vivek-ramaswamy-win-the-2028-us-presidential-election,https://embed.polymarket.com/market.html?market=will-vivek-ramaswamy-win-the-2028-us-presidential-election&features=volume&theme=light,Will Vivek Ramaswamy win the 2028 US Presidential Election?,president,,"24h $3,042 • spread 0.001 • TTR 834.2d",37420098.48595509,3042.42,0.0,0.0,2028-11-07T00:00:00+00:00,834.195,1,0.001,-0.996,0.0035,0,"[{""name"": ""Top"", ""bestBid"": 0.003, ""bestAsk"": 0.004}]"
561994,0x5f1b1caf70eb994bfff2986727a05a3ac9f7ec8b0da4017f7732596d023e5a07,will-kristi-noem-win-the-2028-republican-presidential-nomination,https://polymarket.com/event/will-kristi-noem-win-the-2028-republican-presidential-nomination,https://embed.polymarket.com/market.html?market=will-kristi-noem-win-the-2028-republican-presidential-nomination&features=volume&theme=light,Will Kristi Noem win the 2028 Republican presidential nomination?,united-states,,"24h $2,744 • spread 0.001 • TTR 834.2d",36069813.574266486,2744.65,0.0,0.0,2028-11-07T00:00:00+00:00,834.195,1,0.001,-0.997,0.0025,0,"[{""name"": ""Top"", ""bestBid"": 0.002, ""bestAsk"": 0.003}]"
559692,0x3cd6e52603d80ddbbdac9b1a4d43f9b7faa6aae4fae4d0fdfad3bd58454da7d3,will-jasmine-crockett-win-the-2028-democratic-presidential-nomination,https://polymarket.com/event/will-jasmine-crockett-win-the-2028-democratic-presidential-nomination,https://embed.polymarket.com/market.html?market=will-jasmine-crockett-win-the-2028-democratic-presidential-nomination&features=volume&theme=light,Will Jasmine Crockett win the 2028 Democratic presidential nomination?,united-states,,"24h $22,821 • spread 0.001 • TTR 834.2d",36044730.89646457,22821.99,0.0,0.0,2028-11-07T00:00:00+00:00,834.195,1,0.001,-0.993,0.0065,0,"[{""name"": ""Top"", ""bestBid"": 0.006, ""bestAsk"": 0.007}]"
561993,0x7190eccbd0677d5d0ae8cdf598b37e945a346915c666dda11468dc9970657a56,will-john-thune-win-the-2028-republican-presidential-nomination,https://polymarket.com/event/will-john-thune-win-the-2028-republican-presidential-nomination,https://embed.polymarket.com/market.html?market=will-john-thune-win-the-2028-republican-presidential-nomination&features=volume&theme=light,Will John Thune win the 2028 Republican presidential nomination?,united-states,,24h $766 • spread 0.001 • TTR 834.2d,35879016.45484602,766.5,0.0,0.0,2028-11-07T00:00:00+00:00,834.195,1,0.001,-0.997,0.0025,0,"[{""name"": ""Top"", ""bestBid"": 0.002, ""bestAsk"": 0.003}]"
559670,0xcb239105ed21a2420ba4d85090b9bc32755c56601ffdc528afd17fd6282fe930,will-gina-raimondo-win-the-2028-democratic-presidential-nomination-676,https://polymarket.com/event/will-gina-raimondo-win-the-2028-democratic-presidential-nomination-676,https://embed.polymarket.com/market.html?market=will-gina-raimondo-win-the-2028-democratic-presidential-nomination-676&features=volume&theme=light,Will Gina Raimondo win the 2028 Democratic presidential nomination?,united-states,,"24h $2,982 • spread 0.001 • TTR 834.2d",35517043.48933597,2982.58,0.0,0.0,2028-11-07T00:00:00+00:00,834.195,1,0.001,-0.996,0.0035,0,"[{""name"": ""Top"", ""bestBid"": 0.003, ""bestAsk"": 0.004}]"
561249,0x01dffa7abae7e5d9b7fb44b06d537c5ac932e2ca422ab4b53366672f5e2dc7d6,will-greg-abbott-win-the-2028-us-presidential-election,https://polymarket.com/event/will-greg-abbott-win-the-2028-us-presidential-election,https://embed.polymarket.com/market.html?market=will-greg-abbott-win-the-2028-us-presidential-election&features=volume&theme=light,Will Greg Abbott win the 2028 US Presidential Election?,president,,"24h $3,679 • spread 0.001 • TTR 834.2d",35098906.3283166,3679.45,0.0,0.0,2028-11-07T00:00:00+00:00,834.195,1,0.001,-0.991,0.0085,0,"[{""name"": ""Top"", ""bestBid"": 0.008, ""bestAsk"": 0.009}]"
559676,0x88d67705780a3d922317ecb0c78a947a306174d0510df2ae89394d5abfb28206,will-barack-obama-win-the-2028-democratic-presidential-nomination-265,https://polymarket.com/event/will-barack-obama-win-the-2028-democratic-presidential-nomination-265,https://embed.polymarket.com/market.html?market=will-barack-obama-win-the-2028-democratic-presidential-nomination-265&features=volume&theme=light,Will Barack Obama win the 2028 Democratic presidential nomination?,united-states,,"24h $1,774 • spread 0.001 • TTR 834.2d",33797508.386675626,1774.64,0.0,0.0,2028-11-07T00:00:00+00:00,834.195,1,0.001,-0.996,0.0035,0,"[{""name"": ""Top"", ""bestBid"": 0.003, ""bestAsk"": 0.004}]"
561240,0x66b906b8205f48a26beb8e553bbb1e7954e87e4f6e1d539823441221d1806e8f,will-stephen-smith-win-the-2028-us-presidential-election,https://polymarket.com/event/will-stephen-smith-win-the-2028-us-presidential-election,https://embed.polymarket.com/market.html?market=will-stephen-smith-win-the-2028-us-presidential-election&features=volume&theme=light,Will Stephen Smith win the 2028 US Presidential Election?,president,,"24h $1,984 • spread 0.001 • TTR 834.2d",33245652.734286662,1984.06,0.0,0.0,2028-11-07T00:00:00+00:00,834.195,1,0.001,-0.997,0.0025,0,"[{""name"": ""Top"", ""bestBid"": 0.002, ""bestAsk"": 0.003}]"
561242,0x8fc141205ebce5adf437bfdf4d0c5ff58ff24293b79c9431991346c208bb48ed,will-tulsi-gabbard-win-the-2028-us-presidential-election,https://polymarket.com/event/will-tulsi-gabbard-win-the-2028-us-presidential-election,https://embed.polymarket.com/market.html?market=will-tulsi-gabbard-win-the-2028-us-presidential-election&features=volume&theme=light,Will Tulsi Gabbard win the 2028 US Presidential Election?,president,,"24h $18,071 • spread 0.001 • TTR 834.2d",33110940.896249842,18071.25,0.0,0.0,2028-11-07T00:00:00+00:00,834.195,1,0.001,-0.993,0.0065,0,"[{""name"": ""Top"", ""bestBid"": 0.006, ""bestAsk"": 0.007}]"
1105752,0x8063a2c9fa21c4a1470b33fee132d6d61fb5b7dcd667dcac3bb82ae15ad70c0d,will-frank-donovan-be-the-leader-of-venezuela-end-of-2026,https://polymarket.com/event/will-frank-donovan-be-the-leader-of-venezuela-end-of-2026,https://embed.polymarket.com/market.html?market=will-frank-donovan-be-the-leader-of-venezuela-end-of-2026&features=volume&theme=light,Will Frank Donovan be the leader of Venezuela end of 2026?,trump-machado,,"24h $2,861 • spread 0.001 • TTR 157.2d",25735150.34158849,2861.82,0.0,0.0,2026-12-31T00:00:00+00:00,157.195,1,0.001,-0.998,0.0015,0,"[{""name"": ""Top"", ""bestBid"": 0.001, ""bestAsk"": 0.002}]"
561999,0xf8dbde8b6e038775a673947e59da2de15a2127272b50b9877400fdbf7cfc3026,will-tom-brady-win-the-2028-republican-presidential-nomination,https://polymarket.com/event/will-tom-brady-win-the-2028-republican-presidential-nomination,https://embed.polymarket.com/market.html?market=will-tom-brady-win-the-2028-republican-presidential-nomination&features=volume&theme=light,Will Tom Brady win the 2028 Republican presidential nomination?,united-states,,24h $20 • spread 0.001 • TTR 834.2d,32880978.595729493,20.87,0.0,0.0,2028-11-07T00:00:00+00:00,834.195,1,0.001,-0.997,0.0025,0,"[{""name"": ""Top"", ""bestBid"": 0.002, ""bestAsk"": 0.003}]"
561982,0x00ad3bb5284b0b2314b1a2d42812fe292f606619c6278bd95c9d905816c240f6,will-sarah-huckabee-sanders-win-the-2028-republican-presidential-nomination,https://polymarket.com/event/will-sarah-huckabee-sanders-win-the-2028-republican-presidential-nomination,https://embed.polymarket.com/market.html?market=will-sarah-huckabee-sanders-win-the-2028-republican-presidential-nomination&features=volume&theme=light,Will Sarah Huckabee Sanders win the 2028 Republican presidential nomination?,united-states,,"24h $250,394 • spread 0.001 • TTR 834.2d",32500854.3583868,250394.7,-0.001,-15.3846,2028-11-07T00:00:00+00:00,834.195,1,0.001,-0.994,0.0055,0,"[{""name"": ""Top"", ""bestBid"": 0.005, ""bestAsk"": 0.006}]"
559664,0xdce84960dce38aa4a5800a5eba7c9ac34d2ce49ba9d44c42572c472d468af264,will-raphael-warnock-win-the-2028-democratic-presidential-nomination-914,https://polymarket.com/event/will-raphael-warnock-win-the-2028-democratic-presidential-nomination-914,https://embed.polymarket.com/market.html?market=will-raphael-warnock-win-the-2028-democratic-presidential-nomination-914&features=volume&theme=light,Will Raphael Warnock win the 2028 Democratic presidential nomination?,united-states,,"24h $3,340 • spread 0.001 • TTR 834.2d",31857624.22397733,3340.72,0.0,0.0,2028-11-07T00:00:00+00:00,834.195,1,0.001,-0.994,0.0055,0,"[{""name"": ""Top"", ""bestBid"": 0.005, ""bestAsk"": 0.006}]"
559672,0x939eeb2dea216749bd409bedde483c3f2bfb0e24d4f2d34461c0b21c6e91f010,will-roy-cooper-win-the-2028-democratic-presidential-nomination-286,https://polymarket.com/event/will-roy-cooper-win-the-2028-democratic-presidential-nomination-286,https://embed.polymarket.com/market.html?market=will-roy-cooper-win-the-2028-democratic-presidential-nomination-286&features=volume&theme=light,Will Roy Cooper win the 2028 Democratic presidential nomination?,united-states,,"24h $1,313 • spread 0.001 • TTR 834.2d",31304520.248344406,1313.31,0.0,0.0,2028-11-07T00:00:00+00:00,834.195,1,0.001,-0.993,0.0065,0,"[{""name"": ""Top"", ""bestBid"": 0.006, ""bestAsk"": 0.007}]"
663583,0xbb4d51e6364066d92eb6f9b8413dd7193de70966736044463b205834805a1f3b,will-the-iranian-regime-fall-by-the-end-of-2026,https://polymarket.com/event/will-the-iranian-regime-fall-by-the-end-of-2026,https://embed.polymarket.com/market.html?market=will-the-iranian-regime-fall-by-the-end-of-2026&features=volume&theme=light,Will the Iranian regime fall before 2027?,reza-pahlavi,,"24h $52,754 • spread 0.010 • TTR 157.2d",23149145.356766317,52754.08,-0.01,-10.5263,2026-12-31T00:00:00+00:00,157.195,1,0.01,-0.91,0.085,0,"[{""name"": ""Top"", ""bestBid"": 0.08, ""bestAsk"": 0.09}]"
561992,0x61a1278884fa70d68d4bcaaf72fad55bbdb063cac28c6947472ca91635fab10f,will-katie-britt-win-the-2028-republican-presidential-nomination,https://polymarket.com/event/will-katie-britt-win-the-2028-republican-presidential-nomination,https://embed.polymarket.com/market.html?market=will-katie-britt-win-the-2028-republican-presidential-nomination&features=volume&theme=light,Will Katie Britt win the 2028 Republican presidential nomination?,united-states,,24h $260 • spread 0.001 • TTR 834.2d,28742086.120368373,260.83,0.0,0.0,2028-11-07T00:00:00+00:00,834.195,1,0.001,-0.996,0.0035,0,"[{""name"": ""Top"", ""bestBid"": 0.003, ""bestAsk"": 0.004}]"
561990,0xfbb80ea5f8fc02ee7df8bd4f58790e1d04b874078a49a7b7028a74a2075100c9,will-elon-musk-win-the-2028-republican-presidential-nomination,https://polymarket.com/event/will-elon-musk-win-the-2028-republican-presidential-nomination,https://embed.polymarket.com/market.html?market=will-elon-musk-win-the-2028-republican-presidential-nomination&features=volume&theme=light,Will Elon Musk win the 2028 Republican presidential nomination?,united-states,,24h $752 • spread 0.001 • TTR 834.2d,28618536.57758492,752.03,0.0,0.0,2028-11-07T00:00:00+00:00,834.195,1,0.001,-0.992,0.0075,0,"[{""name"": ""Top"", ""bestBid"": 0.007, ""bestAsk"": 0.008}]"
561245,0xe0173375b7eaccb836f7b92d28a9a2d1cc69e54e5a65fae89a5d7e49aadd332e,will-nikki-haley-win-the-2028-us-presidential-election,https://polymarket.com/event/will-nikki-haley-win-the-2028-us-presidential-election,https://embed.polymarket.com/market.html?market=will-nikki-haley-win-the-2028-us-presidential-election&features=volume&theme=light,Will Nikki Haley win the 2028 US Presidential Election?,president,,"24h $5,402 • spread 0.001 • TTR 834.2d",28426137.80050122,5402.15,0.0,0.0,2028-11-07T00:00:00+00:00,834.195,1,0.001,-0.994,0.0055,0,"[{""name"": ""Top"", ""bestBid"": 0.005, ""bestAsk"": 0.006}]"
562003,0x414378275cb214b747245942be889ee1e077c56d1c00eb4d726629c95f22b5a5,will-kim-kardashian-win-the-2028-republican-presidential-nomination,https://polymarket.com/event/will-kim-kardashian-win-the-2028-republican-presidential-nomination,https://embed.polymarket.com/market.html?market=will-kim-kardashian-win-the-2028-republican-presidential-nomination&features=volume&theme=light,Will Kim Kardashian win the 2028 Republican presidential nomination?,united-states,,24h $110 • spread 0.001 • TTR 834.2d,28355088.080540538,110.17,0.0,0.0,2028-11-07T00:00:00+00:00,834.195,1,0.001,-0.996,0.0035,0,"[{""name"": ""Top"", ""bestBid"": 0.003, ""bestAsk"": 0.004}]"
561987,0x655b4bfdfa55a95c24d6e9bf7e7cd62f1b57da9a1f4c7f40f090b8ba847dffa2,will-elise-stefanik-win-the-2028-republican-presidential-nomination,https://polymarket.com/event/will-elise-stefanik-win-the-2028-republican-presidential-nomination,https://embed.polymarket.com/market.html?market=will-elise-stefanik-win-the-2028-republican-presidential-nomination&features=volume&theme=light,Will Elise Stefanik win the 2028 Republican presidential nomination?,united-states,,24h $40 • spread 0.001 • TTR 834.2d,27921913.667956788,40.24,0.0,0.0,2028-11-07T00:00:00+00:00,834.195,1,0.001,-0.994,0.0055,0,"[{""name"": ""Top"", ""bestBid"": 0.005, ""bestAsk"": 0.006}]"
559674,0x8fbcb151e2c988df5a43abb02298014b7daf34c008f3eed9188dd16a2a19bec1,will-jared-polis-win-the-2028-democratic-presidential-nomination-837,https://polymarket.com/event/will-jared-polis-win-the-2028-democratic-presidential-nomination-837,https://embed.polymarket.com/market.html?market=will-jared-polis-win-the-2028-democratic-presidential-nomination-837&features=volume&theme=light,Will Jared Polis win the 2028 Democratic presidential nomination?,united-states,,24h $561 • spread 0.001 • TTR 834.2d,27147300.571158834,561.57,0.0,0.0,2028-11-07T00:00:00+00:00,834.195,1,0.001,-0.997,0.0025,0,"[{""name"": ""Top"", ""bestBid"": 0.002, ""bestAsk"": 0.003}]"
559652,0x0f49db97f71c68b1e42a6d16e3de93d85dbf7d4148e3f018eb79e88554be9f75,will-gavin-newsom-win-the-2028-democratic-presidential-nomination-568,https://polymarket.com/event/will-gavin-newsom-win-the-2028-democratic-presidential-nomination-568,https://embed.polymarket.com/market.html?market=will-gavin-newsom-win-the-2028-democratic-presidential-nomination-568&features=volume&theme=light,Will Gavin Newsom win the 2028 Democratic presidential nomination?,united-states,,"24h $2,697 • spread 0.001 • TTR 834.2d",26571747.98625929,2697.68,-0.001,-0.5063,2028-11-07T00:00:00+00:00,834.195,1,0.001,-0.803,0.1965,0,"[{""name"": ""Top"", ""bestBid"": 0.196, ""bestAsk"": 0.197}]"
561238,0xc4435df23facee8c4cd86090310c7835c2a0425646b2588b0a02e67fa42f444e,will-glenn-youngkin-win-the-2028-us-presidential-election,https://polymarket.com/event/will-glenn-youngkin-win-the-2028-us-presidential-election,https://embed.polymarket.com/market.html?market=will-glenn-youngkin-win-the-2028-us-presidential-election&features=volume&theme=light,Will Glenn Youngkin win the 2028 US Presidential Election?,president,,"24h $9,453 • spread 0.001 • TTR 834.2d",26345760.374009203,9453.57,0.0,0.0,2028-11-07T00:00:00+00:00,834.195,1,0.001,-0.993,0.0065,0,"[{""name"": ""Top"", ""bestBid"": 0.006, ""bestAsk"": 0.007}]"
559667,0x3e218c99a1335641b3a5ee6c887521d19b0c28fddd6b99c254a07968e35c0b1b,will-michelle-obama-win-the-2028-democratic-presidential-nomination-777,https://polymarket.com/event/will-michelle-obama-win-the-2028-democratic-presidential-nomination-777,https://embed.polymarket.com/market.html?market=will-michelle-obama-win-the-2028-democratic-presidential-nomination-777&features=volume&theme=light,Will Michelle Obama win the 2028 Democratic presidential nomination?,united-states,,24h $688 • spread 0.001 • TTR 834.2d,26000914.129501328,688.5,0.0,0.0,2028-11-07T00:00:00+00:00,834.195,1,0.001,-0.99,0.0095,0,"[{""name"": ""Top"", ""bestBid"": 0.009, ""bestAsk"": 0.01}]"
561250,0x68e3c4e0dd8f82d010060032006fd157401b0bd8e04bd2953ae293e31eb99bf6,will-elon-musk-win-the-2028-us-presidential-election,https://polymarket.com/event/will-elon-musk-win-the-2028-us-presidential-election,https://embed.polymarket.com/market.html?market=will-elon-musk-win-the-2028-us-presidential-election&features=volume&theme=light,Will Elon Musk win the 2028 US Presidential Election?,president,,"24h $9,922 • spread 0.001 • TTR 834.2d",25800627.054425012,9922.77,0.0,0.0,2028-11-07T00:00:00+00:00,834.195,1,0.001,-0.993,0.0065,0,"[{""name"": ""Top"", ""bestBid"": 0.006, ""bestAsk"": 0.007}]"
559665,0x1970bcce75e3674660917ae4685b433a9b1e0152d810a8d7c346dfd5e00694c2,will-corey-booker-win-the-2028-democratic-presidential-nomination-125,https://polymarket.com/event/will-corey-booker-win-the-2028-democratic-presidential-nomination-125,https://embed.polymarket.com/market.html?market=will-corey-booker-win-the-2028-democratic-presidential-nomination-125&features=volume&theme=light,Will Cory Booker win the 2028 Democratic presidential nomination?,united-states,,"24h $4,287 • spread 0.001 • TTR 834.2d",25419898.193507936,4287.08,0.0,0.0,2028-11-07T00:00:00+00:00,834.195,1,0.001,-0.994,0.0055,0,"[{""name"": ""Top"", ""bestBid"": 0.005, ""bestAsk"": 0.006}]"
540844,0xbb57ccf5853a85487bc3d83d04d669310d28c6c810758953b9d9b91d1aee89d2,will-bitcoin-hit-1m-before-gta-vi-872-424,https://polymarket.com/event/will-bitcoin-hit-1m-before-gta-vi-872-424,https://embed.polymarket.com/market.html?market=will-bitcoin-hit-1m-before-gta-vi-872-424&features=volume&theme=light,Will bitcoin hit $1m before GTA VI?,pop-culture,,"24h $49,153 • spread 0.001 • TTR 4.7d • ~50% mid",4745852.947034752,49153.21,0.0,0.0,2026-07-31T12:00:00+00:00,4.695,1,0.001,-0.501,0.4985,1,"[{""name"": ""Top"", ""bestBid"": 0.498, ""bestAsk"": 0.499}]"
559675,0xfee07be730188c94cd3644ed6f107fa3ea2dfab9989ce8d39aeeae064766abe3,will-jon-stewart-win-the-2028-democratic-presidential-nomination-518,https://polymarket.com/event/will-jon-stewart-win-the-2028-democratic-presidential-nomination-518,https://embed.polymarket.com/market.html?market=will-jon-stewart-win-the-2028-democratic-presidential-nomination-518&features=volume&theme=light,Will Jon Stewart win the 2028 Democratic presidential nomination?,united-states,,"24h $3,041 • spread 0.001 • TTR 834.2d",24545606.7334213,3041.7,0.0,0.0,2028-11-07T00:00:00+00:00,834.195,1,0.001,-0.977,0.0225,0,"[{""name"": ""Top"", ""bestBid"": 0.022, ""bestAsk"": 0.023}]"
559673,0xca1d1139b0c3a29983407f499476ae642482788e841a277eb86faeeb9fa4a85c,will-john-fetterman-win-the-2028-democratic-presidential-nomination-941,https://polymarket.com/event/will-john-fetterman-win-the-2028-democratic-presidential-nomination-941,https://embed.polymarket.com/market.html?market=will-john-fetterman-win-the-2028-democratic-presidential-nomination-941&features=volume&theme=light,Will John Fetterman win the 2028 Democratic presidential nomination?,united-states,,"24h $1,118 • spread 0.001 • TTR 834.2d",24333334.733076192,1118.63,0.0,0.0,2028-11-07T00:00:00+00:00,834.195,1,0.001,-0.996,0.0035,0,"[{""name"": ""Top"", ""bestBid"": 0.003, ""bestAsk"": 0.004}]"
601818,0x81a537b379a35e4e17c286d3b37394e94bd74c1779bbe9a13670eb991b201a3a,will-tarcisio-de-frietas-win-the-2026-brazilian-presidential-election,https://polymarket.com/event/will-tarcisio-de-frietas-win-the-2026-brazilian-presidential-election,https://embed.polymarket.com/market.html?market=will-tarcisio-de-frietas-win-the-2026-brazilian-presidential-election&features=volume&theme=light,Will Tarcisio de Freitas win the 2026 Brazilian presidential election?,politics,,"24h $15,602 • spread 0.001 • TTR 69.2d",13632683.365295557,15602.26,0.0,0.0,2026-10-04T00:00:00+00:00,69.195,1,0.001,-0.998,0.0015,0,"[{""name"": ""Top"", ""bestBid"": 0.001, ""bestAsk"": 0.002}]"
560317,0x6bd56627aa21311850825edb27e53434a0e17a4f782be0086bc07f71eee00d0d,putin-out-before-2027-346,https://polymarket.com/event/putin-out-before-2027-346,https://embed.polymarket.com/market.html?market=putin-out-before-2027-346&features=volume&theme=light,"Putin out as President of Russia by December 31, 2026?",putin,,"24h $24,841 • spread 0.010 • TTR 158.0d",18003966.106546015,24841.72,0.0,0.0,2026-12-31T18:30:00+00:00,157.966,1,0.01,-0.91,0.085,0,"[{""name"": ""Top"", ""bestBid"": 0.08, ""bestAsk"": 0.09}]"
559662,0x9d4f94f82de9d13ff1d3318639ab9000ee2533949e525343156f374fb00bd9b1,will-mark-cuban-win-the-2028-democratic-presidential-nomination-329,https://polymarket.com/event/will-mark-cuban-win-the-2028-democratic-presidential-nomination-329,https://embed.polymarket.com/market.html?market=will-mark-cuban-win-the-2028-democratic-presidential-nomination-329&features=volume&theme=light,Will Mark Cuban win the 2028 Democratic presidential nomination?,united-states,,24h $697 • spread 0.001 • TTR 834.2d,22741208.143309705,697.6,0.0,0.0,2028-11-07T00:00:00+00:00,834.195,1,0.001,-0.994,0.0055,0,"[{""name"": ""Top"", ""bestBid"": 0.005, ""bestAsk"": 0.006}]"
562001,0xd5659eea81cada0bac656f5a9099861786cbae6755e2e1ac2c9e9441908b551f,will-steve-bannon-win-the-2028-republican-presidential-nomination,https://polymarket.com/event/will-steve-bannon-win-the-2028-republican-presidential-nomination,https://embed.polymarket.com/market.html?market=will-steve-bannon-win-the-2028-republican-presidential-nomination&features=volume&theme=light,Will Steve Bannon win the 2028 Republican presidential nomination?,united-states,,24h $137 • spread 0.001 • TTR 834.2d,22720385.46046514,137.61,0.0,0.0,2028-11-07T00:00:00+00:00,834.195,1,0.001,-0.995,0.0045,0,"[{""name"": ""Top"", ""bestBid"": 0.004, ""bestAsk"": 0.005}]"
2155000,0xa4ddc18895cc7b14810283ef8f113939abffd3969c6a0e37f1897110c67e6f73,hantavirus-pandemic-in-2026,https://polymarket.com/event/hantavirus-pandemic-in-2026,https://embed.polymarket.com/market.html?market=hantavirus-pandemic-in-2026&features=volume&theme=light,Hantavirus pandemic in 2026?,pandemics,,"24h $12,243 • spread 0.001 • TTR 157.2d",17043982.560945805,12243.09,-0.001,-2.8986,2026-12-31T00:00:00+00:00,157.195,1,0.001,-0.966,0.0335,0,"[{""name"": ""Top"", ""bestBid"": 0.033, ""bestAsk"": 0.034}]"
561256,0xf05b4b55336a4c1c7b44c726911d2b559732cff7bad339084de86ae364dc85f6,will-zohran-mamdani-win-the-2028-us-presidential-election,https://polymarket.com/event/will-zohran-mamdani-win-the-2028-us-presidential-election,https://embed.polymarket.com/market.html?market=will-zohran-mamdani-win-the-2028-us-presidential-election&features=volume&theme=light,Will Zohran Mamdani win the 2028 US Presidential Election?,president,,"24h $1,216 • spread 0.001 • TTR 834.2d",21482862.58729863,1216.36,0.0,0.0,2028-11-07T00:00:00+00:00,834.195,1,0.001,-0.996,0.0035,0,"[{""name"": ""Top"", ""bestBid"": 0.003, ""bestAsk"": 0.004}]"
559657,0xc8f1cf5d4f26e0fd9c8fe89f2a7b3263b902cf14fde7bfccef525753bb492e47,will-stephen-a-smith-win-the-2028-democratic-presidential-nomination-914,https://polymarket.com/event/will-stephen-a-smith-win-the-2028-democratic-presidential-nomination-914,https://embed.polymarket.com/market.html?market=will-stephen-a-smith-win-the-2028-democratic-presidential-nomination-914&features=volume&theme=light,Will Stephen A. Smith win the 2028 Democratic presidential nomination?,united-states,,24h $538 • spread 0.001 • TTR 834.2d,21458748.582613148,538.86,0.0,0.0,2028-11-07T00:00:00+00:00,834.195,1,0.001,-0.993,0.0065,0,"[{""name"": ""Top"", ""bestBid"": 0.006, ""bestAsk"": 0.007}]"
561983,0x214093035e429b91df322bd20c55d9f611f741f67472a63f7623a9afc0cffa57,will-greg-abbott-win-the-2028-republican-presidential-nomination,https://polymarket.com/event/will-greg-abbott-win-the-2028-republican-presidential-nomination,https://embed.polymarket.com/market.html?market=will-greg-abbott-win-the-2028-republican-presidential-nomination&features=volume&theme=light,Will Greg Abbott win the 2028 Republican presidential nomination?,united-states,,24h $179 • spread 0.001 • TTR 834.2d,20647570.959133845,179.66,0.0,0.0,2028-11-07T00:00:00+00:00,834.195,1,0.001,-0.992,0.0075,0,"[{""name"": ""Top"", ""bestBid"": 0.007, ""bestAsk"": 0.008}]"
561988,0x4d4bceee5f59f75230c6438f69fc913a6da7afa4098ce0734655045c02a730fc,will-josh-hawley-win-the-2028-republican-presidential-nomination,https://polymarket.com/event/will-josh-hawley-win-the-2028-republican-presidential-nomination,https://embed.polymarket.com/market.html?market=will-josh-hawley-win-the-2028-republican-presidential-nomination&features=volume&theme=light,Will Josh Hawley win the 2028 Republican presidential nomination?,united-states,,24h $184 • spread 0.001 • TTR 834.2d,20067473.743740506,184.88,0.0,0.0,2028-11-07T00:00:00+00:00,834.195,1,0.001,-0.996,0.0035,0,"[{""name"": ""Top"", ""bestBid"": 0.003, ""bestAsk"": 0.004}]"
561991,0xf2cea45ec282af4f302d2ab85ede73678cd692ebf8c3ab6d52bfa5e19f44c553,will-matt-gaetz-win-the-2028-republican-presidential-nomination,https://polymarket.com/event/will-matt-gaetz-win-the-2028-republican-presidential-nomination,https://embed.polymarket.com/market.html?market=will-matt-gaetz-win-the-2028-republican-presidential-nomination&features=volume&theme=light,Will Matt Gaetz win the 2028 Republican presidential nomination?,united-states,,24h $667 • spread 0.001 • TTR 834.2d,20021471.760417394,667.73,0.0,0.0,2028-11-07T00:00:00+00:00,834.195,1,0.001,-0.997,0.0025,0,"[{""name"": ""Top"", ""bestBid"": 0.002, ""bestAsk"": 0.003}]"
562000,0xd10bc768ede58b53ed400594240b0a0603134a32dab89ec823a18759cbc180ca,will-rand-paul-win-the-2028-republican-presidential-nomination,https://polymarket.com/event/will-rand-paul-win-the-2028-republican-presidential-nomination,https://embed.polymarket.com/market.html?market=will-rand-paul-win-the-2028-republican-presidential-nomination&features=volume&theme=light,Will Rand Paul win the 2028 Republican presidential nomination?,united-states,,24h $148 • spread 0.001 • TTR 834.2d,19219537.828167103,148.04,0.0,0.0,2028-11-07T00:00:00+00:00,834.195,1,0.001,-0.992,0.0075,0,"[{""name"": ""Top"", ""bestBid"": 0.007, ""bestAsk"": 0.008}]"
561237,0x09ad4955c170d46c6d80b5f554435b19e229ff7dbe55370892b64782336cc3b9,will-andy-beshear-win-the-2028-us-presidential-election,https://polymarket.com/event/will-andy-beshear-win-the-2028-us-presidential-election,https://embed.polymarket.com/market.html?market=will-andy-beshear-win-the-2028-us-presidential-election&features=volume&theme=light,Will Andy Beshear win the 2028 US Presidential Election?,president,,"24h $1,786 • spread 0.001 • TTR 834.2d",18808361.966192193,1786.6,0.0,0.0,2028-11-07T00:00:00+00:00,834.195,1,0.001,-0.988,0.0115,0,"[{""name"": ""Top"", ""bestBid"": 0.011, ""bestAsk"": 0.012}]"
561989,0x0ac23db1e56971022bc7e822b907a2466c618b34104ea72bc9fa95e41c86a9c6,will-ted-cruz-win-the-2028-republican-presidential-nomination,https://polymarket.com/event/will-ted-cruz-win-the-2028-republican-presidential-nomination,https://embed.polymarket.com/market.html?market=will-ted-cruz-win-the-2028-republican-presidential-nomination&features=volume&theme=light,Will Ted Cruz win the 2028 Republican presidential nomination?,united-states,,"24h $20,184 • spread 0.001 • TTR 834.2d",18704752.949778255,20184.24,0.0,0.0,2028-11-07T00:00:00+00:00,834.195,1,0.001,-0.99,0.0095,0,"[{""name"": ""Top"", ""bestBid"": 0.009, ""bestAsk"": 0.01}]"
562002,0x7abed80b88301210ee83b7b14ec41bc9a5161e1af07254fbb26c6e2bf7182766,will-erika-kirk-win-the-2028-republican-presidential-nomination,https://polymarket.com/event/will-erika-kirk-win-the-2028-republican-presidential-nomination,https://embed.polymarket.com/market.html?market=will-erika-kirk-win-the-2028-republican-presidential-nomination&features=volume&theme=light,Will Erika Kirk win the 2028 Republican presidential nomination?,united-states,,24h $703 • spread 0.001 • TTR 834.2d,18655739.5380145,703.49,0.0,0.0,2028-11-07T00:00:00+00:00,834.195,1,0.001,-0.996,0.0035,0,"[{""name"": ""Top"", ""bestBid"": 0.003, ""bestAsk"": 0.004}]"
561257,0xbbbece074c2d4010e39e39c85ed67b1131180fcea616073c893fb6beaf51d783,will-michelle-obama-win-the-2028-us-presidential-election,https://polymarket.com/event/will-michelle-obama-win-the-2028-us-presidential-election,https://embed.polymarket.com/market.html?market=will-michelle-obama-win-the-2028-us-presidential-election&features=volume&theme=light,Will Michelle Obama win the 2028 US Presidential Election?,president,,"24h $8,710 • spread 0.001 • TTR 834.2d",18559120.949650925,8710.13,0.0,0.0,2028-11-07T00:00:00+00:00,834.195,1,0.001,-0.993,0.0065,0,"[{""name"": ""Top"", ""bestBid"": 0.006, ""bestAsk"": 0.007}]"
561263,0x2d3c4fc5cde6dfb43448402b912e41bd4453e3f030448ed026bff8f1a0bc072e,will-eric-trump-win-the-2028-us-presidential-election,https://polymarket.com/event/will-eric-trump-win-the-2028-us-presidential-election,https://embed.polymarket.com/market.html?market=will-eric-trump-win-the-2028-us-presidential-election&features=volume&theme=light,Will Eric Trump win the 2028 US Presidential Election?,president,,"24h $3,248 • spread 0.001 • TTR 834.2d",18364867.888821974,3248.23,0.0,0.0,2028-11-07T00:00:00+00:00,834.195,1,0.001,-0.996,0.0035,0,"[{""name"": ""Top"", ""bestBid"": 0.003, ""bestAsk"": 0.004}]"
601824,0xa59bb6bb91e5c1e4d533864520fbd3bb75d6d0ebb813b4cd8a8b88479bfa8966,will-carlos-roberto-massa-jnior-win-the-2026-brazilian-presidential-election,https://polymarket.com/event/will-carlos-roberto-massa-jnior-win-the-2026-brazilian-presidential-election,https://embed.polymarket.com/market.html?market=will-carlos-roberto-massa-jnior-win-the-2026-brazilian-presidential-election&features=volume&theme=light,Will Carlos Roberto Massa Júnior win the 2026 Brazilian presidential election?,politics,,"24h $1,000 • TTR 69.2d",10372235.136618866,1000.0,0.0,0.0,2026-10-04T00:00:00+00:00,69.195,1,,-0.999,,0,"[{""name"": ""Top"", ""bestBid"": null, ""bestAsk"": 0.001}]"
601823,0xe1d5733322fd2215f136412f419d9ff805d097f78c68de3261515ff736895f2b,will-eduardo-bolsonaro-win-the-2026-brazilian-presidential-election,https://polymarket.com/event/will-eduardo-bolsonaro-win-the-2026-brazilian-presidential-election,https://embed.polymarket.com/market.html?market=will-eduardo-bolsonaro-win-the-2026-brazilian-presidential-election&features=volume&theme=light,Will Eduardo Bolsonaro win the 2026 Brazilian presidential election?,politics,,24h $72 • TTR 69.2d,10352442.532770997,72.39,0.0,0.0,2026-10-04T00:00:00+00:00,69.195,1,,-0.999,,0,"[{""name"": ""Top"", ""bestBid"": null, ""bestAsk"": 0.001}]"
561230,0x4567b275e6b667a6217f5cb4f06a797d3a1eaf1d0281fb5bc8c75e2046ae7e57,will-gavin-newsom-win-the-2028-us-presidential-election,https://polymarket.com/event/will-gavin-newsom-win-the-2028-us-presidential-election,https://embed.polymarket.com/market.html?market=will-gavin-newsom-win-the-2028-us-presidential-election&features=volume&theme=light,Will Gavin Newsom win the 2028 US Presidential Election?,president,,"24h $4,069 • spread 0.001 • TTR 834.2d",17533343.224107046,4069.42,0.0,0.0,2028-11-07T00:00:00+00:00,834.195,1,0.001,-0.874,0.1255,0,"[{""name"": ""Top"", ""bestBid"": 0.125, ""bestAsk"": 0.126}]"
561985,0x42631e1a8c8e6389422b58b8e15b1b551892b9833651aa3bab25afab124354b5,will-brian-kemp-win-the-2028-republican-presidential-nomination,https://polymarket.com/event/will-brian-kemp-win-the-2028-republican-presidential-nomination,https://embed.polymarket.com/market.html?market=will-brian-kemp-win-the-2028-republican-presidential-nomination&features=volume&theme=light,Will Brian Kemp win the 2028 Republican presidential nomination?,united-states,,"24h $7,207 • spread 0.001 • TTR 834.2d",17461196.62418833,7207.44,0.0,0.0,2028-11-07T00:00:00+00:00,834.195,1,0.001,-0.994,0.0055,0,"[{""name"": ""Top"", ""bestBid"": 0.005, ""bestAsk"": 0.006}]"
898420,0xa2b7d292821eafb97059947b9d834512deda11b7866e0f7b299bcb035071d626,will-oliver-bearman-be-the-2026-f1-drivers-champion,https://polymarket.com/event/will-oliver-bearman-be-the-2026-f1-drivers-champion,https://embed.polymarket.com/market.html?market=will-oliver-bearman-be-the-2026-f1-drivers-champion&features=volume&theme=light,Will Oliver Bearman be the 2026 F1 Drivers' Champion?,sports,,24h $38 • TTR 132.2d,12882748.33655541,38.09,0.0,0.0,2026-12-06T00:00:00+00:00,132.195,1,,-0.999,,0,"[{""name"": ""Top"", ""bestBid"": null, ""bestAsk"": 0.001}]"
559691,0xc720fcfa9e29346a976902f87e0f0f3bdc31d43af501b4fdef4f1780a30dd359,will-chris-murphy-win-the-2028-democratic-presidential-nomination,https://polymarket.com/event/will-chris-murphy-win-the-2028-democratic-presidential-nomination,https://embed.polymarket.com/market.html?market=will-chris-murphy-win-the-2028-democratic-presidential-nomination&features=volume&theme=light,Will Chris Murphy win the 2028 Democratic presidential nomination?,united-states,,24h $491 • spread 0.001 • TTR 834.2d,17027184.049786657,491.88,0.0,0.0,2028-11-07T00:00:00+00:00,834.195,1,0.001,-0.994,0.0055,0,"[{""name"": ""Top"", ""bestBid"": 0.005, ""bestAsk"": 0.006}]"
559656,0x61d9486c0f7e14ed98f3b177b6adcb3cd45646c92e8bbfbf209789b86472d4b6,will-wes-moore-win-the-2028-democratic-presidential-nomination-714,https://polymarket.com/event/will-wes-moore-win-the-2028-democratic-presidential-nomination-714,https://embed.polymarket.com/market.html?market=will-wes-moore-win-the-2028-democratic-presidential-nomination-714&features=volume&theme=light,Will Wes Moore win the 2028 Democratic presidential nomination?,united-states,,"24h $6,682 • spread 0.001 • TTR 834.2d",17007912.93268997,6682.4,0.0,0.0,2028-11-07T00:00:00+00:00,834.195,1,0.001,-0.988,0.0115,0,"[{""name"": ""Top"", ""bestBid"": 0.011, ""bestAsk"": 0.012}]"
559668,0x36db77c539bcc8c7bf0686c1b99f30c5a5eed1f53d3b3a27a071550c81f83701,will-mark-kelly-win-the-2028-democratic-presidential-nomination-479,https://polymarket.com/event/will-mark-kelly-win-the-2028-democratic-presidential-nomination-479,https://embed.polymarket.com/market.html?market=will-mark-kelly-win-the-2028-democratic-presidential-nomination-479&features=volume&theme=light,Will Mark Kelly win the 2028 Democratic presidential nomination?,united-states,,"24h $1,057 • spread 0.001 • TTR 834.2d",16803103.500239417,1057.07,0.0,0.0,2028-11-07T00:00:00+00:00,834.195,1,0.001,-0.978,0.0215,0,"[{""name"": ""Top"", ""bestBid"": 0.021, ""bestAsk"": 0.022}]"
561984,0xc510176cf39d73295354fc797d84b510d050b45d29d6c9735ee18cdbc4fd6463,will-robert-f-kennedy-jr-win-the-2028-republican-presidential-nomination,https://polymarket.com/event/will-robert-f-kennedy-jr-win-the-2028-republican-presidential-nomination,https://embed.polymarket.com/market.html?market=will-robert-f-kennedy-jr-win-the-2028-republican-presidential-nomination&features=volume&theme=light,Will Robert F. Kennedy Jr. win the 2028 Republican presidential nomination?,united-states,,24h $497 • spread 0.001 • TTR 834.2d,16754808.63305922,497.42,0.0,0.0,2028-11-07T00:00:00+00:00,834.195,1,0.001,-0.992,0.0075,0,"[{""name"": ""Top"", ""bestBid"": 0.007, ""bestAsk"": 0.008}]"
898424,0xde3d62becec90cd596e01294346786f5a9406a026e105c054d0f7e62cffdcf8f,will-franco-colapinto-be-the-2026-f1-drivers-champion,https://polymarket.com/event/will-franco-colapinto-be-the-2026-f1-drivers-champion,https://embed.polymarket.com/market.html?market=will-franco-colapinto-be-the-2026-f1-drivers-champion&features=volume&theme=light,Will Franco Colapinto be the 2026 F1 Drivers' Champion?,sports,,24h $52 • TTR 132.2d,12213606.531519143,52.55,0.0,0.0,2026-12-06T00:00:00+00:00,132.195,1,,-0.999,,0,"[{""name"": ""Top"", ""bestBid"": null, ""bestAsk"": 0.001}]"
898429,0x00f89ad58499dfda366bf9182878c81d9ec6a73cdf4bf9a85b9d24474debf684,will-valtteri-bottas-be-the-2026-f1-drivers-champion,https://polymarket.com/event/will-valtteri-bottas-be-the-2026-f1-drivers-champion,https://embed.polymarket.com/market.html?market=will-valtteri-bottas-be-the-2026-f1-drivers-champion&features=volume&theme=light,Will Valtteri Bottas be the 2026 F1 Drivers' Champion?,sports,,24h $15 • TTR 132.2d,12192220.407809611,15.3,0.0,0.0,2026-12-06T00:00:00+00:00,132.195,1,,-0.999,,0,"[{""name"": ""Top"", ""bestBid"": null, ""bestAsk"": 0.001}]"
898426,0x7a6491e3c906af3657b9b5cf2b371b454f1ddb91b4f4ca3344caaabf424a8056,will-arvid-lindblad-be-the-2026-f1-drivers-champion,https://polymarket.com/event/will-arvid-lindblad-be-the-2026-f1-drivers-champion,https://embed.polymarket.com/market.html?market=will-arvid-lindblad-be-the-2026-f1-drivers-champion&features=volume&theme=light,Will Arvid Lindblad be the 2026 F1 Drivers' Champion?,sports,,24h $43 • TTR 132.2d,12038841.145626184,43.96,0.0,0.0,2026-12-06T00:00:00+00:00,132.195,1,,-0.999,,0,"[{""name"": ""Top"", ""bestBid"": null, ""bestAsk"": 0.001}]"
898427,0x596b82d8371efcfcc2fd5312d5dde04f5e9aa1f0c61fd3f93be2a8be09e0da5f,will-alexander-albon-be-the-2026-f1-drivers-champion,https://polymarket.com/event/will-alexander-albon-be-the-2026-f1-drivers-champion,https://embed.polymarket.com/market.html?market=will-alexander-albon-be-the-2026-f1-drivers-champion&features=volume&theme=light,Will Alexander Albon be the 2026 F1 Drivers' Champion?,sports,,24h $17 • TTR 132.2d,11864727.23001192,17.71,0.0,0.0,2026-12-06T00:00:00+00:00,132.195,1,,-0.999,,0,"[{""name"": ""Top"", ""bestBid"": null, ""bestAsk"": 0.001}]"
561981,0xd997dc2a212a7d6673375a3b016db1fb214247142f8cde0cbf07f8e6d789877c,will-vivek-ramaswamy-win-the-2028-republican-presidential-nomination,https://polymarket.com/event/will-vivek-ramaswamy-win-the-2028-republican-presidential-nomination,https://embed.polymarket.com/market.html?market=will-vivek-ramaswamy-win-the-2028-republican-presidential-nomination&features=volume&theme=light,Will Vivek Ramaswamy win the 2028 Republican presidential nomination?,united-states,,"24h $1,902 • spread 0.001 • TTR 834.2d",15975041.709706102,1902.37,0.0,0.0,2028-11-07T00:00:00+00:00,834.195,1,0.001,-0.989,0.0105,0,"[{""name"": ""Top"", ""bestBid"": 0.01, ""bestAsk"": 0.011}]"
898430,0x9ca9ea6bcad843f3e94c213ad978b4f21d712d90f9a28372d9248ec99bb7193a,will-sergio-prez-be-the-2026-f1-drivers-champion,https://polymarket.com/event/will-sergio-prez-be-the-2026-f1-drivers-champion,https://embed.polymarket.com/market.html?market=will-sergio-prez-be-the-2026-f1-drivers-champion&features=volume&theme=light,Will Sergio Pérez be the 2026 F1 Drivers' Champion?,sports,,24h $170 • TTR 132.2d,11786825.294410238,170.53,0.0,0.0,2026-12-06T00:00:00+00:00,132.195,1,,-0.999,,0,"[{""name"": ""Top"", ""bestBid"": null, ""bestAsk"": 0.001}]"
2643400,0x636f780f794635820e8cafe81924ef2dd67622fc01b6b2e5e64e9cc99593a005,will-iran-announce-withdrawal-from-mou-negotiations-by-july-31-20260622191733846-586-829-787,https://polymarket.com/event/will-iran-announce-withdrawal-from-mou-negotiations-by-july-31-20260622191733846-586-829-787,https://embed.polymarket.com/market.html?market=will-iran-announce-withdrawal-from-mou-negotiations-by-july-31-20260622191733846-586-829-787&features=volume&theme=light,Will Iran announce withdrawal from MOU negotiations by July 31?,iran,,"24h $127,312 • spread 0.003 • TTR 5.2d",3091183.9387750006,127312.46,-0.0165,-53.2258,2026-07-31T23:59:00+00:00,5.194,1,0.003,-0.984,0.0145,0,"[{""name"": ""Top"", ""bestBid"": 0.013, ""bestAsk"": 0.016}]"
898418,0xc62b78f7a1b56a4e2cc713a0633fe4cd2a6a5dce6cd3b4eec0bd292a6cbdff71,will-lance-stroll-be-the-2026-f1-drivers-champion,https://polymarket.com/event/will-lance-stroll-be-the-2026-f1-drivers-champion,https://embed.polymarket.com/market.html?market=will-lance-stroll-be-the-2026-f1-drivers-champion&features=volume&theme=light,Will Lance Stroll be the 2026 F1 Drivers' Champion?,sports,,TTR 132.2d,11729189.695504647,,0.0,0.0,2026-12-06T00:00:00+00:00,132.195,1,,-0.999,,0,"[{""name"": ""Top"", ""bestBid"": null, ""bestAsk"": 0.001}]"
601822,0x37ec4c6b57a18b16eed1241f6155ee7ff45bc1697d7848f15ac33d406e38ed00,will-michelle-bolsonaro-win-the-2026-brazilian-presidential-election,https://polymarket.com/event/will-michelle-bolsonaro-win-the-2026-brazilian-presidential-election,https://embed.polymarket.com/market.html?market=will-michelle-bolsonaro-win-the-2026-brazilian-presidential-election&features=volume&theme=light,Will Michelle Bolsonaro win the 2026 Brazilian presidential election?,politics,,"24h $5,723 • spread 0.001 • TTR 69.2d",9256785.286284737,5723.59,-0.0025,-25.0,2026-10-04T00:00:00+00:00,69.195,1,0.001,-0.992,0.0075,0,"[{""name"": ""Top"", ""bestBid"": 0.007, ""bestAsk"": 0.008}]"
898423,0x88d573d2ba5e43e1320cf0eb733452feb4cb4a1d4780dcb05ac6ee6830c2e4c3,will-pierre-gasly-be-the-2026-f1-drivers-champion,https://polymarket.com/event/will-pierre-gasly-be-the-2026-f1-drivers-champion,https://embed.polymarket.com/market.html?market=will-pierre-gasly-be-the-2026-f1-drivers-champion&features=volume&theme=light,Will Pierre Gasly be the 2026 F1 Drivers' Champion?,sports,,24h $13 • TTR 132.2d,11500580.761431502,13.31,0.0,0.0,2026-12-06T00:00:00+00:00,132.195,1,,-0.999,,0,"[{""name"": ""Top"", ""bestBid"": null, ""bestAsk"": 0.001}]"
561236,0xfd6176f8c9a59105f80e060a77c4099881c5f2d9e0ceab88e55cf978462fab7f,will-gretchen-whitmer-win-the-2028-us-presidential-election,https://polymarket.com/event/will-gretchen-whitmer-win-the-2028-us-presidential-election,https://embed.polymarket.com/market.html?market=will-gretchen-whitmer-win-the-2028-us-presidential-election&features=volume&theme=light,Will Gretchen Whitmer win the 2028 US Presidential Election?,president,,"24h $13,921 • spread 0.001 • TTR 834.2d",15287884.404354803,13921.55,-0.002,-21.0526,2028-11-07T00:00:00+00:00,834.195,1,0.001,-0.992,0.0075,0,"[{""name"": ""Top"", ""bestBid"": 0.007, ""bestAsk"": 0.008}]"
559663,0xe883f2fda25a605a184bb5fe583afce6cc21ea0b348b6a3728ec3067553c548d,will-jb-pritzker-win-the-2028-democratic-presidential-nomination-288,https://polymarket.com/event/will-jb-pritzker-win-the-2028-democratic-presidential-nomination-288,https://embed.polymarket.com/market.html?market=will-jb-pritzker-win-the-2028-democratic-presidential-nomination-288&features=volume&theme=light,Will J.B. Pritzker win the 2028 Democratic presidential nomination?,united-states,,"24h $6,063 • spread 0.001 • TTR 834.2d",15123337.82289982,6063.98,0.0,0.0,2028-11-07T00:00:00+00:00,834.195,1,0.001,-0.99,0.0095,0,"[{""name"": ""Top"", ""bestBid"": 0.009, ""bestAsk"": 0.01}]"
561979,0x64d31a2af85518c6718a5757a35b840f08eca20c1e22c0eb1e96ec01cc55b8b6,will-ron-desantis-win-the-2028-republican-presidential-nomination,https://polymarket.com/event/will-ron-desantis-win-the-2028-republican-presidential-nomination,https://embed.polymarket.com/market.html?market=will-ron-desantis-win-the-2028-republican-presidential-nomination&features=volume&theme=light,Will Ron DeSantis win the 2028 Republican presidential nomination?,united-states,,"24h $22,671 • spread 0.002 • TTR 834.2d",15095429.498611668,22671.9,0.0,0.0,2028-11-07T00:00:00+00:00,834.195,1,0.002,-0.97,0.029,0,"[{""name"": ""Top"", ""bestBid"": 0.028, ""bestAsk"": 0.03}]"
1472548,0xaa5cdb6830cbfa2ca711b7cf93bd42cf4f8e062d44ea188c0b8ec1fb2924c083,will-reza-pahlavi-lead-iran-in-2026,https://polymarket.com/event/will-reza-pahlavi-lead-iran-in-2026,https://embed.polymarket.com/market.html?market=will-reza-pahlavi-lead-iran-in-2026&features=volume&theme=light,Will Reza Pahlavi lead Iran in 2026?,iran,,24h $774 • spread 0.001 • TTR 157.2d,11654429.669104058,774.13,-0.001,-2.1053,2026-12-31T00:00:00+00:00,157.195,1,0.001,-0.953,0.0465,0,"[{""name"": ""Top"", ""bestBid"": 0.046, ""bestAsk"": 0.047}]"
898428,0xaf15f055f10713cbd3c7c30cece5c20c4ff00a76e51da59d635bb5160654bd34,will-carlos-sainz-jr-be-the-2026-f1-drivers-champion,https://polymarket.com/event/will-carlos-sainz-jr-be-the-2026-f1-drivers-champion,https://embed.polymarket.com/market.html?market=will-carlos-sainz-jr-be-the-2026-f1-drivers-champion&features=volume&theme=light,Will Carlos Sainz Jr. be the 2026 F1 Drivers' Champion?,sports,,24h $39 • TTR 132.2d,11082154.980266167,39.83,0.0,0.0,2026-12-06T00:00:00+00:00,132.195,1,,-0.999,,0,"[{""name"": ""Top"", ""bestBid"": null, ""bestAsk"": 0.001}]"
561229,0x7ad403c3508f8e3912940fd1a913f227591145ca0614074208e0b962d5fcc422,will-jd-vance-win-the-2028-us-presidential-election,https://polymarket.com/event/will-jd-vance-win-the-2028-us-presidential-election,https://embed.polymarket.com/market.html?market=will-jd-vance-win-the-2028-us-presidential-election&features=volume&theme=light,Will JD Vance win the 2028 US Presidential Election?,president,,"24h $11,364 • spread 0.001 • TTR 834.2d",14892387.208496125,11365.0,0.0,0.0,2028-11-07T00:00:00+00:00,834.195,1,0.001,-0.797,0.2025,0,"[{""name"": ""Top"", ""bestBid"": 0.202, ""bestAsk"": 0.203}]"
559651,0xa467b14d51f01b957109d9cbb1d6c124fab2a089d52ed8f471d23c2812e743b7,xi-jinping-out-before-2027,https://polymarket.com/event/xi-jinping-out-before-2027,https://embed.polymarket.com/market.html?market=xi-jinping-out-before-2027&features=volume&theme=light,Xi Jinping out before 2027?,hfc,,"24h $18,595 • spread 0.001 • TTR 157.2d",11544045.546726,18595.59,-0.0025,-5.0,2026-12-31T00:00:00+00:00,157.195,1,0.001,-0.952,0.0475,0,"[{""name"": ""Top"", ""bestBid"": 0.047, ""bestAsk"": 0.048}]"
898422,0x97b92c6c26b31dc3be183b76b1c39167806611396793eda0edf084d29b76fa46,will-gabriel-bortoleto-be-the-2026-f1-drivers-champion,https://polymarket.com/event/will-gabriel-bortoleto-be-the-2026-f1-drivers-champion,https://embed.polymarket.com/market.html?market=will-gabriel-bortoleto-be-the-2026-f1-drivers-champion&features=volume&theme=light,Will Gabriel Bortoleto be the 2026 F1 Drivers' Champion?,sports,,24h $11 • TTR 132.2d,10915048.381449984,11.11,0.0,0.0,2026-12-06T00:00:00+00:00,132.195,1,,-0.999,,0,"[{""name"": ""Top"", ""bestBid"": null, ""bestAsk"": 0.001}]"
561974,0x18b1c135d0a40c5894da9412e77311827d9caf16cf4cd6591b247a34730af919,will-jd-vance-win-the-2028-republican-presidential-nomination,https://polymarket.com/event/will-jd-vance-win-the-2028-republican-presidential-nomination,https://embed.polymarket.com/market.html?market=will-jd-vance-win-the-2028-republican-presidential-nomination&features=volume&theme=light,Will J.D. Vance win the 2028 Republican presidential nomination?,united-states,,"24h $3,698 • spread 0.001 • TTR 834.2d • ~50% mid",14670782.207317095,3698.25,0.0,0.0,2028-11-07T00:00:00+00:00,834.195,1,0.001,-0.571,0.4285,1,"[{""name"": ""Top"", ""bestBid"": 0.428, ""bestAsk"": 0.429}]"
601825,0x05297f854d3b757d5e51a1a29c7f225a80b14b2a161d6b7f9a61677da7a80ced,will-renan-santos-win-the-2026-brazilian-presidential-election,https://polymarket.com/event/will-renan-santos-win-the-2026-brazilian-presidential-election,https://embed.polymarket.com/market.html?market=will-renan-santos-win-the-2026-brazilian-presidential-election&features=volume&theme=light,Will Renan Santos win the 2026 Brazilian presidential election?,politics,,"24h $26,347 • spread 0.002 • TTR 69.2d",8529971.535865862,26347.81,-0.0095,-9.1787,2026-10-04T00:00:00+00:00,69.195,1,0.002,-0.905,0.094,0,"[{""name"": ""Top"", ""bestBid"": 0.093, ""bestAsk"": 0.095}]"
898425,0xcf72b0f49af9446288a897ac1d73afa72549d98de7860bb17dacc3c4379a2c58,will-liam-lawson-be-the-2026-f1-drivers-champion,https://polymarket.com/event/will-liam-lawson-be-the-2026-f1-drivers-champion,https://embed.polymarket.com/market.html?market=will-liam-lawson-be-the-2026-f1-drivers-champion&features=volume&theme=light,Will Liam Lawson be the 2026 F1 Drivers' Champion?,sports,,24h $8 • TTR 132.2d,10709063.666793086,8.7,0.0,0.0,2026-12-06T00:00:00+00:00,132.195,1,,-0.999,,0,"[{""name"": ""Top"", ""bestBid"": null, ""bestAsk"": 0.001}]"
559669,0x3dc47a72ac6bb265e9cefebd2a2eeed00966394cb2d07245b5c94138b60e82a3,will-rahm-emanuel-win-the-2028-democratic-presidential-nomination-299,https://polymarket.com/event/will-rahm-emanuel-win-the-2028-democratic-presidential-nomination-299,https://embed.polymarket.com/market.html?market=will-rahm-emanuel-win-the-2028-democratic-presidential-nomination-299&features=volume&theme=light,Will Rahm Emanuel win the 2028 Democratic presidential nomination?,united-states,,"24h $1,149 • spread 0.001 • TTR 834.2d",14329700.951644927,1149.14,0.0,0.0,2028-11-07T00:00:00+00:00,834.195,1,0.001,-0.976,0.0235,0,"[{""name"": ""Top"", ""bestBid"": 0.023, ""bestAsk"": 0.024}]"
2555351,0xb12f5e328a7d9f7a26e0a074625ea775025104e673c776d575dab422a472ef59,israel-closes-its-airspace-by-july-31-287,https://polymarket.com/event/israel-closes-its-airspace-by-july-31-287,https://embed.polymarket.com/market.html?market=israel-closes-its-airspace-by-july-31-287&features=volume&theme=light,Israel closes its airspace by July 31?,politics,,"24h $146,250 • spread 0.010 • TTR 4.2d",2610176.9981200066,146250.78,-0.03,-31.5789,2026-07-31T00:00:00+00:00,4.195,1,0.01,-0.93,0.065,0,"[{""name"": ""Top"", ""bestBid"": 0.06, ""bestAsk"": 0.07}]"
559653,0xe6bcc2f1dd025ce5e1833190f7c60a71171c94f805df55b9ab0ded695ec93565,will-alexandria-ocasio-cortez-win-the-2028-democratic-presidential-nomination-653,https://polymarket.com/event/will-alexandria-ocasio-cortez-win-the-2028-democratic-presidential-nomination-653,https://embed.polymarket.com/market.html?market=will-alexandria-ocasio-cortez-win-the-2028-democratic-presidential-nomination-653&features=volume&theme=light,Will Alexandria Ocasio-Cortez win the 2028 Democratic presidential nomination?,united-states,,"24h $7,394 • spread 0.001 • TTR 834.2d",14032625.534151131,7394.03,0.007,5.0909,2028-11-07T00:00:00+00:00,834.195,1,0.001,-0.855,0.1445,0,"[{""name"": ""Top"", ""bestBid"": 0.144, ""bestAsk"": 0.145}]"
561253,0xd94b47bdeba16ae948bfb147bda059f3543d6fca73291644dfff5268bba7a797,will-tucker-carlson-win-the-2028-us-presidential-election,https://polymarket.com/event/will-tucker-carlson-win-the-2028-us-presidential-election,https://embed.polymarket.com/market.html?market=will-tucker-carlson-win-the-2028-us-presidential-election&features=volume&theme=light,Will Tucker Carlson win the 2028 US Presidential Election?,president,,24h $606 • spread 0.001 • TTR 834.2d,13635777.481772201,606.75,0.0,0.0,2028-11-07T00:00:00+00:00,834.195,1,0.001,-0.985,0.0145,0,"[{""name"": ""Top"", ""bestBid"": 0.014, ""bestAsk"": 0.015}]"
561976,0x9cd77217b2ab264fe4f6d302f662c0a91f349fe5798f1f98d70bb2311712791b,will-tulsi-gabbard-win-the-2028-republican-presidential-nomination,https://polymarket.com/event/will-tulsi-gabbard-win-the-2028-republican-presidential-nomination,https://embed.polymarket.com/market.html?market=will-tulsi-gabbard-win-the-2028-republican-presidential-nomination&features=volume&theme=light,Will Tulsi Gabbard win the 2028 Republican presidential nomination?,united-states,,"24h $1,352 • spread 0.001 • TTR 834.2d",13580318.909391975,1352.91,0.0,0.0,2028-11-07T00:00:00+00:00,834.195,1,0.001,-0.993,0.0065,0,"[{""name"": ""Top"", ""bestBid"": 0.006, ""bestAsk"": 0.007}]"
601831,0x70f1a7d2cd490b640676d5e31470bcbe16fef40087de1af8b6f6e44e299b5784,will-eduardo-leite-win-the-2026-brazilian-presidential-election,https://polymarket.com/event/will-eduardo-leite-win-the-2026-brazilian-presidential-election,https://embed.polymarket.com/market.html?market=will-eduardo-leite-win-the-2026-brazilian-presidential-election&features=volume&theme=light,Will Eduardo Leite win the 2026 Brazilian presidential election?,politics,,"24h $1,000 • TTR 69.2d",7897301.327926778,1000.0,0.0,0.0,2026-10-04T00:00:00+00:00,69.195,1,,-0.999,,0,"[{""name"": ""Top"", ""bestBid"": null, ""bestAsk"": 0.001}]"
561244,0x23481b811978194fa175143ed7cd8d0000878ca59c408fd552e33535f7aa771e,will-donald-trump-jr-win-the-2028-us-presidential-election,https://polymarket.com/event/will-donald-trump-jr-win-the-2028-us-presidential-election,https://embed.polymarket.com/market.html?market=will-donald-trump-jr-win-the-2028-us-presidential-election&features=volume&theme=light,Will Donald Trump Jr. win the 2028 US Presidential Election?,president,,"24h $3,800 • spread 0.001 • TTR 834.2d",13462847.101184784,3800.37,0.0,0.0,2028-11-07T00:00:00+00:00,834.195,1,0.001,-0.989,0.0105,0,"[{""name"": ""Top"", ""bestBid"": 0.01, ""bestAsk"": 0.011}]"
666861,0x48b0b0bca515f68fccf95af4793dbd0edbfec1f8ec6e8df2c0f69ba74f8c4722,trump-out-as-president-before-2027,https://polymarket.com/event/trump-out-as-president-before-2027,https://embed.polymarket.com/market.html?market=trump-out-as-president-before-2027&features=volume&theme=light,Trump out as President before 2027?,politics,,"24h $15,389 • spread 0.010 • TTR 157.2d",10266785.882301329,15389.29,-0.01,-13.3333,2026-12-31T00:00:00+00:00,157.195,1,0.01,-0.93,0.065,0,"[{""name"": ""Top"", ""bestBid"": 0.06, ""bestAsk"": 0.07}]"
601826,0x1a01bf78f56a507fcb666d564d8c8b91b0750679163ed6e96746102c9b7d285d,will-flvio-bolsonaro-win-the-2026-brazilian-presidential-election,https://polymarket.com/event/will-flvio-bolsonaro-win-the-2026-brazilian-presidential-election,https://embed.polymarket.com/market.html?market=will-flvio-bolsonaro-win-the-2026-brazilian-presidential-election&features=volume&theme=light,Will Flávio Bolsonaro win the 2026 Brazilian presidential election?,politics,,"24h $13,381 • spread 0.001 • TTR 69.2d",7673889.724029991,13381.13,0.008,3.5011,2026-10-04T00:00:00+00:00,69.195,1,0.001,-0.763,0.2365,0,"[{""name"": ""Top"", ""bestBid"": 0.236, ""bestAsk"": 0.237}]"
601819,0xdf8e2dc5860027decbe6164555c3c1c9645c3bd33e16b9dc57ca87125047d4a8,will-luiz-incio-lula-da-silva-win-the-2026-brazilian-presidential-election,https://polymarket.com/event/will-luiz-incio-lula-da-silva-win-the-2026-brazilian-presidential-election,https://embed.polymarket.com/market.html?market=will-luiz-incio-lula-da-silva-win-the-2026-brazilian-presidential-election&features=volume&theme=light,Will Luiz Inácio Lula da Silva win the 2026 Brazilian presidential election?,politics,,"24h $12,423 • spread 0.010 • TTR 69.2d",7658488.288632895,12423.69,0.0,0.0,2026-10-04T00:00:00+00:00,69.195,1,0.01,-0.37,0.625,0,"[{""name"": ""Top"", ""bestBid"": 0.62, ""bestAsk"": 0.63}]"
559660,0x1d519b87999e3d4e90e1e8f57b5eee73a0ba488ff3fdb70867f294733aba84a9,will-andy-beshear-win-the-2028-democratic-presidential-nomination-832,https://polymarket.com/event/will-andy-beshear-win-the-2028-democratic-presidential-nomination-832,https://embed.polymarket.com/market.html?market=will-andy-beshear-win-the-2028-democratic-presidential-nomination-832&features=volume&theme=light,Will Andy Beshear win the 2028 Democratic presidential nomination?,united-states,,24h $802 • spread 0.001 • TTR 834.2d,12824212.295112919,802.4,0.0,0.0,2028-11-07T00:00:00+00:00,834.195,1,0.001,-0.976,0.0235,0,"[{""name"": ""Top"", ""bestBid"": 0.023, ""bestAsk"": 0.024}]"
559658,0x909659c9436228e2be56d5582ba6188166f2f8bf3c596335512c8f2e380d01ec,will-kamala-harris-win-the-2028-democratic-presidential-nomination-641,https://polymarket.com/event/will-kamala-harris-win-the-2028-democratic-presidential-nomination-641,https://embed.polymarket.com/market.html?market=will-kamala-harris-win-the-2028-democratic-presidential-nomination-641&features=volume&theme=light,Will Kamala Harris win the 2028 Democratic presidential nomination?,united-states,,"24h $46,570 • spread 0.002 • TTR 834.2d",12764131.199578924,46570.87,-0.0005,-0.578,2028-11-07T00:00:00+00:00,834.195,1,0.002,-0.913,0.086,0,"[{""name"": ""Top"", ""bestBid"": 0.085, ""bestAsk"": 0.087}]"
898419,0x0cf91d3955d89ec43b8ac1e918b159fa1a62531f29b26093273c4048337a84d7,will-esteban-ocon-be-the-2026-f1-drivers-champion,https://polymarket.com/event/will-esteban-ocon-be-the-2026-f1-drivers-champion,https://embed.polymarket.com/market.html?market=will-esteban-ocon-be-the-2026-f1-drivers-champion&features=volume&theme=light,Will Esteban Ocon be the 2026 F1 Drivers' Champion?,sports,,"24h $30,683 • spread 0.001 • TTR 132.2d",9441100.826027416,30683.32,0.0,0.0,2026-12-06T00:00:00+00:00,132.195,1,0.001,-0.998,0.0015,0,"[{""name"": ""Top"", ""bestBid"": 0.001, ""bestAsk"": 0.002}]"
898414,0x80971af8befc488bbdd6dcc075d388793851a0ea1c46f7ffd353b190691c7199,will-isack-hadjar-be-the-2026-f1-drivers-champion,https://polymarket.com/event/will-isack-hadjar-be-the-2026-f1-drivers-champion,https://embed.polymarket.com/market.html?market=will-isack-hadjar-be-the-2026-f1-drivers-champion&features=volume&theme=light,Will Isack Hadjar be the 2026 F1 Drivers' Champion?,sports,,24h $69 • TTR 132.2d,9359550.913225276,69.08,0.0,0.0,2026-12-06T00:00:00+00:00,132.195,1,,-0.999,,0,"[{""name"": ""Top"", ""bestBid"": null, ""bestAsk"": 0.001}]"
561231,0xf232b565995e4b3a3e7fa6cef775eeff1cecd20ad7c013cb9fc8dadabfe279a9,will-alexandria-ocasio-cortez-win-the-2028-us-presidential-election,https://polymarket.com/event/will-alexandria-ocasio-cortez-win-the-2028-us-presidential-election,https://embed.polymarket.com/market.html?market=will-alexandria-ocasio-cortez-win-the-2028-us-presidential-election&features=volume&theme=light,Will Alexandria Ocasio-Cortez win the 2028 US Presidential Election?,president,,"24h $1,605 • spread 0.001 • TTR 834.2d",12628920.029000862,1605.25,0.0,0.0,2028-11-07T00:00:00+00:00,834.195,1,0.001,-0.915,0.0845,0,"[{""name"": ""Top"", ""bestBid"": 0.084, ""bestAsk"": 0.085}]"
2698591,0xcfa8fd6341f3489fabeb6c57aa9c14ab22571a31fb9b3198b0ba0463cefc8509,trump-out-as-president-by-july-31-20260626202639374,https://polymarket.com/event/trump-out-as-president-by-july-31-20260626202639374,https://embed.polymarket.com/market.html?market=trump-out-as-president-by-july-31-20260626202639374&features=volume&theme=light,Trump out as President by July 31?,trump,,"24h $165,409 • spread 0.001 • TTR 5.2d",2448369.2422189885,165409.72,-0.001,-28.5714,2026-07-31T23:59:00+00:00,5.194,1,0.001,-0.997,0.0025,0,"[{""name"": ""Top"", ""bestBid"": 0.002, ""bestAsk"": 0.003}]"
561241,0xefe6300fd8a053cca53df8f1bd536c5f571a136392c0516e7b16e39f1addecb0,will-jb-pritzker-win-the-2028-us-presidential-election,https://polymarket.com/event/will-jb-pritzker-win-the-2028-us-presidential-election,https://embed.polymarket.com/market.html?market=will-jb-pritzker-win-the-2028-us-presidential-election&features=volume&theme=light,Will JB Pritzker win the 2028 US Presidential Election?,president,,"24h $2,352 • spread 0.001 • TTR 834.2d",12383063.82832503,2352.18,0.0,0.0,2028-11-07T00:00:00+00:00,834.195,1,0.001,-0.994,0.0055,0,"[{""name"": ""Top"", ""bestBid"": 0.005, ""bestAsk"": 0.006}]"
898417,0x38bb9355fd91f6d7053465caefbbf691bd4a81ec1b08edcca656fc9dde259b14,will-fernando-alonso-be-the-2026-f1-drivers-champion,https://polymarket.com/event/will-fernando-alonso-be-the-2026-f1-drivers-champion,https://embed.polymarket.com/market.html?market=will-fernando-alonso-be-the-2026-f1-drivers-champion&features=volume&theme=light,Will Fernando Alonso be the 2026 F1 Drivers' Champion?,sports,,TTR 132.2d,9127103.747374564,,0.0,0.0,2026-12-06T00:00:00+00:00,132.195,1,,-0.999,,0,"[{""name"": ""Top"", ""bestBid"": null, ""bestAsk"": 0.001}]"
559661,0x74dba1ce1ae9dd535414e85f2d9ab5ea32c0fb1acc9b7130b67e6d91217e24e1,will-jon-ossoff-win-the-2028-democratic-presidential-nomination-885,https://polymarket.com/event/will-jon-ossoff-win-the-2028-democratic-presidential-nomination-885,https://embed.polymarket.com/market.html?market=will-jon-ossoff-win-the-2028-democratic-presidential-nomination-885&features=volume&theme=light,Will Jon Ossoff win the 2028 Democratic presidential nomination?,united-states,,"24h $5,484 • spread 0.001 • TTR 834.2d",12319839.280032879,5484.31,-0.002,-1.2698,2028-11-07T00:00:00+00:00,834.195,1,0.001,-0.844,0.1555,0,"[{""name"": ""Top"", ""bestBid"": 0.155, ""bestAsk"": 0.156}]"
559686,0x8dbf6b51f302fd401065706245c144e93fe209abce183199433d4484b3ed8aff,will-dwayne-the-rock-johnson-win-the-2028-democratic-presidential-nomination,https://polymarket.com/event/will-dwayne-the-rock-johnson-win-the-2028-democratic-presidential-nomination,https://embed.polymarket.com/market.html?market=will-dwayne-the-rock-johnson-win-the-2028-democratic-presidential-nomination&features=volume&theme=light,Will Dwayne 'The Rock' Johnson win the 2028 Democratic presidential nomination?,united-states,,24h $432 • spread 0.001 • TTR 834.2d,12313428.568406053,432.41,0.0,0.0,2028-11-07T00:00:00+00:00,834.195,1,0.001,-0.988,0.0115,0,"[{""name"": ""Top"", ""bestBid"": 0.011, ""bestAsk"": 0.012}]"
561246,0x3367d22cd2a673014f1960742afdf8601040a8ad856dc0a98bd1a44ee99504e2,will-ron-desantis-win-the-2028-us-presidential-election,https://polymarket.com/event/will-ron-desantis-win-the-2028-us-presidential-election,https://embed.polymarket.com/market.html?market=will-ron-desantis-win-the-2028-us-presidential-election&features=volume&theme=light,Will Ron DeSantis win the 2028 US Presidential Election?,president,,"24h $1,470 • spread 0.001 • TTR 834.2d",12133773.551993156,1470.6,0.0,0.0,2028-11-07T00:00:00+00:00,834.195,1,0.001,-0.984,0.0155,0,"[{""name"": ""Top"", ""bestBid"": 0.015, ""bestAsk"": 0.016}]"
561996,0x4273517fc8141d57ad1528ede46efdceebdb6a4da746d5de5bad216564209a1e,will-tucker-carlson-win-the-2028-republican-presidential-nomination,https://polymarket.com/event/will-tucker-carlson-win-the-2028-republican-presidential-nomination,https://embed.polymarket.com/market.html?market=will-tucker-carlson-win-the-2028-republican-presidential-nomination&features=volume&theme=light,Will Tucker Carlson win the 2028 Republican presidential nomination?,united-states,,"24h $10,772 • spread 0.001 • TTR 834.2d",11913764.430115035,10772.64,0.0,0.0,2028-11-07T00:00:00+00:00,834.195,1,0.001,-0.983,0.0165,0,"[{""name"": ""Top"", ""bestBid"": 0.016, ""bestAsk"": 0.017}]"
561235,0xe29b33ef5bf351c8a22bfd79f8b58e62649d54ceee6f9735387cef79f52fecae,will-wes-moore-win-the-2028-us-presidential-election,https://polymarket.com/event/will-wes-moore-win-the-2028-us-presidential-election,https://embed.polymarket.com/market.html?market=will-wes-moore-win-the-2028-us-presidential-election&features=volume&theme=light,Will Wes Moore win the 2028 US Presidential Election?,president,,"24h $6,205 • spread 0.001 • TTR 834.2d",11909640.171452656,6205.02,0.0,0.0,2028-11-07T00:00:00+00:00,834.195,1,0.001,-0.991,0.0085,0,"[{""name"": ""Top"", ""bestBid"": 0.008, ""bestAsk"": 0.009}]"
559659,0xe39adea057926dc197fe30a441f57a340b2a232d5a687010f78bba9b6e02620f,will-gretchen-whitmer-win-the-2028-democratic-presidential-nomination-676,https://polymarket.com/event/will-gretchen-whitmer-win-the-2028-democratic-presidential-nomination-676,https://embed.polymarket.com/market.html?market=will-gretchen-whitmer-win-the-2028-democratic-presidential-nomination-676&features=volume&theme=light,Will Gretchen Whitmer win the 2028 Democratic presidential nomination?,united-states,,24h $578 • spread 0.001 • TTR 834.2d,11832010.27970399,578.57,-0.001,-6.0606,2028-11-07T00:00:00+00:00,834.195,1,0.001,-0.984,0.0155,0,"[{""name"": ""Top"", ""bestBid"": 0.015, ""bestAsk"": 0.016}]"
1105750,0x4197bf7e572f1dd731669d33d05532c6d3b8cba71fb83dc69d789110e39c41b4,will-pete-hegseth-be-the-leader-of-venezuela-end-of-2026,https://polymarket.com/event/will-pete-hegseth-be-the-leader-of-venezuela-end-of-2026,https://embed.polymarket.com/market.html?market=will-pete-hegseth-be-the-leader-of-venezuela-end-of-2026&features=volume&theme=light,Will Pete Hegseth be the leader of Venezuela end of 2026?,trump-machado,,"24h $18,529 • spread 0.001 • TTR 157.2d",9097790.6733295,18529.84,0.0,0.0,2026-12-31T00:00:00+00:00,157.195,1,0.001,-0.998,0.0015,0,"[{""name"": ""Top"", ""bestBid"": 0.001, ""bestAsk"": 0.002}]"
559654,0x4c325469d9b516ef4e6b8f73a81a12607dec075e3c2fd454f91765aaeafc4760,will-pete-buttigieg-win-the-2028-democratic-presidential-nomination-687,https://polymarket.com/event/will-pete-buttigieg-win-the-2028-democratic-presidential-nomination-687,https://embed.polymarket.com/market.html?market=will-pete-buttigieg-win-the-2028-democratic-presidential-nomination-687&features=volume&theme=light,Will Pete Buttigieg win the 2028 Democratic presidential nomination?,united-states,,"24h $2,509 • spread 0.001 • TTR 834.2d",11672348.590773568,2509.77,0.0,0.0,2028-11-07T00:00:00+00:00,834.195,1,0.001,-0.948,0.0515,0,"[{""name"": ""Top"", ""bestBid"": 0.051, ""bestAsk"": 0.052}]"
2333782,0x5813dc7ee3feea004711c97bdf27c407c3e943d876432ef50b49b8399eae9f37,israel-withdraws-from-lebanon-by-july-31-2026,https://polymarket.com/event/israel-withdraws-from-lebanon-by-july-31-2026,https://embed.polymarket.com/market.html?market=israel-withdraws-from-lebanon-by-july-31-2026&features=volume&theme=light,"Israel withdraws from Lebanon by July 31, 2026?",geopolitics,,"24h $31,021 • spread 0.001 • TTR 4.2d",2120404.282365985,31021.58,0.0,0.0,2026-07-31T00:00:00+00:00,4.195,1,0.001,-0.994,0.0055,0,"[{""name"": ""Top"", ""bestBid"": 0.005, ""bestAsk"": 0.006}]"
898421,0xa460c6bcf298f0c8412df5807a1dbb733f83a2bae69a57854f405a6148151258,will-nico-hlkenberg-be-the-2026-f1-drivers-champion,https://polymarket.com/event/will-nico-hlkenberg-be-the-2026-f1-drivers-champion,https://embed.polymarket.com/market.html?market=will-nico-hlkenberg-be-the-2026-f1-drivers-champion&features=volume&theme=light,Will Nico Hülkenberg be the 2026 F1 Drivers' Champion?,sports,,24h $10 • TTR 132.2d,8459595.273715317,10.11,0.0,0.0,2026-12-06T00:00:00+00:00,132.195,1,,-0.999,,0,"[{""name"": ""Top"", ""bestBid"": null, ""bestAsk"": 0.001}]"
561234,0x2053d8515f1b8cbeea4ccdb56e60e89c2617e43a8660d95166b8e71d27865277,will-marco-rubio-win-the-2028-us-presidential-election,https://polymarket.com/event/will-marco-rubio-win-the-2028-us-presidential-election,https://embed.polymarket.com/market.html?market=will-marco-rubio-win-the-2028-us-presidential-election&features=volume&theme=light,Will Marco Rubio win the 2028 US Presidential Election?,president,,"24h $2,522 • spread 0.001 • TTR 834.2d",11394389.626956059,2522.53,-0.001,-0.7968,2028-11-07T00:00:00+00:00,834.195,1,0.001,-0.875,0.1245,0,"[{""name"": ""Top"", ""bestBid"": 0.124, ""bestAsk"": 0.125}]"
559694,0x20d0bc282552ac5ec6f61cd7101cb42a5948cae07e7651bdf40ede1a8b2c5eac,will-ro-khanna-win-the-2028-democratic-presidential-nomination,https://polymarket.com/event/will-ro-khanna-win-the-2028-democratic-presidential-nomination,https://embed.polymarket.com/market.html?market=will-ro-khanna-win-the-2028-democratic-presidential-nomination&features=volume&theme=light,Will Ro Khanna win the 2028 Democratic presidential nomination?,united-states,,"24h $3,869 • spread 0.001 • TTR 834.2d",11074729.148388535,3869.29,0.0,0.0,2028-11-07T00:00:00+00:00,834.195,1,0.001,-0.978,0.0215,0,"[{""name"": ""Top"", ""bestBid"": 0.021, ""bestAsk"": 0.022}]"
2758339,0xbe20fcfd54937c2a48a7b8521ca349e6a2c4373566328ebb950a8c35ab1be3d9,will-bitcoin-reach-67pt5k-in-july-2026,https://polymarket.com/event/will-bitcoin-reach-67pt5k-in-july-2026,https://embed.polymarket.com/market.html?market=will-bitcoin-reach-67pt5k-in-july-2026&features=volume&theme=light,"Will Bitcoin reach $67,500 in July?",bitcoin,,"24h $93,304 • spread 0.010 • TTR 5.4d",2142538.7164660064,93304.24,0.02,7.2727,2026-08-01T04:00:00+00:00,5.361,1,0.01,-0.7,0.295,0,"[{""name"": ""Top"", ""bestBid"": 0.29, ""bestAsk"": 0.3}]"
601821,0xdd3d104667774208eae2239f576122ecdd1c04ba81cc14d26d22a36b33887977,will-fernando-haddad-win-the-2026-brazilian-presidential-election,https://polymarket.com/event/will-fernando-haddad-win-the-2026-brazilian-presidential-election,https://embed.polymarket.com/market.html?market=will-fernando-haddad-win-the-2026-brazilian-presidential-election&features=volume&theme=light,Will Fernando Haddad win the 2026 Brazilian presidential election?,politics,,"24h $2,631 • spread 0.001 • TTR 69.2d",6358734.976944928,2631.24,-0.002,-36.3636,2026-10-04T00:00:00+00:00,69.195,1,0.001,-0.996,0.0035,0,"[{""name"": ""Top"", ""bestBid"": 0.003, ""bestAsk"": 0.004}]"
561259,0xb314f5dbf75919a34d4997e8b22e6793505e3377a690eaa11a75a2547e926bee,will-ro-khanna-win-the-2028-us-presidential-election,https://polymarket.com/event/will-ro-khanna-win-the-2028-us-presidential-election,https://embed.polymarket.com/market.html?market=will-ro-khanna-win-the-2028-us-presidential-election&features=volume&theme=light,Will Ro Khanna win the 2028 US Presidential Election?,president,,"24h $1,109 • spread 0.001 • TTR 834.2d",10525183.570357157,1109.98,0.0,0.0,2028-11-07T00:00:00+00:00,834.195,1,0.001,-0.988,0.0115,0,"[{""name"": ""Top"", ""bestBid"": 0.011, ""bestAsk"": 0.012}]"
2758332,0xc84688e9a008a57f44b4c032f3c5f633fe27cd6478c1c6d7d4a1c9f49067b092,will-bitcoin-reach-100k-in-july-2026,https://polymarket.com/event/will-bitcoin-reach-100k-in-july-2026,https://embed.polymarket.com/market.html?market=will-bitcoin-reach-100k-in-july-2026&features=volume&theme=light,"Will Bitcoin reach $100,000 in July?",bitcoin,,"24h $10,654 • spread 0.001 • TTR 5.4d",2066114.2264760006,10654.05,0.0,0.0,2026-08-01T04:00:00+00:00,5.361,1,0.001,-0.998,0.0015,0,"[{""name"": ""Top"", ""bestBid"": 0.001, ""bestAsk"": 0.002}]"
561258,0xa9549c44687993a9a154347c6907092341459b927efaa3f2b49009ca2c4e40a1,will-jamie-dimon-win-the-2028-us-presidential-election,https://polymarket.com/event/will-jamie-dimon-win-the-2028-us-presidential-election,https://embed.polymarket.com/market.html?market=will-jamie-dimon-win-the-2028-us-presidential-election&features=volume&theme=light,Will Jamie Dimon win the 2028 US Presidential Election?,president,,"24h $2,758 • spread 0.001 • TTR 834.2d",10511248.82823605,2758.29,0.0,0.0,2028-11-07T00:00:00+00:00,834.195,1,0.001,-0.993,0.0065,0,"[{""name"": ""Top"", ""bestBid"": 0.006, ""bestAsk"": 0.007}]"
1130012,0x502a94e5c525766d5ee7f16c6568131ba1b2cbadb69c703af05a6ef00336ed64,will-united-russia-er-gain-the-most-seats-in-the-next-russian-parliamentary-election,https://polymarket.com/event/will-united-russia-er-gain-the-most-seats-in-the-next-russian-parliamentary-election,https://embed.polymarket.com/market.html?market=will-united-russia-er-gain-the-most-seats-in-the-next-russian-parliamentary-election&features=volume&theme=light,Will United Russia (ER) gain the most seats in the next Russian parliamentary election?,politics,,"24h $10,799 • spread 0.010 • TTR 65.2d • ~50% mid",5969618.509894005,10799.4,0.0,0.0,2026-09-30T00:00:00+00:00,65.195,1,0.01,-0.43,0.565,1,"[{""name"": ""Top"", ""bestBid"": 0.56, ""bestAsk"": 0.57}]"
2673621,0xa38f0aba5b78cfc9894826c431dc6c8b16e1dff8bb1f4ff3b9ab51d35e12cd55,will-nvidia-be-the-largest-company-in-the-world-by-market-cap-on-july-31-20260624192329841,https://polymarket.com/event/will-nvidia-be-the-largest-company-in-the-world-by-market-cap-on-july-31-20260624192329841,https://embed.polymarket.com/market.html?market=will-nvidia-be-the-largest-company-in-the-world-by-market-cap-on-july-31-20260624192329841&features=volume&theme=light,Will NVIDIA be the largest company in the world by market cap on July 31?,tech,,"24h $44,002 • spread 0.010 • TTR 5.2d",2008990.7473749903,44002.82,0.02,2.6144,2026-07-31T23:59:00+00:00,5.194,1,0.01,-0.21,0.785,0,"[{""name"": ""Top"", ""bestBid"": 0.78, ""bestAsk"": 0.79}]"
694936,0x733a3bb1f78a42bdf60092866ceb931664fb1dae1d66d3a6d2cf7b72cec96400,will-nebius-group-be-acquired-before-2027-514-765,https://polymarket.com/event/will-nebius-group-be-acquired-before-2027-514-765,https://embed.polymarket.com/market.html?market=will-nebius-group-be-acquired-before-2027-514-765&features=volume&theme=light,Will Nebius Group be acquired before 2027?,business,,24h $39 • spread 0.010 • TTR 157.2d,7944750.323195991,39.76,0.0,0.0,2026-12-31T00:00:00+00:00,157.195,1,0.01,-0.85,0.145,0,"[{""name"": ""Top"", ""bestBid"": 0.14, ""bestAsk"": 0.15}]"
559695,0xb91be12388b3d4079c3ed9b5783cb42d8c33051d37746a49300227e0f45fc089,will-james-talarico-win-the-2028-democratic-presidential-nomination,https://polymarket.com/event/will-james-talarico-win-the-2028-democratic-presidential-nomination,https://embed.polymarket.com/market.html?market=will-james-talarico-win-the-2028-democratic-presidential-nomination&features=volume&theme=light,Will James Talarico win the 2028 Democratic presidential nomination?,united-states,,24h $347 • spread 0.001 • TTR 834.2d,10177146.864778047,347.27,0.0,0.0,2028-11-07T00:00:00+00:00,834.195,1,0.001,-0.989,0.0105,0,"[{""name"": ""Top"", ""bestBid"": 0.01, ""bestAsk"": 0.011}]"
561980,0xd7a0d72b19ca48b06b0029684677f581e32f133c367d7a19c2f1e4ad07066af7,will-nikki-haley-win-the-2028-republican-presidential-nomination,https://polymarket.com/event/will-nikki-haley-win-the-2028-republican-presidential-nomination,https://embed.polymarket.com/market.html?market=will-nikki-haley-win-the-2028-republican-presidential-nomination&features=volume&theme=light,Will Nikki Haley win the 2028 Republican presidential nomination?,united-states,,24h $125 • spread 0.001 • TTR 834.2d,10167663.462684488,125.96,0.0,0.0,2028-11-07T00:00:00+00:00,834.195,1,0.001,-0.996,0.0035,0,"[{""name"": ""Top"", ""bestBid"": 0.003, ""bestAsk"": 0.004}]"
540843,0x7b49b9bacb5f435bc10f3b100ff59e2fdd346f7f92a9001881bc9825a0af0f11,will-china-invades-taiwan-before-gta-vi-716-644,https://polymarket.com/event/will-china-invades-taiwan-before-gta-vi-716-644,https://embed.polymarket.com/market.html?market=will-china-invades-taiwan-before-gta-vi-716-644&features=volume&theme=light,Will China invades Taiwan before GTA VI?,pop-culture,,24h $917 • spread 0.010 • TTR 4.7d • ~50% mid,1921849.9683540661,917.81,0.0,0.0,2026-07-31T12:00:00+00:00,4.695,1,0.01,-0.49,0.505,1,"[{""name"": ""Top"", ""bestBid"": 0.5, ""bestAsk"": 0.51}]"
561975,0x21ad31a46bfaa51650766eff6dc69c866959e32d965ffb116020e37694b6317d,will-marco-rubio-win-the-2028-republican-presidential-nomination,https://polymarket.com/event/will-marco-rubio-win-the-2028-republican-presidential-nomination,https://embed.polymarket.com/market.html?market=will-marco-rubio-win-the-2028-republican-presidential-nomination&features=volume&theme=light,Will Marco Rubio win the 2028 Republican presidential nomination?,united-states,,"24h $1,302 • spread 0.001 • TTR 834.2d",9974576.348765677,1302.14,0.0,0.0,2028-11-07T00:00:00+00:00,834.195,1,0.001,-0.73,0.2695,0,"[{""name"": ""Top"", ""bestBid"": 0.269, ""bestAsk"": 0.27}]"
562006,0xca68152902c3581ab42feb04921b8b1cd3c4e80d06f255ae077259fca0bba15c,will-eric-trump-win-the-2028-republican-presidential-nomination,https://polymarket.com/event/will-eric-trump-win-the-2028-republican-presidential-nomination,https://embed.polymarket.com/market.html?market=will-eric-trump-win-the-2028-republican-presidential-nomination&features=volume&theme=light,Will Eric Trump win the 2028 Republican presidential nomination?,united-states,,24h $772 • spread 0.002 • TTR 834.2d,9896416.569547353,772.58,0.0005,11.1111,2028-11-07T00:00:00+00:00,834.195,1,0.002,-0.994,0.005,0,"[{""name"": ""Top"", ""bestBid"": 0.004, ""bestAsk"": 0.006}]"
2554361,0x253676d94edd8f3e92060410bec8bca9117890d117d06664d31867db0e396c56,mojtaba-khamenei-seen-in-public-by-july-31-827-659,https://polymarket.com/event/mojtaba-khamenei-seen-in-public-by-july-31-827-659,https://embed.polymarket.com/market.html?market=mojtaba-khamenei-seen-in-public-by-july-31-827-659&features=volume&theme=light,Mojtaba Khamenei seen in public by July 31?,middle-east,,24h $690 • spread 0.004 • TTR 4.2d,1804368.0804690034,690.25,-0.0045,-39.1304,2026-07-31T00:00:00+00:00,4.195,1,0.004,-0.991,0.007,0,"[{""name"": ""Top"", ""bestBid"": 0.005, ""bestAsk"": 0.009}]"
561978,0x4a9d58d4da874e26708f5bdb014eb07a06aeebb927068d169d43831595386557,will-donald-trump-jr-win-the-2028-republican-presidential-nomination,https://polymarket.com/event/will-donald-trump-jr-win-the-2028-republican-presidential-nomination,https://embed.polymarket.com/market.html?market=will-donald-trump-jr-win-the-2028-republican-presidential-nomination&features=volume&theme=light,Will Donald Trump Jr. win the 2028 Republican presidential nomination?,united-states,,"24h $1,054 • spread 0.002 • TTR 834.2d",9443255.377278073,1054.23,0.0005,4.3478,2028-11-07T00:00:00+00:00,834.195,1,0.002,-0.987,0.012,0,"[{""name"": ""Top"", ""bestBid"": 0.011, ""bestAsk"": 0.013}]"
559655,0xd65891729ce093cc12236856837eba1a0872fc7998fd4294c21346f7db68079c,will-josh-shapiro-win-the-2028-democratic-presidential-nomination-977,https://polymarket.com/event/will-josh-shapiro-win-the-2028-democratic-presidential-nomination-977,https://embed.polymarket.com/market.html?market=will-josh-shapiro-win-the-2028-democratic-presidential-nomination-977&features=volume&theme=light,Will Josh Shapiro win the 2028 Democratic presidential nomination?,united-states,,"24h $3,179 • spread 0.002 • TTR 834.2d",9372250.357486168,3179.9,-0.0005,-0.9709,2028-11-07T00:00:00+00:00,834.195,1,0.002,-0.948,0.051,0,"[{""name"": ""Top"", ""bestBid"": 0.05, ""bestAsk"": 0.052}]"
561973,0x895e01dbf3e6a33cd9a44ca0f8cdb5df1bd2b0b6ebed5300d28f8da7145145e4,will-donald-trump-win-the-2028-republican-presidential-nomination,https://polymarket.com/event/will-donald-trump-win-the-2028-republican-presidential-nomination,https://embed.polymarket.com/market.html?market=will-donald-trump-win-the-2028-republican-presidential-nomination&features=volume&theme=light,Will Donald Trump win the 2028 Republican presidential nomination?,united-states,,"24h $15,028 • spread 0.001 • TTR 834.2d",9331078.567962036,15028.67,-0.003,-11.7647,2028-11-07T00:00:00+00:00,834.195,1,0.001,-0.977,0.0225,0,"[{""name"": ""Top"", ""bestBid"": 0.022, ""bestAsk"": 0.023}]"
2686770,0x3953c85ab5e965cb5b3b4deaa2a5294daa6b1165ff83b586804c04a7abf51a13,iran-full-airspace-closure-by-july-31-20260625195254150-838,https://polymarket.com/event/iran-full-airspace-closure-by-july-31-20260625195254150-838,https://embed.polymarket.com/market.html?market=iran-full-airspace-closure-by-july-31-20260625195254150-838&features=volume&theme=light,Iran full airspace closure by July 31?,iran,,"24h $90,195 • spread 0.010 • TTR 5.2d",1806314.4455930006,90195.39,-0.09,-62.069,2026-07-31T23:59:00+00:00,5.194,1,0.01,-0.94,0.055,0,"[{""name"": ""Top"", ""bestBid"": 0.05, ""bestAsk"": 0.06}]"
2730117,0x7d352ec1d718dd1f2d2fdb93d65fd3908cf34755d1aa45a8697a84d2b5ae1e8e,will-wti-reach-95-in-july-2026,https://polymarket.com/event/will-wti-reach-95-in-july-2026,https://embed.polymarket.com/market.html?market=will-wti-reach-95-in-july-2026&features=volume&theme=light,Will WTI Crude Oil (WTI) hit (HIGH) $95 in July?,finance,,"24h $81,282 • spread 0.006 • TTR 5.4d",1790934.0838689958,81282.5,-0.1065,-36.2862,2026-08-01T03:59:59.999000+00:00,5.361,1,0.006,-0.81,0.187,0,"[{""name"": ""Top"", ""bestBid"": 0.184, ""bestAsk"": 0.19}]"
561243,0xce9a5fa30fe74e323b4a8f15afbb0b7a41a537aa880779ddf7dee22223b2f34a,will-donald-trump-win-the-2028-us-presidential-election,https://polymarket.com/event/will-donald-trump-win-the-2028-us-presidential-election,https://embed.polymarket.com/market.html?market=will-donald-trump-win-the-2028-us-presidential-election&features=volume&theme=light,Will Donald Trump win the 2028 US Presidential Election?,president,,"24h $12,303 • spread 0.001 • TTR 834.2d",9088390.24491028,12303.88,0.0,0.0,2028-11-07T00:00:00+00:00,834.195,1,0.001,-0.982,0.0175,0,"[{""name"": ""Top"", ""bestBid"": 0.017, ""bestAsk"": 0.018}]"
601820,0x63d8f3a34c90bd5342dda8acf62b6a898dfa52f86475efaf180b66493ef6af80,will-jair-bolsonaro-win-the-2026-brazilian-presidential-election,https://polymarket.com/event/will-jair-bolsonaro-win-the-2026-brazilian-presidential-election,https://embed.polymarket.com/market.html?market=will-jair-bolsonaro-win-the-2026-brazilian-presidential-election&features=volume&theme=light,Will Jair Bolsonaro win the 2026 Brazilian presidential election?,politics,,"24h $2,173 • spread 0.001 • TTR 69.2d",5243676.431702864,2173.17,-0.0005,-4.5455,2026-10-04T00:00:00+00:00,69.195,1,0.001,-0.989,0.0105,0,"[{""name"": ""Top"", ""bestBid"": 0.01, ""bestAsk"": 0.011}]"
898409,0x6eec2b6b1c8d62aaacda46471e8caf7320f4ea9235f5ee87cba970a32a4e6985,will-lando-norris-be-the-2026-f1-drivers-champion,https://polymarket.com/event/will-lando-norris-be-the-2026-f1-drivers-champion,https://embed.polymarket.com/market.html?market=will-lando-norris-be-the-2026-f1-drivers-champion&features=volume&theme=light,Will Lando Norris be the 2026 F1 Drivers' Champion?,sports,,"24h $25,031 • spread 0.002 • TTR 132.2d",6595423.000638974,25031.07,0.0035,12.2807,2026-12-06T00:00:00+00:00,132.195,1,0.002,-0.967,0.032,0,"[{""name"": ""Top"", ""bestBid"": 0.031, ""bestAsk"": 0.033}]"
2895877,0x8dcc90fc712ece5ae7f8c6ac1f137692edaf87a8028e3b015d1db474b699c3dc,lol-mkoi-vit-2026-07-26,https://polymarket.com/event/lol-mkoi-vit-2026-07-26,https://embed.polymarket.com/market.html?market=lol-mkoi-vit-2026-07-26&features=volume&theme=light,LoL: Movistar KOI vs Team Vitality (BO3) - LEC Regular Season,esports,,"24h $1,277,298 • TTR 0.0d",1280362.5317120012,1277298.34,-0.6945,-99.9281,2026-07-26T20:30:00+00:00,0.049,1,,-0.999,,0,"[{""name"": ""Top"", ""bestBid"": null, ""bestAsk"": 0.001}]"
601827,0xbca3d70ec52a5a441ccc365a3b1b48b9cd0f08dfff4bc5871e2cd92d0d92caa1,will-ronaldo-caiado-win-the-2026-brazilian-presidential-election,https://polymarket.com/event/will-ronaldo-caiado-win-the-2026-brazilian-presidential-election,https://embed.polymarket.com/market.html?market=will-ronaldo-caiado-win-the-2026-brazilian-presidential-election&features=volume&theme=light,Will Ronaldo Caiado win the 2026 Brazilian presidential election?,politics,,"24h $9,853 • spread 0.001 • TTR 69.2d",5137022.866662986,9853.67,-0.001,-5.4054,2026-10-04T00:00:00+00:00,69.195,1,0.001,-0.982,0.0175,0,"[{""name"": ""Top"", ""bestBid"": 0.017, ""bestAsk"": 0.018}]"
2758338,0xe284a52d608552290b056def0a62e1914b3ebe316407504f56f6361fafc68358,will-bitcoin-reach-70k-in-july-2026,https://polymarket.com/event/will-bitcoin-reach-70k-in-july-2026,https://embed.polymarket.com/market.html?market=will-bitcoin-reach-70k-in-july-2026&features=volume&theme=light,"Will Bitcoin reach $70,000 in July?",bitcoin,,"24h $117,199 • spread 0.006 • TTR 5.4d",1717410.8951699946,117199.75,-0.009,-13.6364,2026-08-01T04:00:00+00:00,5.361,1,0.006,-0.94,0.057,0,"[{""name"": ""Top"", ""bestBid"": 0.054, ""bestAsk"": 0.06}]"
562008,0x5f3b3456b2d6ef0d6f15d7492162725057be78d738d2465456e2835f1d89046c,will-pete-hegseth-win-the-2028-republican-presidential-nomination,https://polymarket.com/event/will-pete-hegseth-win-the-2028-republican-presidential-nomination,https://embed.polymarket.com/market.html?market=will-pete-hegseth-win-the-2028-republican-presidential-nomination&features=volume&theme=light,Will Pete Hegseth win the 2028 Republican presidential nomination?,united-states,,24h $159 • spread 0.001 • TTR 834.2d,8609676.712025441,159.71,0.0,0.0,2028-11-07T00:00:00+00:00,834.195,1,0.001,-0.996,0.0035,0,"[{""name"": ""Top"", ""bestBid"": 0.003, ""bestAsk"": 0.004}]"
561239,0xb3298af85e00aafad937c119444a5f2800a55343b7482eb75581f6e454432501,will-kamala-harris-win-the-2028-us-presidential-election,https://polymarket.com/event/will-kamala-harris-win-the-2028-us-presidential-election,https://embed.polymarket.com/market.html?market=will-kamala-harris-win-the-2028-us-presidential-election&features=volume&theme=light,Will Kamala Harris win the 2028 US Presidential Election?,president,,"24h $2,260 • spread 0.001 • TTR 834.2d",8503230.267561035,2260.49,0.0,0.0,2028-11-07T00:00:00+00:00,834.195,1,0.001,-0.951,0.0485,0,"[{""name"": ""Top"", ""bestBid"": 0.048, ""bestAsk"": 0.049}]"
561264,0xea649be6ea3447f3c145a173883c68a89faf4edda1f85109b76baa93b3ee7a87,will-pete-hegseth-win-the-2028-us-presidential-election,https://polymarket.com/event/will-pete-hegseth-win-the-2028-us-presidential-election,https://embed.polymarket.com/market.html?market=will-pete-hegseth-win-the-2028-us-presidential-election&features=volume&theme=light,Will Pete Hegseth win the 2028 US Presidential Election?,president,,"24h $33,639 • spread 0.001 • TTR 834.2d",8432468.386429017,33639.28,0.0,0.0,2028-11-07T00:00:00+00:00,834.195,1,0.001,-0.995,0.0045,0,"[{""name"": ""Top"", ""bestBid"": 0.004, ""bestAsk"": 0.005}]"
561977,0xd0c4c60c8e68ee15974df3aa7d217225e98020fab9fcdb32d10f8e3d285e1619,will-glenn-youngkin-win-the-2028-republican-presidential-nomination,https://polymarket.com/event/will-glenn-youngkin-win-the-2028-republican-presidential-nomination,https://embed.polymarket.com/market.html?market=will-glenn-youngkin-win-the-2028-republican-presidential-nomination&features=volume&theme=light,Will Glenn Youngkin win the 2028 Republican presidential nomination?,united-states,,24h $454 • spread 0.001 • TTR 834.2d,8421604.085442783,454.54,0.0,0.0,2028-11-07T00:00:00+00:00,834.195,1,0.001,-0.99,0.0095,0,"[{""name"": ""Top"", ""bestBid"": 0.009, ""bestAsk"": 0.01}]"
562007,0xf2cb33c6634ee4676b642e728715c68441fb8d8c90f730ba0b5c3cd1f436a4be,will-joe-kent-win-the-2028-republican-presidential-nomination,https://polymarket.com/event/will-joe-kent-win-the-2028-republican-presidential-nomination,https://embed.polymarket.com/market.html?market=will-joe-kent-win-the-2028-republican-presidential-nomination&features=volume&theme=light,Will Joe Kent win the 2028 Republican presidential nomination?,united-states,,24h $278 • spread 0.001 • TTR 834.2d,8407897.834596325,278.44,0.0,0.0,2028-11-07T00:00:00+00:00,834.195,1,0.001,-0.995,0.0045,0,"[{""name"": ""Top"", ""bestBid"": 0.004, ""bestAsk"": 0.005}]"
601830,0xd0536d9612e041312235baceac52bde48821e8aad4607533513b3782904b7d49,will-geraldo-alckmin-win-the-2026-brazilian-presidential-election,https://polymarket.com/event/will-geraldo-alckmin-win-the-2026-brazilian-presidential-election,https://embed.polymarket.com/market.html?market=will-geraldo-alckmin-win-the-2026-brazilian-presidential-election&features=volume&theme=light,Will Geraldo Alckmin win the 2026 Brazilian presidential election?,politics,,"24h $3,169 • spread 0.001 • TTR 69.2d",4911220.932194932,3169.06,0.0,0.0,2026-10-04T00:00:00+00:00,69.195,1,0.001,-0.997,0.0025,0,"[{""name"": ""Top"", ""bestBid"": 0.002, ""bestAsk"": 0.003}]"
716942,0x1d916047bbca1be9808076a0590c17ff113fb92986a4b4bc7f0f962642158827,will-there-be-at-least-10000-measles-cases-in-the-us-in-2026-418-668-617-245,https://polymarket.com/event/will-there-be-at-least-10000-measles-cases-in-the-us-in-2026-418-668-617-245,https://embed.polymarket.com/market.html?market=will-there-be-at-least-10000-measles-cases-in-the-us-in-2026-418-668-617-245&features=volume&theme=light,Will there be at least 10000 measles cases in the U.S. in 2026?,rewards-20-4pt5-50,,24h $303 • spread 0.012 • TTR 157.2d,6511899.579411976,303.06,0.007,11.8644,2026-12-31T00:00:00+00:00,157.195,1,0.012,-0.928,0.066,0,"[{""name"": ""Top"", ""bestBid"": 0.06, ""bestAsk"": 0.072}]"
601832,0xafd3f96b7b6084509e625270538ff0699003fafc042263c1216e7f084cef753a,will-aldo-rebelo-win-the-2026-brazilian-presidential-election,https://polymarket.com/event/will-aldo-rebelo-win-the-2026-brazilian-presidential-election,https://embed.polymarket.com/market.html?market=will-aldo-rebelo-win-the-2026-brazilian-presidential-election&features=volume&theme=light,Will Aldo Rebelo win the 2026 Brazilian presidential election?,politics,,24h $73 • TTR 69.2d,4866515.394042743,73.06,0.0,0.0,2026-10-04T00:00:00+00:00,69.195,1,,-0.999,,0,"[{""name"": ""Top"", ""bestBid"": null, ""bestAsk"": 0.001}]"
559693,0x98933c78b5e277b62d91a6c174b412218de000b54c4c67ec8673bf561cec6e81,will-ruben-gallego-win-the-2028-democratic-presidential-nomination,https://polymarket.com/event/will-ruben-gallego-win-the-2028-democratic-presidential-nomination,https://embed.polymarket.com/market.html?market=will-ruben-gallego-win-the-2028-democratic-presidential-nomination&features=volume&theme=light,Will Ruben Gallego win the 2028 Democratic presidential nomination?,united-states,,24h $865 • spread 0.001 • TTR 834.2d,8270342.201419019,865.46,0.0,0.0,2028-11-07T00:00:00+00:00,834.195,1,0.001,-0.995,0.0045,0,"[{""name"": ""Top"", ""bestBid"": 0.004, ""bestAsk"": 0.005}]"
898410,0x1c373746c204f7437cb212d2bcfbc5fdf0f0263ae9b470dd92c676d4c2c5ba03,will-oscar-piastri-be-the-2026-f1-drivers-champion,https://polymarket.com/event/will-oscar-piastri-be-the-2026-f1-drivers-champion,https://embed.polymarket.com/market.html?market=will-oscar-piastri-be-the-2026-f1-drivers-champion&features=volume&theme=light,Will Oscar Piastri be the 2026 F1 Drivers' Champion?,sports,,"24h $56,114 • spread 0.001 • TTR 132.2d",6119594.157776004,56114.11,-0.003,-40.0,2026-12-06T00:00:00+00:00,132.195,1,0.001,-0.995,0.0045,0,"[{""name"": ""Top"", ""bestBid"": 0.004, ""bestAsk"": 0.005}]"
1931114,0x0ff22cf1f7f86a8f6a1f46ebff9afc02d2f2f8be82ed1655a079fd2f8b8d450e,will-lebron-james-play-for-the-miami-heat-in-2026-27,https://polymarket.com/event/will-lebron-james-play-for-the-miami-heat-in-2026-27,https://embed.polymarket.com/market.html?market=will-lebron-james-play-for-the-miami-heat-in-2026-27&features=volume&theme=light,Will LeBron James play for the Miami Heat in 2026-27?,nba,,"24h $98,401 • TTR 96.4d",5501493.680675988,98401.2,0.0,0.0,2026-10-31T03:59:00+00:00,96.361,1,,-0.999,,0,"[{""name"": ""Top"", ""bestBid"": null, ""bestAsk"": 0.001}]"
616902,0xd4e77ba6f29fc093509d24f508631abd445ecf506bbdc9c4c80e60256a318527,will-no-fed-rate-cuts-happen-in-2026,https://polymarket.com/event/will-no-fed-rate-cuts-happen-in-2026,https://embed.polymarket.com/market.html?market=will-no-fed-rate-cuts-happen-in-2026&features=volume&theme=light,Will no Fed rate cuts happen in 2026?,rewards-200-4pt5-50,,"24h $4,685 • spread 0.001 • TTR 157.2d",6386560.691409994,4685.46,-0.004,-0.4703,2026-12-31T00:00:00+00:00,157.195,1,0.001,-0.153,0.8465,0,"[{""name"": ""Top"", ""bestBid"": 0.846, ""bestAsk"": 0.847}]"
1931108,0xaf12bd1a9ec448b428e5879f180b9b05d17cdf6a6af3c20d8a4b7327ca6bfd37,will-lebron-james-play-for-the-golden-state-warriors-in-2026-27,https://polymarket.com/event/will-lebron-james-play-for-the-golden-state-warriors-in-2026-27,https://embed.polymarket.com/market.html?market=will-lebron-james-play-for-the-golden-state-warriors-in-2026-27&features=volume&theme=light,Will LeBron James play for the Golden State Warriors in 2026-27?,nba,,"24h $107,866 • spread 0.001 • TTR 96.4d",5419369.932751039,107866.18,-0.001,-40.0,2026-10-31T03:59:00+00:00,96.361,1,0.001,-0.998,0.0015,0,"[{""name"": ""Top"", ""bestBid"": 0.001, ""bestAsk"": 0.002}]"
561998,0x4f02b9cf70e514964fcb9aa2f7873d2b0d1aa0986da096cce7e6687e78da00f3,will-ivanka-trump-win-the-2028-republican-presidential-nomination,https://polymarket.com/event/will-ivanka-trump-win-the-2028-republican-presidential-nomination,https://embed.polymarket.com/market.html?market=will-ivanka-trump-win-the-2028-republican-presidential-nomination&features=volume&theme=light,Will Ivanka Trump win the 2028 Republican presidential nomination?,united-states,,"24h $12,743 • spread 0.001 • TTR 834.2d",8127406.747848977,12743.33,0.0,0.0,2028-11-07T00:00:00+00:00,834.195,1,0.001,-0.99,0.0095,0,"[{""name"": ""Top"", ""bestBid"": 0.009, ""bestAsk"": 0.01}]"
561252,0xe2bdf6c18c8ab5ad5d3be5f95dd749e88d1dee7ac7c4dbf5101013a5c055e3df,will-dwayne-the-rock-johnson-win-the-2028-us-presidential-election,https://polymarket.com/event/will-dwayne-the-rock-johnson-win-the-2028-us-presidential-election,https://embed.polymarket.com/market.html?market=will-dwayne-the-rock-johnson-win-the-2028-us-presidential-election&features=volume&theme=light,Will Dwayne 'The Rock' Johnson win the 2028 US Presidential Election?,president,,"24h $4,173 • spread 0.001 • TTR 834.2d",8092072.308867018,4173.41,0.0,0.0,2028-11-07T00:00:00+00:00,834.195,1,0.001,-0.984,0.0155,0,"[{""name"": ""Top"", ""bestBid"": 0.015, ""bestAsk"": 0.016}]"
2646850,0xb838caec0354e09985f2c228c54ba190cb284f390beda5ffd58d163ba00648ec,us-x-iran-diplomatic-meeting-by-july-31-2026-20260622191708361,https://polymarket.com/event/us-x-iran-diplomatic-meeting-by-july-31-2026-20260622191708361,https://embed.polymarket.com/market.html?market=us-x-iran-diplomatic-meeting-by-july-31-2026-20260622191708361&features=volume&theme=light,"US x Iran diplomatic meeting by July 31, 2026?",iran,,"24h $14,518 • spread 0.010 • TTR 5.2d",1566229.200744998,14518.76,0.01,13.3333,2026-07-31T23:59:00+00:00,5.194,1,0.01,-0.91,0.085,0,"[{""name"": ""Top"", ""bestBid"": 0.08, ""bestAsk"": 0.09}]"
2176270,0x5c79dfde05559b79a9cb9f7c4187e4d49632dd042572ae676952f812732591cc,strait-of-hormuz-traffic-returns-to-normal-by-december-31,https://polymarket.com/event/strait-of-hormuz-traffic-returns-to-normal-by-december-31,https://embed.polymarket.com/market.html?market=strait-of-hormuz-traffic-returns-to-normal-by-december-31&features=volume&theme=light,Strait of Hormuz traffic returns to normal by December 31?,politics,,"24h $81,729 • spread 0.020 • TTR 157.2d • ~50% mid",6080140.102284987,81729.96,0.025,4.5045,2026-12-31T00:00:00+00:00,157.195,1,0.02,-0.41,0.58,1,"[{""name"": ""Top"", ""bestBid"": 0.57, ""bestAsk"": 0.59}]"
561232,0x2c03c41e5032364cb7166e842bdd22913f28aa2c837d8432704aa89c338875c8,will-pete-buttigieg-win-the-2028-us-presidential-election,https://polymarket.com/event/will-pete-buttigieg-win-the-2028-us-presidential-election,https://embed.polymarket.com/market.html?market=will-pete-buttigieg-win-the-2028-us-presidential-election&features=volume&theme=light,Will Pete Buttigieg win the 2028 US Presidential Election?,president,,"24h $7,191 • spread 0.001 • TTR 834.2d",7802733.353621457,7191.42,0.0,0.0,2028-11-07T00:00:00+00:00,834.195,1,0.001,-0.976,0.0235,0,"[{""name"": ""Top"", ""bestBid"": 0.023, ""bestAsk"": 0.024}]"
561255,0xc586d15be76278848a26c761c2fcf70f8cebca71815cfab83e656ff5c6ec13a9,will-ivanka-trump-win-the-2028-us-presidential-election,https://polymarket.com/event/will-ivanka-trump-win-the-2028-us-presidential-election,https://embed.polymarket.com/market.html?market=will-ivanka-trump-win-the-2028-us-presidential-election&features=volume&theme=light,Will Ivanka Trump win the 2028 US Presidential Election?,president,,"24h $13,478 • spread 0.001 • TTR 834.2d",7800419.3963450985,13478.86,0.0,0.0,2028-11-07T00:00:00+00:00,834.195,1,0.001,-0.995,0.0045,0,"[{""name"": ""Top"", ""bestBid"": 0.004, ""bestAsk"": 0.005}]"
898413,0x696576c9b20d20a71e0acd6f84d215f129fa361ed544b0df14f1ae540d84059f,will-max-verstappen-be-the-2026-f1-drivers-champion,https://polymarket.com/event/will-max-verstappen-be-the-2026-f1-drivers-champion,https://embed.polymarket.com/market.html?market=will-max-verstappen-be-the-2026-f1-drivers-champion&features=volume&theme=light,Will Max Verstappen be the 2026 F1 Drivers' Champion?,sports,,"24h $15,219 • spread 0.002 • TTR 132.2d",5771864.280911969,15219.99,0.0005,2.8571,2026-12-06T00:00:00+00:00,132.195,1,0.002,-0.981,0.018,0,"[{""name"": ""Top"", ""bestBid"": 0.017, ""bestAsk"": 0.019}]"
559696,0x6685b25cc7c89032efcdf81eb27fdc6bbf04a3e4299bcd99c9f3d62c8471001e,will-graham-platner-win-the-2028-democratic-presidential-nomination,https://polymarket.com/event/will-graham-platner-win-the-2028-democratic-presidential-nomination,https://embed.polymarket.com/market.html?market=will-graham-platner-win-the-2028-democratic-presidential-nomination&features=volume&theme=light,Will Graham Platner win the 2028 Democratic presidential nomination?,united-states,,"24h $1,272 • spread 0.001 • TTR 834.2d",7782558.650689987,1272.09,0.0,0.0,2028-11-07T00:00:00+00:00,834.195,1,0.001,-0.996,0.0035,0,"[{""name"": ""Top"", ""bestBid"": 0.003, ""bestAsk"": 0.004}]"
601828,0x054725b2a7971376f7924a7021221b12acc50fe78d97817824fe411704d5b5a2,will-romeu-zema-win-the-2026-brazilian-presidential-election,https://polymarket.com/event/will-romeu-zema-win-the-2026-brazilian-presidential-election,https://embed.polymarket.com/market.html?market=will-romeu-zema-win-the-2026-brazilian-presidential-election&features=volume&theme=light,Will Romeu Zema win the 2026 Brazilian presidential election?,politics,,"24h $1,865 • spread 0.001 • TTR 69.2d",4532007.447438982,1865.7,-0.001,-13.3333,2026-10-04T00:00:00+00:00,69.195,1,0.001,-0.993,0.0065,0,"[{""name"": ""Top"", ""bestBid"": 0.006, ""bestAsk"": 0.007}]"
561260,0x32903694997a5c09afee30904970f9fab2a5fb4ec45f572f194341185574f1a4,will-thomas-massie-win-the-2028-us-presidential-election,https://polymarket.com/event/will-thomas-massie-win-the-2028-us-presidential-election,https://embed.polymarket.com/market.html?market=will-thomas-massie-win-the-2028-us-presidential-election&features=volume&theme=light,Will Thomas Massie win the 2028 US Presidential Election?,president,,"24h $5,621 • spread 0.001 • TTR 834.2d",7674363.879686944,5621.16,0.0,0.0,2028-11-07T00:00:00+00:00,834.195,1,0.001,-0.989,0.0105,0,"[{""name"": ""Top"", ""bestBid"": 0.01, ""bestAsk"": 0.011}]"
3092852,0x2e97cbf73d9bcacc518bef9c09f08b404bbafe3a335bd44ff32ca2ecb7cd2f9c,cs2-100t-ts7-2026-07-26,https://polymarket.com/event/cs2-100t-ts7-2026-07-26,https://embed.polymarket.com/market.html?market=cs2-100t-ts7-2026-07-26&features=volume&theme=light,Counter-Strike: 100 Thieves vs Spirit (BO3) - BLAST Bounty Qualifier,esports,,"24h $1,076,502 • spread 0.009 • TTR 0.1d",1087496.7432790003,1076502.88,-0.1405,-96.8966,2026-07-26T22:45:00+00:00,0.143,1,0.009,-0.982,0.0135,0,"[{""name"": ""Top"", ""bestBid"": 0.009, ""bestAsk"": 0.018}]"
562802,0xd5d9fc47718bd553592d126b1fa5e87183d27f3936975b0c04cc0f2dec1f1bb4,will-the-democratic-party-control-the-house-after-the-2026-midterm-elections,https://polymarket.com/event/will-the-democratic-party-control-the-house-after-the-2026-midterm-elections,https://embed.polymarket.com/market.html?market=will-the-democratic-party-control-the-house-after-the-2026-midterm-elections&features=volume&theme=light,Will the Democratic Party control the House after the 2026 Midterm elections?,parent-for-derivative,,"24h $14,991 • spread 0.010 • TTR 99.2d",4854423.856105844,14991.21,0.01,1.1696,2026-11-03T00:00:00+00:00,99.195,1,0.01,-0.13,0.865,0,"[{""name"": ""Top"", ""bestBid"": 0.86, ""bestAsk"": 0.87}]"
1105751,0x1dd7704a6d05cca078564bc0bac541261425bc9252acc5634639f5161daf45f9,will-evan-pettus-be-the-leader-of-venezuela-end-of-2026,https://polymarket.com/event/will-evan-pettus-be-the-leader-of-venezuela-end-of-2026,https://embed.polymarket.com/market.html?market=will-evan-pettus-be-the-leader-of-venezuela-end-of-2026&features=volume&theme=light,Will Evan Pettus be the leader of Venezuela end of 2026?,trump-machado,,"24h $1,994 • spread 0.001 • TTR 157.2d",5572653.0943136895,1994.64,0.0,0.0,2026-12-31T00:00:00+00:00,157.195,1,0.001,-0.998,0.0015,0,"[{""name"": ""Top"", ""bestBid"": 0.001, ""bestAsk"": 0.002}]"
628955,0x8d62f20324e9e7f1a3c663ab6aac9a2f6e7adb96c6a69ac2cea7e08a71a7f2ef,will-tom-steyer-win-the-california-governor-election-in-2026,https://polymarket.com/event/will-tom-steyer-win-the-california-governor-election-in-2026,https://embed.polymarket.com/market.html?market=will-tom-steyer-win-the-california-governor-election-in-2026&features=volume&theme=light,Will Tom Steyer win the California Governor Election in 2026?,california-midterm,,TTR 99.2d,4769474.437778964,,0.0,0.0,2026-11-03T00:00:00+00:00,99.195,1,,-0.999,,0,"[{""name"": ""Top"", ""bestBid"": null, ""bestAsk"": 0.001}]"
679049,0x06ea9c02b4c6a2f7f07f78e21411bd367636564edb27c72cd038b556aada1a64,will-mathilde-panot-win-the-2027-french-presidential-election,https://polymarket.com/event/will-mathilde-panot-win-the-2027-french-presidential-election,https://embed.polymarket.com/market.html?market=will-mathilde-panot-win-the-2027-french-presidential-election&features=volume&theme=light,Will Mathilde Panot win the 2027 French presidential election?,french-election,,"24h $6,078 • spread 0.001 • TTR 277.2d",6213820.678722024,6078.49,0.0,0.0,2027-04-30T00:00:00+00:00,277.195,1,0.001,-0.998,0.0015,0,"[{""name"": ""Top"", ""bestBid"": 0.001, ""bestAsk"": 0.002}]"
561233,0x5969cbb46aca5319b19e19a3c6f63de098950b675bf268f30f4d035508da1957,will-josh-shapiro-win-the-2028-us-presidential-election,https://polymarket.com/event/will-josh-shapiro-win-the-2028-us-presidential-election,https://embed.polymarket.com/market.html?market=will-josh-shapiro-win-the-2028-us-presidential-election&features=volume&theme=light,Will Josh Shapiro win the 2028 US Presidential Election?,president,,"24h $8,228 • spread 0.002 • TTR 834.2d",6980989.681527986,8228.91,0.0005,1.9608,2028-11-07T00:00:00+00:00,834.195,1,0.002,-0.973,0.026,0,"[{""name"": ""Top"", ""bestBid"": 0.025, ""bestAsk"": 0.027}]"
601829,0x101d084cd035070abde58d8a3113b78e11ba68028b0d9e7e38ea7d780797aecc,will-camilo-santana-win-the-2026-brazilian-presidential-election,https://polymarket.com/event/will-camilo-santana-win-the-2026-brazilian-presidential-election,https://embed.polymarket.com/market.html?market=will-camilo-santana-win-the-2026-brazilian-presidential-election&features=volume&theme=light,Will Camilo Santana win the 2026 Brazilian presidential election?,politics,,"24h $2,799 • spread 0.001 • TTR 69.2d",4079249.612441974,2799.48,0.0,0.0,2026-10-04T00:00:00+00:00,69.195,1,0.001,-0.995,0.0045,0,"[{""name"": ""Top"", ""bestBid"": 0.004, ""bestAsk"": 0.005}]"
898415,0xe0711866c51f7d0c43284f43e3ae34125e462e909e16bf685718df7610e6a1e7,will-charles-leclerc-be-the-2026-f1-drivers-champion,https://polymarket.com/event/will-charles-leclerc-be-the-2026-f1-drivers-champion,https://embed.polymarket.com/market.html?market=will-charles-leclerc-be-the-2026-f1-drivers-champion&features=volume&theme=light,Will Charles Leclerc be the 2026 F1 Drivers' Champion?,sports,,"24h $20,056 • spread 0.001 • TTR 132.2d",5142851.661928009,20056.57,-0.007,-19.1781,2026-12-06T00:00:00+00:00,132.195,1,0.001,-0.97,0.0295,0,"[{""name"": ""Top"", ""bestBid"": 0.029, ""bestAsk"": 0.03}]"
2952486,0xa6480903e54c68f2ee79cacb7861dfcc9b473e8b07d6dcaf2c9923034a5fb56f,israel-x-iran-ceasefire-continues-through-july-31-20260716224448968-384-155-519-798-243,https://polymarket.com/event/israel-x-iran-ceasefire-continues-through-july-31-20260716224448968-384-155-519-798-243,https://embed.polymarket.com/market.html?market=israel-x-iran-ceasefire-continues-through-july-31-20260716224448968-384-155-519-798-243&features=volume&theme=light,Israel x Iran ceasefire continues through July 31?,iran,,"24h $346,928 • spread 0.010 • TTR 5.2d",1349544.4407349974,346928.46,0.07,8.6957,2026-07-31T23:59:00+00:00,5.194,1,0.01,-0.12,0.875,0,"[{""name"": ""Top"", ""bestBid"": 0.87, ""bestAsk"": 0.88}]"
898416,0x2cefe6009ea518f77b8a82714e54c0af1d0f25e99b37d4861f4a5d3ebbf142d3,will-lewis-hamilton-be-the-2026-f1-drivers-champion,https://polymarket.com/event/will-lewis-hamilton-be-the-2026-f1-drivers-champion,https://embed.polymarket.com/market.html?market=will-lewis-hamilton-be-the-2026-f1-drivers-champion&features=volume&theme=light,Will Lewis Hamilton be the 2026 F1 Drivers' Champion?,sports,,"24h $18,919 • spread 0.027 • TTR 132.2d",5115249.196393931,18919.21,-0.0475,-34.9265,2026-12-06T00:00:00+00:00,132.195,1,0.027,-0.898,0.0885,0,"[{""name"": ""Top"", ""bestBid"": 0.075, ""bestAsk"": 0.102}]"
637002,0x962e5b226a77266ab429029ee04665e8fcfeb10b91af593786ceab871d2e945f,will-donald-trump-win-the-nobel-peace-prize-in-2026-382,https://polymarket.com/event/will-donald-trump-win-the-nobel-peace-prize-in-2026-382,https://embed.polymarket.com/market.html?market=will-donald-trump-win-the-nobel-peace-prize-in-2026-382&features=volume&theme=light,Will Donald Trump win the Nobel Peace Prize in 2026?,awards,,"24h $11,222 • spread 0.001 • TTR 75.2d",4152582.313478954,11222.49,-0.001,-2.4691,2026-10-10T00:00:00+00:00,75.195,1,0.001,-0.96,0.0395,0,"[{""name"": ""Top"", ""bestBid"": 0.039, ""bestAsk"": 0.04}]"
1057883,0x6fefc0438c7598b23531457c8c60541990d0786bd4bd9dfc3eabc8d95c291092,will-bitcoin-reach-250000-by-december-31-2026-579-442,https://polymarket.com/event/will-bitcoin-reach-250000-by-december-31-2026-579-442,https://embed.polymarket.com/market.html?market=will-bitcoin-reach-250000-by-december-31-2026-579-442&features=volume&theme=light,"Will Bitcoin reach $250,000 by December 31, 2026?",bitcoin,,24h $130 • spread 0.001 • TTR 158.4d,5329110.839867014,130.33,0.0005,3.125,2027-01-01T05:00:00+00:00,158.403,1,0.001,-0.983,0.0165,0,"[{""name"": ""Top"", ""bestBid"": 0.016, ""bestAsk"": 0.017}]"
3109468,0x5553a66abfabce6dbc73c1219fd0877b1ecc24b714bdde949bea15e49634aee4,atp-assche-blockx-2026-07-26,https://polymarket.com/event/atp-assche-blockx-2026-07-26,https://embed.polymarket.com/market.html?market=atp-assche-blockx-2026-07-26&features=volume&theme=light,Estoril Open: Luca Van Assche vs Alexander Blockx,tennis,,"24h $1,434,067 • spread 0.150 • TTR 6.9d",1434067.3688530007,1434067.37,0.6145,159.6104,2026-08-02T16:30:00+00:00,6.882,1,0.15,-0.07,0.855,0,"[{""name"": ""Top"", ""bestBid"": 0.78, ""bestAsk"": 0.93}]"
2774056,0x60c2c085ee8c16bc8f2419739a94971d4c9d00f637ead10fc0f540afa1be64e8,strait-of-hormuz-traffic-returns-to-normal-by-august-31-20260702154212320,https://polymarket.com/event/strait-of-hormuz-traffic-returns-to-normal-by-august-31-20260702154212320,https://embed.polymarket.com/market.html?market=strait-of-hormuz-traffic-returns-to-normal-by-august-31-20260702154212320&features=volume&theme=light,Strait of Hormuz traffic returns to normal by August 31?,oil,,"24h $491,133 • spread 0.010 • TTR 35.2d",2874046.1130559975,491133.92,0.01,6.8966,2026-08-31T00:00:00+00:00,35.195,1,0.01,-0.84,0.155,0,"[{""name"": ""Top"", ""bestBid"": 0.15, ""bestAsk"": 0.16}]"
2633430,0xa1b3158fedfddaf2a0d8b364f6a57ee68146fb6ad458222aa8e02bcf0abbb099,us-iran-final-nuclear-deal-by-august-31-2026-20260621201255154,https://polymarket.com/event/us-iran-final-nuclear-deal-by-august-31-2026-20260621201255154,https://embed.polymarket.com/market.html?market=us-iran-final-nuclear-deal-by-august-31-2026-20260621201255154&features=volume&theme=light,"US-Iran Final Nuclear Deal by August 31, 2026?",iran,,"24h $4,238 • spread 0.010 • TTR 36.2d",2864950.0567119974,4238.33,0.0,0.0,2026-08-31T23:59:00+00:00,36.194,1,0.01,-0.93,0.065,0,"[{""name"": ""Top"", ""bestBid"": 0.06, ""bestAsk"": 0.07}]"
2758336,0x5523e3b9895124788b2bed38f4b6be72c3f41cd2d2ee4354d93b26a3f533eaf6,will-bitcoin-reach-75k-in-july-2026,https://polymarket.com/event/will-bitcoin-reach-75k-in-july-2026,https://embed.polymarket.com/market.html?market=will-bitcoin-reach-75k-in-july-2026&features=volume&theme=light,"Will Bitcoin reach $75,000 in July?",bitcoin,,"24h $75,246 • spread 0.003 • TTR 5.4d",1298143.3803480058,75246.31,-0.004,-47.0588,2026-08-01T04:00:00+00:00,5.361,1,0.003,-0.994,0.0045,0,"[{""name"": ""Top"", ""bestBid"": 0.003, ""bestAsk"": 0.006}]"
2535844,0x91a0b4ff72ad76f01abf986e18aa8d226a5172760fffdc3687b78c580692bca2,israel-x-hezbollah-permanent-peace-deal-by-july-31-2026,https://polymarket.com/event/israel-x-hezbollah-permanent-peace-deal-by-july-31-2026,https://embed.polymarket.com/market.html?market=israel-x-hezbollah-permanent-peace-deal-by-july-31-2026&features=volume&theme=light,"Israel x Hezbollah permanent peace deal by July 31, 2026?",geopolitics,,"24h $1,856 • spread 0.001 • TTR 4.2d",1222187.4053800115,1856.81,0.0,0.0,2026-07-31T00:00:00+00:00,4.195,1,0.001,-0.996,0.0035,0,"[{""name"": ""Top"", ""bestBid"": 0.003, ""bestAsk"": 0.004}]"
562004,0x17902b9490c6a73152772316b4705935c5c6801ba269f2afc81686532e34fb9a,will-marjorie-taylor-greene-win-the-2028-republican-presidential-nomination,https://polymarket.com/event/will-marjorie-taylor-greene-win-the-2028-republican-presidential-nomination,https://embed.polymarket.com/market.html?market=will-marjorie-taylor-greene-win-the-2028-republican-presidential-nomination&features=volume&theme=light,Will Marjorie Taylor Greene win the 2028 Republican presidential nomination?,united-states,,"24h $1,157 • spread 0.001 • TTR 834.2d",6586175.7683239635,1157.74,-0.001,-18.1818,2028-11-07T00:00:00+00:00,834.195,1,0.001,-0.995,0.0045,0,"[{""name"": ""Top"", ""bestBid"": 0.004, ""bestAsk"": 0.005}]"
561262,0x9eb7ac1524fdacb46ceb8758454f0004c7b117eae76e6295852643644bb862c1,will-james-talarico-win-the-2028-us-presidential-election,https://polymarket.com/event/will-james-talarico-win-the-2028-us-presidential-election,https://embed.polymarket.com/market.html?market=will-james-talarico-win-the-2028-us-presidential-election&features=volume&theme=light,Will James Talarico win the 2028 US Presidential Election?,president,,"24h $5,192 • spread 0.001 • TTR 834.2d",6548105.78455505,5192.76,0.0,0.0,2028-11-07T00:00:00+00:00,834.195,1,0.001,-0.993,0.0065,0,"[{""name"": ""Top"", ""bestBid"": 0.006, ""bestAsk"": 0.007}]"
2633427,0x61dcae8107169382527c8dac1fcd0e214b4b4267b65d0e6fd4872736d373f360,us-iran-final-nuclear-deal-by-july-31-2026-20260621201255151,https://polymarket.com/event/us-iran-final-nuclear-deal-by-july-31-2026-20260621201255151,https://embed.polymarket.com/market.html?market=us-iran-final-nuclear-deal-by-july-31-2026-20260621201255151&features=volume&theme=light,"US-Iran Final Nuclear Deal by July 31, 2026?",iran,,"24h $2,593 • spread 0.001 • TTR 5.2d",1274943.1653790048,2593.6,0.0,0.0,2026-07-31T23:59:00+00:00,5.194,1,0.001,-0.996,0.0035,0,"[{""name"": ""Top"", ""bestBid"": 0.003, ""bestAsk"": 0.004}]"
1469755,0x4266ab921148974f104cbadd099e13bca989441bf58acfd2a08fc6cc7440e1a1,will-mohammad-khatami-be-head-of-state-in-iran-end-of-2026,https://polymarket.com/event/will-mohammad-khatami-be-head-of-state-in-iran-end-of-2026,https://embed.polymarket.com/market.html?market=will-mohammad-khatami-be-head-of-state-in-iran-end-of-2026&features=volume&theme=light,Will Mohammad Khatami be head of state in Iran end of 2026?,middle-east,,24h $153 • spread 0.001 • TTR 157.2d,5082081.149980997,153.0,0.0,0.0,2026-12-31T00:00:00+00:00,157.195,1,0.001,-0.997,0.0025,0,"[{""name"": ""Top"", ""bestBid"": 0.002, ""bestAsk"": 0.003}]"
1469737,0x25fb28382075f418a944a781a9f8840e2f541152eea0d9798d1cabfa1466adbb,will-mojtaba-khamenei-be-head-of-state-in-iran-end-of-2026,https://polymarket.com/event/will-mojtaba-khamenei-be-head-of-state-in-iran-end-of-2026,https://embed.polymarket.com/market.html?market=will-mojtaba-khamenei-be-head-of-state-in-iran-end-of-2026&features=volume&theme=light,Will Mojtaba Khamenei be head of state in Iran end of 2026?,middle-east,,"24h $16,457 • spread 0.002 • TTR 157.2d",5064365.449154974,16457.85,0.023,2.9851,2026-12-31T00:00:00+00:00,157.195,1,0.002,-0.203,0.796,0,"[{""name"": ""Top"", ""bestBid"": 0.795, ""bestAsk"": 0.797}]"
679041,0x3a8209fbd45fef3be23fb3480eb1c961c85f7bdd07d4a3391f5949252156c594,will-franois-bayrou-win-the-2027-french-presidential-election,https://polymarket.com/event/will-franois-bayrou-win-the-2027-french-presidential-election,https://embed.polymarket.com/market.html?market=will-franois-bayrou-win-the-2027-french-presidential-election&features=volume&theme=light,Will François Bayrou win the 2027 French presidential election?,french-election,,"24h $1,273 • spread 0.001 • TTR 277.2d",5698726.2536520045,1273.81,0.0,0.0,2027-04-30T00:00:00+00:00,277.195,1,0.001,-0.998,0.0015,0,"[{""name"": ""Top"", ""bestBid"": 0.001, ""bestAsk"": 0.002}]"
2730676,0x0d3ad3afe0e01075d00e6869a09f1982742fba950b4cae8fff452b282b5a80fc,iran-leadership-change-by-july-31-20260629143932628,https://polymarket.com/event/iran-leadership-change-by-july-31-20260629143932628,https://embed.polymarket.com/market.html?market=iran-leadership-change-by-july-31-20260629143932628&features=volume&theme=light,Iran leadership change by July 31?,politics,,"24h $97,358 • spread 0.003 • TTR 4.2d",1178561.2700390005,97358.07,-0.012,-48.9796,2026-07-31T00:00:00+00:00,4.195,1,0.003,-0.986,0.0125,0,"[{""name"": ""Top"", ""bestBid"": 0.011, ""bestAsk"": 0.014}]"
2758337,0x38903ef70b7d9ee41ea22ef2aec6287e4e6c77ec8702ca741e37d5c5df090a4d,will-bitcoin-reach-72pt5k-in-july-2026,https://polymarket.com/event/will-bitcoin-reach-72pt5k-in-july-2026,https://embed.polymarket.com/market.html?market=will-bitcoin-reach-72pt5k-in-july-2026&features=volume&theme=light,"Will Bitcoin reach $72,500 in July?",bitcoin,,"24h $83,706 • spread 0.007 • TTR 5.4d",1247844.5746880034,83706.47,-0.008,-37.2093,2026-08-01T04:00:00+00:00,5.361,1,0.007,-0.983,0.0135,0,"[{""name"": ""Top"", ""bestBid"": 0.01, ""bestAsk"": 0.017}]"
616913,0x1adf074e048fa613f4ddbc0766088748a48d120a3a713b0183e219032a411ae3,will-11-fed-rate-cuts-happen-in-2026,https://polymarket.com/event/will-11-fed-rate-cuts-happen-in-2026,https://embed.polymarket.com/market.html?market=will-11-fed-rate-cuts-happen-in-2026&features=volume&theme=light,Will 11 Fed rate cuts happen in 2026?,rewards-200-4pt5-50,,"24h $3,899 • spread 0.001 • TTR 157.2d",4923812.622739864,3899.55,0.0,0.0,2026-12-31T00:00:00+00:00,157.195,1,0.001,-0.998,0.0015,0,"[{""name"": ""Top"", ""bestBid"": 0.001, ""bestAsk"": 0.002}]"
908713,0x80b3af88cb991980e8da1ce86b9794a0957f96ec98c29319dd7ba65e9744d82b,fed-rate-hike-in-2026,https://polymarket.com/event/fed-rate-hike-in-2026,https://embed.polymarket.com/market.html?market=fed-rate-hike-in-2026&features=volume&theme=light,Fed rate hike in 2026?,cpi-release,,"24h $67,795 • spread 0.010 • TTR 135.2d",4703797.979410006,67795.61,-0.07,-9.7902,2026-12-09T00:00:00+00:00,135.195,1,0.01,-0.35,0.645,0,"[{""name"": ""Top"", ""bestBid"": 0.64, ""bestAsk"": 0.65}]"
1057916,0xa885bfe10688056a9d0f4e9a1523bfa18f66fda065f0400d714ba54776083713,will-bitcoin-dip-to-15000-by-december-31-2026-416-954-417-853-885-363-335-458-585-275-615-269-479-379-516-218-918-374-598-429-212,https://polymarket.com/event/will-bitcoin-dip-to-15000-by-december-31-2026-416-954-417-853-885-363-335-458-585-275-615-269-479-379-516-218-918-374-598-429-212,https://embed.polymarket.com/market.html?market=will-bitcoin-dip-to-15000-by-december-31-2026-416-954-417-853-885-363-335-458-585-275-615-269-479-379-516-218-918-374-598-429-212&features=volume&theme=light,"Will Bitcoin dip to $15,000 by December 31, 2026?",bitcoin,,spread 0.004 • TTR 158.4d,4906091.436608885,,0.0005,2.8571,2027-01-01T05:00:00+00:00,158.403,1,0.004,-0.98,0.018,0,"[{""name"": ""Top"", ""bestBid"": 0.016, ""bestAsk"": 0.02}]"
1107582,0x3de0f3d7d7efb40cde68e814d40a0b232832083653c8e78260eb999baa967de0,us-strike-on-cuba-by-december-31,https://polymarket.com/event/us-strike-on-cuba-by-december-31,https://embed.polymarket.com/market.html?market=us-strike-on-cuba-by-december-31&features=volume&theme=light,US strike on Cuba by December 31?,cuba,,"24h $3,172 • spread 0.010 • TTR 157.2d",4879790.273534046,3172.04,0.0,0.0,2026-12-31T00:00:00+00:00,157.195,1,0.01,-0.67,0.325,0,"[{""name"": ""Top"", ""bestBid"": 0.32, ""bestAsk"": 0.33}]"
3044546,0x33c491023cecc6a42a70608427c2be37dfbe789ae1b08d8791f2450a3f9696f2,israel-x-iran-ceasefire-continues-through-july-26,https://polymarket.com/event/israel-x-iran-ceasefire-continues-through-july-26,https://embed.polymarket.com/market.html?market=israel-x-iran-ceasefire-continues-through-july-26&features=volume&theme=light,Israel x Iran ceasefire continues through July 26?,iran,,"24h $363,656 • spread 0.003 • TTR 0.2d",916479.897415001,363656.11,0.028,2.9046,2026-07-26T23:59:00+00:00,0.194,1,0.003,-0.004,0.9945,0,"[{""name"": ""Top"", ""bestBid"": 0.993, ""bestAsk"": 0.996}]"
679043,0xfd431e070263b5f24e43a8fc44532bf41aa008d99cab2330d979913b1c580bd2,will-yal-braun-pivet-win-the-2027-french-presidential-election,https://polymarket.com/event/will-yal-braun-pivet-win-the-2027-french-presidential-election,https://embed.polymarket.com/market.html?market=will-yal-braun-pivet-win-the-2027-french-presidential-election&features=volume&theme=light,Will Yaël Braun-Pivet win the 2027 French presidential election?,french-election,,24h $282 • spread 0.001 • TTR 277.2d,5496939.836578971,282.03,0.0,0.0,2027-04-30T00:00:00+00:00,277.195,1,0.001,-0.998,0.0015,0,"[{""name"": ""Top"", ""bestBid"": 0.001, ""bestAsk"": 0.002}]"
2758343,0x2be031440c5a571cd4fc3e05e2478d98aee41c7a44d10d3c5e6a24e38b30fabb,will-bitcoin-dip-to-57pt5k-in-july-2026-618,https://polymarket.com/event/will-bitcoin-dip-to-57pt5k-in-july-2026-618,https://embed.polymarket.com/market.html?market=will-bitcoin-dip-to-57pt5k-in-july-2026-618&features=volume&theme=light,"Will Bitcoin dip to $57,500 in July?",bitcoin,,"24h $51,213 • spread 0.001 • TTR 5.4d",1218389.6803499984,51213.38,-0.014,-37.3333,2026-08-01T04:00:00+00:00,5.361,1,0.001,-0.976,0.0235,0,"[{""name"": ""Top"", ""bestBid"": 0.023, ""bestAsk"": 0.024}]"
679036,0xaba4bb720c6c1b2e48087f5af4a57fd1e9f05814a936e9f6b1c37f10436a34fc,will-franois-asselineau-win-the-2027-french-presidential-election,https://polymarket.com/event/will-franois-asselineau-win-the-2027-french-presidential-election,https://embed.polymarket.com/market.html?market=will-franois-asselineau-win-the-2027-french-presidential-election&features=volume&theme=light,Will François Asselineau win the 2027 French presidential election?,french-election,,"24h $14,694 • spread 0.001 • TTR 277.2d",5467291.269616952,14694.57,0.0,0.0,2027-04-30T00:00:00+00:00,277.195,1,0.001,-0.998,0.0015,0,"[{""name"": ""Top"", ""bestBid"": 0.001, ""bestAsk"": 0.002}]"
1931104,0xa4402219045f0fe392ea08a92d6f50b89419976d484aba5592d19bb65ea7b5c6,will-lebron-james-play-for-the-cleveland-cavaliers-in-2026-27,https://polymarket.com/event/will-lebron-james-play-for-the-cleveland-cavaliers-in-2026-27,https://embed.polymarket.com/market.html?market=will-lebron-james-play-for-the-cleveland-cavaliers-in-2026-27&features=volume&theme=light,Will LeBron James play for the Cleveland Cavaliers in 2026-27?,nba,,"24h $6,175 • TTR 96.4d",4125022.0585209816,6175.47,0.0,0.0,2026-10-31T03:59:00+00:00,96.361,1,,-0.999,,0,"[{""name"": ""Top"", ""bestBid"": null, ""bestAsk"": 0.001}]"
2896883,0xac24ccfbf68ae4e02ae500a8078f72f4403d177279a59a16f0386708d2bd5649,lol-g2-kc-2026-07-26-game1,https://polymarket.com/event/lol-g2-kc-2026-07-26-game1,https://embed.polymarket.com/market.html?market=lol-g2-kc-2026-07-26-game1&features=volume&theme=light,LoL: G2 Esports vs Karmine Corp - Game 1 Winner,esports,,"24h $905,445 • TTR 0.2d",905508.1293500004,905445.33,-0.5845,-99.9145,2026-07-26T23:30:00+00:00,0.174,1,,-0.999,,0,"[{""name"": ""Top"", ""bestBid"": null, ""bestAsk"": 0.001}]"
2355354,0xc11f41372087c4d934ae7adb869ff08272b2bcb3e242d4e628330353c130e480,iran-agrees-to-surrender-enriched-uranium-stockpile-by-july-31-2026,https://polymarket.com/event/iran-agrees-to-surrender-enriched-uranium-stockpile-by-july-31-2026,https://embed.polymarket.com/market.html?market=iran-agrees-to-surrender-enriched-uranium-stockpile-by-july-31-2026&features=volume&theme=light,"Iran agrees to surrender enriched uranium stockpile by July 31, 2026?",geopolitics,,"24h $1,051 • spread 0.002 • TTR 4.2d",1141223.1792160084,1051.51,-0.0005,-6.6667,2026-07-31T00:00:00+00:00,4.195,1,0.002,-0.992,0.007,0,"[{""name"": ""Top"", ""bestBid"": 0.006, ""bestAsk"": 0.008}]"
701501,0x752fa61c93f16c4b15e85b0bd438d9c684176b0ea7b319a84c8aca34616e8a8c,will-bitcoin-dip-to-55000-by-december-31-2026-527-627-868-745-188-361-314-673-612-946-821-624-855-557-684-381-884-939-182-939-516,https://polymarket.com/event/will-bitcoin-dip-to-55000-by-december-31-2026-527-627-868-745-188-361-314-673-612-946-821-624-855-557-684-381-884-939-182-939-516,https://embed.polymarket.com/market.html?market=will-bitcoin-dip-to-55000-by-december-31-2026-527-627-868-745-188-361-314-673-612-946-821-624-855-557-684-381-884-939-182-939-516&features=volume&theme=light,"Will Bitcoin dip to $55,000 by December 31, 2026?",bitcoin,,"24h $12,918 • spread 0.010 • TTR 158.4d • ~50% mid",4767822.113699999,12918.32,-0.01,-2.0202,2027-01-01T05:00:00+00:00,158.403,1,0.01,-0.51,0.485,1,"[{""name"": ""Top"", ""bestBid"": 0.48, ""bestAsk"": 0.49}]"
616912,0x757c144993b3cb831e04c42bfcff8c18864c7da4f4688a5939d2f62e031cbc87,will-10-fed-rate-cuts-happen-in-2026,https://polymarket.com/event/will-10-fed-rate-cuts-happen-in-2026,https://embed.polymarket.com/market.html?market=will-10-fed-rate-cuts-happen-in-2026&features=volume&theme=light,Will 10 Fed rate cuts happen in 2026?,rewards-200-4pt5-50,,"24h $3,606 • spread 0.001 • TTR 157.2d",4740672.17851584,3606.04,0.0,0.0,2026-12-31T00:00:00+00:00,157.195,1,0.001,-0.998,0.0015,0,"[{""name"": ""Top"", ""bestBid"": 0.001, ""bestAsk"": 0.002}]"
2911873,0x8240c24b4ac5c954241ee6a10cffc627abf676d88b9d7de5b034c2f7c060b00a,bab-el-mandeb-strait-effectively-closed-by-july-31,https://polymarket.com/event/bab-el-mandeb-strait-effectively-closed-by-july-31,https://embed.polymarket.com/market.html?market=bab-el-mandeb-strait-effectively-closed-by-july-31&features=volume&theme=light,Bab el-Mandeb Strait effectively closed by July 31?,politics,,"24h $110,473 • spread 0.001 • TTR 4.2d",1120238.424591001,110473.38,-0.008,-64.0,2026-07-31T00:00:00+00:00,4.195,1,0.001,-0.995,0.0045,0,"[{""name"": ""Top"", ""bestBid"": 0.004, ""bestAsk"": 0.005}]"
2034729,0xace3c72c24fccb6731433483ece41c780432d84850edccd5a6bf3147ccea62a9,will-the-us-confirm-that-aliens-exist-by-september-30-396,https://polymarket.com/event/will-the-us-confirm-that-aliens-exist-by-september-30-396,https://embed.polymarket.com/market.html?market=will-the-us-confirm-that-aliens-exist-by-september-30-396&features=volume&theme=light,Will the US confirm that aliens exist by September 30?,aliens,,"24h $5,586 • spread 0.001 • TTR 65.2d",3438091.637051,5586.29,-0.001,-3.5088,2026-09-30T00:00:00+00:00,65.195,1,0.001,-0.972,0.0275,0,"[{""name"": ""Top"", ""bestBid"": 0.027, ""bestAsk"": 0.028}]"
679042,0x0b298ab2b2cad3308d486c804985c1ede7ea949bde363f44784a3b2a460be788,will-lisabeth-borne-win-the-2027-french-presidential-election,https://polymarket.com/event/will-lisabeth-borne-win-the-2027-french-presidential-election,https://embed.polymarket.com/market.html?market=will-lisabeth-borne-win-the-2027-french-presidential-election&features=volume&theme=light,Will Élisabeth Borne win the 2027 French presidential election?,french-election,,"24h $1,990 • spread 0.001 • TTR 277.2d",5246741.79154095,1990.45,0.0,0.0,2027-04-30T00:00:00+00:00,277.195,1,0.001,-0.998,0.0015,0,"[{""name"": ""Top"", ""bestBid"": 0.001, ""bestAsk"": 0.002}]"
679035,0x34ed4ad7a7825f168e1084f53e8f60a161579d783b2740e50aa52f710925a136,will-sgolne-royal-win-the-2027-french-presidential-election,https://polymarket.com/event/will-sgolne-royal-win-the-2027-french-presidential-election,https://embed.polymarket.com/market.html?market=will-sgolne-royal-win-the-2027-french-presidential-election&features=volume&theme=light,Will Ségolène Royal win the 2027 French presidential election?,french-election,,24h $326 • spread 0.001 • TTR 277.2d,5238868.520523997,326.38,0.0,0.0,2027-04-30T00:00:00+00:00,277.195,1,0.001,-0.997,0.0025,0,"[{""name"": ""Top"", ""bestBid"": 0.002, ""bestAsk"": 0.003}]"
562005,0x24258776d0a926b4550b0f213267b95ba0a7741fc972d0b3c2b5f6bf8ced2c50,will-thomas-massie-win-the-2028-republican-presidential-nomination,https://polymarket.com/event/will-thomas-massie-win-the-2028-republican-presidential-nomination,https://embed.polymarket.com/market.html?market=will-thomas-massie-win-the-2028-republican-presidential-nomination&features=volume&theme=light,Will Thomas Massie win the 2028 Republican presidential nomination?,united-states,,"24h $7,768 • spread 0.001 • TTR 834.2d",5902518.310441995,7768.54,0.0,0.0,2028-11-07T00:00:00+00:00,834.195,1,0.001,-0.993,0.0065,0,"[{""name"": ""Top"", ""bestBid"": 0.006, ""bestAsk"": 0.007}]"
562803,0x4e4f77e7dbf4cab666e9a1943674d7ae66348e862df03ea6f44b11eb95731928,will-the-republican-party-control-the-house-after-the-2026-midterm-elections,https://polymarket.com/event/will-the-republican-party-control-the-house-after-the-2026-midterm-elections,https://embed.polymarket.com/market.html?market=will-the-republican-party-control-the-house-after-the-2026-midterm-elections&features=volume&theme=light,Will the Republican Party control the House after the 2026 Midterm elections?,parent-for-derivative,,"24h $3,527 • spread 0.010 • TTR 99.2d",3926373.212872941,3527.01,-0.01,-6.8966,2026-11-03T00:00:00+00:00,99.195,1,0.01,-0.86,0.135,0,"[{""name"": ""Top"", ""bestBid"": 0.13, ""bestAsk"": 0.14}]"
679023,0x06a27c2810eaca94b53e7a17f15ad47761399ba445a6b02039b2679da203262d,will-xavier-bertrand-win-the-2027-french-presidential-election,https://polymarket.com/event/will-xavier-bertrand-win-the-2027-french-presidential-election,https://embed.polymarket.com/market.html?market=will-xavier-bertrand-win-the-2027-french-presidential-election&features=volume&theme=light,Will Xavier Bertrand win the 2027 French presidential election?,french-election,,24h $350 • spread 0.001 • TTR 277.2d,5103719.124696941,350.32,0.0,0.0,2027-04-30T00:00:00+00:00,277.195,1,0.001,-0.998,0.0015,0,"[{""name"": ""Top"", ""bestBid"": 0.001, ""bestAsk"": 0.002}]"
1144471,0x3b0107a80edd066fe987784d7ab5963c177888433efbec10689951c17320606c,will-satoshi-move-any-bitcoin-in-2026,https://polymarket.com/event/will-satoshi-move-any-bitcoin-in-2026,https://embed.polymarket.com/market.html?market=will-satoshi-move-any-bitcoin-in-2026&features=volume&theme=light,Will Satoshi move any Bitcoin in 2026?,crypto-culture,,"24h $14,184 • spread 0.001 • TTR 158.4d",4502878.520016992,14184.76,-0.002,-3.4783,2027-01-01T05:00:00+00:00,158.403,1,0.001,-0.944,0.0555,0,"[{""name"": ""Top"", ""bestBid"": 0.055, ""bestAsk"": 0.056}]"
679039,0x6ccebbc57547f8b777aa4ef70a452bb5034055d183131a9b6db47fd8d0777921,will-michel-barnier-win-the-2027-french-presidential-election,https://polymarket.com/event/will-michel-barnier-win-the-2027-french-presidential-election,https://embed.polymarket.com/market.html?market=will-michel-barnier-win-the-2027-french-presidential-election&features=volume&theme=light,Will Michel Barnier win the 2027 French presidential election?,french-election,,24h $225 • spread 0.001 • TTR 277.2d,5039351.648807007,225.53,0.0,0.0,2027-04-30T00:00:00+00:00,277.195,1,0.001,-0.997,0.0025,0,"[{""name"": ""Top"", ""bestBid"": 0.002, ""bestAsk"": 0.003}]"
679033,0xbac8d3ca6cc7297022850562d9d66669d5e0a112767337f8a5955417f1984b54,will-olivier-faure-win-the-2027-french-presidential-election,https://polymarket.com/event/will-olivier-faure-win-the-2027-french-presidential-election,https://embed.polymarket.com/market.html?market=will-olivier-faure-win-the-2027-french-presidential-election&features=volume&theme=light,Will Olivier Faure win the 2027 French presidential election?,french-election,,24h $458 • spread 0.001 • TTR 277.2d,4956669.8794489885,458.9,0.0,0.0,2027-04-30T00:00:00+00:00,277.195,1,0.001,-0.997,0.0025,0,"[{""name"": ""Top"", ""bestBid"": 0.002, ""bestAsk"": 0.003}]"
2677862,0x21c77725363b6717538157cf5ce5cf9c69571120870d6def4233257566e07db4,will-wti-reach-100-in-july-2026-928,https://polymarket.com/event/will-wti-reach-100-in-july-2026-928,https://embed.polymarket.com/market.html?market=will-wti-reach-100-in-july-2026-928&features=volume&theme=light,Will WTI Crude Oil (WTI) hit (HIGH) $100 in July?,finance,,"24h $33,836 • spread 0.013 • TTR 5.4d",1096412.6938370015,33836.88,-0.074,-51.9298,2026-08-01T03:59:59.999000+00:00,5.361,1,0.013,-0.925,0.0685,0,"[{""name"": ""Top"", ""bestBid"": 0.062, ""bestAsk"": 0.075}]"
1931121,0xde72dd287ba34b31dc69066931b7c0074f8267132bf7d6752e2f736429ae98af,will-lebron-james-play-for-the-philadelphia-76ers-in-2026-27,https://polymarket.com/event/will-lebron-james-play-for-the-philadelphia-76ers-in-2026-27,https://embed.polymarket.com/market.html?market=will-lebron-james-play-for-the-philadelphia-76ers-in-2026-27&features=volume&theme=light,Will LeBron James play for the Philadelphia 76ers in 2026-27?,nba,,"24h $175,250 • spread 0.001 • TTR 96.4d",3667307.1466699988,175250.75,0.0,0.0,2026-10-31T03:59:00+00:00,96.361,1,0.001,-0.003,0.9965,0,"[{""name"": ""Top"", ""bestBid"": 0.996, ""bestAsk"": 0.997}]"
1357388,0x6c9407f7841e7507ba435d540af237d742674ba05bac48998cf94f4b7ef5d909,will-the-los-angeles-chargers-win-the-2027-nfl-league-championship,https://polymarket.com/event/will-the-los-angeles-chargers-win-the-2027-nfl-league-championship,https://embed.polymarket.com/market.html?market=will-the-los-angeles-chargers-win-the-2027-nfl-league-championship&features=volume&theme=light,Will the Los Angeles Chargers win the 2027 NFL league championship?,sports,,"24h $12,915 • spread 0.001 • TTR 248.2d",4698842.660804287,12915.84,-0.006,-11.4286,2027-03-31T23:55:00+00:00,248.191,1,0.001,-0.953,0.0465,0,"[{""name"": ""Top"", ""bestBid"": 0.046, ""bestAsk"": 0.047}]"
679037,0x2bf80d93be42dac6c1b03298b5ec329a4b9f87b689c7892d544d1029f3a0caf0,will-clmentine-autain-win-the-2027-french-presidential-election,https://polymarket.com/event/will-clmentine-autain-win-the-2027-french-presidential-election,https://embed.polymarket.com/market.html?market=will-clmentine-autain-win-the-2027-french-presidential-election&features=volume&theme=light,Will Clémentine Autain win the 2027 French presidential election?,french-election,,"24h $1,132 • spread 0.001 • TTR 277.2d",4740814.220527929,1132.35,0.0,0.0,2027-04-30T00:00:00+00:00,277.195,1,0.001,-0.998,0.0015,0,"[{""name"": ""Top"", ""bestBid"": 0.001, ""bestAsk"": 0.002}]"
601833,0xae7dd99bf126b033b77af2553a98b97e1190fd7bdddd5a792ca2791ae23e4d13,will-tereza-cristina-win-the-2026-brazilian-presidential-election,https://polymarket.com/event/will-tereza-cristina-win-the-2026-brazilian-presidential-election,https://embed.polymarket.com/market.html?market=will-tereza-cristina-win-the-2026-brazilian-presidential-election&features=volume&theme=light,Will Tereza Cristina win the 2026 Brazilian presidential election?,politics,,"24h $1,108 • spread 0.001 • TTR 69.2d",3143115.6430559377,1108.04,0.0,0.0,2026-10-04T00:00:00+00:00,69.195,1,0.001,-0.998,0.0015,0,"[{""name"": ""Top"", ""bestBid"": 0.001, ""bestAsk"": 0.002}]"
2430327,0xd2a472c051e1ab231a4feb40322ccdafccff5fe9e4a006381224e10aff0e83ce,will-anthropic-have-the-best-ai-model-at-the-end-of-july-2026,https://polymarket.com/event/will-anthropic-have-the-best-ai-model-at-the-end-of-july-2026,https://embed.polymarket.com/market.html?market=will-anthropic-have-the-best-ai-model-at-the-end-of-july-2026&features=volume&theme=light,Will Anthropic have the best AI model at the end of July 2026?,tech,,"24h $24,130 • spread 0.003 • TTR 4.2d",993287.6757729996,24130.17,-0.0025,-0.2528,2026-07-31T00:00:00+00:00,4.195,1,0.003,-0.012,0.9865,0,"[{""name"": ""Top"", ""bestBid"": 0.985, ""bestAsk"": 0.988}]"
648383,0x9345d5142a67f5541264c96515496affee02580f1c572680759eac9fd2a1588a,billionaire-one-time-wealth-tax-passes-in-california-election-2026,https://polymarket.com/event/billionaire-one-time-wealth-tax-passes-in-california-election-2026,https://embed.polymarket.com/market.html?market=billionaire-one-time-wealth-tax-passes-in-california-election-2026&features=volume&theme=light,Billionaire one-time wealth tax passes in California election 2026?,taxes,,24h $467 • spread 0.010 • TTR 99.2d,3574488.2643099534,467.63,0.0,0.0,2026-11-03T00:00:00+00:00,99.195,1,0.01,-0.65,0.345,0,"[{""name"": ""Top"", ""bestBid"": 0.34, ""bestAsk"": 0.35}]"
2758334,0x7c11c14664000e9a338d1b2a112d9aba06bc37c900daf52b0df4372ab32367de,will-bitcoin-reach-80k-in-july-2026,https://polymarket.com/event/will-bitcoin-reach-80k-in-july-2026,https://embed.polymarket.com/market.html?market=will-bitcoin-reach-80k-in-july-2026&features=volume&theme=light,"Will Bitcoin reach $80,000 in July?",bitcoin,,"24h $68,025 • spread 0.001 • TTR 5.4d",1031645.8582089997,68025.43,0.0,0.0,2026-08-01T04:00:00+00:00,5.361,1,0.001,-0.996,0.0035,0,"[{""name"": ""Top"", ""bestBid"": 0.003, ""bestAsk"": 0.004}]"
1105753,0x1198bf982483cc6f0a3d3de63d7703117ed19c5b5a9474541a2a3b6b0b5e51f3,will-dan-caine-be-the-leader-of-venezuela-end-of-2026,https://polymarket.com/event/will-dan-caine-be-the-leader-of-venezuela-end-of-2026,https://embed.polymarket.com/market.html?market=will-dan-caine-be-the-leader-of-venezuela-end-of-2026&features=volume&theme=light,Will Dan Caine be the leader of Venezuela end of 2026?,trump-machado,,24h $72 • TTR 157.2d,4079879.0850409814,72.07,0.0,0.0,2026-12-31T00:00:00+00:00,157.195,1,,-0.999,,0,"[{""name"": ""Top"", ""bestBid"": null, ""bestAsk"": 0.001}]"
561261,0x61600d487069f99e775307a0655c1a79f26e4fc6d8d1ba66790c64d78d0beba2,will-jon-ossoff-win-the-2028-us-presidential-election,https://polymarket.com/event/will-jon-ossoff-win-the-2028-us-presidential-election,https://embed.polymarket.com/market.html?market=will-jon-ossoff-win-the-2028-us-presidential-election&features=volume&theme=light,Will Jon Ossoff win the 2028 US Presidential Election?,president,,"24h $4,489 • spread 0.001 • TTR 834.2d",5242718.961570967,4489.59,0.001,1.1429,2028-11-07T00:00:00+00:00,834.195,1,0.001,-0.911,0.0885,0,"[{""name"": ""Top"", ""bestBid"": 0.088, ""bestAsk"": 0.089}]"
679048,0xa6c3848b7861841cc9d93a5c2c1d26b3f44e0298a49889968a627214a2b177ae,will-manuel-bompard-win-the-2027-french-presidential-election,https://polymarket.com/event/will-manuel-bompard-win-the-2027-french-presidential-election,https://embed.polymarket.com/market.html?market=will-manuel-bompard-win-the-2027-french-presidential-election&features=volume&theme=light,Will Manuel Bompard win the 2027 French presidential election?,french-election,,"24h $1,118 • spread 0.001 • TTR 277.2d",4615092.473262989,1118.18,0.0,0.0,2027-04-30T00:00:00+00:00,277.195,1,0.001,-0.998,0.0015,0,"[{""name"": ""Top"", ""bestBid"": 0.001, ""bestAsk"": 0.002}]"
616911,0x4ec6fcb43fe1a32163c7da09d54a99ab9bf6abdc6fd49939d7ad67d696a3248b,will-9-fed-rate-cuts-happen-in-2026,https://polymarket.com/event/will-9-fed-rate-cuts-happen-in-2026,https://embed.polymarket.com/market.html?market=will-9-fed-rate-cuts-happen-in-2026&features=volume&theme=light,Will 9 Fed rate cuts happen in 2026?,rewards-200-4pt5-50,,"24h $3,298 • spread 0.001 • TTR 157.2d",4064462.3105178387,3298.14,0.0,0.0,2026-12-31T00:00:00+00:00,157.195,1,0.001,-0.998,0.0015,0,"[{""name"": ""Top"", ""bestBid"": 0.001, ""bestAsk"": 0.002}]"
1130015,0x8c48f3acf4177b5ceb012a8a2dc7a9c219eeae4a032d6ddcbc3c2ffab907439a,will-the-liberal-democratic-party-of-russia-ldpr-gain-the-most-seats-in-the-next-russian-parliamentary-election,https://polymarket.com/event/will-the-liberal-democratic-party-of-russia-ldpr-gain-the-most-seats-in-the-next-russian-parliamentary-election,https://embed.polymarket.com/market.html?market=will-the-liberal-democratic-party-of-russia-ldpr-gain-the-most-seats-in-the-next-russian-parliamentary-election&features=volume&theme=light,Will the Liberal Democratic Party of Russia (LDPR) gain the most seats in the next Russian parliamentary election?,politics,,"24h $1,371 • spread 0.002 • TTR 65.2d",2961126.614964992,1371.5,-0.0005,-1.1765,2026-09-30T00:00:00+00:00,65.195,1,0.002,-0.957,0.042,0,"[{""name"": ""Top"", ""bestBid"": 0.041, ""bestAsk"": 0.043}]"
898412,0xcd2640464754b9a894ffec98ac11554fdd507ea89ca01237eabb3a6de4a606e6,will-kimi-antonelli-be-the-2026-f1-drivers-champion,https://polymarket.com/event/will-kimi-antonelli-be-the-2026-f1-drivers-champion,https://embed.polymarket.com/market.html?market=will-kimi-antonelli-be-the-2026-f1-drivers-champion&features=volume&theme=light,Will Kimi Antonelli be the 2026 F1 Drivers' Champion?,sports,,"24h $13,703 • spread 0.001 • TTR 132.2d",3835026.669653995,13703.85,0.0475,6.8052,2026-12-06T00:00:00+00:00,132.195,1,0.001,-0.254,0.7455,0,"[{""name"": ""Top"", ""bestBid"": 0.745, ""bestAsk"": 0.746}]"
2937525,0x5a9395dae6c7643ea06e7a555580a5526e81073aea9c9306363529c5b76a8f8b,us-x-iran-effective-ceasfire-by-july-31-20260715194822045,https://polymarket.com/event/us-x-iran-effective-ceasfire-by-july-31-20260715194822045,https://embed.polymarket.com/market.html?market=us-x-iran-effective-ceasfire-by-july-31-20260715194822045&features=volume&theme=light,US x Iran Effective Ceasefire by July 31?,iran,,"24h $193,543 • spread 0.010 • TTR 5.2d • ~50% mid",1003859.4766819997,193543.76,0.2,54.7945,2026-07-31T23:59:00+00:00,5.194,1,0.01,-0.43,0.565,1,"[{""name"": ""Top"", ""bestBid"": 0.56, ""bestAsk"": 0.57}]"
898663,0x336ee35845099e7d11fa2edbe417ef7791507130689f0f71a35ecc7480807404,will-williams-be-the-2026-f1-constructors-champion,https://polymarket.com/event/will-williams-be-the-2026-f1-constructors-champion,https://embed.polymarket.com/market.html?market=will-williams-be-the-2026-f1-constructors-champion&features=volume&theme=light,Will Williams be the 2026 F1 Constructors' Champion?,formula1,,TTR 132.2d,3808173.692617894,,0.0,0.0,2026-12-06T00:00:00+00:00,132.195,1,,-0.999,,0,"[{""name"": ""Top"", ""bestBid"": null, ""bestAsk"": 0.001}]"
