id,conditionId,slug,url,embedSrc,question,category,eventId,why,volume,volume24h,momentumDelta24h,momentumPct24h,endDateISO,timeToResolveDays,outcomeCount,avgSpread,underround,binaryMidYes,near50Flag,bestQuotesJSON
665374,0x5db999fad322cea2914535aae5517060c3f80ad6d8c0231cde2124a434d16846,will-the-us-invade-iran-before-2027,https://polymarket.com/event/will-the-us-invade-iran-before-2027,https://embed.polymarket.com/market.html?market=will-the-us-invade-iran-before-2027&features=volume&theme=light,Will the U.S. invade Iran before 2027?,military-strikes,,"24h $180,442 • spread 0.010 • TTR 94.0d",69951461.41057703,180442.03,-0.01,-6.4516,2027-01-01T04:59:00+00:00,93.993,1,0.01,-0.85,0.145,0,"[{""name"": ""Top"", ""bestBid"": 0.14, ""bestAsk"": 0.15}]"
703258,0x0b4cc3b739e1dfe5d73274740e7308b6fb389c5af040c3a174923d928d134bee,will-jesus-christ-return-before-2027,https://polymarket.com/event/will-jesus-christ-return-before-2027,https://embed.polymarket.com/market.html?market=will-jesus-christ-return-before-2027&features=volume&theme=light,Will Jesus Christ return before 2027?,parent-for-derivative,,"24h $45,734 • spread 0.001 • TTR 94.0d",66095598.12272991,45734.77,-0.0005,-2.9412,2027-01-01T04:59:00+00:00,93.993,1,0.001,-0.983,0.0165,0,"[{""name"": ""Top"", ""bestBid"": 0.016, ""bestAsk"": 0.017}]"
2063134,0x7d0aaf81bbd3fd73b6a1651cce08a452c0cbf9c0cbb4520ce0f981065b639d88,will-adanech-abiebie-be-the-next-prime-minister-of-ethiopia,https://polymarket.com/event/will-adanech-abiebie-be-the-next-prime-minister-of-ethiopia,https://embed.polymarket.com/market.html?market=will-adanech-abiebie-be-the-next-prime-minister-of-ethiopia&features=volume&theme=light,Will Adanech Abiebie be the next Prime Minister of Ethiopia?,ethiopia,,spread 0.003 • TTR 825.0d,83460030.295002,,0.0,0.0,2029-01-01T04:59:00+00:00,824.993,1,0.003,-0.996,0.0025,0,"[{""name"": ""Top"", ""bestBid"": 0.001, ""bestAsk"": 0.004}]"
601818,0x81a537b379a35e4e17c286d3b37394e94bd74c1779bbe9a13670eb991b201a3a,will-tarcisio-de-frietas-win-the-2026-brazilian-presidential-election,https://polymarket.com/event/will-tarcisio-de-frietas-win-the-2026-brazilian-presidential-election,https://embed.polymarket.com/market.html?market=will-tarcisio-de-frietas-win-the-2026-brazilian-presidential-election&features=volume&theme=light,Will Tarcisio de Freitas win the 2026 Brazilian presidential election?,politics,,TTR 4.8d,14104667.713295996,,0.0,0.0,2026-10-04T00:00:00+00:00,4.785,1,,-0.999,,0,"[{""name"": ""Top"", ""bestBid"": null, ""bestAsk"": 0.001}]"
601825,0x05297f854d3b757d5e51a1a29c7f225a80b14b2a161d6b7f9a61677da7a80ced,will-renan-santos-win-the-2026-brazilian-presidential-election,https://polymarket.com/event/will-renan-santos-win-the-2026-brazilian-presidential-election,https://embed.polymarket.com/market.html?market=will-renan-santos-win-the-2026-brazilian-presidential-election&features=volume&theme=light,Will Renan Santos win the 2026 Brazilian presidential election?,politics,,"24h $58,634 • spread 0.001 • TTR 5.8d",14624589.724161997,58634.02,-0.0005,-12.5,2026-10-04T23:59:00+00:00,5.785,1,0.001,-0.996,0.0035,0,"[{""name"": ""Top"", ""bestBid"": 0.003, ""bestAsk"": 0.004}]"
2774057,0xa08a5ce99e14ce0b22767af6f16c08a2ab012249444c20887193a9a3e98e11fc,strait-of-hormuz-traffic-returns-to-normal-by-september-30-20260702154339440,https://polymarket.com/event/strait-of-hormuz-traffic-returns-to-normal-by-september-30-20260702154339440,https://embed.polymarket.com/market.html?market=strait-of-hormuz-traffic-returns-to-normal-by-september-30-20260702154339440&features=volume&theme=light,Strait of Hormuz traffic returns to normal by September 30?,oil,,"24h $81,099 • spread 0.001 • TTR 2.0d",11586216.590015998,81099.67,0.0,0.0,2026-10-01T03:59:00+00:00,1.951,1,0.001,-0.997,0.0025,0,"[{""name"": ""Top"", ""bestBid"": 0.002, ""bestAsk"": 0.003}]"
601819,0xdf8e2dc5860027decbe6164555c3c1c9645c3bd33e16b9dc57ca87125047d4a8,will-luiz-incio-lula-da-silva-win-the-2026-brazilian-presidential-election,https://polymarket.com/event/will-luiz-incio-lula-da-silva-win-the-2026-brazilian-presidential-election,https://embed.polymarket.com/market.html?market=will-luiz-incio-lula-da-silva-win-the-2026-brazilian-presidential-election&features=volume&theme=light,Will Luiz Inácio Lula da Silva win the 2026 Brazilian presidential election?,politics,,"24h $130,203 • spread 0.010 • TTR 4.8d • ~50% mid",12549913.028752001,130203.56,-0.01,-2.3529,2026-10-04T00:00:00+00:00,4.785,1,0.01,-0.58,0.415,1,"[{""name"": ""Top"", ""bestBid"": 0.41, ""bestAsk"": 0.42}]"
567621,0xd9fb1184af0064e5e34b129f5b79afa5a17b7e32f2953ab05efed82315fee6d4,will-china-invade-taiwan-before-2027,https://polymarket.com/event/will-china-invade-taiwan-before-2027,https://embed.polymarket.com/market.html?market=will-china-invade-taiwan-before-2027&features=volume&theme=light,Will China invade Taiwan by end of 2026?,politics,,"24h $29,340 • spread 0.001 • TTR 94.0d",42980364.035302006,29340.72,0.001,2.8986,2027-01-01T04:59:00+00:00,93.993,1,0.001,-0.964,0.0355,0,"[{""name"": ""Top"", ""bestBid"": 0.035, ""bestAsk"": 0.036}]"
601826,0x1a01bf78f56a507fcb666d564d8c8b91b0750679163ed6e96746102c9b7d285d,will-flvio-bolsonaro-win-the-2026-brazilian-presidential-election,https://polymarket.com/event/will-flvio-bolsonaro-win-the-2026-brazilian-presidential-election,https://embed.polymarket.com/market.html?market=will-flvio-bolsonaro-win-the-2026-brazilian-presidential-election&features=volume&theme=light,Will Flávio Bolsonaro win the 2026 Brazilian presidential election?,politics,,"24h $185,036 • spread 0.001 • TTR 4.8d • ~50% mid",12173022.114788005,185036.91,0.001,0.1729,2026-10-04T00:00:00+00:00,4.785,1,0.001,-0.42,0.5795,1,"[{""name"": ""Top"", ""bestBid"": 0.579, ""bestAsk"": 0.58}]"
703257,0x747dc809fb79e1b05be09c42d6179459a58de2ef3e40f02484a4e1260f741f75,will-the-us-confirm-that-aliens-exist-before-2027-789-924-249,https://polymarket.com/event/will-the-us-confirm-that-aliens-exist-before-2027-789-924-249,https://embed.polymarket.com/market.html?market=will-the-us-confirm-that-aliens-exist-before-2027-789-924-249&features=volume&theme=light,Will the US confirm that aliens exist before 2027?,aliens,,"24h $19,046 • spread 0.001 • TTR 94.0d",39893925.58219708,19046.12,-0.002,-5.4795,2027-01-01T04:59:00+00:00,93.993,1,0.001,-0.965,0.0345,0,"[{""name"": ""Top"", ""bestBid"": 0.034, ""bestAsk"": 0.035}]"
2063135,0xb6d6f15a1b5d08753653f1867ccd6126badfbe182a75159a330dc7b15336b309,will-gedion-timothewos-be-the-next-prime-minister-of-ethiopia,https://polymarket.com/event/will-gedion-timothewos-be-the-next-prime-minister-of-ethiopia,https://embed.polymarket.com/market.html?market=will-gedion-timothewos-be-the-next-prime-minister-of-ethiopia&features=volume&theme=light,Will Gedion Timothewos be the next Prime Minister of Ethiopia?,ethiopia,,spread 0.004 • TTR 825.0d,55938233.411122985,,-0.0035,-46.6667,2029-01-01T04:59:00+00:00,824.993,1,0.004,-0.994,0.004,0,"[{""name"": ""Top"", ""bestBid"": 0.002, ""bestAsk"": 0.006}]"
561251,0x836b850fc838195374862551a36f1c8691d96ff01e58b0a071f0fc1a0e357fb1,will-lebron-james-win-the-2028-us-presidential-election,https://polymarket.com/event/will-lebron-james-win-the-2028-us-presidential-election,https://embed.polymarket.com/market.html?market=will-lebron-james-win-the-2028-us-presidential-election&features=volume&theme=light,Will LeBron James win the 2028 US Presidential Election?,president,,24h $153 • TTR 769.8d,54782195.764108,153.55,0.0,0.0,2028-11-07T00:00:00+00:00,769.785,1,,-0.999,,0,"[{""name"": ""Top"", ""bestBid"": null, ""bestAsk"": 0.001}]"
559687,0xe06a7e94cf2fa8dc2085b7610fe16e9be1cde6654f34d365c13da1149b276c61,will-oprah-winfrey-win-the-2028-democratic-presidential-nomination,https://polymarket.com/event/will-oprah-winfrey-win-the-2028-democratic-presidential-nomination,https://embed.polymarket.com/market.html?market=will-oprah-winfrey-win-the-2028-democratic-presidential-nomination&features=volume&theme=light,Will Oprah Winfrey win the 2028 Democratic presidential nomination?,united-states,,24h $1 • TTR 771.0d,54430426.094329,1.4,0.0,0.0,2028-11-08T04:59:00+00:00,770.993,1,,-0.999,,0,"[{""name"": ""Top"", ""bestBid"": null, ""bestAsk"": 0.001}]"
601822,0x37ec4c6b57a18b16eed1241f6155ee7ff45bc1697d7848f15ac33d406e38ed00,will-michelle-bolsonaro-win-the-2026-brazilian-presidential-election,https://polymarket.com/event/will-michelle-bolsonaro-win-the-2026-brazilian-presidential-election,https://embed.polymarket.com/market.html?market=will-michelle-bolsonaro-win-the-2026-brazilian-presidential-election&features=volume&theme=light,Will Michelle Bolsonaro win the 2026 Brazilian presidential election?,politics,,TTR 4.8d,10378839.342318,,0.0,0.0,2026-10-04T00:00:00+00:00,4.785,1,,-0.999,,0,"[{""name"": ""Top"", ""bestBid"": null, ""bestAsk"": 0.001}]"
997488,0xd595eb9b81885ff018738300c79047e3ec89e87294424f57a29a7fa9162bf116,will-trump-acquire-greenland-before-2027,https://polymarket.com/event/will-trump-acquire-greenland-before-2027,https://embed.polymarket.com/market.html?market=will-trump-acquire-greenland-before-2027&features=volume&theme=light,Will Trump acquire Greenland before 2027?,davos,,"24h $5,205 • spread 0.002 • TTR 94.0d",35588270.4526021,5205.81,-0.0005,-1.8182,2027-01-01T04:59:00+00:00,93.993,1,0.002,-0.972,0.027,0,"[{""name"": ""Top"", ""bestBid"": 0.026, ""bestAsk"": 0.028}]"
559679,0x30cfb887558b20373a984da60c372fe5a90c0296aa6d8bb413a8aa7543846da2,will-bernie-sanders-win-the-2028-democratic-presidential-nomination-879,https://polymarket.com/event/will-bernie-sanders-win-the-2028-democratic-presidential-nomination-879,https://embed.polymarket.com/market.html?market=will-bernie-sanders-win-the-2028-democratic-presidential-nomination-879&features=volume&theme=light,Will Bernie Sanders win the 2028 Democratic presidential nomination?,united-states,,"24h $15,496 • spread 0.001 • TTR 771.0d",52809481.21099002,15496.72,0.0,0.0,2028-11-08T04:59:00+00:00,770.993,1,0.001,-0.993,0.0065,0,"[{""name"": ""Top"", ""bestBid"": 0.006, ""bestAsk"": 0.007}]"
601824,0xa59bb6bb91e5c1e4d533864520fbd3bb75d6d0ebb813b4cd8a8b88479bfa8966,will-carlos-roberto-massa-jnior-win-the-2026-brazilian-presidential-election,https://polymarket.com/event/will-carlos-roberto-massa-jnior-win-the-2026-brazilian-presidential-election,https://embed.polymarket.com/market.html?market=will-carlos-roberto-massa-jnior-win-the-2026-brazilian-presidential-election&features=volume&theme=light,Will Carlos Roberto Massa Júnior win the 2026 Brazilian presidential election?,politics,,TTR 5.8d,10465753.546619,,0.0,0.0,2026-10-04T23:59:00+00:00,5.785,1,,-0.999,,0,"[{""name"": ""Top"", ""bestBid"": null, ""bestAsk"": 0.001}]"
601823,0xe1d5733322fd2215f136412f419d9ff805d097f78c68de3261515ff736895f2b,will-eduardo-bolsonaro-win-the-2026-brazilian-presidential-election,https://polymarket.com/event/will-eduardo-bolsonaro-win-the-2026-brazilian-presidential-election,https://embed.polymarket.com/market.html?market=will-eduardo-bolsonaro-win-the-2026-brazilian-presidential-election&features=volume&theme=light,Will Eduardo Bolsonaro win the 2026 Brazilian presidential election?,politics,,TTR 5.8d,10457703.735772004,,0.0,0.0,2026-10-04T23:59:00+00:00,5.785,1,,-0.999,,0,"[{""name"": ""Top"", ""bestBid"": null, ""bestAsk"": 0.001}]"
559684,0xf2e51acfbb6d0414dc2ace81b7dc2af7c165e443dcb91f6caa7aab6d6ab4f06d,will-chelsea-clinton-win-the-2028-democratic-presidential-nomination,https://polymarket.com/event/will-chelsea-clinton-win-the-2028-democratic-presidential-nomination,https://embed.polymarket.com/market.html?market=will-chelsea-clinton-win-the-2028-democratic-presidential-nomination&features=volume&theme=light,Will Chelsea Clinton win the 2028 Democratic presidential nomination?,united-states,,"24h $2,259 • spread 0.001 • TTR 771.0d",50606607.773032986,2259.61,0.0,0.0,2028-11-08T04:59:00+00:00,770.993,1,0.001,-0.993,0.0065,0,"[{""name"": ""Top"", ""bestBid"": 0.006, ""bestAsk"": 0.007}]"
1105754,0x831493dce463d9adcad78c492f2cbec6ecdac31f4e8c5a894fdac68c130549d4,will-richard-grenell-be-the-leader-of-venezuela-end-of-2026,https://polymarket.com/event/will-richard-grenell-be-the-leader-of-venezuela-end-of-2026,https://embed.polymarket.com/market.html?market=will-richard-grenell-be-the-leader-of-venezuela-end-of-2026&features=volume&theme=light,Will Richard Grenell be the leader of Venezuela end of 2026?,trump-machado,,TTR 92.8d,32790733.048844993,,0.0,0.0,2026-12-31T00:00:00+00:00,92.785,1,,-0.999,,0,"[{""name"": ""Top"", ""bestBid"": null, ""bestAsk"": 0.001}]"
559688,0x450810ae738a0ff820d3248f2b24937f63fb8c8cf422ed2a915125adb4d9d3c8,will-andrew-yang-win-the-2028-democratic-presidential-nomination,https://polymarket.com/event/will-andrew-yang-win-the-2028-democratic-presidential-nomination,https://embed.polymarket.com/market.html?market=will-andrew-yang-win-the-2028-democratic-presidential-nomination&features=volume&theme=light,Will Andrew Yang win the 2028 Democratic presidential nomination?,united-states,,"24h $1,004 • TTR 771.0d",48906252.420604005,1004.9,0.0,0.0,2028-11-08T04:59:00+00:00,770.993,1,,-0.999,,0,"[{""name"": ""Top"", ""bestBid"": null, ""bestAsk"": 0.001}]"
559682,0x1945a8b23e313ed7423b6b6fd556f9ab5578900376b565a61dc480a5f4f35d21,will-person-a-win-the-2028-democratic-presidential-nomination,https://polymarket.com/event/will-person-a-win-the-2028-democratic-presidential-nomination,https://embed.polymarket.com/market.html?market=will-person-a-win-the-2028-democratic-presidential-nomination&features=volume&theme=light,Will Hunter Biden win the 2028 Democratic presidential nomination?,united-states,,24h $315 • spread 0.001 • TTR 771.0d,44502484.10621803,315.69,-0.0005,-10.0,2028-11-08T04:59:00+00:00,770.993,1,0.001,-0.995,0.0045,0,"[{""name"": ""Top"", ""bestBid"": 0.004, ""bestAsk"": 0.005}]"
561247,0xae70ab9bf1c3726fe430a2ba8b517697ae24e0f0ab554b876a5b521153068882,will-tim-walz-win-the-2028-us-presidential-election,https://polymarket.com/event/will-tim-walz-win-the-2028-us-presidential-election,https://embed.polymarket.com/market.html?market=will-tim-walz-win-the-2028-us-presidential-election&features=volume&theme=light,Will Tim Walz win the 2028 US Presidential Election?,president,,24h $11 • TTR 845.0d,44726788.12510299,11.43,0.0,0.0,2029-01-21T04:59:00+00:00,844.993,1,,-0.999,,0,"[{""name"": ""Top"", ""bestBid"": null, ""bestAsk"": 0.001}]"
561986,0xd1747284d6048b2a3dcfbee489db405f36de18f9590197dd0e5c9f0c246bf050,will-byron-donalds-win-the-2028-republican-presidential-nomination,https://polymarket.com/event/will-byron-donalds-win-the-2028-republican-presidential-nomination,https://embed.polymarket.com/market.html?market=will-byron-donalds-win-the-2028-republican-presidential-nomination&features=volume&theme=light,Will Byron Donalds win the 2028 Republican presidential nomination?,united-states,,24h $46 • spread 0.001 • TTR 771.0d,44427958.46007003,46.36,0.0,0.0,2028-11-08T04:59:00+00:00,770.993,1,0.001,-0.998,0.0015,0,"[{""name"": ""Top"", ""bestBid"": 0.001, ""bestAsk"": 0.002}]"
559677,0x663b88d3a8f2341bb8d878709dc78632bcaf7512e577bd15521e5d8ed933efbc,will-hillary-clinton-win-the-2028-democratic-presidential-nomination,https://polymarket.com/event/will-hillary-clinton-win-the-2028-democratic-presidential-nomination,https://embed.polymarket.com/market.html?market=will-hillary-clinton-win-the-2028-democratic-presidential-nomination&features=volume&theme=light,Will Hillary Clinton win the 2028 Democratic presidential nomination?,united-states,,24h $272 • spread 0.001 • TTR 771.0d,44132159.85527303,272.95,0.0,0.0,2028-11-08T04:59:00+00:00,770.993,1,0.001,-0.998,0.0015,0,"[{""name"": ""Top"", ""bestBid"": 0.001, ""bestAsk"": 0.002}]"
559681,0x8b203037c7c0e21b500314f8398d2a8ea294b7ce1f4f9185f426425a3505bc45,will-lebron-james-win-the-2028-democratic-presidential-nomination,https://polymarket.com/event/will-lebron-james-win-the-2028-democratic-presidential-nomination,https://embed.polymarket.com/market.html?market=will-lebron-james-win-the-2028-democratic-presidential-nomination&features=volume&theme=light,Will LeBron James win the 2028 Democratic presidential nomination?,united-states,,"24h $1,000 • TTR 771.0d",43987353.617427014,1000.0,0.0,0.0,2028-11-08T04:59:00+00:00,770.993,1,,-0.999,,0,"[{""name"": ""Top"", ""bestBid"": null, ""bestAsk"": 0.001}]"
561995,0x41c6341dd79903aca4bb0c29f5a7976946c3774d2fd72f38cbb7de7092144520,will-mike-pence-win-the-2028-republican-presidential-nomination,https://polymarket.com/event/will-mike-pence-win-the-2028-republican-presidential-nomination,https://embed.polymarket.com/market.html?market=will-mike-pence-win-the-2028-republican-presidential-nomination&features=volume&theme=light,Will Mike Pence win the 2028 Republican presidential nomination?,united-states,,24h $35 • spread 0.001 • TTR 771.0d,43714285.36843102,35.33,0.0,0.0,2028-11-08T04:59:00+00:00,770.993,1,0.001,-0.998,0.0015,0,"[{""name"": ""Top"", ""bestBid"": 0.001, ""bestAsk"": 0.002}]"
559666,0x3265b10daeb30dbcc3214bd02e488551d0a5d3028392f4152e4750b943fbfc91,will-tim-walz-win-the-2028-democratic-presidential-nomination-475,https://polymarket.com/event/will-tim-walz-win-the-2028-democratic-presidential-nomination-475,https://embed.polymarket.com/market.html?market=will-tim-walz-win-the-2028-democratic-presidential-nomination-475&features=volume&theme=light,Will Tim Walz win the 2028 Democratic presidential nomination?,united-states,,"24h $1,015 • TTR 771.0d",43510376.503428,1015.53,0.0,0.0,2028-11-08T04:59:00+00:00,770.993,1,,-0.999,,0,"[{""name"": ""Top"", ""bestBid"": null, ""bestAsk"": 0.001}]"
559683,0x822e61527476cabf98927e3aad385c5ecdae7086f945535f2c1fd9ae8dbfa46e,will-george-clooney-win-the-2028-democratic-presidential-nomination,https://polymarket.com/event/will-george-clooney-win-the-2028-democratic-presidential-nomination,https://embed.polymarket.com/market.html?market=will-george-clooney-win-the-2028-democratic-presidential-nomination&features=volume&theme=light,Will George Clooney win the 2028 Democratic presidential nomination?,united-states,,"24h $1,000 • TTR 771.0d",43454531.61337498,1000.0,0.0,0.0,2028-11-08T04:59:00+00:00,770.993,1,,-0.999,,0,"[{""name"": ""Top"", ""bestBid"": null, ""bestAsk"": 0.001}]"
559690,0x0f8ef3cc906ba7ba94a44724738df44bdd5f73e59e40c9c8b4ff8569e349643c,will-kim-kardashian-win-the-2028-democratic-presidential-nomination,https://polymarket.com/event/will-kim-kardashian-win-the-2028-democratic-presidential-nomination,https://embed.polymarket.com/market.html?market=will-kim-kardashian-win-the-2028-democratic-presidential-nomination&features=volume&theme=light,Will Kim Kardashian win the 2028 Democratic presidential nomination?,united-states,,TTR 771.0d,42919729.30817099,,0.0,0.0,2028-11-08T04:59:00+00:00,770.993,1,,-0.999,,0,"[{""name"": ""Top"", ""bestBid"": null, ""bestAsk"": 0.001}]"
559680,0x29283b56d3eec6d1d89fff51793d9d2e01579d2379b1d3e9ebda175d3561e809,will-phil-murphy-win-the-2028-democratic-presidential-nomination-611,https://polymarket.com/event/will-phil-murphy-win-the-2028-democratic-presidential-nomination-611,https://embed.polymarket.com/market.html?market=will-phil-murphy-win-the-2028-democratic-presidential-nomination-611&features=volume&theme=light,Will Phil Murphy win the 2028 Democratic presidential nomination?,united-states,,24h $439 • spread 0.001 • TTR 771.0d,42895008.37136502,439.11,0.0,0.0,2028-11-08T04:59:00+00:00,770.993,1,0.001,-0.998,0.0015,0,"[{""name"": ""Top"", ""bestBid"": 0.001, ""bestAsk"": 0.002}]"
559689,0x8ecd1d15e521b7d1020ad5596cc981c8764e9dcfbc3648f582e1a5138aee7185,will-beto-orourke-win-the-2028-democratic-presidential-nomination,https://polymarket.com/event/will-beto-orourke-win-the-2028-democratic-presidential-nomination,https://embed.polymarket.com/market.html?market=will-beto-orourke-win-the-2028-democratic-presidential-nomination&features=volume&theme=light,Will Beto O’Rourke win the 2028 Democratic presidential nomination?,united-states,,24h $264 • TTR 771.0d,42813220.20664799,264.32,0.0,0.0,2028-11-08T04:59:00+00:00,770.993,1,,-0.999,,0,"[{""name"": ""Top"", ""bestBid"": null, ""bestAsk"": 0.001}]"
2063133,0xf426c69674c6637f2b458c76d9920faa814d4daa8c308e0b8ba554dda509cb8b,will-shimelis-abdisa-be-the-next-prime-minister-of-ethiopia,https://polymarket.com/event/will-shimelis-abdisa-be-the-next-prime-minister-of-ethiopia,https://embed.polymarket.com/market.html?market=will-shimelis-abdisa-be-the-next-prime-minister-of-ethiopia&features=volume&theme=light,Will Shimelis Abdisa be the next Prime Minister of Ethiopia?,ethiopia,,spread 0.008 • TTR 825.0d,41582453.392531,,0.0,0.0,2029-01-01T04:59:00+00:00,824.993,1,0.008,-0.989,0.007,0,"[{""name"": ""Top"", ""bestBid"": 0.003, ""bestAsk"": 0.011}]"
559685,0xc44edcfdedb422bae8ff1803e2178d1ee025fc41efd81400ccbede709e018841,will-mrbeast-win-the-2028-democratic-presidential-nomination,https://polymarket.com/event/will-mrbeast-win-the-2028-democratic-presidential-nomination,https://embed.polymarket.com/market.html?market=will-mrbeast-win-the-2028-democratic-presidential-nomination&features=volume&theme=light,Will MrBeast win the 2028 Democratic presidential nomination?,united-states,,"24h $1,000 • TTR 771.0d",41010545.181762986,1000.0,0.0,0.0,2028-11-08T04:59:00+00:00,770.993,1,,-0.999,,0,"[{""name"": ""Top"", ""bestBid"": null, ""bestAsk"": 0.001}]"
561254,0x7f695758278e6d4d9e63df862afa88d664d3402a3d26e4d32ae05121cdbddba6,will-kim-kardashian-win-the-2028-us-presidential-election,https://polymarket.com/event/will-kim-kardashian-win-the-2028-us-presidential-election,https://embed.polymarket.com/market.html?market=will-kim-kardashian-win-the-2028-us-presidential-election&features=volume&theme=light,Will Kim Kardashian win the 2028 US Presidential Election?,president,,24h $97 • TTR 845.0d,40273202.74361599,97.32,0.0,0.0,2029-01-21T04:59:00+00:00,844.993,1,,-0.999,,0,"[{""name"": ""Top"", ""bestBid"": null, ""bestAsk"": 0.001}]"
601831,0x70f1a7d2cd490b640676d5e31470bcbe16fef40087de1af8b6f6e44e299b5784,will-eduardo-leite-win-the-2026-brazilian-presidential-election,https://polymarket.com/event/will-eduardo-leite-win-the-2026-brazilian-presidential-election,https://embed.polymarket.com/market.html?market=will-eduardo-leite-win-the-2026-brazilian-presidential-election&features=volume&theme=light,Will Eduardo Leite win the 2026 Brazilian presidential election?,politics,,TTR 5.8d,8012906.969926997,,0.0,0.0,2026-10-04T23:59:00+00:00,5.785,1,,-0.999,,0,"[{""name"": ""Top"", ""bestBid"": null, ""bestAsk"": 0.001}]"
663583,0xbb4d51e6364066d92eb6f9b8413dd7193de70966736044463b205834805a1f3b,will-the-iranian-regime-fall-by-the-end-of-2026,https://polymarket.com/event/will-the-iranian-regime-fall-by-the-end-of-2026,https://embed.polymarket.com/market.html?market=will-the-iranian-regime-fall-by-the-end-of-2026&features=volume&theme=light,Will the Iranian regime fall before 2027?,reza-pahlavi,,"24h $22,504 • spread 0.010 • TTR 94.0d",26391365.454755973,22504.66,0.0,0.0,2027-01-01T04:59:00+00:00,93.993,1,0.01,-0.93,0.065,0,"[{""name"": ""Top"", ""bestBid"": 0.06, ""bestAsk"": 0.07}]"
1105752,0x8063a2c9fa21c4a1470b33fee132d6d61fb5b7dcd667dcac3bb82ae15ad70c0d,will-frank-donovan-be-the-leader-of-venezuela-end-of-2026,https://polymarket.com/event/will-frank-donovan-be-the-leader-of-venezuela-end-of-2026,https://embed.polymarket.com/market.html?market=will-frank-donovan-be-the-leader-of-venezuela-end-of-2026&features=volume&theme=light,Will Frank Donovan be the leader of Venezuela end of 2026?,trump-machado,,"24h $26,760 • spread 0.001 • TTR 92.8d",25887255.842588,26760.08,0.0,0.0,2026-12-31T00:00:00+00:00,92.785,1,0.001,-0.998,0.0015,0,"[{""name"": ""Top"", ""bestBid"": 0.001, ""bestAsk"": 0.002}]"
559671,0x3535fb2f4aef6619dde8b367cb5e5d209526bb496d5d9778428c58a0252435e3,will-zohran-mamdani-win-the-2028-democratic-presidential-nomination-445,https://polymarket.com/event/will-zohran-mamdani-win-the-2028-democratic-presidential-nomination-445,https://embed.polymarket.com/market.html?market=will-zohran-mamdani-win-the-2028-democratic-presidential-nomination-445&features=volume&theme=light,Will Zohran Mamdani win the 2028 Democratic presidential nomination?,united-states,,24h $471 • spread 0.001 • TTR 771.0d,38952168.66121006,471.15,0.0,0.0,2028-11-08T04:59:00+00:00,770.993,1,0.001,-0.998,0.0015,0,"[{""name"": ""Top"", ""bestBid"": 0.001, ""bestAsk"": 0.002}]"
601827,0xbca3d70ec52a5a441ccc365a3b1b48b9cd0f08dfff4bc5871e2cd92d0d92caa1,will-ronaldo-caiado-win-the-2026-brazilian-presidential-election,https://polymarket.com/event/will-ronaldo-caiado-win-the-2026-brazilian-presidential-election,https://embed.polymarket.com/market.html?market=will-ronaldo-caiado-win-the-2026-brazilian-presidential-election&features=volume&theme=light,Will Ronaldo Caiado win the 2026 Brazilian presidential election?,politics,,24h $128 • TTR 5.8d,7786729.798361998,128.61,0.0,0.0,2026-10-04T23:59:00+00:00,5.785,1,,-0.999,,0,"[{""name"": ""Top"", ""bestBid"": null, ""bestAsk"": 0.001}]"
559678,0x46dbd48d6bde5b81edb480e0f676a2cdda6c6b592c4d86a9367c7ad5a9870195,will-liz-cheney-win-the-2028-democratic-presidential-nomination-551,https://polymarket.com/event/will-liz-cheney-win-the-2028-democratic-presidential-nomination-551,https://embed.polymarket.com/market.html?market=will-liz-cheney-win-the-2028-democratic-presidential-nomination-551&features=volume&theme=light,Will Liz Cheney win the 2028 Democratic presidential nomination?,united-states,,"24h $3,042 • TTR 771.0d",38538695.242622,3042.68,0.0,0.0,2028-11-08T04:59:00+00:00,770.993,1,,-0.999,,0,"[{""name"": ""Top"", ""bestBid"": null, ""bestAsk"": 0.001}]"
601820,0x63d8f3a34c90bd5342dda8acf62b6a898dfa52f86475efaf180b66493ef6af80,will-jair-bolsonaro-win-the-2026-brazilian-presidential-election,https://polymarket.com/event/will-jair-bolsonaro-win-the-2026-brazilian-presidential-election,https://embed.polymarket.com/market.html?market=will-jair-bolsonaro-win-the-2026-brazilian-presidential-election&features=volume&theme=light,Will Jair Bolsonaro win the 2026 Brazilian presidential election?,politics,,"24h $1,055 • TTR 4.8d",7391754.328874001,1055.38,0.0,0.0,2026-10-04T00:00:00+00:00,4.785,1,,-0.999,,0,"[{""name"": ""Top"", ""bestBid"": null, ""bestAsk"": 0.001}]"
601821,0xdd3d104667774208eae2239f576122ecdd1c04ba81cc14d26d22a36b33887977,will-fernando-haddad-win-the-2026-brazilian-presidential-election,https://polymarket.com/event/will-fernando-haddad-win-the-2026-brazilian-presidential-election,https://embed.polymarket.com/market.html?market=will-fernando-haddad-win-the-2026-brazilian-presidential-election&features=volume&theme=light,Will Fernando Haddad win the 2026 Brazilian presidential election?,politics,,"24h $153,832 • TTR 5.8d",7706795.621963002,153832.2,0.0,0.0,2026-10-04T23:59:00+00:00,5.785,1,,-0.999,,0,"[{""name"": ""Top"", ""bestBid"": null, ""bestAsk"": 0.001}]"
601828,0x054725b2a7971376f7924a7021221b12acc50fe78d97817824fe411704d5b5a2,will-romeu-zema-win-the-2026-brazilian-presidential-election,https://polymarket.com/event/will-romeu-zema-win-the-2026-brazilian-presidential-election,https://embed.polymarket.com/market.html?market=will-romeu-zema-win-the-2026-brazilian-presidential-election&features=volume&theme=light,Will Romeu Zema win the 2026 Brazilian presidential election?,politics,,24h $66 • TTR 5.8d,7706084.811736001,66.23,0.0,0.0,2026-10-04T23:59:00+00:00,5.785,1,,-0.999,,0,"[{""name"": ""Top"", ""bestBid"": null, ""bestAsk"": 0.001}]"
561993,0x7190eccbd0677d5d0ae8cdf598b37e945a346915c666dda11468dc9970657a56,will-john-thune-win-the-2028-republican-presidential-nomination,https://polymarket.com/event/will-john-thune-win-the-2028-republican-presidential-nomination,https://embed.polymarket.com/market.html?market=will-john-thune-win-the-2028-republican-presidential-nomination&features=volume&theme=light,Will John Thune win the 2028 Republican presidential nomination?,united-states,,24h $11 • TTR 769.8d,38187133.565501995,11.08,0.0,0.0,2028-11-07T00:00:00+00:00,769.785,1,,-0.999,,0,"[{""name"": ""Top"", ""bestBid"": null, ""bestAsk"": 0.001}]"
561248,0x64396449b471b10b006285fa49dd9a5df535694de7b4c703fdeb0d88d5c4cd33,will-vivek-ramaswamy-win-the-2028-us-presidential-election,https://polymarket.com/event/will-vivek-ramaswamy-win-the-2028-us-presidential-election,https://embed.polymarket.com/market.html?market=will-vivek-ramaswamy-win-the-2028-us-presidential-election&features=volume&theme=light,Will Vivek Ramaswamy win the 2028 US Presidential Election?,president,,"24h $1,400 • TTR 845.0d",37956628.95918998,1400.0,0.0,0.0,2029-01-21T04:59:00+00:00,844.993,1,,-0.999,,0,"[{""name"": ""Top"", ""bestBid"": null, ""bestAsk"": 0.001}]"
561994,0x5f1b1caf70eb994bfff2986727a05a3ac9f7ec8b0da4017f7732596d023e5a07,will-kristi-noem-win-the-2028-republican-presidential-nomination,https://polymarket.com/event/will-kristi-noem-win-the-2028-republican-presidential-nomination,https://embed.polymarket.com/market.html?market=will-kristi-noem-win-the-2028-republican-presidential-nomination&features=volume&theme=light,Will Kristi Noem win the 2028 Republican presidential nomination?,united-states,,24h $206 • spread 0.001 • TTR 771.0d,37659805.291099004,206.0,0.0,0.0,2028-11-08T04:59:00+00:00,770.993,1,0.001,-0.998,0.0015,0,"[{""name"": ""Top"", ""bestBid"": 0.001, ""bestAsk"": 0.002}]"
601830,0xd0536d9612e041312235baceac52bde48821e8aad4607533513b3782904b7d49,will-geraldo-alckmin-win-the-2026-brazilian-presidential-election,https://polymarket.com/event/will-geraldo-alckmin-win-the-2026-brazilian-presidential-election,https://embed.polymarket.com/market.html?market=will-geraldo-alckmin-win-the-2026-brazilian-presidential-election&features=volume&theme=light,Will Geraldo Alckmin win the 2026 Brazilian presidential election?,politics,,"24h $148,798 • spread 0.001 • TTR 4.8d",7045378.769184001,148798.2,0.001,66.6667,2026-10-04T00:00:00+00:00,4.785,1,0.001,-0.997,0.0025,0,"[{""name"": ""Top"", ""bestBid"": 0.002, ""bestAsk"": 0.003}]"
559692,0x3cd6e52603d80ddbbdac9b1a4d43f9b7faa6aae4fae4d0fdfad3bd58454da7d3,will-jasmine-crockett-win-the-2028-democratic-presidential-nomination,https://polymarket.com/event/will-jasmine-crockett-win-the-2028-democratic-presidential-nomination,https://embed.polymarket.com/market.html?market=will-jasmine-crockett-win-the-2028-democratic-presidential-nomination&features=volume&theme=light,Will Jasmine Crockett win the 2028 Democratic presidential nomination?,united-states,,24h $445 • spread 0.001 • TTR 771.0d,36472312.971113995,445.21,0.0,0.0,2028-11-08T04:59:00+00:00,770.993,1,0.001,-0.998,0.0015,0,"[{""name"": ""Top"", ""bestBid"": 0.001, ""bestAsk"": 0.002}]"
559670,0xcb239105ed21a2420ba4d85090b9bc32755c56601ffdc528afd17fd6282fe930,will-gina-raimondo-win-the-2028-democratic-presidential-nomination-676,https://polymarket.com/event/will-gina-raimondo-win-the-2028-democratic-presidential-nomination-676,https://embed.polymarket.com/market.html?market=will-gina-raimondo-win-the-2028-democratic-presidential-nomination-676&features=volume&theme=light,Will Gina Raimondo win the 2028 Democratic presidential nomination?,united-states,,"24h $1,123 • spread 0.001 • TTR 771.0d",35777466.22199901,1123.15,0.0,0.0,2028-11-08T04:59:00+00:00,770.993,1,0.001,-0.998,0.0015,0,"[{""name"": ""Top"", ""bestBid"": 0.001, ""bestAsk"": 0.002}]"
561982,0x00ad3bb5284b0b2314b1a2d42812fe292f606619c6278bd95c9d905816c240f6,will-sarah-huckabee-sanders-win-the-2028-republican-presidential-nomination,https://polymarket.com/event/will-sarah-huckabee-sanders-win-the-2028-republican-presidential-nomination,https://embed.polymarket.com/market.html?market=will-sarah-huckabee-sanders-win-the-2028-republican-presidential-nomination&features=volume&theme=light,Will Sarah Huckabee Sanders win the 2028 Republican presidential nomination?,united-states,,24h $39 • TTR 769.8d,35512936.853975,39.14,0.0,0.0,2028-11-07T00:00:00+00:00,769.785,1,,-0.999,,0,"[{""name"": ""Top"", ""bestBid"": null, ""bestAsk"": 0.001}]"
561242,0x8fc141205ebce5adf437bfdf4d0c5ff58ff24293b79c9431991346c208bb48ed,will-tulsi-gabbard-win-the-2028-us-presidential-election,https://polymarket.com/event/will-tulsi-gabbard-win-the-2028-us-presidential-election,https://embed.polymarket.com/market.html?market=will-tulsi-gabbard-win-the-2028-us-presidential-election&features=volume&theme=light,Will Tulsi Gabbard win the 2028 US Presidential Election?,president,,"24h $2,019 • spread 0.001 • TTR 845.0d",35396915.68225898,2020.0,0.0,0.0,2029-01-21T04:59:00+00:00,844.993,1,0.001,-0.998,0.0015,0,"[{""name"": ""Top"", ""bestBid"": 0.001, ""bestAsk"": 0.002}]"
561249,0x01dffa7abae7e5d9b7fb44b06d537c5ac932e2ca422ab4b53366672f5e2dc7d6,will-greg-abbott-win-the-2028-us-presidential-election,https://polymarket.com/event/will-greg-abbott-win-the-2028-us-presidential-election,https://embed.polymarket.com/market.html?market=will-greg-abbott-win-the-2028-us-presidential-election&features=volume&theme=light,Will Greg Abbott win the 2028 US Presidential Election?,president,,"24h $1,154 • spread 0.001 • TTR 845.0d",35388038.558882035,1154.88,0.0,0.0,2029-01-21T04:59:00+00:00,844.993,1,0.001,-0.997,0.0025,0,"[{""name"": ""Top"", ""bestBid"": 0.002, ""bestAsk"": 0.003}]"
1163699,0x9cb23d04b2ded06147482076688b69b487a8d982c63ebdda2ab3678cf27cf390,clarity-act-signed-into-law-in-2026,https://polymarket.com/event/clarity-act-signed-into-law-in-2026,https://embed.polymarket.com/market.html?market=clarity-act-signed-into-law-in-2026&features=volume&theme=light,Clarity Act (H.R.3633) signed into law in 2026?,crypto,,"24h $164,771 • spread 0.001 • TTR 94.0d",23246149.940965023,164771.89,-0.0045,-8.0357,2027-01-01T05:00:00+00:00,93.994,1,0.001,-0.948,0.0515,0,"[{""name"": ""Top"", ""bestBid"": 0.051, ""bestAsk"": 0.052}]"
559676,0x88d67705780a3d922317ecb0c78a947a306174d0510df2ae89394d5abfb28206,will-barack-obama-win-the-2028-democratic-presidential-nomination-265,https://polymarket.com/event/will-barack-obama-win-the-2028-democratic-presidential-nomination-265,https://embed.polymarket.com/market.html?market=will-barack-obama-win-the-2028-democratic-presidential-nomination-265&features=volume&theme=light,Will Barack Obama win the 2028 Democratic presidential nomination?,united-states,,24h $430 • spread 0.001 • TTR 771.0d,34174479.32386003,430.44,0.0,0.0,2028-11-08T04:59:00+00:00,770.993,1,0.001,-0.998,0.0015,0,"[{""name"": ""Top"", ""bestBid"": 0.001, ""bestAsk"": 0.002}]"
560317,0x6bd56627aa21311850825edb27e53434a0e17a4f782be0086bc07f71eee00d0d,putin-out-before-2027-346,https://polymarket.com/event/putin-out-before-2027-346,https://embed.polymarket.com/market.html?market=putin-out-before-2027-346&features=volume&theme=light,"Putin out as President of Russia by December 31, 2026?",putin,,"24h $211,011 • spread 0.001 • TTR 94.0d",22426914.43528902,211011.75,-0.01,-25.974,2027-01-01T04:59:00+00:00,93.993,1,0.001,-0.971,0.0285,0,"[{""name"": ""Top"", ""bestBid"": 0.028, ""bestAsk"": 0.029}]"
561240,0x66b906b8205f48a26beb8e553bbb1e7954e87e4f6e1d539823441221d1806e8f,will-stephen-smith-win-the-2028-us-presidential-election,https://polymarket.com/event/will-stephen-smith-win-the-2028-us-presidential-election,https://embed.polymarket.com/market.html?market=will-stephen-smith-win-the-2028-us-presidential-election&features=volume&theme=light,Will Stephen Smith win the 2028 US Presidential Election?,president,,TTR 845.0d,33482295.98349401,,0.0,0.0,2029-01-21T04:59:00+00:00,844.993,1,,-0.999,,0,"[{""name"": ""Top"", ""bestBid"": null, ""bestAsk"": 0.001}]"
561999,0xf8dbde8b6e038775a673947e59da2de15a2127272b50b9877400fdbf7cfc3026,will-tom-brady-win-the-2028-republican-presidential-nomination,https://polymarket.com/event/will-tom-brady-win-the-2028-republican-presidential-nomination,https://embed.polymarket.com/market.html?market=will-tom-brady-win-the-2028-republican-presidential-nomination&features=volume&theme=light,Will Tom Brady win the 2028 Republican presidential nomination?,united-states,,24h $116 • TTR 771.0d,32969238.361229017,116.73,0.0,0.0,2028-11-08T04:59:00+00:00,770.993,1,,-0.999,,0,"[{""name"": ""Top"", ""bestBid"": null, ""bestAsk"": 0.001}]"
559664,0xdce84960dce38aa4a5800a5eba7c9ac34d2ce49ba9d44c42572c472d468af264,will-raphael-warnock-win-the-2028-democratic-presidential-nomination-914,https://polymarket.com/event/will-raphael-warnock-win-the-2028-democratic-presidential-nomination-914,https://embed.polymarket.com/market.html?market=will-raphael-warnock-win-the-2028-democratic-presidential-nomination-914&features=volume&theme=light,Will Raphael Warnock win the 2028 Democratic presidential nomination?,united-states,,24h $639 • spread 0.001 • TTR 771.0d,32481815.219301004,639.43,0.0,0.0,2028-11-08T04:59:00+00:00,770.993,1,0.001,-0.994,0.0055,0,"[{""name"": ""Top"", ""bestBid"": 0.005, ""bestAsk"": 0.006}]"
2063129,0x7c97f7315ac9a2e0eabe9b2b9caa8369feff95180483b5168a5274b69762690c,will-belete-molla-be-the-next-prime-minister-of-ethiopia,https://polymarket.com/event/will-belete-molla-be-the-next-prime-minister-of-ethiopia,https://embed.polymarket.com/market.html?market=will-belete-molla-be-the-next-prime-minister-of-ethiopia&features=volume&theme=light,Will Belete Molla be the next Prime Minister of Ethiopia?,ethiopia,,spread 0.005 • TTR 825.0d,32292058.561427,,-0.001,-18.1818,2029-01-01T04:59:00+00:00,824.993,1,0.005,-0.993,0.0045,0,"[{""name"": ""Top"", ""bestBid"": 0.002, ""bestAsk"": 0.007}]"
559672,0x939eeb2dea216749bd409bedde483c3f2bfb0e24d4f2d34461c0b21c6e91f010,will-roy-cooper-win-the-2028-democratic-presidential-nomination-286,https://polymarket.com/event/will-roy-cooper-win-the-2028-democratic-presidential-nomination-286,https://embed.polymarket.com/market.html?market=will-roy-cooper-win-the-2028-democratic-presidential-nomination-286&features=volume&theme=light,Will Roy Cooper win the 2028 Democratic presidential nomination?,united-states,,24h $338 • spread 0.001 • TTR 771.0d,31724210.004226003,338.08,0.0,0.0,2028-11-08T04:59:00+00:00,770.993,1,0.001,-0.998,0.0015,0,"[{""name"": ""Top"", ""bestBid"": 0.001, ""bestAsk"": 0.002}]"
3128887,0x30174f3f46398e37c96a07b45916e01eab9a8a854ecb624ac73a91a8490fd074,us-announces-end-of-iranian-blockade-by-september-30-2026-20260727171615364-722-649-646-561-213-644-414-831,https://polymarket.com/event/us-announces-end-of-iranian-blockade-by-september-30-2026-20260727171615364-722-649-646-561-213-644-414-831,https://embed.polymarket.com/market.html?market=us-announces-end-of-iranian-blockade-by-september-30-2026-20260727171615364-722-649-646-561-213-644-414-831&features=volume&theme=light,"US announces end of Iranian blockade by September 30, 2026?",iran,,"24h $243,671 • spread 0.001 • TTR 2.0d",5193088.767780003,243671.19,-0.004,-12.3077,2026-10-01T03:59:00+00:00,1.951,1,0.001,-0.971,0.0285,0,"[{""name"": ""Top"", ""bestBid"": 0.028, ""bestAsk"": 0.029}]"
561990,0xfbb80ea5f8fc02ee7df8bd4f58790e1d04b874078a49a7b7028a74a2075100c9,will-elon-musk-win-the-2028-republican-presidential-nomination,https://polymarket.com/event/will-elon-musk-win-the-2028-republican-presidential-nomination,https://embed.polymarket.com/market.html?market=will-elon-musk-win-the-2028-republican-presidential-nomination&features=volume&theme=light,Will Elon Musk win the 2028 Republican presidential nomination?,united-states,,"24h $5,080 • spread 0.001 • TTR 771.0d",31391022.033576015,5080.85,0.0,0.0,2028-11-08T04:59:00+00:00,770.993,1,0.001,-0.998,0.0015,0,"[{""name"": ""Top"", ""bestBid"": 0.001, ""bestAsk"": 0.002}]"
561245,0xe0173375b7eaccb836f7b92d28a9a2d1cc69e54e5a65fae89a5d7e49aadd332e,will-nikki-haley-win-the-2028-us-presidential-election,https://polymarket.com/event/will-nikki-haley-win-the-2028-us-presidential-election,https://embed.polymarket.com/market.html?market=will-nikki-haley-win-the-2028-us-presidential-election&features=volume&theme=light,Will Nikki Haley win the 2028 US Presidential Election?,president,,24h $24 • TTR 845.0d,30173202.657047007,24.1,0.0,0.0,2029-01-21T04:59:00+00:00,844.993,1,,-0.999,,0,"[{""name"": ""Top"", ""bestBid"": null, ""bestAsk"": 0.001}]"
2063130,0x72af7d77091bd2209f78a45a13876beefc734768177dbc0c8171f515ba1a52a7,will-berhanu-nega-be-the-next-prime-minister-of-ethiopia,https://polymarket.com/event/will-berhanu-nega-be-the-next-prime-minister-of-ethiopia,https://embed.polymarket.com/market.html?market=will-berhanu-nega-be-the-next-prime-minister-of-ethiopia&features=volume&theme=light,Will Berhanu Nega be the next Prime Minister of Ethiopia?,ethiopia,,spread 0.002 • TTR 825.0d,29707646.329099998,,-0.0005,-14.2857,2029-01-01T04:59:00+00:00,824.993,1,0.002,-0.996,0.003,0,"[{""name"": ""Top"", ""bestBid"": 0.002, ""bestAsk"": 0.004}]"
2063132,0xf5ee4b6bd7d585c0e12e530074d0324493c302b82e127c832d15c89a610c0453,will-demeke-mekonnen-be-the-next-prime-minister-of-ethiopia,https://polymarket.com/event/will-demeke-mekonnen-be-the-next-prime-minister-of-ethiopia,https://embed.polymarket.com/market.html?market=will-demeke-mekonnen-be-the-next-prime-minister-of-ethiopia&features=volume&theme=light,Will Demeke Mekonnen be the next Prime Minister of Ethiopia?,ethiopia,,spread 0.020 • TTR 825.0d,29330600.537182003,,0.0005,3.5714,2029-01-01T04:59:00+00:00,824.993,1,0.02,-0.977,0.013,0,"[{""name"": ""Top"", ""bestBid"": 0.003, ""bestAsk"": 0.023}]"
561992,0x61a1278884fa70d68d4bcaaf72fad55bbdb063cac28c6947472ca91635fab10f,will-katie-britt-win-the-2028-republican-presidential-nomination,https://polymarket.com/event/will-katie-britt-win-the-2028-republican-presidential-nomination,https://embed.polymarket.com/market.html?market=will-katie-britt-win-the-2028-republican-presidential-nomination&features=volume&theme=light,Will Katie Britt win the 2028 Republican presidential nomination?,united-states,,24h $40 • spread 0.001 • TTR 771.0d,28968418.22537401,40.48,0.0,0.0,2028-11-08T04:59:00+00:00,770.993,1,0.001,-0.997,0.0025,0,"[{""name"": ""Top"", ""bestBid"": 0.002, ""bestAsk"": 0.003}]"
562003,0x414378275cb214b747245942be889ee1e077c56d1c00eb4d726629c95f22b5a5,will-kim-kardashian-win-the-2028-republican-presidential-nomination,https://polymarket.com/event/will-kim-kardashian-win-the-2028-republican-presidential-nomination,https://embed.polymarket.com/market.html?market=will-kim-kardashian-win-the-2028-republican-presidential-nomination&features=volume&theme=light,Will Kim Kardashian win the 2028 Republican presidential nomination?,united-states,,"24h $2,164 • spread 0.001 • TTR 771.0d",28568711.825341012,2164.42,0.0,0.0,2028-11-08T04:59:00+00:00,770.993,1,0.001,-0.998,0.0015,0,"[{""name"": ""Top"", ""bestBid"": 0.001, ""bestAsk"": 0.002}]"
561238,0xc4435df23facee8c4cd86090310c7835c2a0425646b2588b0a02e67fa42f444e,will-glenn-youngkin-win-the-2028-us-presidential-election,https://polymarket.com/event/will-glenn-youngkin-win-the-2028-us-presidential-election,https://embed.polymarket.com/market.html?market=will-glenn-youngkin-win-the-2028-us-presidential-election&features=volume&theme=light,Will Glenn Youngkin win the 2028 US Presidential Election?,president,,24h $993 • spread 0.001 • TTR 845.0d,28215137.927642997,993.23,0.0,0.0,2029-01-21T04:59:00+00:00,844.993,1,0.001,-0.998,0.0015,0,"[{""name"": ""Top"", ""bestBid"": 0.001, ""bestAsk"": 0.002}]"
561987,0x655b4bfdfa55a95c24d6e9bf7e7cd62f1b57da9a1f4c7f40f090b8ba847dffa2,will-elise-stefanik-win-the-2028-republican-presidential-nomination,https://polymarket.com/event/will-elise-stefanik-win-the-2028-republican-presidential-nomination,https://embed.polymarket.com/market.html?market=will-elise-stefanik-win-the-2028-republican-presidential-nomination&features=volume&theme=light,Will Elise Stefanik win the 2028 Republican presidential nomination?,united-states,,24h $494 • spread 0.001 • TTR 771.0d,27994609.965554014,494.1,0.0,0.0,2028-11-08T04:59:00+00:00,770.993,1,0.001,-0.998,0.0015,0,"[{""name"": ""Top"", ""bestBid"": 0.001, ""bestAsk"": 0.002}]"
559652,0x0f49db97f71c68b1e42a6d16e3de93d85dbf7d4148e3f018eb79e88554be9f75,will-gavin-newsom-win-the-2028-democratic-presidential-nomination-568,https://polymarket.com/event/will-gavin-newsom-win-the-2028-democratic-presidential-nomination-568,https://embed.polymarket.com/market.html?market=will-gavin-newsom-win-the-2028-democratic-presidential-nomination-568&features=volume&theme=light,Will Gavin Newsom win the 2028 Democratic presidential nomination?,united-states,,"24h $27,343 • spread 0.007 • TTR 771.0d",27805772.757367972,27343.92,0.0105,6.5217,2028-11-08T04:59:00+00:00,770.993,1,0.007,-0.825,0.1715,0,"[{""name"": ""Top"", ""bestBid"": 0.168, ""bestAsk"": 0.175}]"
2155000,0xa4ddc18895cc7b14810283ef8f113939abffd3969c6a0e37f1897110c67e6f73,hantavirus-pandemic-in-2026,https://polymarket.com/event/hantavirus-pandemic-in-2026,https://embed.polymarket.com/market.html?market=hantavirus-pandemic-in-2026&features=volume&theme=light,Hantavirus pandemic in 2026?,pandemics,,"24h $1,773 • spread 0.001 • TTR 94.0d",18446777.37223906,1773.81,0.0,0.0,2027-01-01T04:59:00+00:00,93.993,1,0.001,-0.974,0.0255,0,"[{""name"": ""Top"", ""bestBid"": 0.025, ""bestAsk"": 0.026}]"
601829,0x101d084cd035070abde58d8a3113b78e11ba68028b0d9e7e38ea7d780797aecc,will-camilo-santana-win-the-2026-brazilian-presidential-election,https://polymarket.com/event/will-camilo-santana-win-the-2026-brazilian-presidential-election,https://embed.polymarket.com/market.html?market=will-camilo-santana-win-the-2026-brazilian-presidential-election&features=volume&theme=light,Will Camilo Santana win the 2026 Brazilian presidential election?,politics,,24h $12 • TTR 5.8d,5596147.479657001,12.17,0.0,0.0,2026-10-04T23:59:00+00:00,5.785,1,,-0.999,,0,"[{""name"": ""Top"", ""bestBid"": null, ""bestAsk"": 0.001}]"
559674,0x8fbcb151e2c988df5a43abb02298014b7daf34c008f3eed9188dd16a2a19bec1,will-jared-polis-win-the-2028-democratic-presidential-nomination-837,https://polymarket.com/event/will-jared-polis-win-the-2028-democratic-presidential-nomination-837,https://embed.polymarket.com/market.html?market=will-jared-polis-win-the-2028-democratic-presidential-nomination-837&features=volume&theme=light,Will Jared Polis win the 2028 Democratic presidential nomination?,united-states,,24h $325 • spread 0.001 • TTR 771.0d,27410230.863758013,325.11,0.0,0.0,2028-11-08T04:59:00+00:00,770.993,1,0.001,-0.998,0.0015,0,"[{""name"": ""Top"", ""bestBid"": 0.001, ""bestAsk"": 0.002}]"
2772194,0xefa17dee3af09f69f9ddf245b969aa4efbe7c71cdf06ee49d694408bc33e2ed2,will-shakhtar-donetsk-win-the-2026-27-uefa-champions-league-championship-20260701202025578,https://polymarket.com/event/will-shakhtar-donetsk-win-the-2026-27-uefa-champions-league-championship-20260701202025578,https://embed.polymarket.com/market.html?market=will-shakhtar-donetsk-win-the-2026-27-uefa-champions-league-championship-20260701202025578&features=volume&theme=light,Will Shakhtar Donetsk win the 2026-27 UEFA Champions League Championship?,ucl,,"24h $427,450 • spread 0.001 • TTR 243.8d",23722378.632,427450.01,0.0,0.0,2027-05-30T23:59:00+00:00,243.785,1,0.001,-0.998,0.0015,0,"[{""name"": ""Top"", ""bestBid"": 0.001, ""bestAsk"": 0.002}]"
561250,0x68e3c4e0dd8f82d010060032006fd157401b0bd8e04bd2953ae293e31eb99bf6,will-elon-musk-win-the-2028-us-presidential-election,https://polymarket.com/event/will-elon-musk-win-the-2028-us-presidential-election,https://embed.polymarket.com/market.html?market=will-elon-musk-win-the-2028-us-presidential-election&features=volume&theme=light,Will Elon Musk win the 2028 US Presidential Election?,president,,24h $949 • spread 0.001 • TTR 845.0d,27168374.15882101,949.29,0.0,0.0,2029-01-21T04:59:00+00:00,844.993,1,0.001,-0.998,0.0015,0,"[{""name"": ""Top"", ""bestBid"": 0.001, ""bestAsk"": 0.002}]"
559667,0x3e218c99a1335641b3a5ee6c887521d19b0c28fddd6b99c254a07968e35c0b1b,will-michelle-obama-win-the-2028-democratic-presidential-nomination-777,https://polymarket.com/event/will-michelle-obama-win-the-2028-democratic-presidential-nomination-777,https://embed.polymarket.com/market.html?market=will-michelle-obama-win-the-2028-democratic-presidential-nomination-777&features=volume&theme=light,Will Michelle Obama win the 2028 Democratic presidential nomination?,united-states,,"24h $1,000 • spread 0.001 • TTR 771.0d",26328413.757920988,1000.5,0.0,0.0,2028-11-08T04:59:00+00:00,770.993,1,0.001,-0.997,0.0025,0,"[{""name"": ""Top"", ""bestBid"": 0.002, ""bestAsk"": 0.003}]"
559665,0x1970bcce75e3674660917ae4685b433a9b1e0152d810a8d7c346dfd5e00694c2,will-corey-booker-win-the-2028-democratic-presidential-nomination-125,https://polymarket.com/event/will-corey-booker-win-the-2028-democratic-presidential-nomination-125,https://embed.polymarket.com/market.html?market=will-corey-booker-win-the-2028-democratic-presidential-nomination-125&features=volume&theme=light,Will Cory Booker win the 2028 Democratic presidential nomination?,united-states,,24h $629 • spread 0.001 • TTR 771.0d,26321179.939064,629.89,0.0,0.0,2028-11-08T04:59:00+00:00,770.993,1,0.001,-0.993,0.0065,0,"[{""name"": ""Top"", ""bestBid"": 0.006, ""bestAsk"": 0.007}]"
601836,0x536b507838dcdac8966510d84abb8f1c51362d632ab2023b94e810ba6fdf5cb7,will-augusto-cury-win-the-2026-brazilian-presidential-election,https://polymarket.com/event/will-augusto-cury-win-the-2026-brazilian-presidential-election,https://embed.polymarket.com/market.html?market=will-augusto-cury-win-the-2026-brazilian-presidential-election&features=volume&theme=light,Will Augusto Cury win the 2026 Brazilian presidential election?,politics,,"24h $52,923 • TTR 5.8d",5174786.639753005,52923.89,0.0,0.0,2026-10-04T23:59:00+00:00,5.785,1,,-0.999,,0,"[{""name"": ""Top"", ""bestBid"": null, ""bestAsk"": 0.001}]"
559673,0xca1d1139b0c3a29983407f499476ae642482788e841a277eb86faeeb9fa4a85c,will-john-fetterman-win-the-2028-democratic-presidential-nomination-941,https://polymarket.com/event/will-john-fetterman-win-the-2028-democratic-presidential-nomination-941,https://embed.polymarket.com/market.html?market=will-john-fetterman-win-the-2028-democratic-presidential-nomination-941&features=volume&theme=light,Will John Fetterman win the 2028 Democratic presidential nomination?,united-states,,24h $7 • TTR 771.0d,25661979.074834,7.49,0.0,0.0,2028-11-08T04:59:00+00:00,770.993,1,,-0.999,,0,"[{""name"": ""Top"", ""bestBid"": null, ""bestAsk"": 0.001}]"
559675,0xfee07be730188c94cd3644ed6f107fa3ea2dfab9989ce8d39aeeae064766abe3,will-jon-stewart-win-the-2028-democratic-presidential-nomination-518,https://polymarket.com/event/will-jon-stewart-win-the-2028-democratic-presidential-nomination-518,https://embed.polymarket.com/market.html?market=will-jon-stewart-win-the-2028-democratic-presidential-nomination-518&features=volume&theme=light,Will Jon Stewart win the 2028 Democratic presidential nomination?,united-states,,24h $124 • spread 0.002 • TTR 771.0d,24803721.334391028,124.92,-0.0015,-10.3448,2028-11-08T04:59:00+00:00,770.993,1,0.002,-0.986,0.013,0,"[{""name"": ""Top"", ""bestBid"": 0.012, ""bestAsk"": 0.014}]"
601832,0xafd3f96b7b6084509e625270538ff0699003fafc042263c1216e7f084cef753a,will-aldo-rebelo-win-the-2026-brazilian-presidential-election,https://polymarket.com/event/will-aldo-rebelo-win-the-2026-brazilian-presidential-election,https://embed.polymarket.com/market.html?market=will-aldo-rebelo-win-the-2026-brazilian-presidential-election&features=volume&theme=light,Will Aldo Rebelo win the 2026 Brazilian presidential election?,politics,,TTR 5.8d,4966832.294043002,,0.0,0.0,2026-10-04T23:59:00+00:00,5.785,1,,-0.999,,0,"[{""name"": ""Top"", ""bestBid"": null, ""bestAsk"": 0.001}]"
2170255,0x95fc6a4ed7f6856d26aa7f21b9f902d05c9cf76b616fd3463de4d147f7a9126b,bab-el-mandeb-strait-effectively-closed-by-september-30-999-671-939,https://polymarket.com/event/bab-el-mandeb-strait-effectively-closed-by-september-30-999-671-939,https://embed.polymarket.com/market.html?market=bab-el-mandeb-strait-effectively-closed-by-september-30-999-671-939&features=volume&theme=light,Bab el-Mandeb Strait effectively closed by September 30?,politics,,"24h $43,708 • spread 0.001 • TTR 2.0d",4001223.9508560007,43708.76,-0.0015,-21.4286,2026-10-01T03:59:00+00:00,1.951,1,0.001,-0.994,0.0055,0,"[{""name"": ""Top"", ""bestBid"": 0.005, ""bestAsk"": 0.006}]"
559662,0x9d4f94f82de9d13ff1d3318639ab9000ee2533949e525343156f374fb00bd9b1,will-mark-cuban-win-the-2028-democratic-presidential-nomination-329,https://polymarket.com/event/will-mark-cuban-win-the-2028-democratic-presidential-nomination-329,https://embed.polymarket.com/market.html?market=will-mark-cuban-win-the-2028-democratic-presidential-nomination-329&features=volume&theme=light,Will Mark Cuban win the 2028 Democratic presidential nomination?,united-states,,"24h $16,374 • spread 0.002 • TTR 771.0d",23161827.119177,16374.52,-0.0005,-11.1111,2028-11-08T04:59:00+00:00,770.993,1,0.002,-0.995,0.004,0,"[{""name"": ""Top"", ""bestBid"": 0.003, ""bestAsk"": 0.005}]"
559657,0xc8f1cf5d4f26e0fd9c8fe89f2a7b3263b902cf14fde7bfccef525753bb492e47,will-stephen-a-smith-win-the-2028-democratic-presidential-nomination-914,https://polymarket.com/event/will-stephen-a-smith-win-the-2028-democratic-presidential-nomination-914,https://embed.polymarket.com/market.html?market=will-stephen-a-smith-win-the-2028-democratic-presidential-nomination-914&features=volume&theme=light,Will Stephen A. Smith win the 2028 Democratic presidential nomination?,united-states,,24h $895 • spread 0.001 • TTR 771.0d,23097407.425688993,895.42,0.0,0.0,2028-11-08T04:59:00+00:00,770.993,1,0.001,-0.998,0.0015,0,"[{""name"": ""Top"", ""bestBid"": 0.001, ""bestAsk"": 0.002}]"
562001,0xd5659eea81cada0bac656f5a9099861786cbae6755e2e1ac2c9e9441908b551f,will-steve-bannon-win-the-2028-republican-presidential-nomination,https://polymarket.com/event/will-steve-bannon-win-the-2028-republican-presidential-nomination,https://embed.polymarket.com/market.html?market=will-steve-bannon-win-the-2028-republican-presidential-nomination&features=volume&theme=light,Will Steve Bannon win the 2028 Republican presidential nomination?,united-states,,24h $9 • spread 0.001 • TTR 771.0d,22997250.50402501,9.63,0.0,0.0,2028-11-08T04:59:00+00:00,770.993,1,0.001,-0.998,0.0015,0,"[{""name"": ""Top"", ""bestBid"": 0.001, ""bestAsk"": 0.002}]"
561256,0xf05b4b55336a4c1c7b44c726911d2b559732cff7bad339084de86ae364dc85f6,will-zohran-mamdani-win-the-2028-us-presidential-election,https://polymarket.com/event/will-zohran-mamdani-win-the-2028-us-presidential-election,https://embed.polymarket.com/market.html?market=will-zohran-mamdani-win-the-2028-us-presidential-election&features=volume&theme=light,Will Zohran Mamdani win the 2028 US Presidential Election?,president,,24h $49 • TTR 845.0d,22202996.80891299,49.84,0.0,0.0,2029-01-21T04:59:00+00:00,844.993,1,,-0.999,,0,"[{""name"": ""Top"", ""bestBid"": null, ""bestAsk"": 0.001}]"
561983,0x214093035e429b91df322bd20c55d9f611f741f67472a63f7623a9afc0cffa57,will-greg-abbott-win-the-2028-republican-presidential-nomination,https://polymarket.com/event/will-greg-abbott-win-the-2028-republican-presidential-nomination,https://embed.polymarket.com/market.html?market=will-greg-abbott-win-the-2028-republican-presidential-nomination&features=volume&theme=light,Will Greg Abbott win the 2028 Republican presidential nomination?,united-states,,24h $6 • spread 0.001 • TTR 771.0d,21382219.711706,6.9,0.0,0.0,2028-11-08T04:59:00+00:00,770.993,1,0.001,-0.997,0.0025,0,"[{""name"": ""Top"", ""bestBid"": 0.002, ""bestAsk"": 0.003}]"
559651,0xa467b14d51f01b957109d9cbb1d6c124fab2a089d52ed8f471d23c2812e743b7,xi-jinping-out-before-2027,https://polymarket.com/event/xi-jinping-out-before-2027,https://embed.polymarket.com/market.html?market=xi-jinping-out-before-2027&features=volume&theme=light,Xi Jinping out before 2027?,hfc,,"24h $92,480 • spread 0.001 • TTR 94.0d",14091671.523949988,92480.88,-0.002,-5.4795,2027-01-01T04:59:00+00:00,93.993,1,0.001,-0.965,0.0345,0,"[{""name"": ""Top"", ""bestBid"": 0.034, ""bestAsk"": 0.035}]"
561991,0xf2cea45ec282af4f302d2ab85ede73678cd692ebf8c3ab6d52bfa5e19f44c553,will-matt-gaetz-win-the-2028-republican-presidential-nomination,https://polymarket.com/event/will-matt-gaetz-win-the-2028-republican-presidential-nomination,https://embed.polymarket.com/market.html?market=will-matt-gaetz-win-the-2028-republican-presidential-nomination&features=volume&theme=light,Will Matt Gaetz win the 2028 Republican presidential nomination?,united-states,,24h $2 • TTR 771.0d,20411220.985418007,2.5,0.0,0.0,2028-11-08T04:59:00+00:00,770.993,1,,-0.999,,0,"[{""name"": ""Top"", ""bestBid"": null, ""bestAsk"": 0.001}]"
561988,0x4d4bceee5f59f75230c6438f69fc913a6da7afa4098ce0734655045c02a730fc,will-josh-hawley-win-the-2028-republican-presidential-nomination,https://polymarket.com/event/will-josh-hawley-win-the-2028-republican-presidential-nomination,https://embed.polymarket.com/market.html?market=will-josh-hawley-win-the-2028-republican-presidential-nomination&features=volume&theme=light,Will Josh Hawley win the 2028 Republican presidential nomination?,united-states,,24h $629 • spread 0.001 • TTR 771.0d,20410632.53468,629.26,0.0,0.0,2028-11-08T04:59:00+00:00,770.993,1,0.001,-0.996,0.0035,0,"[{""name"": ""Top"", ""bestBid"": 0.003, ""bestAsk"": 0.004}]"
2176270,0x5c79dfde05559b79a9cb9f7c4187e4d49632dd042572ae676952f812732591cc,strait-of-hormuz-traffic-returns-to-normal-by-december-31,https://polymarket.com/event/strait-of-hormuz-traffic-returns-to-normal-by-december-31,https://embed.polymarket.com/market.html?market=strait-of-hormuz-traffic-returns-to-normal-by-december-31&features=volume&theme=light,Strait of Hormuz traffic returns to normal by December 31?,politics,,"24h $126,467 • spread 0.010 • TTR 94.0d",13483824.777437994,126467.76,0.0,0.0,2027-01-01T04:59:00+00:00,93.993,1,0.01,-0.78,0.215,0,"[{""name"": ""Top"", ""bestBid"": 0.21, ""bestAsk"": 0.22}]"
601833,0xae7dd99bf126b033b77af2553a98b97e1190fd7bdddd5a792ca2791ae23e4d13,will-tereza-cristina-win-the-2026-brazilian-presidential-election,https://polymarket.com/event/will-tereza-cristina-win-the-2026-brazilian-presidential-election,https://embed.polymarket.com/market.html?market=will-tereza-cristina-win-the-2026-brazilian-presidential-election&features=volume&theme=light,Will Tereza Cristina win the 2026 Brazilian presidential election?,politics,,TTR 5.8d,4046580.666595998,,0.0,0.0,2026-10-04T23:59:00+00:00,5.785,1,,-0.999,,0,"[{""name"": ""Top"", ""bestBid"": null, ""bestAsk"": 0.001}]"
601835,0xe7567eb9c84e1f859a7e18f1042c724dbf57c3cc0459b312bee22156a57e60ea,will-pablo-marcal-win-the-2026-brazilian-presidential-election,https://polymarket.com/event/will-pablo-marcal-win-the-2026-brazilian-presidential-election,https://embed.polymarket.com/market.html?market=will-pablo-marcal-win-the-2026-brazilian-presidential-election&features=volume&theme=light,Will Pablo Marçal win the 2026 Brazilian presidential election?,politics,,24h $29 • TTR 5.8d,3984647.7522279993,29.98,0.0,0.0,2026-10-04T23:59:00+00:00,5.785,1,,-0.999,,0,"[{""name"": ""Top"", ""bestBid"": null, ""bestAsk"": 0.001}]"
562000,0xd10bc768ede58b53ed400594240b0a0603134a32dab89ec823a18759cbc180ca,will-rand-paul-win-the-2028-republican-presidential-nomination,https://polymarket.com/event/will-rand-paul-win-the-2028-republican-presidential-nomination,https://embed.polymarket.com/market.html?market=will-rand-paul-win-the-2028-republican-presidential-nomination&features=volume&theme=light,Will Rand Paul win the 2028 Republican presidential nomination?,united-states,,24h $189 • spread 0.001 • TTR 771.0d,19568633.320469,189.97,0.0,0.0,2028-11-08T04:59:00+00:00,770.993,1,0.001,-0.997,0.0025,0,"[{""name"": ""Top"", ""bestBid"": 0.002, ""bestAsk"": 0.003}]"
561989,0x0ac23db1e56971022bc7e822b907a2466c618b34104ea72bc9fa95e41c86a9c6,will-ted-cruz-win-the-2028-republican-presidential-nomination,https://polymarket.com/event/will-ted-cruz-win-the-2028-republican-presidential-nomination,https://embed.polymarket.com/market.html?market=will-ted-cruz-win-the-2028-republican-presidential-nomination&features=volume&theme=light,Will Ted Cruz win the 2028 Republican presidential nomination?,united-states,,"24h $4,834 • spread 0.001 • TTR 769.8d",19511322.237641998,4834.71,0.0,0.0,2028-11-07T00:00:00+00:00,769.785,1,0.001,-0.98,0.0195,0,"[{""name"": ""Top"", ""bestBid"": 0.019, ""bestAsk"": 0.02}]"
561257,0xbbbece074c2d4010e39e39c85ed67b1131180fcea616073c893fb6beaf51d783,will-michelle-obama-win-the-2028-us-presidential-election,https://polymarket.com/event/will-michelle-obama-win-the-2028-us-presidential-election,https://embed.polymarket.com/market.html?market=will-michelle-obama-win-the-2028-us-presidential-election&features=volume&theme=light,Will Michelle Obama win the 2028 US Presidential Election?,president,,"24h $3,551 • spread 0.001 • TTR 845.0d",19305499.60516,3551.74,0.0,0.0,2029-01-21T04:59:00+00:00,844.993,1,0.001,-0.998,0.0015,0,"[{""name"": ""Top"", ""bestBid"": 0.001, ""bestAsk"": 0.002}]"
561237,0x09ad4955c170d46c6d80b5f554435b19e229ff7dbe55370892b64782336cc3b9,will-andy-beshear-win-the-2028-us-presidential-election,https://polymarket.com/event/will-andy-beshear-win-the-2028-us-presidential-election,https://embed.polymarket.com/market.html?market=will-andy-beshear-win-the-2028-us-presidential-election&features=volume&theme=light,Will Andy Beshear win the 2028 US Presidential Election?,president,,24h $656 • spread 0.004 • TTR 845.0d,19238616.134155,656.34,0.0,0.0,2029-01-21T04:59:00+00:00,844.993,1,0.004,-0.985,0.013,0,"[{""name"": ""Top"", ""bestBid"": 0.011, ""bestAsk"": 0.015}]"
562002,0x7abed80b88301210ee83b7b14ec41bc9a5161e1af07254fbb26c6e2bf7182766,will-erika-kirk-win-the-2028-republican-presidential-nomination,https://polymarket.com/event/will-erika-kirk-win-the-2028-republican-presidential-nomination,https://embed.polymarket.com/market.html?market=will-erika-kirk-win-the-2028-republican-presidential-nomination&features=volume&theme=light,Will Erika Kirk win the 2028 Republican presidential nomination?,united-states,,TTR 771.0d,19038593.183151998,,0.0,0.0,2028-11-08T04:59:00+00:00,770.993,1,,-0.999,,0,"[{""name"": ""Top"", ""bestBid"": null, ""bestAsk"": 0.001}]"
561263,0x2d3c4fc5cde6dfb43448402b912e41bd4453e3f030448ed026bff8f1a0bc072e,will-eric-trump-win-the-2028-us-presidential-election,https://polymarket.com/event/will-eric-trump-win-the-2028-us-presidential-election,https://embed.polymarket.com/market.html?market=will-eric-trump-win-the-2028-us-presidential-election&features=volume&theme=light,Will Eric Trump win the 2028 US Presidential Election?,president,,24h $110 • TTR 845.0d,18828300.27076101,110.41,0.0,0.0,2029-01-21T04:59:00+00:00,844.993,1,,-0.999,,0,"[{""name"": ""Top"", ""bestBid"": null, ""bestAsk"": 0.001}]"
3399458,0x524ce344b80a160c237d91a33efdd8b82468b0dc0d33f60d500f8bf69b80b8bb,israel-x-iran-ceasefire-continues-through-september-30,https://polymarket.com/event/israel-x-iran-ceasefire-continues-through-september-30,https://embed.polymarket.com/market.html?market=israel-x-iran-ceasefire-continues-through-september-30&features=volume&theme=light,Israel x Iran ceasefire continues through September 30?,iran,,"24h $63,008 • spread 0.005 • TTR 1.6d",3008114.4023130015,63008.79,0.003,0.306,2026-09-30T20:29:00+00:00,1.639,1,0.005,-0.014,0.9835,0,"[{""name"": ""Top"", ""bestBid"": 0.981, ""bestAsk"": 0.986}]"
561230,0x4567b275e6b667a6217f5cb4f06a797d3a1eaf1d0281fb5bc8c75e2046ae7e57,will-gavin-newsom-win-the-2028-us-presidential-election,https://polymarket.com/event/will-gavin-newsom-win-the-2028-us-presidential-election,https://embed.polymarket.com/market.html?market=will-gavin-newsom-win-the-2028-us-presidential-election&features=volume&theme=light,Will Gavin Newsom win the 2028 US Presidential Election?,president,,"24h $6,379 • spread 0.001 • TTR 769.8d",18476646.337086998,6379.53,0.002,2.6846,2028-11-07T00:00:00+00:00,769.785,1,0.001,-0.923,0.0765,0,"[{""name"": ""Top"", ""bestBid"": 0.076, ""bestAsk"": 0.077}]"
559656,0x61d9486c0f7e14ed98f3b177b6adcb3cd45646c92e8bbfbf209789b86472d4b6,will-wes-moore-win-the-2028-democratic-presidential-nomination-714,https://polymarket.com/event/will-wes-moore-win-the-2028-democratic-presidential-nomination-714,https://embed.polymarket.com/market.html?market=will-wes-moore-win-the-2028-democratic-presidential-nomination-714&features=volume&theme=light,Will Wes Moore win the 2028 Democratic presidential nomination?,united-states,,24h $244 • spread 0.002 • TTR 771.0d,18428959.472676996,244.75,-0.0005,-2.439,2028-11-08T04:59:00+00:00,770.993,1,0.002,-0.979,0.02,0,"[{""name"": ""Top"", ""bestBid"": 0.019, ""bestAsk"": 0.021}]"
666861,0x48b0b0bca515f68fccf95af4793dbd0edbfec1f8ec6e8df2c0f69ba74f8c4722,trump-out-as-president-before-2027,https://polymarket.com/event/trump-out-as-president-before-2027,https://embed.polymarket.com/market.html?market=trump-out-as-president-before-2027&features=volume&theme=light,Trump out as President before 2027?,politics,,"24h $44,918 • spread 0.010 • TTR 94.0d",11996124.719517995,44918.08,0.0,0.0,2027-01-01T04:59:00+00:00,93.993,1,0.01,-0.95,0.045,0,"[{""name"": ""Top"", ""bestBid"": 0.04, ""bestAsk"": 0.05}]"
561985,0x42631e1a8c8e6389422b58b8e15b1b551892b9833651aa3bab25afab124354b5,will-brian-kemp-win-the-2028-republican-presidential-nomination,https://polymarket.com/event/will-brian-kemp-win-the-2028-republican-presidential-nomination,https://embed.polymarket.com/market.html?market=will-brian-kemp-win-the-2028-republican-presidential-nomination&features=volume&theme=light,Will Brian Kemp win the 2028 Republican presidential nomination?,united-states,,24h $36 • spread 0.001 • TTR 771.0d,17937478.591066,36.11,0.0,0.0,2028-11-08T04:59:00+00:00,770.993,1,0.001,-0.996,0.0035,0,"[{""name"": ""Top"", ""bestBid"": 0.003, ""bestAsk"": 0.004}]"
559668,0x36db77c539bcc8c7bf0686c1b99f30c5a5eed1f53d3b3a27a071550c81f83701,will-mark-kelly-win-the-2028-democratic-presidential-nomination-479,https://polymarket.com/event/will-mark-kelly-win-the-2028-democratic-presidential-nomination-479,https://embed.polymarket.com/market.html?market=will-mark-kelly-win-the-2028-democratic-presidential-nomination-479&features=volume&theme=light,Will Mark Kelly win the 2028 Democratic presidential nomination?,united-states,,"24h $3,826 • spread 0.002 • TTR 771.0d",17661915.205299,3826.9,-0.004,-13.7931,2028-11-08T04:59:00+00:00,770.993,1,0.002,-0.974,0.025,0,"[{""name"": ""Top"", ""bestBid"": 0.024, ""bestAsk"": 0.026}]"
3215074,0x46477994c02fdd4f7be7eacc58d343457d80333d92e5c4ad9a3117274d0e5639,kharg-island-no-longer-under-iranian-control-by-september-30-20260730004207224,https://polymarket.com/event/kharg-island-no-longer-under-iranian-control-by-september-30-20260730004207224,https://embed.polymarket.com/market.html?market=kharg-island-no-longer-under-iranian-control-by-september-30-20260730004207224&features=volume&theme=light,Kharg Island no longer under Iranian control by September 30?,iranian-leadership-regime,,"24h $185,693 • spread 0.001 • TTR 2.0d",2896877.1526710005,185693.21,0.0,0.0,2026-10-01T03:59:00+00:00,1.951,1,0.001,-0.998,0.0015,0,"[{""name"": ""Top"", ""bestBid"": 0.001, ""bestAsk"": 0.002}]"
559691,0xc720fcfa9e29346a976902f87e0f0f3bdc31d43af501b4fdef4f1780a30dd359,will-chris-murphy-win-the-2028-democratic-presidential-nomination,https://polymarket.com/event/will-chris-murphy-win-the-2028-democratic-presidential-nomination,https://embed.polymarket.com/market.html?market=will-chris-murphy-win-the-2028-democratic-presidential-nomination&features=volume&theme=light,Will Chris Murphy win the 2028 Democratic presidential nomination?,united-states,,24h $246 • spread 0.001 • TTR 771.0d,17409362.021825995,246.0,0.0,0.0,2028-11-08T04:59:00+00:00,770.993,1,0.001,-0.995,0.0045,0,"[{""name"": ""Top"", ""bestBid"": 0.004, ""bestAsk"": 0.005}]"
2737255,0xb55b2b13aee7a480ab0695912a65cb34a5fe5e84d5da810873d9c3e1182f9fd0,will-the-iranian-regime-fall-by-september-30-20260629143335077,https://polymarket.com/event/will-the-iranian-regime-fall-by-september-30-20260629143335077,https://embed.polymarket.com/market.html?market=will-the-iranian-regime-fall-by-september-30-20260629143335077&features=volume&theme=light,Will the Iranian regime fall by September 30?,iran,,"24h $69,231 • spread 0.001 • TTR 2.0d",2784690.7605550005,69231.92,0.0,0.0,2026-10-01T03:59:00+00:00,1.951,1,0.001,-0.998,0.0015,0,"[{""name"": ""Top"", ""bestBid"": 0.001, ""bestAsk"": 0.002}]"
561984,0xc510176cf39d73295354fc797d84b510d050b45d29d6c9735ee18cdbc4fd6463,will-robert-f-kennedy-jr-win-the-2028-republican-presidential-nomination,https://polymarket.com/event/will-robert-f-kennedy-jr-win-the-2028-republican-presidential-nomination,https://embed.polymarket.com/market.html?market=will-robert-f-kennedy-jr-win-the-2028-republican-presidential-nomination&features=volume&theme=light,Will Robert F. Kennedy Jr. win the 2028 Republican presidential nomination?,united-states,,24h $725 • spread 0.001 • TTR 771.0d,16847704.645013,725.0,0.0,0.0,2028-11-08T04:59:00+00:00,770.993,1,0.001,-0.997,0.0025,0,"[{""name"": ""Top"", ""bestBid"": 0.002, ""bestAsk"": 0.003}]"
561229,0x7ad403c3508f8e3912940fd1a913f227591145ca0614074208e0b962d5fcc422,will-jd-vance-win-the-2028-us-presidential-election,https://polymarket.com/event/will-jd-vance-win-the-2028-us-presidential-election,https://embed.polymarket.com/market.html?market=will-jd-vance-win-the-2028-us-presidential-election&features=volume&theme=light,Will JD Vance win the 2028 US Presidential Election?,president,,"24h $2,958 • spread 0.001 • TTR 769.8d",16507437.533470994,2958.11,0.0,0.0,2028-11-07T00:00:00+00:00,769.785,1,0.001,-0.792,0.2075,0,"[{""name"": ""Top"", ""bestBid"": 0.207, ""bestAsk"": 0.208}]"
1126504,0x890fc3ba40458db0b67560691aa1597344c2a0560d18e80f586a4b35f510b4ce,will-the-us-acquire-any-part-of-greenland-in-2026,https://polymarket.com/event/will-the-us-acquire-any-part-of-greenland-in-2026,https://embed.polymarket.com/market.html?market=will-the-us-acquire-any-part-of-greenland-in-2026&features=volume&theme=light,Will the US acquire part of Greenland in 2026?,davos,,"24h $4,782 • spread 0.011 • TTR 94.0d",10886018.49750397,4782.32,0.0085,42.5,2027-01-01T04:59:00+00:00,93.993,1,0.011,-0.966,0.0285,0,"[{""name"": ""Top"", ""bestBid"": 0.023, ""bestAsk"": 0.034}]"
561981,0xd997dc2a212a7d6673375a3b016db1fb214247142f8cde0cbf07f8e6d789877c,will-vivek-ramaswamy-win-the-2028-republican-presidential-nomination,https://polymarket.com/event/will-vivek-ramaswamy-win-the-2028-republican-presidential-nomination,https://embed.polymarket.com/market.html?market=will-vivek-ramaswamy-win-the-2028-republican-presidential-nomination&features=volume&theme=light,Will Vivek Ramaswamy win the 2028 Republican presidential nomination?,united-states,,24h $126 • spread 0.001 • TTR 771.0d,16111116.136814984,126.74,0.0,0.0,2028-11-08T04:59:00+00:00,770.993,1,0.001,-0.997,0.0025,0,"[{""name"": ""Top"", ""bestBid"": 0.002, ""bestAsk"": 0.003}]"
559663,0xe883f2fda25a605a184bb5fe583afce6cc21ea0b348b6a3728ec3067553c548d,will-jb-pritzker-win-the-2028-democratic-presidential-nomination-288,https://polymarket.com/event/will-jb-pritzker-win-the-2028-democratic-presidential-nomination-288,https://embed.polymarket.com/market.html?market=will-jb-pritzker-win-the-2028-democratic-presidential-nomination-288&features=volume&theme=light,Will J.B. Pritzker win the 2028 Democratic presidential nomination?,united-states,,24h $353 • spread 0.001 • TTR 771.0d,15769304.704753987,353.65,0.0,0.0,2028-11-08T04:59:00+00:00,770.993,1,0.001,-0.986,0.0135,0,"[{""name"": ""Top"", ""bestBid"": 0.013, ""bestAsk"": 0.014}]"
561974,0x18b1c135d0a40c5894da9412e77311827d9caf16cf4cd6591b247a34730af919,will-jd-vance-win-the-2028-republican-presidential-nomination,https://polymarket.com/event/will-jd-vance-win-the-2028-republican-presidential-nomination,https://embed.polymarket.com/market.html?market=will-jd-vance-win-the-2028-republican-presidential-nomination&features=volume&theme=light,Will J.D. Vance win the 2028 Republican presidential nomination?,united-states,,"24h $3,008 • spread 0.001 • TTR 771.0d • ~50% mid",15725233.575551003,3008.36,-0.002,-0.3925,2028-11-08T04:59:00+00:00,770.993,1,0.001,-0.492,0.5075,1,"[{""name"": ""Top"", ""bestBid"": 0.507, ""bestAsk"": 0.508}]"
561979,0x64d31a2af85518c6718a5757a35b840f08eca20c1e22c0eb1e96ec01cc55b8b6,will-ron-desantis-win-the-2028-republican-presidential-nomination,https://polymarket.com/event/will-ron-desantis-win-the-2028-republican-presidential-nomination,https://embed.polymarket.com/market.html?market=will-ron-desantis-win-the-2028-republican-presidential-nomination&features=volume&theme=light,Will Ron DeSantis win the 2028 Republican presidential nomination?,united-states,,"24h $1,318 • spread 0.001 • TTR 771.0d",15573225.407384997,1318.07,0.0,0.0,2028-11-08T04:59:00+00:00,770.993,1,0.001,-0.971,0.0285,0,"[{""name"": ""Top"", ""bestBid"": 0.028, ""bestAsk"": 0.029}]"
561236,0xfd6176f8c9a59105f80e060a77c4099881c5f2d9e0ceab88e55cf978462fab7f,will-gretchen-whitmer-win-the-2028-us-presidential-election,https://polymarket.com/event/will-gretchen-whitmer-win-the-2028-us-presidential-election,https://embed.polymarket.com/market.html?market=will-gretchen-whitmer-win-the-2028-us-presidential-election&features=volume&theme=light,Will Gretchen Whitmer win the 2028 US Presidential Election?,president,,"24h $1,064 • spread 0.001 • TTR 845.0d",15601568.672021996,1064.18,0.0,0.0,2029-01-21T04:59:00+00:00,844.993,1,0.001,-0.996,0.0035,0,"[{""name"": ""Top"", ""bestBid"": 0.003, ""bestAsk"": 0.004}]"
559653,0xe6bcc2f1dd025ce5e1833190f7c60a71171c94f805df55b9ab0ded695ec93565,will-alexandria-ocasio-cortez-win-the-2028-democratic-presidential-nomination-653,https://polymarket.com/event/will-alexandria-ocasio-cortez-win-the-2028-democratic-presidential-nomination-653,https://embed.polymarket.com/market.html?market=will-alexandria-ocasio-cortez-win-the-2028-democratic-presidential-nomination-653&features=volume&theme=light,Will Alexandria Ocasio-Cortez win the 2028 Democratic presidential nomination?,united-states,,"24h $26,529 • spread 0.001 • TTR 771.0d",15311391.803886,26529.15,0.003,1.6438,2028-11-08T04:59:00+00:00,770.993,1,0.001,-0.814,0.1855,0,"[{""name"": ""Top"", ""bestBid"": 0.185, ""bestAsk"": 0.186}]"
1633606,0x5ca616aaa0e1e5df6c38439f8bee4b96bacfe32f8f39cb2f1604c0196548662f,will-china-invade-taiwan-by-september-30-2026,https://polymarket.com/event/will-china-invade-taiwan-by-september-30-2026,https://embed.polymarket.com/market.html?market=will-china-invade-taiwan-by-september-30-2026&features=volume&theme=light,"Will China invade Taiwan by September 30, 2026?",china,,"24h $4,766 • TTR 2.0d",2416023.1801309995,4766.01,-0.001,-66.6667,2026-10-01T03:59:00+00:00,1.951,1,,-0.999,,0,"[{""name"": ""Top"", ""bestBid"": null, ""bestAsk"": 0.001}]"
559669,0x3dc47a72ac6bb265e9cefebd2a2eeed00966394cb2d07245b5c94138b60e82a3,will-rahm-emanuel-win-the-2028-democratic-presidential-nomination-299,https://polymarket.com/event/will-rahm-emanuel-win-the-2028-democratic-presidential-nomination-299,https://embed.polymarket.com/market.html?market=will-rahm-emanuel-win-the-2028-democratic-presidential-nomination-299&features=volume&theme=light,Will Rahm Emanuel win the 2028 Democratic presidential nomination?,united-states,,24h $560 • spread 0.001 • TTR 771.0d,14589844.949152993,560.13,-0.0015,-6.8182,2028-11-08T04:59:00+00:00,770.993,1,0.001,-0.979,0.0205,0,"[{""name"": ""Top"", ""bestBid"": 0.02, ""bestAsk"": 0.021}]"
561253,0xd94b47bdeba16ae948bfb147bda059f3543d6fca73291644dfff5268bba7a797,will-tucker-carlson-win-the-2028-us-presidential-election,https://polymarket.com/event/will-tucker-carlson-win-the-2028-us-presidential-election,https://embed.polymarket.com/market.html?market=will-tucker-carlson-win-the-2028-us-presidential-election&features=volume&theme=light,Will Tucker Carlson win the 2028 US Presidential Election?,president,,24h $726 • spread 0.001 • TTR 845.0d,14284023.330733005,726.94,0.002,12.1212,2029-01-21T04:59:00+00:00,844.993,1,0.001,-0.981,0.0185,0,"[{""name"": ""Top"", ""bestBid"": 0.018, ""bestAsk"": 0.019}]"
561976,0x9cd77217b2ab264fe4f6d302f662c0a91f349fe5798f1f98d70bb2311712791b,will-tulsi-gabbard-win-the-2028-republican-presidential-nomination,https://polymarket.com/event/will-tulsi-gabbard-win-the-2028-republican-presidential-nomination,https://embed.polymarket.com/market.html?market=will-tulsi-gabbard-win-the-2028-republican-presidential-nomination&features=volume&theme=light,Will Tulsi Gabbard win the 2028 Republican presidential nomination?,united-states,,24h $40 • spread 0.001 • TTR 771.0d,14082800.861626998,40.7,-0.0005,-10.0,2028-11-08T04:59:00+00:00,770.993,1,0.001,-0.995,0.0045,0,"[{""name"": ""Top"", ""bestBid"": 0.004, ""bestAsk"": 0.005}]"
1105750,0x4197bf7e572f1dd731669d33d05532c6d3b8cba71fb83dc69d789110e39c41b4,will-pete-hegseth-be-the-leader-of-venezuela-end-of-2026,https://polymarket.com/event/will-pete-hegseth-be-the-leader-of-venezuela-end-of-2026,https://embed.polymarket.com/market.html?market=will-pete-hegseth-be-the-leader-of-venezuela-end-of-2026&features=volume&theme=light,Will Pete Hegseth be the leader of Venezuela end of 2026?,trump-machado,,24h $411 • spread 0.001 • TTR 92.8d,9275538.03833,411.14,0.0,0.0,2026-12-31T00:00:00+00:00,92.785,1,0.001,-0.998,0.0015,0,"[{""name"": ""Top"", ""bestBid"": 0.001, ""bestAsk"": 0.002}]"
561996,0x4273517fc8141d57ad1528ede46efdceebdb6a4da746d5de5bad216564209a1e,will-tucker-carlson-win-the-2028-republican-presidential-nomination,https://polymarket.com/event/will-tucker-carlson-win-the-2028-republican-presidential-nomination,https://embed.polymarket.com/market.html?market=will-tucker-carlson-win-the-2028-republican-presidential-nomination&features=volume&theme=light,Will Tucker Carlson win the 2028 Republican presidential nomination?,united-states,,"24h $2,120 • spread 0.001 • TTR 771.0d",13812250.259927003,2120.9,-0.0005,-1.5625,2028-11-08T04:59:00+00:00,770.993,1,0.001,-0.968,0.0315,0,"[{""name"": ""Top"", ""bestBid"": 0.031, ""bestAsk"": 0.032}]"
561244,0x23481b811978194fa175143ed7cd8d0000878ca59c408fd552e33535f7aa771e,will-donald-trump-jr-win-the-2028-us-presidential-election,https://polymarket.com/event/will-donald-trump-jr-win-the-2028-us-presidential-election,https://embed.polymarket.com/market.html?market=will-donald-trump-jr-win-the-2028-us-presidential-election&features=volume&theme=light,Will Donald Trump Jr. win the 2028 US Presidential Election?,president,,24h $852 • spread 0.001 • TTR 845.0d,13889758.765798,852.32,0.0,0.0,2029-01-21T04:59:00+00:00,844.993,1,0.001,-0.995,0.0045,0,"[{""name"": ""Top"", ""bestBid"": 0.004, ""bestAsk"": 0.005}]"
561231,0xf232b565995e4b3a3e7fa6cef775eeff1cecd20ad7c013cb9fc8dadabfe279a9,will-alexandria-ocasio-cortez-win-the-2028-us-presidential-election,https://polymarket.com/event/will-alexandria-ocasio-cortez-win-the-2028-us-presidential-election,https://embed.polymarket.com/market.html?market=will-alexandria-ocasio-cortez-win-the-2028-us-presidential-election&features=volume&theme=light,Will Alexandria Ocasio-Cortez win the 2028 US Presidential Election?,president,,"24h $8,598 • spread 0.001 • TTR 845.0d",13706205.321771013,8598.4,0.0,0.0,2029-01-21T04:59:00+00:00,844.993,1,0.001,-0.868,0.1315,0,"[{""name"": ""Top"", ""bestBid"": 0.131, ""bestAsk"": 0.132}]"
559658,0x909659c9436228e2be56d5582ba6188166f2f8bf3c596335512c8f2e380d01ec,will-kamala-harris-win-the-2028-democratic-presidential-nomination-641,https://polymarket.com/event/will-kamala-harris-win-the-2028-democratic-presidential-nomination-641,https://embed.polymarket.com/market.html?market=will-kamala-harris-win-the-2028-democratic-presidential-nomination-641&features=volume&theme=light,Will Kamala Harris win the 2028 Democratic presidential nomination?,united-states,,24h $901 • spread 0.001 • TTR 771.0d,13565098.508856991,901.11,0.0005,0.7937,2028-11-08T04:59:00+00:00,770.993,1,0.001,-0.936,0.0635,0,"[{""name"": ""Top"", ""bestBid"": 0.063, ""bestAsk"": 0.064}]"
2063131,0x4e9460ea6d2a4f26fbb8bd8d30f8b825e6b8016e4a645f407cf38497e19ba523,will-alesa-mengesha-be-the-next-prime-minister-of-ethiopia,https://polymarket.com/event/will-alesa-mengesha-be-the-next-prime-minister-of-ethiopia,https://embed.polymarket.com/market.html?market=will-alesa-mengesha-be-the-next-prime-minister-of-ethiopia&features=volume&theme=light,Will Alesa Mengesha be the next Prime Minister of Ethiopia?,ethiopia,,spread 0.002 • TTR 825.0d,13582209.951097002,,0.0,0.0,2029-01-01T04:59:00+00:00,824.993,1,0.002,-0.994,0.005,0,"[{""name"": ""Top"", ""bestBid"": 0.004, ""bestAsk"": 0.006}]"
559660,0x1d519b87999e3d4e90e1e8f57b5eee73a0ba488ff3fdb70867f294733aba84a9,will-andy-beshear-win-the-2028-democratic-presidential-nomination-832,https://polymarket.com/event/will-andy-beshear-win-the-2028-democratic-presidential-nomination-832,https://embed.polymarket.com/market.html?market=will-andy-beshear-win-the-2028-democratic-presidential-nomination-832&features=volume&theme=light,Will Andy Beshear win the 2028 Democratic presidential nomination?,united-states,,24h $271 • spread 0.002 • TTR 771.0d,13295083.251993995,271.37,-0.0005,-1.8182,2028-11-08T04:59:00+00:00,770.993,1,0.002,-0.972,0.027,0,"[{""name"": ""Top"", ""bestBid"": 0.026, ""bestAsk"": 0.028}]"
2696746,0x23667427b34ca1c7144d50540beba9e7ffb608443a84252c194bb8b40919a0cb,us-iran-final-nuclear-deal-by-september-30-2026,https://polymarket.com/event/us-iran-final-nuclear-deal-by-september-30-2026,https://embed.polymarket.com/market.html?market=us-iran-final-nuclear-deal-by-september-30-2026&features=volume&theme=light,"US-Iran Final Nuclear Deal by September 30, 2026?",iran,,"24h $134,243 • spread 0.001 • TTR 2.0d",2168275.2338190004,134243.7,0.0,0.0,2026-10-01T03:59:00+00:00,1.951,1,0.001,-0.996,0.0035,0,"[{""name"": ""Top"", ""bestBid"": 0.003, ""bestAsk"": 0.004}]"
559661,0x74dba1ce1ae9dd535414e85f2d9ab5ea32c0fb1acc9b7130b67e6d91217e24e1,will-jon-ossoff-win-the-2028-democratic-presidential-nomination-885,https://polymarket.com/event/will-jon-ossoff-win-the-2028-democratic-presidential-nomination-885,https://embed.polymarket.com/market.html?market=will-jon-ossoff-win-the-2028-democratic-presidential-nomination-885&features=volume&theme=light,Will Jon Ossoff win the 2028 Democratic presidential nomination?,united-states,,"24h $7,909 • spread 0.001 • TTR 771.0d",13108985.635081002,7909.53,0.002,1.3115,2028-11-08T04:59:00+00:00,770.993,1,0.001,-0.845,0.1545,0,"[{""name"": ""Top"", ""bestBid"": 0.154, ""bestAsk"": 0.155}]"
616902,0xd4e77ba6f29fc093509d24f508631abd445ecf506bbdc9c4c80e60256a318527,will-no-fed-rate-cuts-happen-in-2026,https://polymarket.com/event/will-no-fed-rate-cuts-happen-in-2026,https://embed.polymarket.com/market.html?market=will-no-fed-rate-cuts-happen-in-2026&features=volume&theme=light,Will no Fed rate cuts happen in 2026?,rewards-200-4pt5-50,,"24h $36,501 • spread 0.001 • TTR 94.0d",8646651.018722,36501.85,-0.003,-0.3085,2027-01-01T04:59:00+00:00,93.993,1,0.001,-0.03,0.9695,0,"[{""name"": ""Top"", ""bestBid"": 0.969, ""bestAsk"": 0.97}]"
561241,0xefe6300fd8a053cca53df8f1bd536c5f571a136392c0516e7b16e39f1addecb0,will-jb-pritzker-win-the-2028-us-presidential-election,https://polymarket.com/event/will-jb-pritzker-win-the-2028-us-presidential-election,https://embed.polymarket.com/market.html?market=will-jb-pritzker-win-the-2028-us-presidential-election&features=volume&theme=light,Will JB Pritzker win the 2028 US Presidential Election?,president,,24h $989 • spread 0.001 • TTR 845.0d,13064853.959044,989.39,0.0,0.0,2029-01-21T04:59:00+00:00,844.993,1,0.001,-0.994,0.0055,0,"[{""name"": ""Top"", ""bestBid"": 0.005, ""bestAsk"": 0.006}]"
2126460,0x6a18969bc603992de4c5c9d53c2881e1378ac193cdad01e7f932afa7fdc4af3e,will-crude-oil-reach-a-new-all-time-high-by-september-30,https://polymarket.com/event/will-crude-oil-reach-a-new-all-time-high-by-september-30,https://embed.polymarket.com/market.html?market=will-crude-oil-reach-a-new-all-time-high-by-september-30&features=volume&theme=light,Will Crude Oil reach a new all-time high by September 30?,oil,,"24h $36,010 • spread 0.001 • TTR 2.0d",2116088.6604680005,36010.87,0.0,0.0,2026-10-01T03:59:00+00:00,1.951,1,0.001,-0.998,0.0015,0,"[{""name"": ""Top"", ""bestBid"": 0.001, ""bestAsk"": 0.002}]"
4641064,0x690fafd3b7bb8b4919ccf0f219b0014b65334411a1076162e76353e76d7f9bec,us-x-iran-ceasefire-continues-through-september-30-20260917,https://polymarket.com/event/us-x-iran-ceasefire-continues-through-september-30-20260917,https://embed.polymarket.com/market.html?market=us-x-iran-ceasefire-continues-through-september-30-20260917&features=volume&theme=light,US x Iran ceasefire continues through September 30?,iran,,"24h $204,386 • spread 0.001 • TTR 1.8d",2071099.718475998,204386.74,0.0295,3.1551,2026-09-30T23:59:00+00:00,1.785,1,0.001,-0.035,0.9645,0,"[{""name"": ""Top"", ""bestBid"": 0.964, ""bestAsk"": 0.965}]"
561235,0xe29b33ef5bf351c8a22bfd79f8b58e62649d54ceee6f9735387cef79f52fecae,will-wes-moore-win-the-2028-us-presidential-election,https://polymarket.com/event/will-wes-moore-win-the-2028-us-presidential-election,https://embed.polymarket.com/market.html?market=will-wes-moore-win-the-2028-us-presidential-election&features=volume&theme=light,Will Wes Moore win the 2028 US Presidential Election?,president,,24h $954 • spread 0.001 • TTR 769.8d,12674684.676128,954.12,0.0,0.0,2028-11-07T00:00:00+00:00,769.785,1,0.001,-0.991,0.0085,0,"[{""name"": ""Top"", ""bestBid"": 0.008, ""bestAsk"": 0.009}]"
561246,0x3367d22cd2a673014f1960742afdf8601040a8ad856dc0a98bd1a44ee99504e2,will-ron-desantis-win-the-2028-us-presidential-election,https://polymarket.com/event/will-ron-desantis-win-the-2028-us-presidential-election,https://embed.polymarket.com/market.html?market=will-ron-desantis-win-the-2028-us-presidential-election&features=volume&theme=light,Will Ron DeSantis win the 2028 US Presidential Election?,president,,24h $552 • spread 0.004 • TTR 845.0d,12630253.282650001,552.4,-0.0005,-2.5641,2029-01-21T04:59:00+00:00,844.993,1,0.004,-0.979,0.019,0,"[{""name"": ""Top"", ""bestBid"": 0.017, ""bestAsk"": 0.021}]"
559686,0x8dbf6b51f302fd401065706245c144e93fe209abce183199433d4484b3ed8aff,will-dwayne-the-rock-johnson-win-the-2028-democratic-presidential-nomination,https://polymarket.com/event/will-dwayne-the-rock-johnson-win-the-2028-democratic-presidential-nomination,https://embed.polymarket.com/market.html?market=will-dwayne-the-rock-johnson-win-the-2028-democratic-presidential-nomination&features=volume&theme=light,Will Dwayne 'The Rock' Johnson win the 2028 Democratic presidential nomination?,united-states,,24h $161 • spread 0.002 • TTR 771.0d,12515512.462336002,161.65,-0.0005,-4.3478,2028-11-08T04:59:00+00:00,770.993,1,0.002,-0.988,0.011,0,"[{""name"": ""Top"", ""bestBid"": 0.01, ""bestAsk"": 0.012}]"
561234,0x2053d8515f1b8cbeea4ccdb56e60e89c2617e43a8660d95166b8e71d27865277,will-marco-rubio-win-the-2028-us-presidential-election,https://polymarket.com/event/will-marco-rubio-win-the-2028-us-presidential-election,https://embed.polymarket.com/market.html?market=will-marco-rubio-win-the-2028-us-presidential-election&features=volume&theme=light,Will Marco Rubio win the 2028 US Presidential Election?,president,,"24h $1,681 • spread 0.001 • TTR 845.0d",12589793.311262,1681.29,0.0,0.0,2029-01-21T04:59:00+00:00,844.993,1,0.001,-0.912,0.0875,0,"[{""name"": ""Top"", ""bestBid"": 0.087, ""bestAsk"": 0.088}]"
701502,0x024b68f77bfc019341ee3db8f57c103334e4b9430bba4746d8c94aafd8b36fee,will-bitcoin-dip-to-45000-by-december-31-2026-674-923-755-971-998-525-926-245-316-517-544-589-965-923-986-841-815-224-586-231-289-533-573,https://polymarket.com/event/will-bitcoin-dip-to-45000-by-december-31-2026-674-923-755-971-998-525-926-245-316-517-544-589-965-923-986-841-815-224-586-231-289-533-573,https://embed.polymarket.com/market.html?market=will-bitcoin-dip-to-45000-by-december-31-2026-674-923-755-971-998-525-926-245-316-517-544-589-965-923-986-841-815-224-586-231-289-533-573&features=volume&theme=light,"Will Bitcoin dip to $45,000 by December 31, 2026?",bitcoin,,"24h $11,965 • spread 0.001 • TTR 94.0d",8074691.143274003,11965.07,0.0005,1.1111,2027-01-01T05:00:00+00:00,93.994,1,0.001,-0.954,0.0455,0,"[{""name"": ""Top"", ""bestBid"": 0.045, ""bestAsk"": 0.046}]"
559654,0x4c325469d9b516ef4e6b8f73a81a12607dec075e3c2fd454f91765aaeafc4760,will-pete-buttigieg-win-the-2028-democratic-presidential-nomination-687,https://polymarket.com/event/will-pete-buttigieg-win-the-2028-democratic-presidential-nomination-687,https://embed.polymarket.com/market.html?market=will-pete-buttigieg-win-the-2028-democratic-presidential-nomination-687&features=volume&theme=light,Will Pete Buttigieg win the 2028 Democratic presidential nomination?,united-states,,24h $901 • spread 0.001 • TTR 771.0d,12141724.651518999,901.4,0.0005,1.0204,2028-11-08T04:59:00+00:00,770.993,1,0.001,-0.95,0.0495,0,"[{""name"": ""Top"", ""bestBid"": 0.049, ""bestAsk"": 0.05}]"
559659,0xe39adea057926dc197fe30a441f57a340b2a232d5a687010f78bba9b6e02620f,will-gretchen-whitmer-win-the-2028-democratic-presidential-nomination-676,https://polymarket.com/event/will-gretchen-whitmer-win-the-2028-democratic-presidential-nomination-676,https://embed.polymarket.com/market.html?market=will-gretchen-whitmer-win-the-2028-democratic-presidential-nomination-676&features=volume&theme=light,Will Gretchen Whitmer win the 2028 Democratic presidential nomination?,united-states,,24h $480 • spread 0.001 • TTR 771.0d,12123141.180900006,480.82,0.0,0.0,2028-11-08T04:59:00+00:00,770.993,1,0.001,-0.991,0.0085,0,"[{""name"": ""Top"", ""bestBid"": 0.008, ""bestAsk"": 0.009}]"
601834,0x919c9bc428d2d19400437852066582b11bb7b00ad78529a0069cde76766b9faf,will-helder-barbalho-win-the-2026-brazilian-presidential-election,https://polymarket.com/event/will-helder-barbalho-win-the-2026-brazilian-presidential-election,https://embed.polymarket.com/market.html?market=will-helder-barbalho-win-the-2026-brazilian-presidential-election&features=volume&theme=light,Will Helder Barbalho win the 2026 Brazilian presidential election?,politics,,TTR 5.8d,2422918.4968820014,,0.0,0.0,2026-10-04T23:59:00+00:00,5.785,1,,-0.999,,0,"[{""name"": ""Top"", ""bestBid"": null, ""bestAsk"": 0.001}]"
694936,0x733a3bb1f78a42bdf60092866ceb931664fb1dae1d66d3a6d2cf7b72cec96400,will-nebius-group-be-acquired-before-2027-514-765,https://polymarket.com/event/will-nebius-group-be-acquired-before-2027-514-765,https://embed.polymarket.com/market.html?market=will-nebius-group-be-acquired-before-2027-514-765&features=volume&theme=light,Will Nebius Group be acquired before 2027?,business,,24h $48 • spread 0.008 • TTR 94.0d,7960326.1621630015,48.98,0.0,0.0,2027-01-01T04:59:00+00:00,93.993,1,0.008,-0.972,0.024,0,"[{""name"": ""Top"", ""bestBid"": 0.02, ""bestAsk"": 0.028}]"
682705,0x7586a96520578acaaaa4ea84a2582f197f84255da1f3392a7aa300386c187b37,will-benjamin-netanyahu-be-the-next-prime-minister-of-israel,https://polymarket.com/event/will-benjamin-netanyahu-be-the-next-prime-minister-of-israel,https://embed.polymarket.com/market.html?market=will-benjamin-netanyahu-be-the-next-prime-minister-of-israel&features=volume&theme=light,Will Benjamin Netanyahu be the next Prime Minister of Israel?,main-election,,"24h $77,709 • spread 0.010 • TTR 28.8d",4631890.567380999,77709.4,0.01,3.5088,2026-10-27T23:59:00+00:00,28.785,1,0.01,-0.7,0.295,0,"[{""name"": ""Top"", ""bestBid"": 0.29, ""bestAsk"": 0.3}]"
898409,0x6eec2b6b1c8d62aaacda46471e8caf7320f4ea9235f5ee87cba970a32a4e6985,will-lando-norris-be-the-2026-f1-drivers-champion,https://polymarket.com/event/will-lando-norris-be-the-2026-f1-drivers-champion,https://embed.polymarket.com/market.html?market=will-lando-norris-be-the-2026-f1-drivers-champion&features=volume&theme=light,Will Lando Norris be the 2026 F1 Drivers' Champion?,sports,,24h $322 • spread 0.003 • TTR 67.8d,6888146.814148,322.8,0.0005,7.1429,2026-12-06T00:00:00+00:00,67.785,1,0.003,-0.991,0.0075,0,"[{""name"": ""Top"", ""bestBid"": 0.006, ""bestAsk"": 0.009}]"
4174612,0xc3794a8d3a34d04b9f39773e35c4cecdac89d32eab93e8589d9a6f03e04e9490,dtrump-out-as-president-by-september-30,https://polymarket.com/event/dtrump-out-as-president-by-september-30,https://embed.polymarket.com/market.html?market=dtrump-out-as-president-by-september-30&features=volume&theme=light,Trump out as President by September 30?,trump,,24h $384 • TTR 2.0d,1927732.7878720006,384.5,0.0,0.0,2026-10-01T03:59:00+00:00,1.951,1,,-0.999,,0,"[{""name"": ""Top"", ""bestBid"": null, ""bestAsk"": 0.001}]"
2822005,0xc788500313fb20ebab5b6577c3dcfc24e911e44e45c3aebabb8eee4bb70f4431,putin-out-as-president-of-russia-by-september-30-2026,https://polymarket.com/event/putin-out-as-president-of-russia-by-september-30-2026,https://embed.polymarket.com/market.html?market=putin-out-as-president-of-russia-by-september-30-2026&features=volume&theme=light,"Putin out as President of Russia by September 30, 2026?",putin,,"24h $12,517 • TTR 2.0d",1925780.7747890006,12517.36,0.0,0.0,2026-10-01T03:59:00+00:00,1.951,1,,-0.999,,0,"[{""name"": ""Top"", ""bestBid"": null, ""bestAsk"": 0.001}]"
559694,0x20d0bc282552ac5ec6f61cd7101cb42a5948cae07e7651bdf40ede1a8b2c5eac,will-ro-khanna-win-the-2028-democratic-presidential-nomination,https://polymarket.com/event/will-ro-khanna-win-the-2028-democratic-presidential-nomination,https://embed.polymarket.com/market.html?market=will-ro-khanna-win-the-2028-democratic-presidential-nomination&features=volume&theme=light,Will Ro Khanna win the 2028 Democratic presidential nomination?,united-states,,24h $217 • spread 0.001 • TTR 771.0d,11308562.36577,217.2,-0.0005,-3.5714,2028-11-08T04:59:00+00:00,770.993,1,0.001,-0.986,0.0135,0,"[{""name"": ""Top"", ""bestBid"": 0.013, ""bestAsk"": 0.014}]"
898410,0x1c373746c204f7437cb212d2bcfbc5fdf0f0263ae9b470dd92c676d4c2c5ba03,will-oscar-piastri-be-the-2026-f1-drivers-champion,https://polymarket.com/event/will-oscar-piastri-be-the-2026-f1-drivers-champion,https://embed.polymarket.com/market.html?market=will-oscar-piastri-be-the-2026-f1-drivers-champion&features=volume&theme=light,Will Oscar Piastri be the 2026 F1 Drivers' Champion?,sports,,TTR 67.8d,6503686.737878997,,0.0,0.0,2026-12-06T00:00:00+00:00,67.785,1,,-0.999,,0,"[{""name"": ""Top"", ""bestBid"": null, ""bestAsk"": 0.001}]"
628955,0x8d62f20324e9e7f1a3c663ab6aac9a2f6e7adb96c6a69ac2cea7e08a71a7f2ef,will-tom-steyer-win-the-california-governor-election-in-2026,https://polymarket.com/event/will-tom-steyer-win-the-california-governor-election-in-2026,https://embed.polymarket.com/market.html?market=will-tom-steyer-win-the-california-governor-election-in-2026&features=volume&theme=light,Will Tom Steyer win the California Governor Election in 2026?,california-midterm,,"24h $2,594 • spread 0.001 • TTR 36.0d",4800738.075800999,2594.13,0.0,0.0,2026-11-04T04:59:00+00:00,35.993,1,0.001,-0.998,0.0015,0,"[{""name"": ""Top"", ""bestBid"": 0.001, ""bestAsk"": 0.002}]"
561258,0xa9549c44687993a9a154347c6907092341459b927efaa3f2b49009ca2c4e40a1,will-jamie-dimon-win-the-2028-us-presidential-election,https://polymarket.com/event/will-jamie-dimon-win-the-2028-us-presidential-election,https://embed.polymarket.com/market.html?market=will-jamie-dimon-win-the-2028-us-presidential-election&features=volume&theme=light,Will Jamie Dimon win the 2028 US Presidential Election?,president,,24h $823 • spread 0.001 • TTR 845.0d,10994070.487153001,823.97,0.0,0.0,2029-01-21T04:59:00+00:00,844.993,1,0.001,-0.995,0.0045,0,"[{""name"": ""Top"", ""bestBid"": 0.004, ""bestAsk"": 0.005}]"
561259,0xb314f5dbf75919a34d4997e8b22e6793505e3377a690eaa11a75a2547e926bee,will-ro-khanna-win-the-2028-us-presidential-election,https://polymarket.com/event/will-ro-khanna-win-the-2028-us-presidential-election,https://embed.polymarket.com/market.html?market=will-ro-khanna-win-the-2028-us-presidential-election&features=volume&theme=light,Will Ro Khanna win the 2028 US Presidential Election?,president,,24h $635 • spread 0.001 • TTR 845.0d,10912738.119093,635.56,0.0,0.0,2029-01-21T04:59:00+00:00,844.993,1,0.001,-0.991,0.0085,0,"[{""name"": ""Top"", ""bestBid"": 0.008, ""bestAsk"": 0.009}]"
2034729,0xace3c72c24fccb6731433483ece41c780432d84850edccd5a6bf3147ccea62a9,will-the-us-confirm-that-aliens-exist-by-september-30-396,https://polymarket.com/event/will-the-us-confirm-that-aliens-exist-by-september-30-396,https://embed.polymarket.com/market.html?market=will-the-us-confirm-that-aliens-exist-by-september-30-396&features=volume&theme=light,Will the US confirm that aliens exist by September 30?,aliens,,"24h $81,764 • spread 0.001 • TTR 94.0d",7152025.456978997,81764.05,0.0,0.0,2027-01-01T04:59:00+00:00,93.993,1,0.001,-0.998,0.0015,0,"[{""name"": ""Top"", ""bestBid"": 0.001, ""bestAsk"": 0.002}]"
898413,0x696576c9b20d20a71e0acd6f84d215f129fa361ed544b0df14f1ae540d84059f,will-max-verstappen-be-the-2026-f1-drivers-champion,https://polymarket.com/event/will-max-verstappen-be-the-2026-f1-drivers-champion,https://embed.polymarket.com/market.html?market=will-max-verstappen-be-the-2026-f1-drivers-champion&features=volume&theme=light,Will Max Verstappen be the 2026 F1 Drivers' Champion?,sports,,"24h $3,145 • spread 0.001 • TTR 67.8d",6260383.168363998,3145.45,0.0,0.0,2026-12-06T00:00:00+00:00,67.785,1,0.001,-0.997,0.0025,0,"[{""name"": ""Top"", ""bestBid"": 0.002, ""bestAsk"": 0.003}]"
559695,0xb91be12388b3d4079c3ed9b5783cb42d8c33051d37746a49300227e0f45fc089,will-james-talarico-win-the-2028-democratic-presidential-nomination,https://polymarket.com/event/will-james-talarico-win-the-2028-democratic-presidential-nomination,https://embed.polymarket.com/market.html?market=will-james-talarico-win-the-2028-democratic-presidential-nomination&features=volume&theme=light,Will James Talarico win the 2028 Democratic presidential nomination?,united-states,,"24h $3,153 • spread 0.001 • TTR 771.0d",10713495.572808001,3153.24,0.0,0.0,2028-11-08T04:59:00+00:00,770.993,1,0.001,-0.979,0.0205,0,"[{""name"": ""Top"", ""bestBid"": 0.02, ""bestAsk"": 0.021}]"
561975,0x21ad31a46bfaa51650766eff6dc69c866959e32d965ffb116020e37694b6317d,will-marco-rubio-win-the-2028-republican-presidential-nomination,https://polymarket.com/event/will-marco-rubio-win-the-2028-republican-presidential-nomination,https://embed.polymarket.com/market.html?market=will-marco-rubio-win-the-2028-republican-presidential-nomination&features=volume&theme=light,Will Marco Rubio win the 2028 Republican presidential nomination?,united-states,,"24h $2,003 • spread 0.001 • TTR 769.8d",10697073.460158003,2003.6,0.0005,0.3226,2028-11-07T00:00:00+00:00,769.785,1,0.001,-0.844,0.1555,0,"[{""name"": ""Top"", ""bestBid"": 0.155, ""bestAsk"": 0.156}]"
561243,0xce9a5fa30fe74e323b4a8f15afbb0b7a41a537aa880779ddf7dee22223b2f34a,will-donald-trump-win-the-2028-us-presidential-election,https://polymarket.com/event/will-donald-trump-win-the-2028-us-presidential-election,https://embed.polymarket.com/market.html?market=will-donald-trump-win-the-2028-us-presidential-election&features=volume&theme=light,Will Donald Trump win the 2028 US Presidential Election?,president,,"24h $1,193 • spread 0.001 • TTR 769.8d",10651601.312946998,1193.52,0.0,0.0,2028-11-07T00:00:00+00:00,769.785,1,0.001,-0.988,0.0115,0,"[{""name"": ""Top"", ""bestBid"": 0.011, ""bestAsk"": 0.012}]"
562802,0xd5d9fc47718bd553592d126b1fa5e87183d27f3936975b0c04cc0f2dec1f1bb4,will-the-democratic-party-control-the-house-after-the-2026-midterm-elections,https://polymarket.com/event/will-the-democratic-party-control-the-house-after-the-2026-midterm-elections,https://embed.polymarket.com/market.html?market=will-the-democratic-party-control-the-house-after-the-2026-midterm-elections&features=volume&theme=light,Will the Democratic Party control the House after the 2026 Midterm elections?,parent-for-derivative,,"24h $20,995 • spread 0.010 • TTR 98.0d",7160230.146152002,20995.23,0.0,0.0,2027-01-05T04:59:00+00:00,97.993,1,0.01,-0.07,0.925,0,"[{""name"": ""Top"", ""bestBid"": 0.92, ""bestAsk"": 0.93}]"
562006,0xca68152902c3581ab42feb04921b8b1cd3c4e80d06f255ae077259fca0bba15c,will-eric-trump-win-the-2028-republican-presidential-nomination,https://polymarket.com/event/will-eric-trump-win-the-2028-republican-presidential-nomination,https://embed.polymarket.com/market.html?market=will-eric-trump-win-the-2028-republican-presidential-nomination&features=volume&theme=light,Will Eric Trump win the 2028 Republican presidential nomination?,united-states,,24h $708 • spread 0.001 • TTR 771.0d,10578142.096373994,708.0,0.0,0.0,2028-11-08T04:59:00+00:00,770.993,1,0.001,-0.998,0.0015,0,"[{""name"": ""Top"", ""bestBid"": 0.001, ""bestAsk"": 0.002}]"
2589812,0xdf9bf27ee5757c55b44b8b9826ddc9ec3a8809aa3278634c45edbb7fc8f1a3e3,will-there-be-no-change-in-fed-interest-rates-after-the-october-2026-meeting-20260617190324031,https://polymarket.com/event/will-there-be-no-change-in-fed-interest-rates-after-the-october-2026-meeting-20260617190324031,https://embed.polymarket.com/market.html?market=will-there-be-no-change-in-fed-interest-rates-after-the-october-2026-meeting-20260617190324031&features=volume&theme=light,Will there be no change in Fed interest rates after the October 2026 meeting?,fed,,"24h $158,098 • spread 0.010 • TTR 30.0d",4144231.4696020028,158098.61,-0.02,-5.9701,2026-10-29T03:59:00+00:00,29.951,1,0.01,-0.68,0.315,0,"[{""name"": ""Top"", ""bestBid"": 0.31, ""bestAsk"": 0.32}]"
948957,0x6123b5cc75c38ba9783f6c8ea260107b546c7d3454a8f9b5280c9921cc39f3d9,bitcoin-all-time-high-by-september-30-2026,https://polymarket.com/event/bitcoin-all-time-high-by-september-30-2026,https://embed.polymarket.com/market.html?market=bitcoin-all-time-high-by-september-30-2026&features=volume&theme=light,"Bitcoin all time high by September 30, 2026?",price-milestone,,"24h $2,436 • TTR 2.0d",1718846.140046001,2436.51,0.0,0.0,2026-10-01T03:59:00+00:00,1.951,1,,-0.999,,0,"[{""name"": ""Top"", ""bestBid"": null, ""bestAsk"": 0.001}]"
561980,0xd7a0d72b19ca48b06b0029684677f581e32f133c367d7a19c2f1e4ad07066af7,will-nikki-haley-win-the-2028-republican-presidential-nomination,https://polymarket.com/event/will-nikki-haley-win-the-2028-republican-presidential-nomination,https://embed.polymarket.com/market.html?market=will-nikki-haley-win-the-2028-republican-presidential-nomination&features=volume&theme=light,Will Nikki Haley win the 2028 Republican presidential nomination?,united-states,,24h $964 • spread 0.001 • TTR 771.0d,10394282.592272,964.0,0.0,0.0,2028-11-08T04:59:00+00:00,770.993,1,0.001,-0.998,0.0015,0,"[{""name"": ""Top"", ""bestBid"": 0.001, ""bestAsk"": 0.002}]"
561264,0xea649be6ea3447f3c145a173883c68a89faf4edda1f85109b76baa93b3ee7a87,will-pete-hegseth-win-the-2028-us-presidential-election,https://polymarket.com/event/will-pete-hegseth-win-the-2028-us-presidential-election,https://embed.polymarket.com/market.html?market=will-pete-hegseth-win-the-2028-us-presidential-election&features=volume&theme=light,Will Pete Hegseth win the 2028 US Presidential Election?,president,,TTR 845.0d,10340157.636485996,,0.0,0.0,2029-01-21T04:59:00+00:00,844.993,1,,-0.999,,0,"[{""name"": ""Top"", ""bestBid"": null, ""bestAsk"": 0.001}]"
2730675,0x094772b3529f455e881a4483eaf1c24266384f55e97c23f24f638f5726ba9920,iran-leadership-change-by-september-30-20260629144005163-739-824,https://polymarket.com/event/iran-leadership-change-by-september-30-20260629144005163-739-824,https://embed.polymarket.com/market.html?market=iran-leadership-change-by-september-30-20260629144005163-739-824&features=volume&theme=light,Iran leadership change by September 30?,politics,,"24h $12,508 • spread 0.001 • TTR 2.0d",1667324.0448499997,12508.37,-0.001,-40.0,2026-10-01T03:59:00+00:00,1.951,1,0.001,-0.998,0.0015,0,"[{""name"": ""Top"", ""bestBid"": 0.001, ""bestAsk"": 0.002}]"
2589813,0x12aa13b3da17ceae1b0a59b5d5b77121e91bb79b4bb0b52bf6543ed3f8d0953b,will-the-fed-increase-interest-rates-by-25-bps-after-the-october-2026-meeting-20260617190324032,https://polymarket.com/event/will-the-fed-increase-interest-rates-by-25-bps-after-the-october-2026-meeting-20260617190324032,https://embed.polymarket.com/market.html?market=will-the-fed-increase-interest-rates-by-25-bps-after-the-october-2026-meeting-20260617190324032&features=volume&theme=light,Will the Fed increase interest rates by 25 bps after the October 2026 meeting?,fed,,"24h $213,472 • spread 0.010 • TTR 30.0d",3992744.4822339998,213472.79,0.04,6.2016,2026-10-29T03:59:00+00:00,29.951,1,0.01,-0.31,0.685,0,"[{""name"": ""Top"", ""bestBid"": 0.68, ""bestAsk"": 0.69}]"
559655,0xd65891729ce093cc12236856837eba1a0872fc7998fd4294c21346f7db68079c,will-josh-shapiro-win-the-2028-democratic-presidential-nomination-977,https://polymarket.com/event/will-josh-shapiro-win-the-2028-democratic-presidential-nomination-977,https://embed.polymarket.com/market.html?market=will-josh-shapiro-win-the-2028-democratic-presidential-nomination-977&features=volume&theme=light,Will Josh Shapiro win the 2028 Democratic presidential nomination?,united-states,,24h $127 • spread 0.001 • TTR 771.0d,10054435.477384992,127.85,0.0,0.0,2028-11-08T04:59:00+00:00,770.993,1,0.001,-0.938,0.0615,0,"[{""name"": ""Top"", ""bestBid"": 0.061, ""bestAsk"": 0.062}]"
1469737,0x25fb28382075f418a944a781a9f8840e2f541152eea0d9798d1cabfa1466adbb,will-mojtaba-khamenei-be-head-of-state-in-iran-end-of-2026,https://polymarket.com/event/will-mojtaba-khamenei-be-head-of-state-in-iran-end-of-2026,https://embed.polymarket.com/market.html?market=will-mojtaba-khamenei-be-head-of-state-in-iran-end-of-2026&features=volume&theme=light,Will Mojtaba Khamenei be head of state in Iran end of 2026?,middle-east,,"24h $6,960 • spread 0.001 • TTR 92.8d",6608900.869619002,6960.55,-0.0015,-0.1701,2026-12-31T00:00:00+00:00,92.785,1,0.001,-0.119,0.8805,0,"[{""name"": ""Top"", ""bestBid"": 0.88, ""bestAsk"": 0.881}]"
562831,0xc5eae79d1ffe716572353962eb926b1e3964c500a4880a7a94f58408218ee76b,2026-balance-of-power-r-senate-r-house-537,https://polymarket.com/event/2026-balance-of-power-r-senate-r-house-537,https://embed.polymarket.com/market.html?market=2026-balance-of-power-r-senate-r-house-537&features=volume&theme=light,"2026 Balance of Power: R Senate, R House",united-states,,"24h $10,534 • spread 0.010 • TTR 34.8d",4249581.245073,10534.75,0.0,0.0,2026-11-03T00:00:00+00:00,34.785,1,0.01,-0.92,0.075,0,"[{""name"": ""Top"", ""bestBid"": 0.07, ""bestAsk"": 0.08}]"
716942,0x1d916047bbca1be9808076a0590c17ff113fb92986a4b4bc7f0f962642158827,will-there-be-at-least-10000-measles-cases-in-the-us-in-2026-418-668-617-245-787-217,https://polymarket.com/event/will-there-be-at-least-10000-measles-cases-in-the-us-in-2026-418-668-617-245-787-217,https://embed.polymarket.com/market.html?market=will-there-be-at-least-10000-measles-cases-in-the-us-in-2026-418-668-617-245-787-217&features=volume&theme=light,Will there be at least 10000 measles cases in the U.S. in 2026?,rewards-20-4pt5-50,,24h $273 • spread 0.011 • TTR 94.0d,6527379.774063002,273.63,-0.0105,-13.7255,2027-01-01T04:59:00+00:00,93.993,1,0.011,-0.93,0.0645,0,"[{""name"": ""Top"", ""bestBid"": 0.059, ""bestAsk"": 0.07}]"
701501,0x752fa61c93f16c4b15e85b0bd438d9c684176b0ea7b319a84c8aca34616e8a8c,will-bitcoin-dip-to-55000-by-december-31-2026-527-627-868-745-188-361-314-673-612-946-821-624-855-557-684-381-884-939-182-939-516,https://polymarket.com/event/will-bitcoin-dip-to-55000-by-december-31-2026-527-627-868-745-188-361-314-673-612-946-821-624-855-557-684-381-884-939-182-939-516,https://embed.polymarket.com/market.html?market=will-bitcoin-dip-to-55000-by-december-31-2026-527-627-868-745-188-361-314-673-612-946-821-624-855-557-684-381-884-939-182-939-516&features=volume&theme=light,"Will Bitcoin dip to $55,000 by December 31, 2026?",bitcoin,,"24h $18,374 • spread 0.010 • TTR 94.0d",6442434.405146,18374.48,0.01,11.7647,2027-01-01T05:00:00+00:00,93.994,1,0.01,-0.9,0.095,0,"[{""name"": ""Top"", ""bestBid"": 0.09, ""bestAsk"": 0.1}]"
561978,0x4a9d58d4da874e26708f5bdb014eb07a06aeebb927068d169d43831595386557,will-donald-trump-jr-win-the-2028-republican-presidential-nomination,https://polymarket.com/event/will-donald-trump-jr-win-the-2028-republican-presidential-nomination,https://embed.polymarket.com/market.html?market=will-donald-trump-jr-win-the-2028-republican-presidential-nomination&features=volume&theme=light,Will Donald Trump Jr. win the 2028 Republican presidential nomination?,united-states,,24h $263 • spread 0.003 • TTR 769.8d,9679711.502895001,263.48,0.0,0.0,2028-11-07T00:00:00+00:00,769.785,1,0.003,-0.98,0.0185,0,"[{""name"": ""Top"", ""bestBid"": 0.017, ""bestAsk"": 0.02}]"
561973,0x895e01dbf3e6a33cd9a44ca0f8cdb5df1bd2b0b6ebed5300d28f8da7145145e4,will-donald-trump-win-the-2028-republican-presidential-nomination,https://polymarket.com/event/will-donald-trump-win-the-2028-republican-presidential-nomination,https://embed.polymarket.com/market.html?market=will-donald-trump-win-the-2028-republican-presidential-nomination&features=volume&theme=light,Will Donald Trump win the 2028 Republican presidential nomination?,united-states,,24h $581 • spread 0.002 • TTR 769.8d,9608264.332776,581.52,-0.0005,-2.7027,2028-11-07T00:00:00+00:00,769.785,1,0.002,-0.981,0.018,0,"[{""name"": ""Top"", ""bestBid"": 0.017, ""bestAsk"": 0.019}]"
4052413,0x913581dc6f16ad7018bbfb51f6e2fa0a4bdd305212ef7976efb5cf0209304cb6,will-bitcoin-reach-100k-in-september-2026,https://polymarket.com/event/will-bitcoin-reach-100k-in-september-2026,https://embed.polymarket.com/market.html?market=will-bitcoin-reach-100k-in-september-2026&features=volume&theme=light,"Will Bitcoin reach $100,000 in September?",bitcoin,,"24h $86,267 • spread 0.001 • TTR 2.0d",1560485.527823,86267.4,-0.001,-40.0,2026-10-01T04:00:00+00:00,1.952,1,0.001,-0.998,0.0015,0,"[{""name"": ""Top"", ""bestBid"": 0.001, ""bestAsk"": 0.002}]"
898416,0x2cefe6009ea518f77b8a82714e54c0af1d0f25e99b37d4861f4a5d3ebbf142d3,will-lewis-hamilton-be-the-2026-f1-drivers-champion,https://polymarket.com/event/will-lewis-hamilton-be-the-2026-f1-drivers-champion,https://embed.polymarket.com/market.html?market=will-lewis-hamilton-be-the-2026-f1-drivers-champion&features=volume&theme=light,Will Lewis Hamilton be the 2026 F1 Drivers' Champion?,sports,,"24h $2,168 • spread 0.002 • TTR 67.8d",5512750.308737998,2168.58,-0.002,-20.0,2026-12-06T00:00:00+00:00,67.785,1,0.002,-0.991,0.008,0,"[{""name"": ""Top"", ""bestBid"": 0.007, ""bestAsk"": 0.009}]"
562008,0x5f3b3456b2d6ef0d6f15d7492162725057be78d738d2465456e2835f1d89046c,will-pete-hegseth-win-the-2028-republican-presidential-nomination,https://polymarket.com/event/will-pete-hegseth-win-the-2028-republican-presidential-nomination,https://embed.polymarket.com/market.html?market=will-pete-hegseth-win-the-2028-republican-presidential-nomination&features=volume&theme=light,Will Pete Hegseth win the 2028 Republican presidential nomination?,united-states,,24h $86 • spread 0.001 • TTR 769.8d,9363394.565374,86.15,-0.0005,-12.5,2028-11-07T00:00:00+00:00,769.785,1,0.001,-0.996,0.0035,0,"[{""name"": ""Top"", ""bestBid"": 0.003, ""bestAsk"": 0.004}]"
898415,0xe0711866c51f7d0c43284f43e3ae34125e462e909e16bf685718df7610e6a1e7,will-charles-leclerc-be-the-2026-f1-drivers-champion,https://polymarket.com/event/will-charles-leclerc-be-the-2026-f1-drivers-champion,https://embed.polymarket.com/market.html?market=will-charles-leclerc-be-the-2026-f1-drivers-champion&features=volume&theme=light,Will Charles Leclerc be the 2026 F1 Drivers' Champion?,sports,,24h $295 • spread 0.001 • TTR 67.8d,5415588.530708997,295.57,0.0,0.0,2026-12-06T00:00:00+00:00,67.785,1,0.001,-0.997,0.0025,0,"[{""name"": ""Top"", ""bestBid"": 0.002, ""bestAsk"": 0.003}]"
561239,0xb3298af85e00aafad937c119444a5f2800a55343b7482eb75581f6e454432501,will-kamala-harris-win-the-2028-us-presidential-election,https://polymarket.com/event/will-kamala-harris-win-the-2028-us-presidential-election,https://embed.polymarket.com/market.html?market=will-kamala-harris-win-the-2028-us-presidential-election&features=volume&theme=light,Will Kamala Harris win the 2028 US Presidential Election?,president,,"24h $2,873 • spread 0.001 • TTR 845.0d",9089183.909189,2873.66,-0.0005,-1.2195,2029-01-21T04:59:00+00:00,844.993,1,0.001,-0.959,0.0405,0,"[{""name"": ""Top"", ""bestBid"": 0.04, ""bestAsk"": 0.041}]"
562007,0xf2cb33c6634ee4676b642e728715c68441fb8d8c90f730ba0b5c3cd1f436a4be,will-joe-kent-win-the-2028-republican-presidential-nomination,https://polymarket.com/event/will-joe-kent-win-the-2028-republican-presidential-nomination,https://embed.polymarket.com/market.html?market=will-joe-kent-win-the-2028-republican-presidential-nomination&features=volume&theme=light,Will Joe Kent win the 2028 Republican presidential nomination?,united-states,,24h $26 • spread 0.001 • TTR 771.0d,8935439.086540002,26.22,0.0,0.0,2028-11-08T04:59:00+00:00,770.993,1,0.001,-0.998,0.0015,0,"[{""name"": ""Top"", ""bestBid"": 0.001, ""bestAsk"": 0.002}]"
559693,0x98933c78b5e277b62d91a6c174b412218de000b54c4c67ec8673bf561cec6e81,will-ruben-gallego-win-the-2028-democratic-presidential-nomination,https://polymarket.com/event/will-ruben-gallego-win-the-2028-democratic-presidential-nomination,https://embed.polymarket.com/market.html?market=will-ruben-gallego-win-the-2028-democratic-presidential-nomination&features=volume&theme=light,Will Ruben Gallego win the 2028 Democratic presidential nomination?,united-states,,24h $365 • spread 0.001 • TTR 771.0d,8863248.920881003,365.88,0.0,0.0,2028-11-08T04:59:00+00:00,770.993,1,0.001,-0.998,0.0015,0,"[{""name"": ""Top"", ""bestBid"": 0.001, ""bestAsk"": 0.002}]"
562828,0x16c63b7cc37f012b9f59ee164ec03877914c701d06d48291ae8d6fc08a088b0d,2026-balance-of-power-d-senate-d-house-949,https://polymarket.com/event/2026-balance-of-power-d-senate-d-house-949,https://embed.polymarket.com/market.html?market=2026-balance-of-power-d-senate-d-house-949&features=volume&theme=light,"2026 Balance of Power: D Senate, D House",united-states,,"24h $42,885 • spread 0.010 • TTR 34.8d",3731751.179976,42885.36,0.01,1.6529,2026-11-03T00:00:00+00:00,34.785,1,0.01,-0.38,0.615,0,"[{""name"": ""Top"", ""bestBid"": 0.61, ""bestAsk"": 0.62}]"
561977,0xd0c4c60c8e68ee15974df3aa7d217225e98020fab9fcdb32d10f8e3d285e1619,will-glenn-youngkin-win-the-2028-republican-presidential-nomination,https://polymarket.com/event/will-glenn-youngkin-win-the-2028-republican-presidential-nomination,https://embed.polymarket.com/market.html?market=will-glenn-youngkin-win-the-2028-republican-presidential-nomination&features=volume&theme=light,Will Glenn Youngkin win the 2028 Republican presidential nomination?,united-states,,24h $135 • spread 0.001 • TTR 769.8d,8720597.334760005,135.67,-0.0005,-12.5,2028-11-07T00:00:00+00:00,769.785,1,0.001,-0.996,0.0035,0,"[{""name"": ""Top"", ""bestBid"": 0.003, ""bestAsk"": 0.004}]"
561998,0x4f02b9cf70e514964fcb9aa2f7873d2b0d1aa0986da096cce7e6687e78da00f3,will-ivanka-trump-win-the-2028-republican-presidential-nomination,https://polymarket.com/event/will-ivanka-trump-win-the-2028-republican-presidential-nomination,https://embed.polymarket.com/market.html?market=will-ivanka-trump-win-the-2028-republican-presidential-nomination&features=volume&theme=light,Will Ivanka Trump win the 2028 Republican presidential nomination?,united-states,,24h $168 • spread 0.001 • TTR 771.0d,8603600.233647,168.64,0.0,0.0,2028-11-08T04:59:00+00:00,770.993,1,0.001,-0.991,0.0085,0,"[{""name"": ""Top"", ""bestBid"": 0.008, ""bestAsk"": 0.009}]"
682706,0x9ed0ecc8b8589e67967d44c4420944a41b6a6806419019a1581d514174eee9b1,will-naftali-bennett-be-the-next-prime-minister-of-israel,https://polymarket.com/event/will-naftali-bennett-be-the-next-prime-minister-of-israel,https://embed.polymarket.com/market.html?market=will-naftali-bennett-be-the-next-prime-minister-of-israel&features=volume&theme=light,Will Naftali Bennett be the next Prime Minister of Israel?,main-election,,"24h $7,739 • spread 0.010 • TTR 28.8d",3323292.1679039993,7739.48,0.0,0.0,2026-10-27T23:59:00+00:00,28.785,1,0.01,-0.87,0.125,0,"[{""name"": ""Top"", ""bestBid"": 0.12, ""bestAsk"": 0.13}]"
559696,0x6685b25cc7c89032efcdf81eb27fdc6bbf04a3e4299bcd99c9f3d62c8471001e,will-graham-platner-win-the-2028-democratic-presidential-nomination,https://polymarket.com/event/will-graham-platner-win-the-2028-democratic-presidential-nomination,https://embed.polymarket.com/market.html?market=will-graham-platner-win-the-2028-democratic-presidential-nomination&features=volume&theme=light,Will Graham Platner win the 2028 Democratic presidential nomination?,united-states,,24h $138 • TTR 771.0d,8531593.309157997,138.0,0.0,0.0,2028-11-08T04:59:00+00:00,770.993,1,,-0.999,,0,"[{""name"": ""Top"", ""bestBid"": null, ""bestAsk"": 0.001}]"
1105751,0x1dd7704a6d05cca078564bc0bac541261425bc9252acc5634639f5161daf45f9,will-evan-pettus-be-the-leader-of-venezuela-end-of-2026,https://polymarket.com/event/will-evan-pettus-be-the-leader-of-venezuela-end-of-2026,https://embed.polymarket.com/market.html?market=will-evan-pettus-be-the-leader-of-venezuela-end-of-2026&features=volume&theme=light,Will Evan Pettus be the leader of Venezuela end of 2026?,trump-machado,,TTR 94.0d,5655685.251313999,,0.0,0.0,2027-01-01T04:59:00+00:00,93.993,1,,-0.999,,0,"[{""name"": ""Top"", ""bestBid"": null, ""bestAsk"": 0.001}]"
561260,0x32903694997a5c09afee30904970f9fab2a5fb4ec45f572f194341185574f1a4,will-thomas-massie-win-the-2028-us-presidential-election,https://polymarket.com/event/will-thomas-massie-win-the-2028-us-presidential-election,https://embed.polymarket.com/market.html?market=will-thomas-massie-win-the-2028-us-presidential-election&features=volume&theme=light,Will Thomas Massie win the 2028 US Presidential Election?,president,,"24h $4,188 • spread 0.002 • TTR 769.8d",8425997.414810002,4188.73,-0.0005,-4.7619,2028-11-07T00:00:00+00:00,769.785,1,0.002,-0.989,0.01,0,"[{""name"": ""Top"", ""bestBid"": 0.009, ""bestAsk"": 0.011}]"
561252,0xe2bdf6c18c8ab5ad5d3be5f95dd749e88d1dee7ac7c4dbf5101013a5c055e3df,will-dwayne-the-rock-johnson-win-the-2028-us-presidential-election,https://polymarket.com/event/will-dwayne-the-rock-johnson-win-the-2028-us-presidential-election,https://embed.polymarket.com/market.html?market=will-dwayne-the-rock-johnson-win-the-2028-us-presidential-election&features=volume&theme=light,Will Dwayne 'The Rock' Johnson win the 2028 US Presidential Election?,president,,24h $777 • spread 0.001 • TTR 845.0d,8422190.448405003,777.1,0.0,0.0,2029-01-21T04:59:00+00:00,844.993,1,0.001,-0.983,0.0165,0,"[{""name"": ""Top"", ""bestBid"": 0.016, ""bestAsk"": 0.017}]"
561232,0x2c03c41e5032364cb7166e842bdd22913f28aa2c837d8432704aa89c338875c8,will-pete-buttigieg-win-the-2028-us-presidential-election,https://polymarket.com/event/will-pete-buttigieg-win-the-2028-us-presidential-election,https://embed.polymarket.com/market.html?market=will-pete-buttigieg-win-the-2028-us-presidential-election&features=volume&theme=light,Will Pete Buttigieg win the 2028 US Presidential Election?,president,,"24h $16,921 • spread 0.001 • TTR 769.8d",8349500.667397,16921.88,0.0,0.0,2028-11-07T00:00:00+00:00,769.785,1,0.001,-0.972,0.0275,0,"[{""name"": ""Top"", ""bestBid"": 0.027, ""bestAsk"": 0.028}]"
1057883,0x6fefc0438c7598b23531457c8c60541990d0786bd4bd9dfc3eabc8d95c291092,will-bitcoin-reach-250000-by-december-31-2026-579-442,https://polymarket.com/event/will-bitcoin-reach-250000-by-december-31-2026-579-442,https://embed.polymarket.com/market.html?market=will-bitcoin-reach-250000-by-december-31-2026-579-442&features=volume&theme=light,"Will Bitcoin reach $250,000 by December 31, 2026?",bitcoin,,24h $20 • spread 0.002 • TTR 94.0d,5491535.427532002,20.07,0.0,0.0,2027-01-01T05:00:00+00:00,93.994,1,0.002,-0.992,0.007,0,"[{""name"": ""Top"", ""bestBid"": 0.006, ""bestAsk"": 0.008}]"
561255,0xc586d15be76278848a26c761c2fcf70f8cebca71815cfab83e656ff5c6ec13a9,will-ivanka-trump-win-the-2028-us-presidential-election,https://polymarket.com/event/will-ivanka-trump-win-the-2028-us-presidential-election,https://embed.polymarket.com/market.html?market=will-ivanka-trump-win-the-2028-us-presidential-election&features=volume&theme=light,Will Ivanka Trump win the 2028 US Presidential Election?,president,,24h $641 • spread 0.002 • TTR 845.0d,8244230.535887001,641.41,0.0,0.0,2029-01-21T04:59:00+00:00,844.993,1,0.002,-0.994,0.005,0,"[{""name"": ""Top"", ""bestBid"": 0.004, ""bestAsk"": 0.006}]"
2125369,0xcd5f739ee4218c44531ef49e98de3b33271c4dc6799499301df0f9f0a14d0474,will-russia-capture-all-of-stepnohirsk-by-september-30-2026,https://polymarket.com/event/will-russia-capture-all-of-stepnohirsk-by-september-30-2026,https://embed.polymarket.com/market.html?market=will-russia-capture-all-of-stepnohirsk-by-september-30-2026&features=volume&theme=light,"Will Russia capture all of Stepnohirsk by September 30, 2026?",politics,,24h $506 • spread 0.015 • TTR 2.0d,1329176.9967580002,506.2,-0.013,-55.3191,2026-10-01T03:59:00+00:00,1.951,1,0.015,-0.982,0.0105,0,"[{""name"": ""Top"", ""bestBid"": 0.003, ""bestAsk"": 0.018}]"
562803,0x4e4f77e7dbf4cab666e9a1943674d7ae66348e862df03ea6f44b11eb95731928,will-the-republican-party-control-the-house-after-the-2026-midterm-elections,https://polymarket.com/event/will-the-republican-party-control-the-house-after-the-2026-midterm-elections,https://embed.polymarket.com/market.html?market=will-the-republican-party-control-the-house-after-the-2026-midterm-elections&features=volume&theme=light,Will the Republican Party control the House after the 2026 Midterm elections?,parent-for-derivative,,"24h $110,508 • spread 0.010 • TTR 98.0d",5401669.364902,110508.16,0.01,13.3333,2027-01-05T04:59:00+00:00,97.993,1,0.01,-0.91,0.085,0,"[{""name"": ""Top"", ""bestBid"": 0.08, ""bestAsk"": 0.09}]"
679035,0x34ed4ad7a7825f168e1084f53e8f60a161579d783b2740e50aa52f710925a136,will-sgolne-royal-win-the-2027-french-presidential-election,https://polymarket.com/event/will-sgolne-royal-win-the-2027-french-presidential-election,https://embed.polymarket.com/market.html?market=will-sgolne-royal-win-the-2027-french-presidential-election&features=volume&theme=light,Will Ségolène Royal win the 2027 French presidential election?,french-election,,"24h $17,293 • spread 0.002 • TTR 202.0d",6655670.083536004,17293.33,-0.0025,-29.4118,2027-04-19T03:59:00+00:00,201.951,1,0.002,-0.993,0.006,0,"[{""name"": ""Top"", ""bestBid"": 0.005, ""bestAsk"": 0.007}]"
1107582,0x3de0f3d7d7efb40cde68e814d40a0b232832083653c8e78260eb999baa967de0,us-strike-on-cuba-by-december-31,https://polymarket.com/event/us-strike-on-cuba-by-december-31,https://embed.polymarket.com/market.html?market=us-strike-on-cuba-by-december-31&features=volume&theme=light,US strike on Cuba by December 31?,cuba,,"24h $5,347 • spread 0.010 • TTR 94.0d",5274747.351245,5347.82,0.0,0.0,2027-01-01T04:59:00+00:00,93.993,1,0.01,-0.85,0.145,0,"[{""name"": ""Top"", ""bestBid"": 0.14, ""bestAsk"": 0.15}]"
616913,0x1adf074e048fa613f4ddbc0766088748a48d120a3a713b0183e219032a411ae3,will-11-fed-rate-cuts-happen-in-2026,https://polymarket.com/event/will-11-fed-rate-cuts-happen-in-2026,https://embed.polymarket.com/market.html?market=will-11-fed-rate-cuts-happen-in-2026&features=volume&theme=light,Will 11 Fed rate cuts happen in 2026?,rewards-200-4pt5-50,,TTR 94.0d,5272133.838100998,,0.0,0.0,2027-01-01T04:59:00+00:00,93.993,1,,-0.999,,0,"[{""name"": ""Top"", ""bestBid"": null, ""bestAsk"": 0.001}]"
1469755,0x4266ab921148974f104cbadd099e13bca989441bf58acfd2a08fc6cc7440e1a1,will-mohammad-khatami-be-head-of-state-in-iran-end-of-2026,https://polymarket.com/event/will-mohammad-khatami-be-head-of-state-in-iran-end-of-2026,https://embed.polymarket.com/market.html?market=will-mohammad-khatami-be-head-of-state-in-iran-end-of-2026&features=volume&theme=light,Will Mohammad Khatami be head of state in Iran end of 2026?,middle-east,,TTR 92.8d,5215127.808480999,,0.0,0.0,2026-12-31T00:00:00+00:00,92.785,1,,-0.999,,0,"[{""name"": ""Top"", ""bestBid"": null, ""bestAsk"": 0.001}]"
1144471,0x3b0107a80edd066fe987784d7ab5963c177888433efbec10689951c17320606c,will-satoshi-move-any-bitcoin-in-2026,https://polymarket.com/event/will-satoshi-move-any-bitcoin-in-2026,https://embed.polymarket.com/market.html?market=will-satoshi-move-any-bitcoin-in-2026&features=volume&theme=light,Will Satoshi move any Bitcoin in 2026?,crypto-culture,,24h $288 • spread 0.001 • TTR 94.0d,5145635.872664002,288.47,0.0,0.0,2027-01-01T05:00:00+00:00,93.994,1,0.001,-0.966,0.0335,0,"[{""name"": ""Top"", ""bestBid"": 0.033, ""bestAsk"": 0.034}]"
679049,0x06ea9c02b4c6a2f7f07f78e21411bd367636564edb27c72cd038b556aada1a64,will-mathilde-panot-win-the-2027-french-presidential-election,https://polymarket.com/event/will-mathilde-panot-win-the-2027-french-presidential-election,https://embed.polymarket.com/market.html?market=will-mathilde-panot-win-the-2027-french-presidential-election&features=volume&theme=light,Will Mathilde Panot win the 2027 French presidential election?,french-election,,"24h $5,466 • TTR 202.0d",6426153.915721998,5466.0,0.0,0.0,2027-04-19T03:59:00+00:00,201.951,1,,-0.999,,0,"[{""name"": ""Top"", ""bestBid"": null, ""bestAsk"": 0.001}]"
898412,0xcd2640464754b9a894ffec98ac11554fdd507ea89ca01237eabb3a6de4a606e6,will-kimi-antonelli-be-the-2026-f1-drivers-champion,https://polymarket.com/event/will-kimi-antonelli-be-the-2026-f1-drivers-champion,https://embed.polymarket.com/market.html?market=will-kimi-antonelli-be-the-2026-f1-drivers-champion&features=volume&theme=light,Will Kimi Antonelli be the 2026 F1 Drivers' Champion?,sports,,"24h $1,387 • spread 0.001 • TTR 67.8d",4493389.285611,1387.53,-0.002,-0.2194,2026-12-06T00:00:00+00:00,67.785,1,0.001,-0.09,0.9095,0,"[{""name"": ""Top"", ""bestBid"": 0.909, ""bestAsk"": 0.91}]"
1057916,0xa885bfe10688056a9d0f4e9a1523bfa18f66fda065f0400d714ba54776083713,will-bitcoin-dip-to-15000-by-december-31-2026-416-954-417-853-885-363-335-458-585-275-615-269-479-379-516-218-918-374-598-429-212,https://polymarket.com/event/will-bitcoin-dip-to-15000-by-december-31-2026-416-954-417-853-885-363-335-458-585-275-615-269-479-379-516-218-918-374-598-429-212,https://embed.polymarket.com/market.html?market=will-bitcoin-dip-to-15000-by-december-31-2026-416-954-417-853-885-363-335-458-585-275-615-269-479-379-516-218-918-374-598-429-212&features=volume&theme=light,"Will Bitcoin dip to $15,000 by December 31, 2026?",bitcoin,,"24h $28,553 • spread 0.003 • TTR 94.0d",5019835.6687179925,28553.92,-0.009,-51.4286,2027-01-01T05:00:00+00:00,93.994,1,0.003,-0.99,0.0085,0,"[{""name"": ""Top"", ""bestBid"": 0.007, ""bestAsk"": 0.01}]"
561233,0x5969cbb46aca5319b19e19a3c6f63de098950b675bf268f30f4d035508da1957,will-josh-shapiro-win-the-2028-us-presidential-election,https://polymarket.com/event/will-josh-shapiro-win-the-2028-us-presidential-election,https://embed.polymarket.com/market.html?market=will-josh-shapiro-win-the-2028-us-presidential-election&features=volume&theme=light,Will Josh Shapiro win the 2028 US Presidential Election?,president,,24h $465 • spread 0.001 • TTR 845.0d,7575660.143534999,465.77,0.0,0.0,2029-01-21T04:59:00+00:00,844.993,1,0.001,-0.97,0.0295,0,"[{""name"": ""Top"", ""bestBid"": 0.029, ""bestAsk"": 0.03}]"
616912,0x757c144993b3cb831e04c42bfcff8c18864c7da4f4688a5939d2f62e031cbc87,will-10-fed-rate-cuts-happen-in-2026,https://polymarket.com/event/will-10-fed-rate-cuts-happen-in-2026,https://embed.polymarket.com/market.html?market=will-10-fed-rate-cuts-happen-in-2026&features=volume&theme=light,Will 10 Fed rate cuts happen in 2026?,rewards-200-4pt5-50,,TTR 94.0d,4954179.949515998,,0.0,0.0,2027-01-01T04:59:00+00:00,93.993,1,,-0.999,,0,"[{""name"": ""Top"", ""bestBid"": null, ""bestAsk"": 0.001}]"
561262,0x9eb7ac1524fdacb46ceb8758454f0004c7b117eae76e6295852643644bb862c1,will-james-talarico-win-the-2028-us-presidential-election,https://polymarket.com/event/will-james-talarico-win-the-2028-us-presidential-election,https://embed.polymarket.com/market.html?market=will-james-talarico-win-the-2028-us-presidential-election&features=volume&theme=light,Will James Talarico win the 2028 US Presidential Election?,president,,24h $904 • spread 0.001 • TTR 845.0d,7479241.358492998,904.35,-0.001,-11.7647,2029-01-21T04:59:00+00:00,844.993,1,0.001,-0.992,0.0075,0,"[{""name"": ""Top"", ""bestBid"": 0.007, ""bestAsk"": 0.008}]"
679023,0x06a27c2810eaca94b53e7a17f15ad47761399ba445a6b02039b2679da203262d,will-xavier-bertrand-win-the-2027-french-presidential-election,https://polymarket.com/event/will-xavier-bertrand-win-the-2027-french-presidential-election,https://embed.polymarket.com/market.html?market=will-xavier-bertrand-win-the-2027-french-presidential-election&features=volume&theme=light,Will Xavier Bertrand win the 2027 French presidential election?,french-election,,"24h $5,851 • TTR 202.0d",6151576.879839001,5851.37,0.0,0.0,2027-04-19T03:59:00+00:00,201.951,1,,-0.999,,0,"[{""name"": ""Top"", ""bestBid"": null, ""bestAsk"": 0.001}]"
682711,0xa653be0f150dbe055a532ea02977338bb31f49d1f723b2a48c1f67847a73cb7d,will-yossi-cohen-be-the-next-prime-minister-of-israel,https://polymarket.com/event/will-yossi-cohen-be-the-next-prime-minister-of-israel,https://embed.polymarket.com/market.html?market=will-yossi-cohen-be-the-next-prime-minister-of-israel&features=volume&theme=light,Will Yossi Cohen be the next Prime Minister of Israel?,main-election,,24h $98 • spread 0.001 • TTR 28.8d,2864919.906371999,98.77,0.0,0.0,2026-10-27T23:59:00+00:00,28.785,1,0.001,-0.997,0.0025,0,"[{""name"": ""Top"", ""bestBid"": 0.002, ""bestAsk"": 0.003}]"
679033,0xbac8d3ca6cc7297022850562d9d66669d5e0a112767337f8a5955417f1984b54,will-olivier-faure-win-the-2027-french-presidential-election,https://polymarket.com/event/will-olivier-faure-win-the-2027-french-presidential-election,https://embed.polymarket.com/market.html?market=will-olivier-faure-win-the-2027-french-presidential-election&features=volume&theme=light,Will Olivier Faure win the 2027 French presidential election?,french-election,,"24h $29,634 • spread 0.001 • TTR 202.0d",6103706.406854999,29634.19,0.0,0.0,2027-04-19T03:59:00+00:00,201.951,1,0.001,-0.998,0.0015,0,"[{""name"": ""Top"", ""bestBid"": 0.001, ""bestAsk"": 0.002}]"
682710,0xadffc96f54f350b3655f72fe2853c81bfd705e9703f62469e6a14782ad5d4ec0,will-avigdor-lieberman-be-the-next-prime-minister-of-israel,https://polymarket.com/event/will-avigdor-lieberman-be-the-next-prime-minister-of-israel,https://embed.polymarket.com/market.html?market=will-avigdor-lieberman-be-the-next-prime-minister-of-israel&features=volume&theme=light,Will Avigdor Lieberman be the next Prime Minister of Israel?,main-election,,"24h $4,234 • spread 0.002 • TTR 28.8d",2825348.976799001,4234.74,0.0025,10.2041,2026-10-27T23:59:00+00:00,28.785,1,0.002,-0.972,0.027,0,"[{""name"": ""Top"", ""bestBid"": 0.026, ""bestAsk"": 0.028}]"
1535973,0x377e7fe65cf198a7fc4fdae3f2136b74729279267858daaf96718b23bc2a5607,iran-leadership-change-by-december-31-974-976-658-482-568-685-996-469-827,https://polymarket.com/event/iran-leadership-change-by-december-31-974-976-658-482-568-685-996-469-827,https://embed.polymarket.com/market.html?market=iran-leadership-change-by-december-31-974-976-658-482-568-685-996-469-827&features=volume&theme=light,Iran leadership change by December 31?,politics,,"24h $4,173 • spread 0.010 • TTR 94.0d",4825389.910335,4173.76,0.0,0.0,2027-01-01T04:59:00+00:00,93.993,1,0.01,-0.89,0.105,0,"[{""name"": ""Top"", ""bestBid"": 0.1, ""bestAsk"": 0.11}]"
628940,0x119b6b3b744ac3239c7a71100165d254234eaecea401abde5a3d303bef21d19e,will-steve-hilton-win-the-california-governor-election-in-2026,https://polymarket.com/event/will-steve-hilton-win-the-california-governor-election-in-2026,https://embed.polymarket.com/market.html?market=will-steve-hilton-win-the-california-governor-election-in-2026&features=volume&theme=light,Will Steve Hilton win the California Governor Election in 2026?,california-midterm,,"24h $78,134 • spread 0.006 • TTR 36.0d",3137989.321131,78134.25,0.0035,8.046,2026-11-04T04:59:00+00:00,35.993,1,0.006,-0.95,0.047,0,"[{""name"": ""Top"", ""bestBid"": 0.044, ""bestAsk"": 0.05}]"
4052417,0x69b547a99088602456fbce087cbc5a503c8b902b3ba58e8873aa771b0bee46a5,will-bitcoin-reach-90k-in-september-2026,https://polymarket.com/event/will-bitcoin-reach-90k-in-september-2026,https://embed.polymarket.com/market.html?market=will-bitcoin-reach-90k-in-september-2026&features=volume&theme=light,"Will Bitcoin reach $90,000 in September?",bitcoin,,"24h $53,651 • spread 0.002 • TTR 2.0d",1183455.9676819996,53651.47,-0.009,-42.8571,2026-10-01T04:00:00+00:00,1.952,1,0.002,-0.987,0.012,0,"[{""name"": ""Top"", ""bestBid"": 0.011, ""bestAsk"": 0.013}]"
1365860,0x83030b249525db4c0bcd83a915776442f4ea32d2fba10825fca4abeb51512d8f,will-renan-santos-finish-in-second-place-in-the-first-round-of-the-2026-brazilian-presidential-election,https://polymarket.com/event/will-renan-santos-finish-in-second-place-in-the-first-round-of-the-2026-brazilian-presidential-election,https://embed.polymarket.com/market.html?market=will-renan-santos-finish-in-second-place-in-the-first-round-of-the-2026-brazilian-presidential-election&features=volume&theme=light,Will Renan Santos finish in second place in the first round of the 2026 Brazilian presidential election?,brazil,,"24h $3,527 • spread 0.001 • TTR 4.8d",1376723.9640089998,3527.85,-0.001,-40.0,2026-10-04T00:00:00+00:00,4.785,1,0.001,-0.998,0.0015,0,"[{""name"": ""Top"", ""bestBid"": 0.001, ""bestAsk"": 0.002}]"
4052418,0xff94b7e25f8377d7ad40bbfd172744bec6235b8ffbcaa1f276ec5465191b2216,will-bitcoin-reach-87pt5k-in-september-2026,https://polymarket.com/event/will-bitcoin-reach-87pt5k-in-september-2026,https://embed.polymarket.com/market.html?market=will-bitcoin-reach-87pt5k-in-september-2026&features=volume&theme=light,"Will Bitcoin reach $87,500 in September?",bitcoin,,"24h $78,087 • spread 0.010 • TTR 2.0d",1177725.6836480016,78087.41,-0.03,-40.0,2026-10-01T04:00:00+00:00,1.952,1,0.01,-0.95,0.045,0,"[{""name"": ""Top"", ""bestBid"": 0.04, ""bestAsk"": 0.05}]"
679041,0x3a8209fbd45fef3be23fb3480eb1c961c85f7bdd07d4a3391f5949252156c594,will-franois-bayrou-win-the-2027-french-presidential-election,https://polymarket.com/event/will-franois-bayrou-win-the-2027-french-presidential-election,https://embed.polymarket.com/market.html?market=will-franois-bayrou-win-the-2027-french-presidential-election&features=volume&theme=light,Will François Bayrou win the 2027 French presidential election?,french-election,,24h $3 • TTR 202.0d,5939558.0016520005,3.8,0.0,0.0,2027-04-19T03:59:00+00:00,201.951,1,,-0.999,,0,"[{""name"": ""Top"", ""bestBid"": null, ""bestAsk"": 0.001}]"
2589811,0x9cf563d7b55aa9aa876d5d7e55126347eee473f0ae56d799e325fdef2bf25297,will-the-fed-decrease-interest-rates-by-25-bps-after-the-october-2026-meeting-20260617190324030,https://polymarket.com/event/will-the-fed-decrease-interest-rates-by-25-bps-after-the-october-2026-meeting-20260617190324030,https://embed.polymarket.com/market.html?market=will-the-fed-decrease-interest-rates-by-25-bps-after-the-october-2026-meeting-20260617190324030&features=volume&theme=light,Will the Fed decrease interest rates by 25 bps after the October 2026 meeting?,fed,,"24h $44,646 • spread 0.001 • TTR 30.0d",2818262.974956,44646.32,0.0,0.0,2026-10-29T03:59:00+00:00,29.951,1,0.001,-0.995,0.0045,0,"[{""name"": ""Top"", ""bestBid"": 0.004, ""bestAsk"": 0.005}]"
2744060,0xbc0079f0872035a9eccf8920c3ceb807750685c25a5f5dcd8a8a235a34cd7bb0,will-samuel-alito-announce-his-retirement-by-september-30-2026-20260630151901966,https://polymarket.com/event/will-samuel-alito-announce-his-retirement-by-september-30-2026-20260630151901966,https://embed.polymarket.com/market.html?market=will-samuel-alito-announce-his-retirement-by-september-30-2026-20260630151901966&features=volume&theme=light,"Will Samuel Alito announce his retirement by September 30, 2026?",politics,,"24h $2,902 • spread 0.001 • TTR 2.0d",1168538.399784,2902.45,0.0,0.0,2026-10-01T03:59:00+00:00,1.951,1,0.001,-0.997,0.0025,0,"[{""name"": ""Top"", ""bestBid"": 0.002, ""bestAsk"": 0.003}]"
608547,0x12dc2b61723b2a54fc1947a307389b5f32038e7a29a0e936ad1fe410b969d06a,will-harry-kane-win-the-2026-ballon-dor,https://polymarket.com/event/will-harry-kane-win-the-2026-ballon-dor,https://embed.polymarket.com/market.html?market=will-harry-kane-win-the-2026-ballon-dor&features=volume&theme=light,Will Harry Kane win the 2026 Ballon d'Or?,soccer,,"24h $120,132 • spread 0.001 • TTR 94.0d • ~50% mid",4607210.685449002,120132.41,-0.091,-16.7742,2027-01-01T04:59:00+00:00,93.993,1,0.001,-0.548,0.4515,1,"[{""name"": ""Top"", ""bestBid"": 0.451, ""bestAsk"": 0.452}]"
679036,0xaba4bb720c6c1b2e48087f5af4a57fd1e9f05814a936e9f6b1c37f10436a34fc,will-franois-asselineau-win-the-2027-french-presidential-election,https://polymarket.com/event/will-franois-asselineau-win-the-2027-french-presidential-election,https://embed.polymarket.com/market.html?market=will-franois-asselineau-win-the-2027-french-presidential-election&features=volume&theme=light,Will François Asselineau win the 2027 French presidential election?,french-election,,24h $2 • TTR 202.0d,5755686.013116999,2.9,0.0,0.0,2027-04-19T03:59:00+00:00,201.951,1,,-0.999,,0,"[{""name"": ""Top"", ""bestBid"": null, ""bestAsk"": 0.001}]"
679043,0xfd431e070263b5f24e43a8fc44532bf41aa008d99cab2330d979913b1c580bd2,will-yal-braun-pivet-win-the-2027-french-presidential-election,https://polymarket.com/event/will-yal-braun-pivet-win-the-2027-french-presidential-election,https://embed.polymarket.com/market.html?market=will-yal-braun-pivet-win-the-2027-french-presidential-election&features=volume&theme=light,Will Yaël Braun-Pivet win the 2027 French presidential election?,french-election,,TTR 202.0d,5701469.5395789975,,0.0,0.0,2027-04-19T03:59:00+00:00,201.951,1,,-0.999,,0,"[{""name"": ""Top"", ""bestBid"": null, ""bestAsk"": 0.001}]"
562004,0x17902b9490c6a73152772316b4705935c5c6801ba269f2afc81686532e34fb9a,will-marjorie-taylor-greene-win-the-2028-republican-presidential-nomination,https://polymarket.com/event/will-marjorie-taylor-greene-win-the-2028-republican-presidential-nomination,https://embed.polymarket.com/market.html?market=will-marjorie-taylor-greene-win-the-2028-republican-presidential-nomination&features=volume&theme=light,Will Marjorie Taylor Greene win the 2028 Republican presidential nomination?,united-states,,24h $159 • spread 0.001 • TTR 771.0d,6769839.898534,159.31,0.0,0.0,2028-11-08T04:59:00+00:00,770.993,1,0.001,-0.996,0.0035,0,"[{""name"": ""Top"", ""bestBid"": 0.003, ""bestAsk"": 0.004}]"
682721,0x8cbdd0c4c6061c9e5c5a94d4a474c1880d0f2ab5ee4704a64af1e77c6d0e18d0,will-amir-ohana-be-the-next-prime-minister-of-israel,https://polymarket.com/event/will-amir-ohana-be-the-next-prime-minister-of-israel,https://embed.polymarket.com/market.html?market=will-amir-ohana-be-the-next-prime-minister-of-israel&features=volume&theme=light,Will Amir Ohana be the next Prime Minister of Israel?,main-election,,24h $29 • spread 0.002 • TTR 28.8d,2574515.0651750006,29.82,0.0,0.0,2026-10-27T23:59:00+00:00,28.785,1,0.002,-0.997,0.002,0,"[{""name"": ""Top"", ""bestBid"": 0.001, ""bestAsk"": 0.003}]"
1235553,0x7279005cdc5f4533b0cf53ce94a6c4fd43039c721ba39a3ad02dddacabd47d93,will-the-chicago-white-sox-win-the-2026-world-series,https://polymarket.com/event/will-the-chicago-white-sox-win-the-2026-world-series,https://embed.polymarket.com/market.html?market=will-the-chicago-white-sox-win-the-2026-world-series&features=volume&theme=light,Will the Chicago White Sox win the 2026 World Series?,sports,,"24h $29,667 • spread 0.001 • TTR 32.8d",2734929.103383999,29667.81,-0.003,-11.7647,2026-10-31T23:55:00+00:00,32.782,1,0.001,-0.977,0.0225,0,"[{""name"": ""Top"", ""bestBid"": 0.022, ""bestAsk"": 0.023}]"
1357388,0x6c9407f7841e7507ba435d540af237d742674ba05bac48998cf94f4b7ef5d909,will-the-los-angeles-chargers-win-the-2027-nfl-league-championship,https://polymarket.com/event/will-the-los-angeles-chargers-win-the-2027-nfl-league-championship,https://embed.polymarket.com/market.html?market=will-the-los-angeles-chargers-win-the-2027-nfl-league-championship&features=volume&theme=light,Will the Los Angeles Chargers win the 2027 NFL league championship?,sports,,"24h $2,951 • spread 0.001 • TTR 184.0d",5370499.272068999,2951.84,0.0,0.0,2027-04-01T03:59:00+00:00,183.951,1,0.001,-0.991,0.0085,0,"[{""name"": ""Top"", ""bestBid"": 0.008, ""bestAsk"": 0.009}]"
679042,0x0b298ab2b2cad3308d486c804985c1ede7ea949bde363f44784a3b2a460be788,will-lisabeth-borne-win-the-2027-french-presidential-election,https://polymarket.com/event/will-lisabeth-borne-win-the-2027-french-presidential-election,https://embed.polymarket.com/market.html?market=will-lisabeth-borne-win-the-2027-french-presidential-election&features=volume&theme=light,Will Élisabeth Borne win the 2027 French presidential election?,french-election,,TTR 202.0d,5446143.0615409985,,0.0,0.0,2027-04-19T03:59:00+00:00,201.951,1,,-0.999,,0,"[{""name"": ""Top"", ""bestBid"": null, ""bestAsk"": 0.001}]"
616911,0x4ec6fcb43fe1a32163c7da09d54a99ab9bf6abdc6fd49939d7ad67d696a3248b,will-9-fed-rate-cuts-happen-in-2026,https://polymarket.com/event/will-9-fed-rate-cuts-happen-in-2026,https://embed.polymarket.com/market.html?market=will-9-fed-rate-cuts-happen-in-2026&features=volume&theme=light,Will 9 Fed rate cuts happen in 2026?,rewards-200-4pt5-50,,24h $3 • TTR 94.0d,4291814.267518,3.7,0.0,0.0,2027-01-01T04:59:00+00:00,93.993,1,,-0.999,,0,"[{""name"": ""Top"", ""bestBid"": null, ""bestAsk"": 0.001}]"
4052438,0x22f3847ddb652d34c1b5d0c73a65b49224713e8a51848fdfbd99ec82c2305c25,will-bitcoin-dip-to-55k-in-september-2026,https://polymarket.com/event/will-bitcoin-dip-to-55k-in-september-2026,https://embed.polymarket.com/market.html?market=will-bitcoin-dip-to-55k-in-september-2026&features=volume&theme=light,"Will Bitcoin dip to $55,000 in September?",bitcoin,,"24h $2,090 • TTR 2.0d",1064314.8864620004,2090.0,0.0,0.0,2026-10-01T04:00:00+00:00,1.952,1,,-0.999,,0,"[{""name"": ""Top"", ""bestBid"": null, ""bestAsk"": 0.001}]"
637002,0x962e5b226a77266ab429029ee04665e8fcfeb10b91af593786ceab871d2e945f,will-donald-trump-win-the-nobel-peace-prize-in-2026-382,https://polymarket.com/event/will-donald-trump-win-the-nobel-peace-prize-in-2026-382,https://embed.polymarket.com/market.html?market=will-donald-trump-win-the-nobel-peace-prize-in-2026-382&features=volume&theme=light,Will Donald Trump win the Nobel Peace Prize in 2026?,awards,,"24h $9,965 • spread 0.001 • TTR 184.0d",5253095.491858,9965.06,-0.0005,-2.7778,2027-04-01T03:59:00+00:00,183.951,1,0.001,-0.982,0.0175,0,"[{""name"": ""Top"", ""bestBid"": 0.017, ""bestAsk"": 0.018}]"
616908,0x4914bfdd892a48c341b5e0f41ec10475a815f2277273110b16f95e21084bfe75,will-6-fed-rate-cuts-happen-in-2026,https://polymarket.com/event/will-6-fed-rate-cuts-happen-in-2026,https://embed.polymarket.com/market.html?market=will-6-fed-rate-cuts-happen-in-2026&features=volume&theme=light,Will 6 Fed rate cuts happen in 2026?,rewards-200-4pt5-50,,TTR 94.0d,4225099.51532,,0.0,0.0,2027-01-01T04:59:00+00:00,93.993,1,,-0.999,,0,"[{""name"": ""Top"", ""bestBid"": null, ""bestAsk"": 0.001}]"
664895,0x404da036e872fe1c9bdb2176564502a43f12831ddcc346395aca3146f9e71bdc,will-metamask-launch-a-token-by-september-30-2026,https://polymarket.com/event/will-metamask-launch-a-token-by-september-30-2026,https://embed.polymarket.com/market.html?market=will-metamask-launch-a-token-by-september-30-2026&features=volume&theme=light,"Will MetaMask launch a token by September 30, 2026?",token-launch,,"24h $11,204 • spread 0.001 • TTR 2.0d",1046251.9512759998,11204.06,0.001,66.6667,2026-10-01T03:59:00+00:00,1.951,1,0.001,-0.997,0.0025,0,"[{""name"": ""Top"", ""bestBid"": 0.002, ""bestAsk"": 0.003}]"
682708,0xdbe93b5a701f36076a560fa4b9ba59e365a6e8e2ea6a83764640010657277ca4,will-gadi-eizenkot-be-the-next-prime-minister-of-israel,https://polymarket.com/event/will-gadi-eizenkot-be-the-next-prime-minister-of-israel,https://embed.polymarket.com/market.html?market=will-gadi-eizenkot-be-the-next-prime-minister-of-israel&features=volume&theme=light,Will Gadi Eizenkot be the next Prime Minister of Israel?,main-election,,"24h $15,782 • spread 0.003 • TTR 28.8d • ~50% mid",2460360.5493199998,15782.24,-0.026,-4.9289,2026-10-27T23:59:00+00:00,28.785,1,0.003,-0.497,0.5015,1,"[{""name"": ""Top"", ""bestBid"": 0.5, ""bestAsk"": 0.503}]"
3866512,0x1cadccc29386c1913644c6197f92a7147d1db345ccfa3cab1429da293c9e7524,will-wti-reach-110-in-september-2026,https://polymarket.com/event/will-wti-reach-110-in-september-2026,https://embed.polymarket.com/market.html?market=will-wti-reach-110-in-september-2026&features=volume&theme=light,Will WTI Crude Oil (WTI) hit (HIGH) $110 in September?,finance,,"24h $58,583 • spread 0.007 • TTR 2.0d",1043698.1882509998,58583.82,-0.007,-48.2759,2026-10-01T03:59:59.999000+00:00,1.952,1,0.007,-0.989,0.0075,0,"[{""name"": ""Top"", ""bestBid"": 0.004, ""bestAsk"": 0.011}]"
679039,0x6ccebbc57547f8b777aa4ef70a452bb5034055d183131a9b6db47fd8d0777921,will-michel-barnier-win-the-2027-french-presidential-election,https://polymarket.com/event/will-michel-barnier-win-the-2027-french-presidential-election,https://embed.polymarket.com/market.html?market=will-michel-barnier-win-the-2027-french-presidential-election&features=volume&theme=light,Will Michel Barnier win the 2027 French presidential election?,french-election,,TTR 202.0d,5254335.307683999,,0.0,0.0,2027-04-19T03:59:00+00:00,201.951,1,,-0.999,,0,"[{""name"": ""Top"", ""bestBid"": null, ""bestAsk"": 0.001}]"
1105753,0x1198bf982483cc6f0a3d3de63d7703117ed19c5b5a9474541a2a3b6b0b5e51f3,will-dan-caine-be-the-leader-of-venezuela-end-of-2026,https://polymarket.com/event/will-dan-caine-be-the-leader-of-venezuela-end-of-2026,https://embed.polymarket.com/market.html?market=will-dan-caine-be-the-leader-of-venezuela-end-of-2026&features=volume&theme=light,Will Dan Caine be the leader of Venezuela end of 2026?,trump-machado,,TTR 92.8d,4154186.2000409993,,0.0,0.0,2026-12-31T00:00:00+00:00,92.785,1,,-0.999,,0,"[{""name"": ""Top"", ""bestBid"": null, ""bestAsk"": 0.001}]"
3128888,0xcee04ba47d02f6c64642369b34193c355f64de1b9ae425c71ea4efef1989d271,us-announces-end-of-iranian-blockade-by-october-31-2026-20260727171711632-895-372-622-413-171-454-592-696,https://polymarket.com/event/us-announces-end-of-iranian-blockade-by-october-31-2026-20260727171711632-895-372-622-413-171-454-592-696,https://embed.polymarket.com/market.html?market=us-announces-end-of-iranian-blockade-by-october-31-2026-20260727171711632-895-372-622-413-171-454-592-696&features=volume&theme=light,"US announces end of Iranian blockade by October 31, 2026?",iran,,"24h $227,147 • spread 0.010 • TTR 33.0d",2588801.421024001,227147.18,0.005,1.9231,2026-11-01T03:59:00+00:00,32.951,1,0.01,-0.73,0.265,0,"[{""name"": ""Top"", ""bestBid"": 0.26, ""bestAsk"": 0.27}]"
1365861,0x6114306f724135bd1db2f5f3169386decf18f618653c196ef0a6c1afd27f4c73,will-flvio-bolsonaro-finish-in-second-place-in-the-first-round-of-the-2026-brazilian-presidential-election,https://polymarket.com/event/will-flvio-bolsonaro-finish-in-second-place-in-the-first-round-of-the-2026-brazilian-presidential-election,https://embed.polymarket.com/market.html?market=will-flvio-bolsonaro-finish-in-second-place-in-the-first-round-of-the-2026-brazilian-presidential-election&features=volume&theme=light,Will Flávio Bolsonaro finish in second place in the first round of the 2026 Brazilian presidential election?,brazil,,"24h $63,100 • spread 0.010 • TTR 6.0d",1263236.7151649997,63100.33,0.01,1.3245,2026-10-05T03:59:00+00:00,5.951,1,0.01,-0.23,0.765,0,"[{""name"": ""Top"", ""bestBid"": 0.76, ""bestAsk"": 0.77}]"
2589810,0xa69ef420d8b4075ad8ba8611d02c63cb2ece46f5c8c643af223c272689b0c96f,will-the-fed-decrease-interest-rates-by-50-bps-after-the-october-2026-meeting-20260617190324029,https://polymarket.com/event/will-the-fed-decrease-interest-rates-by-50-bps-after-the-october-2026-meeting-20260617190324029,https://embed.polymarket.com/market.html?market=will-the-fed-decrease-interest-rates-by-50-bps-after-the-october-2026-meeting-20260617190324029&features=volume&theme=light,Will the Fed decrease interest rates by 50+ bps after the October 2026 meeting?,fed,,"24h $142,111 • spread 0.001 • TTR 30.0d",2435092.290195,142111.55,0.0,0.0,2026-10-29T03:59:00+00:00,29.951,1,0.001,-0.997,0.0025,0,"[{""name"": ""Top"", ""bestBid"": 0.002, ""bestAsk"": 0.003}]"
682712,0xfcd53c97fef81c4ecad8a97c8c47fdf1ce0a54a0daeff7bae53eaa3a9af343f2,will-yair-golan-be-the-next-prime-minister-of-israel,https://polymarket.com/event/will-yair-golan-be-the-next-prime-minister-of-israel,https://embed.polymarket.com/market.html?market=will-yair-golan-be-the-next-prime-minister-of-israel&features=volume&theme=light,Will Yair Golan be the next Prime Minister of Israel?,main-election,,24h $515 • spread 0.001 • TTR 28.8d,2385552.3692840007,515.89,0.0,0.0,2026-10-27T23:59:00+00:00,28.785,1,0.001,-0.997,0.0025,0,"[{""name"": ""Top"", ""bestBid"": 0.002, ""bestAsk"": 0.003}]"
562005,0x24258776d0a926b4550b0f213267b95ba0a7741fc972d0b3c2b5f6bf8ced2c50,will-thomas-massie-win-the-2028-republican-presidential-nomination,https://polymarket.com/event/will-thomas-massie-win-the-2028-republican-presidential-nomination,https://embed.polymarket.com/market.html?market=will-thomas-massie-win-the-2028-republican-presidential-nomination&features=volume&theme=light,Will Thomas Massie win the 2028 Republican presidential nomination?,united-states,,"24h $2,282 • spread 0.001 • TTR 771.0d",6140906.441045,2282.14,-0.0005,-7.1429,2028-11-08T04:59:00+00:00,770.993,1,0.001,-0.993,0.0065,0,"[{""name"": ""Top"", ""bestBid"": 0.006, ""bestAsk"": 0.007}]"
3008494,0x537df24dbae425e973a421983b6ee570d582cac06b5fdbebef099d3d07913985,will-anthropic-have-the-best-ai-model-at-the-end-of-september-2026-20260717143137053,https://polymarket.com/event/will-anthropic-have-the-best-ai-model-at-the-end-of-september-2026-20260717143137053,https://embed.polymarket.com/market.html?market=will-anthropic-have-the-best-ai-model-at-the-end-of-september-2026-20260717143137053&features=volume&theme=light,Will Anthropic have the best AI model at the end of September 2026?,ai,,"24h $14,186 • spread 0.002 • TTR 1.5d",977502.8995280002,14186.79,-0.001,-0.1002,2026-09-30T16:00:00+00:00,1.452,1,0.002,-0.002,0.997,0,"[{""name"": ""Top"", ""bestBid"": 0.996, ""bestAsk"": 0.998}]"
1339767,0xce3c54c3e773e8b3bf73e4c12af93205b21195d03b9c386e22f274b9acfc2c56,will-bitcoin-dip-to-50000-by-december-31-2026-454-325-222-878-949-487-451-853-523-111,https://polymarket.com/event/will-bitcoin-dip-to-50000-by-december-31-2026-454-325-222-878-949-487-451-853-523-111,https://embed.polymarket.com/market.html?market=will-bitcoin-dip-to-50000-by-december-31-2026-454-325-222-878-949-487-451-853-523-111&features=volume&theme=light,"Will Bitcoin dip to $50,000 by December 31, 2026?",bitcoin,,"24h $2,812 • spread 0.010 • TTR 94.0d",4031600.4589039995,2812.32,0.01,15.3846,2027-01-01T05:00:00+00:00,93.994,1,0.01,-0.92,0.075,0,"[{""name"": ""Top"", ""bestBid"": 0.07, ""bestAsk"": 0.08}]"
2589814,0xde5d75ab7702875623ba509bc923241e1211da74a113521b3b70ddac930d7316,will-the-fed-increase-interest-rates-by-50-bps-after-the-october-2026-meeting-20260617190324033,https://polymarket.com/event/will-the-fed-increase-interest-rates-by-50-bps-after-the-october-2026-meeting-20260617190324033,https://embed.polymarket.com/market.html?market=will-the-fed-increase-interest-rates-by-50-bps-after-the-october-2026-meeting-20260617190324033&features=volume&theme=light,Will the Fed increase interest rates by 50+ bps after the October 2026 meeting?,fed,,"24h $83,816 • spread 0.001 • TTR 30.0d",2400264.1218999997,83816.08,0.001,11.7647,2026-10-29T03:59:00+00:00,29.951,1,0.001,-0.99,0.0095,0,"[{""name"": ""Top"", ""bestBid"": 0.009, ""bestAsk"": 0.01}]"
679037,0x2bf80d93be42dac6c1b03298b5ec329a4b9f87b689c7892d544d1029f3a0caf0,will-clmentine-autain-win-the-2027-french-presidential-election,https://polymarket.com/event/will-clmentine-autain-win-the-2027-french-presidential-election,https://embed.polymarket.com/market.html?market=will-clmentine-autain-win-the-2027-french-presidential-election&features=volume&theme=light,Will Clémentine Autain win the 2027 French presidential election?,french-election,,TTR 202.0d,4990071.581528001,,0.0,0.0,2027-04-19T03:59:00+00:00,201.951,1,,-0.999,,0,"[{""name"": ""Top"", ""bestBid"": null, ""bestAsk"": 0.001}]"
616914,0xffa0accb74987c0dc33a70eb3780c1da160206bcfb3ef5d16c1667bc5c459c78,will-12-or-more-fed-rate-cuts-happen-in-2026,https://polymarket.com/event/will-12-or-more-fed-rate-cuts-happen-in-2026,https://embed.polymarket.com/market.html?market=will-12-or-more-fed-rate-cuts-happen-in-2026&features=volume&theme=light,Will 12 or more Fed rate cuts happen in 2026?,rewards-200-4pt5-50,,24h $37 • TTR 94.0d,3980919.4439199986,37.9,0.0,0.0,2027-01-01T04:59:00+00:00,93.993,1,,-0.999,,0,"[{""name"": ""Top"", ""bestBid"": null, ""bestAsk"": 0.001}]"
682714,0xfb2cb634e693b1758fc78b38b02754472edd728bd22eb4a7023c6f49419c73d6,will-gideon-saar-be-the-next-prime-minister-of-israel,https://polymarket.com/event/will-gideon-saar-be-the-next-prime-minister-of-israel,https://embed.polymarket.com/market.html?market=will-gideon-saar-be-the-next-prime-minister-of-israel&features=volume&theme=light,Will Gideon Sa’ar be the next Prime Minister of Israel?,main-election,,"24h $1,047 • TTR 28.8d",2301707.7259070002,1047.0,-0.001,-66.6667,2026-10-27T23:59:00+00:00,28.785,1,,-0.999,,0,"[{""name"": ""Top"", ""bestBid"": null, ""bestAsk"": 0.001}]"
679038,0x637a2423461f5b531fef314e1e14982b80819de217e32f4f96653caa8af2c47a,will-nicolas-dupont-aignan-win-the-2027-french-presidential-election,https://polymarket.com/event/will-nicolas-dupont-aignan-win-the-2027-french-presidential-election,https://embed.polymarket.com/market.html?market=will-nicolas-dupont-aignan-win-the-2027-french-presidential-election&features=volume&theme=light,Will Nicolas Dupont-Aignan win the 2027 French presidential election?,french-election,,"24h $110,000 • TTR 202.0d",4852076.695842998,110000.0,0.0,0.0,2027-04-19T03:59:00+00:00,201.951,1,,-0.999,,0,"[{""name"": ""Top"", ""bestBid"": null, ""bestAsk"": 0.001}]"
679048,0xa6c3848b7861841cc9d93a5c2c1d26b3f44e0298a49889968a627214a2b177ae,will-manuel-bompard-win-the-2027-french-presidential-election,https://polymarket.com/event/will-manuel-bompard-win-the-2027-french-presidential-election,https://embed.polymarket.com/market.html?market=will-manuel-bompard-win-the-2027-french-presidential-election&features=volume&theme=light,Will Manuel Bompard win the 2027 French presidential election?,french-election,,TTR 202.0d,4826252.0032629995,,0.0,0.0,2027-04-19T03:59:00+00:00,201.951,1,,-0.999,,0,"[{""name"": ""Top"", ""bestBid"": null, ""bestAsk"": 0.001}]"
682709,0xf773a12cc13214fc493ec398f96c4ea5ec87ea4ff3b29795041d5498e314ad1e,will-benny-gantz-be-the-next-prime-minister-of-israel,https://polymarket.com/event/will-benny-gantz-be-the-next-prime-minister-of-israel,https://embed.polymarket.com/market.html?market=will-benny-gantz-be-the-next-prime-minister-of-israel&features=volume&theme=light,Will Benny Gantz be the next Prime Minister of Israel?,main-election,,24h $12 • spread 0.001 • TTR 28.8d,2250624.977139999,12.81,0.0,0.0,2026-10-27T23:59:00+00:00,28.785,1,0.001,-0.998,0.0015,0,"[{""name"": ""Top"", ""bestBid"": 0.001, ""bestAsk"": 0.002}]"
561261,0x61600d487069f99e775307a0655c1a79f26e4fc6d8d1ba66790c64d78d0beba2,will-jon-ossoff-win-the-2028-us-presidential-election,https://polymarket.com/event/will-jon-ossoff-win-the-2028-us-presidential-election,https://embed.polymarket.com/market.html?market=will-jon-ossoff-win-the-2028-us-presidential-election&features=volume&theme=light,Will Jon Ossoff win the 2028 US Presidential Election?,president,,24h $644 • spread 0.001 • TTR 845.0d,5818510.002737999,644.06,0.0,0.0,2029-01-21T04:59:00+00:00,844.993,1,0.001,-0.884,0.1155,0,"[{""name"": ""Top"", ""bestBid"": 0.115, ""bestAsk"": 0.116}]"
562830,0x998bc71817b2d76921d1999ce0f3431cfd5945583667a371280ca2b430b0c06e,2026-balance-of-power-r-senate-d-house-444,https://polymarket.com/event/2026-balance-of-power-r-senate-d-house-444,https://embed.polymarket.com/market.html?market=2026-balance-of-power-r-senate-d-house-444&features=volume&theme=light,"2026 Balance of Power: R Senate, D House",united-states,,"24h $7,317 • spread 0.010 • TTR 34.8d",2460051.7687339997,7317.66,0.0,0.0,2026-11-03T00:00:00+00:00,34.785,1,0.01,-0.69,0.305,0,"[{""name"": ""Top"", ""bestBid"": 0.3, ""bestAsk"": 0.31}]"
679046,0xcd050c1af02067e33e03861ff6f67c1c85def8bf4bd196256e6d2b178509533b,will-carole-delga-win-the-2027-french-presidential-election,https://polymarket.com/event/will-carole-delga-win-the-2027-french-presidential-election,https://embed.polymarket.com/market.html?market=will-carole-delga-win-the-2027-french-presidential-election&features=volume&theme=light,Will Carole Delga win the 2027 French presidential election?,french-election,,"24h $5,466 • TTR 202.0d",4747673.005386999,5466.0,0.0,0.0,2027-04-19T03:59:00+00:00,201.951,1,,-0.999,,0,"[{""name"": ""Top"", ""bestBid"": null, ""bestAsk"": 0.001}]"
