id,conditionId,slug,url,embedSrc,question,category,eventId,why,volume,volume24h,momentumDelta24h,momentumPct24h,endDateISO,timeToResolveDays,outcomeCount,avgSpread,underround,binaryMidYes,near50Flag,bestQuotesJSON
665374,0x5db999fad322cea2914535aae5517060c3f80ad6d8c0231cde2124a434d16846,will-the-us-invade-iran-before-2027,https://polymarket.com/event/will-the-us-invade-iran-before-2027,https://embed.polymarket.com/market.html?market=will-the-us-invade-iran-before-2027&features=volume&theme=light,Will the U.S. invade Iran before 2027?,military-strikes,,"24h $529,703 • spread 0.010 • TTR 91.0d",70844675.339492,529703.01,0.01,7.4074,2027-01-01T04:59:00+00:00,91.0,1,0.01,-0.85,0.145,0,"[{""name"": ""Top"", ""bestBid"": 0.14, ""bestAsk"": 0.15}]"
703258,0x0b4cc3b739e1dfe5d73274740e7308b6fb389c5af040c3a174923d928d134bee,will-jesus-christ-return-before-2027,https://polymarket.com/event/will-jesus-christ-return-before-2027,https://embed.polymarket.com/market.html?market=will-jesus-christ-return-before-2027&features=volume&theme=light,Will Jesus Christ return before 2027?,parent-for-derivative,,"24h $33,882 • spread 0.001 • TTR 91.0d",66272195.42593491,33882.03,0.001,6.8966,2027-01-01T04:59:00+00:00,91.0,1,0.001,-0.984,0.0155,0,"[{""name"": ""Top"", ""bestBid"": 0.015, ""bestAsk"": 0.016}]"
601825,0x05297f854d3b757d5e51a1a29c7f225a80b14b2a161d6b7f9a61677da7a80ced,will-renan-santos-win-the-2026-brazilian-presidential-election,https://polymarket.com/event/will-renan-santos-win-the-2026-brazilian-presidential-election,https://embed.polymarket.com/market.html?market=will-renan-santos-win-the-2026-brazilian-presidential-election&features=volume&theme=light,Will Renan Santos win the 2026 Brazilian presidential election?,politics,,"24h $588,952 • spread 0.001 • TTR 3.0d",15536086.528370999,588952.31,-0.001,-28.5714,2026-10-05T03:59:00+00:00,2.958,1,0.001,-0.997,0.0025,0,"[{""name"": ""Top"", ""bestBid"": 0.002, ""bestAsk"": 0.003}]"
601818,0x81a537b379a35e4e17c286d3b37394e94bd74c1779bbe9a13670eb991b201a3a,will-tarcisio-de-frietas-win-the-2026-brazilian-presidential-election,https://polymarket.com/event/will-tarcisio-de-frietas-win-the-2026-brazilian-presidential-election,https://embed.polymarket.com/market.html?market=will-tarcisio-de-frietas-win-the-2026-brazilian-presidential-election&features=volume&theme=light,Will Tarcisio de Freitas win the 2026 Brazilian presidential election?,politics,,"24h $249,995 • TTR 3.0d",14407663.143295992,249995.43,0.0,0.0,2026-10-05T03:59:00+00:00,2.958,1,,-0.999,,0,"[{""name"": ""Top"", ""bestBid"": null, ""bestAsk"": 0.001}]"
601819,0xdf8e2dc5860027decbe6164555c3c1c9645c3bd33e16b9dc57ca87125047d4a8,will-luiz-incio-lula-da-silva-win-the-2026-brazilian-presidential-election,https://polymarket.com/event/will-luiz-incio-lula-da-silva-win-the-2026-brazilian-presidential-election,https://embed.polymarket.com/market.html?market=will-luiz-incio-lula-da-silva-win-the-2026-brazilian-presidential-election&features=volume&theme=light,Will Luiz Inácio Lula da Silva win the 2026 Brazilian presidential election?,politics,,"24h $339,266 • spread 0.010 • TTR 3.0d",13126585.192276992,339266.54,0.03,8.2192,2026-10-05T03:59:00+00:00,2.958,1,0.01,-0.6,0.395,0,"[{""name"": ""Top"", ""bestBid"": 0.39, ""bestAsk"": 0.4}]"
601826,0x1a01bf78f56a507fcb666d564d8c8b91b0750679163ed6e96746102c9b7d285d,will-flvio-bolsonaro-win-the-2026-brazilian-presidential-election,https://polymarket.com/event/will-flvio-bolsonaro-win-the-2026-brazilian-presidential-election,https://embed.polymarket.com/market.html?market=will-flvio-bolsonaro-win-the-2026-brazilian-presidential-election&features=volume&theme=light,Will Flávio Bolsonaro win the 2026 Brazilian presidential election?,politics,,"24h $352,113 • spread 0.004 • TTR 3.0d",12932501.880324002,352113.05,-0.018,-2.8754,2026-10-05T03:59:00+00:00,2.958,1,0.004,-0.39,0.608,0,"[{""name"": ""Top"", ""bestBid"": 0.606, ""bestAsk"": 0.61}]"
567621,0xd9fb1184af0064e5e34b129f5b79afa5a17b7e32f2953ab05efed82315fee6d4,will-china-invade-taiwan-before-2027,https://polymarket.com/event/will-china-invade-taiwan-before-2027,https://embed.polymarket.com/market.html?market=will-china-invade-taiwan-before-2027&features=volume&theme=light,Will China invade Taiwan by end of 2026?,politics,,"24h $55,673 • spread 0.001 • TTR 91.0d",43178894.378115945,55673.32,-0.003,-9.5238,2027-01-01T04:59:00+00:00,91.0,1,0.001,-0.971,0.0285,0,"[{""name"": ""Top"", ""bestBid"": 0.028, ""bestAsk"": 0.029}]"
703257,0x747dc809fb79e1b05be09c42d6179459a58de2ef3e40f02484a4e1260f741f75,will-the-us-confirm-that-aliens-exist-before-2027-789-924-249,https://polymarket.com/event/will-the-us-confirm-that-aliens-exist-before-2027-789-924-249,https://embed.polymarket.com/market.html?market=will-the-us-confirm-that-aliens-exist-before-2027-789-924-249&features=volume&theme=light,Will the US confirm that aliens exist before 2027?,aliens,,"24h $25,097 • spread 0.001 • TTR 91.0d",39960858.99939412,25097.2,-0.001,-2.9851,2027-01-01T04:59:00+00:00,91.0,1,0.001,-0.967,0.0325,0,"[{""name"": ""Top"", ""bestBid"": 0.032, ""bestAsk"": 0.033}]"
601824,0xa59bb6bb91e5c1e4d533864520fbd3bb75d6d0ebb813b4cd8a8b88479bfa8966,will-carlos-roberto-massa-jnior-win-the-2026-brazilian-presidential-election,https://polymarket.com/event/will-carlos-roberto-massa-jnior-win-the-2026-brazilian-presidential-election,https://embed.polymarket.com/market.html?market=will-carlos-roberto-massa-jnior-win-the-2026-brazilian-presidential-election&features=volume&theme=light,Will Carlos Roberto Massa Júnior win the 2026 Brazilian presidential election?,politics,,"24h $14,000 • TTR 3.0d",10485753.546619004,14000.0,0.0,0.0,2026-10-05T03:59:00+00:00,2.958,1,,-0.999,,0,"[{""name"": ""Top"", ""bestBid"": null, ""bestAsk"": 0.001}]"
601823,0xe1d5733322fd2215f136412f419d9ff805d097f78c68de3261515ff736895f2b,will-eduardo-bolsonaro-win-the-2026-brazilian-presidential-election,https://polymarket.com/event/will-eduardo-bolsonaro-win-the-2026-brazilian-presidential-election,https://embed.polymarket.com/market.html?market=will-eduardo-bolsonaro-win-the-2026-brazilian-presidential-election&features=volume&theme=light,Will Eduardo Bolsonaro win the 2026 Brazilian presidential election?,politics,,"24h $4,000 • TTR 3.0d",10468703.735771999,4000.0,0.0,0.0,2026-10-05T03:59:00+00:00,2.958,1,,-0.999,,0,"[{""name"": ""Top"", ""bestBid"": null, ""bestAsk"": 0.001}]"
601822,0x37ec4c6b57a18b16eed1241f6155ee7ff45bc1697d7848f15ac33d406e38ed00,will-michelle-bolsonaro-win-the-2026-brazilian-presidential-election,https://polymarket.com/event/will-michelle-bolsonaro-win-the-2026-brazilian-presidential-election,https://embed.polymarket.com/market.html?market=will-michelle-bolsonaro-win-the-2026-brazilian-presidential-election&features=volume&theme=light,Will Michelle Bolsonaro win the 2026 Brazilian presidential election?,politics,,"24h $2,390 • TTR 3.0d",10394499.342318004,2390.0,0.0,0.0,2026-10-05T03:59:00+00:00,2.958,1,,-0.999,,0,"[{""name"": ""Top"", ""bestBid"": null, ""bestAsk"": 0.001}]"
561251,0x836b850fc838195374862551a36f1c8691d96ff01e58b0a071f0fc1a0e357fb1,will-lebron-james-win-the-2028-us-presidential-election,https://polymarket.com/event/will-lebron-james-win-the-2028-us-presidential-election,https://embed.polymarket.com/market.html?market=will-lebron-james-win-the-2028-us-presidential-election&features=volume&theme=light,Will LeBron James win the 2028 US Presidential Election?,president,,"24h $52,000 • TTR 768.0d",54884195.764108,52000.0,0.0,0.0,2028-11-08T04:59:00+00:00,768.0,1,,-0.999,,0,"[{""name"": ""Top"", ""bestBid"": null, ""bestAsk"": 0.001}]"
559687,0xe06a7e94cf2fa8dc2085b7610fe16e9be1cde6654f34d365c13da1149b276c61,will-oprah-winfrey-win-the-2028-democratic-presidential-nomination,https://polymarket.com/event/will-oprah-winfrey-win-the-2028-democratic-presidential-nomination,https://embed.polymarket.com/market.html?market=will-oprah-winfrey-win-the-2028-democratic-presidential-nomination&features=volume&theme=light,Will Oprah Winfrey win the 2028 Democratic presidential nomination?,united-states,,"24h $1,000 • TTR 768.0d",54431476.59432898,1000.0,0.0,0.0,2028-11-08T04:59:00+00:00,768.0,1,,-0.999,,0,"[{""name"": ""Top"", ""bestBid"": null, ""bestAsk"": 0.001}]"
997488,0xd595eb9b81885ff018738300c79047e3ec89e87294424f57a29a7fa9162bf116,will-trump-acquire-greenland-before-2027,https://polymarket.com/event/will-trump-acquire-greenland-before-2027,https://embed.polymarket.com/market.html?market=will-trump-acquire-greenland-before-2027&features=volume&theme=light,Will Trump acquire Greenland before 2027?,davos,,"24h $2,108 • spread 0.002 • TTR 91.0d",35600317.55461512,2108.78,0.0,0.0,2027-01-01T04:59:00+00:00,91.0,1,0.002,-0.972,0.027,0,"[{""name"": ""Top"", ""bestBid"": 0.026, ""bestAsk"": 0.028}]"
559679,0x30cfb887558b20373a984da60c372fe5a90c0296aa6d8bb413a8aa7543846da2,will-bernie-sanders-win-the-2028-democratic-presidential-nomination-879,https://polymarket.com/event/will-bernie-sanders-win-the-2028-democratic-presidential-nomination-879,https://embed.polymarket.com/market.html?market=will-bernie-sanders-win-the-2028-democratic-presidential-nomination-879&features=volume&theme=light,Will Bernie Sanders win the 2028 Democratic presidential nomination?,united-states,,24h $214 • spread 0.001 • TTR 768.0d,52818562.59915002,214.54,0.0,0.0,2028-11-08T04:59:00+00:00,768.0,1,0.001,-0.993,0.0065,0,"[{""name"": ""Top"", ""bestBid"": 0.006, ""bestAsk"": 0.007}]"
559684,0xf2e51acfbb6d0414dc2ace81b7dc2af7c165e443dcb91f6caa7aab6d6ab4f06d,will-chelsea-clinton-win-the-2028-democratic-presidential-nomination,https://polymarket.com/event/will-chelsea-clinton-win-the-2028-democratic-presidential-nomination,https://embed.polymarket.com/market.html?market=will-chelsea-clinton-win-the-2028-democratic-presidential-nomination&features=volume&theme=light,Will Chelsea Clinton win the 2028 Democratic presidential nomination?,united-states,,24h $38 • spread 0.002 • TTR 768.0d,50607638.236499004,38.93,0.0,0.0,2028-11-08T04:59:00+00:00,768.0,1,0.002,-0.992,0.007,0,"[{""name"": ""Top"", ""bestBid"": 0.006, ""bestAsk"": 0.008}]"
1105754,0x831493dce463d9adcad78c492f2cbec6ecdac31f4e8c5a894fdac68c130549d4,will-richard-grenell-be-the-leader-of-venezuela-end-of-2026,https://polymarket.com/event/will-richard-grenell-be-the-leader-of-venezuela-end-of-2026,https://embed.polymarket.com/market.html?market=will-richard-grenell-be-the-leader-of-venezuela-end-of-2026&features=volume&theme=light,Will Richard Grenell be the leader of Venezuela end of 2026?,trump-machado,,TTR 89.8d,32790733.048844993,,0.0,0.0,2026-12-31T00:00:00+00:00,89.792,1,,-0.999,,0,"[{""name"": ""Top"", ""bestBid"": null, ""bestAsk"": 0.001}]"
559688,0x450810ae738a0ff820d3248f2b24937f63fb8c8cf422ed2a915125adb4d9d3c8,will-andrew-yang-win-the-2028-democratic-presidential-nomination,https://polymarket.com/event/will-andrew-yang-win-the-2028-democratic-presidential-nomination,https://embed.polymarket.com/market.html?market=will-andrew-yang-win-the-2028-democratic-presidential-nomination&features=volume&theme=light,Will Andrew Yang win the 2028 Democratic presidential nomination?,united-states,,"24h $2,005 • TTR 768.0d",48908336.240604006,2005.9,0.0,0.0,2028-11-08T04:59:00+00:00,768.0,1,,-0.999,,0,"[{""name"": ""Top"", ""bestBid"": null, ""bestAsk"": 0.001}]"
601831,0x70f1a7d2cd490b640676d5e31470bcbe16fef40087de1af8b6f6e44e299b5784,will-eduardo-leite-win-the-2026-brazilian-presidential-election,https://polymarket.com/event/will-eduardo-leite-win-the-2026-brazilian-presidential-election,https://embed.polymarket.com/market.html?market=will-eduardo-leite-win-the-2026-brazilian-presidential-election&features=volume&theme=light,Will Eduardo Leite win the 2026 Brazilian presidential election?,politics,,"24h $11,000 • TTR 3.0d",8029906.969926998,11000.0,0.0,0.0,2026-10-05T03:59:00+00:00,2.958,1,,-0.999,,0,"[{""name"": ""Top"", ""bestBid"": null, ""bestAsk"": 0.001}]"
561247,0xae70ab9bf1c3726fe430a2ba8b517697ae24e0f0ab554b876a5b521153068882,will-tim-walz-win-the-2028-us-presidential-election,https://polymarket.com/event/will-tim-walz-win-the-2028-us-presidential-election,https://embed.polymarket.com/market.html?market=will-tim-walz-win-the-2028-us-presidential-election&features=volume&theme=light,Will Tim Walz win the 2028 US Presidential Election?,president,,"24h $51,000 • TTR 768.0d",44835788.12510299,51000.0,0.0,0.0,2028-11-08T04:59:00+00:00,768.0,1,,-0.999,,0,"[{""name"": ""Top"", ""bestBid"": null, ""bestAsk"": 0.001}]"
601827,0xbca3d70ec52a5a441ccc365a3b1b48b9cd0f08dfff4bc5871e2cd92d0d92caa1,will-ronaldo-caiado-win-the-2026-brazilian-presidential-election,https://polymarket.com/event/will-ronaldo-caiado-win-the-2026-brazilian-presidential-election,https://embed.polymarket.com/market.html?market=will-ronaldo-caiado-win-the-2026-brazilian-presidential-election&features=volume&theme=light,Will Ronaldo Caiado win the 2026 Brazilian presidential election?,politics,,"24h $14,001 • TTR 3.0d",7806996.278361999,14001.01,0.0,0.0,2026-10-05T03:59:00+00:00,2.958,1,,-0.999,,0,"[{""name"": ""Top"", ""bestBid"": null, ""bestAsk"": 0.001}]"
559682,0x1945a8b23e313ed7423b6b6fd556f9ab5578900376b565a61dc480a5f4f35d21,will-person-a-win-the-2028-democratic-presidential-nomination,https://polymarket.com/event/will-person-a-win-the-2028-democratic-presidential-nomination,https://embed.polymarket.com/market.html?market=will-person-a-win-the-2028-democratic-presidential-nomination&features=volume&theme=light,Will Hunter Biden win the 2028 Democratic presidential nomination?,united-states,,"24h $47,478 • spread 0.001 • TTR 768.0d",44551502.271218054,47478.28,-0.002,-44.4444,2028-11-08T04:59:00+00:00,768.0,1,0.001,-0.997,0.0025,0,"[{""name"": ""Top"", ""bestBid"": 0.002, ""bestAsk"": 0.003}]"
561986,0xd1747284d6048b2a3dcfbee489db405f36de18f9590197dd0e5c9f0c246bf050,will-byron-donalds-win-the-2028-republican-presidential-nomination,https://polymarket.com/event/will-byron-donalds-win-the-2028-republican-presidential-nomination,https://embed.polymarket.com/market.html?market=will-byron-donalds-win-the-2028-republican-presidential-nomination&features=volume&theme=light,Will Byron Donalds win the 2028 Republican presidential nomination?,united-states,,24h $335 • spread 0.001 • TTR 768.0d,44428949.14507002,335.93,0.0,0.0,2028-11-08T04:59:00+00:00,768.0,1,0.001,-0.998,0.0015,0,"[{""name"": ""Top"", ""bestBid"": 0.001, ""bestAsk"": 0.002}]"
601821,0xdd3d104667774208eae2239f576122ecdd1c04ba81cc14d26d22a36b33887977,will-fernando-haddad-win-the-2026-brazilian-presidential-election,https://polymarket.com/event/will-fernando-haddad-win-the-2026-brazilian-presidential-election,https://embed.polymarket.com/market.html?market=will-fernando-haddad-win-the-2026-brazilian-presidential-election&features=volume&theme=light,Will Fernando Haddad win the 2026 Brazilian presidential election?,politics,,"24h $15,001 • TTR 3.0d",7733822.8519629985,15001.04,0.0,0.0,2026-10-05T03:59:00+00:00,2.958,1,,-0.999,,0,"[{""name"": ""Top"", ""bestBid"": null, ""bestAsk"": 0.001}]"
601828,0x054725b2a7971376f7924a7021221b12acc50fe78d97817824fe411704d5b5a2,will-romeu-zema-win-the-2026-brazilian-presidential-election,https://polymarket.com/event/will-romeu-zema-win-the-2026-brazilian-presidential-election,https://embed.polymarket.com/market.html?market=will-romeu-zema-win-the-2026-brazilian-presidential-election&features=volume&theme=light,Will Romeu Zema win the 2026 Brazilian presidential election?,politics,,"24h $12,013 • TTR 3.0d",7724206.331736,12013.11,0.0,0.0,2026-10-05T03:59:00+00:00,2.958,1,,-0.999,,0,"[{""name"": ""Top"", ""bestBid"": null, ""bestAsk"": 0.001}]"
559677,0x663b88d3a8f2341bb8d878709dc78632bcaf7512e577bd15521e5d8ed933efbc,will-hillary-clinton-win-the-2028-democratic-presidential-nomination,https://polymarket.com/event/will-hillary-clinton-win-the-2028-democratic-presidential-nomination,https://embed.polymarket.com/market.html?market=will-hillary-clinton-win-the-2028-democratic-presidential-nomination&features=volume&theme=light,Will Hillary Clinton win the 2028 Democratic presidential nomination?,united-states,,24h $74 • spread 0.001 • TTR 768.0d,44179036.89027302,74.02,0.0,0.0,2028-11-08T04:59:00+00:00,768.0,1,0.001,-0.998,0.0015,0,"[{""name"": ""Top"", ""bestBid"": 0.001, ""bestAsk"": 0.002}]"
559681,0x8b203037c7c0e21b500314f8398d2a8ea294b7ce1f4f9185f426425a3505bc45,will-lebron-james-win-the-2028-democratic-presidential-nomination,https://polymarket.com/event/will-lebron-james-win-the-2028-democratic-presidential-nomination,https://embed.polymarket.com/market.html?market=will-lebron-james-win-the-2028-democratic-presidential-nomination&features=volume&theme=light,Will LeBron James win the 2028 Democratic presidential nomination?,united-states,,"24h $98,000 • TTR 768.0d",44145354.81742702,98000.0,0.0,0.0,2028-11-08T04:59:00+00:00,768.0,1,,-0.999,,0,"[{""name"": ""Top"", ""bestBid"": null, ""bestAsk"": 0.001}]"
561995,0x41c6341dd79903aca4bb0c29f5a7976946c3774d2fd72f38cbb7de7092144520,will-mike-pence-win-the-2028-republican-presidential-nomination,https://polymarket.com/event/will-mike-pence-win-the-2028-republican-presidential-nomination,https://embed.polymarket.com/market.html?market=will-mike-pence-win-the-2028-republican-presidential-nomination&features=volume&theme=light,Will Mike Pence win the 2028 Republican presidential nomination?,united-states,,24h $196 • spread 0.001 • TTR 768.0d,43715554.74943103,196.5,0.0,0.0,2028-11-08T04:59:00+00:00,768.0,1,0.001,-0.998,0.0015,0,"[{""name"": ""Top"", ""bestBid"": 0.001, ""bestAsk"": 0.002}]"
559666,0x3265b10daeb30dbcc3214bd02e488551d0a5d3028392f4152e4750b943fbfc91,will-tim-walz-win-the-2028-democratic-presidential-nomination-475,https://polymarket.com/event/will-tim-walz-win-the-2028-democratic-presidential-nomination-475,https://embed.polymarket.com/market.html?market=will-tim-walz-win-the-2028-democratic-presidential-nomination-475&features=volume&theme=light,Will Tim Walz win the 2028 Democratic presidential nomination?,united-states,,"24h $1,000 • TTR 768.0d",43512376.50342799,1000.0,0.0,0.0,2028-11-08T04:59:00+00:00,768.0,1,,-0.999,,0,"[{""name"": ""Top"", ""bestBid"": null, ""bestAsk"": 0.001}]"
601830,0xd0536d9612e041312235baceac52bde48821e8aad4607533513b3782904b7d49,will-geraldo-alckmin-win-the-2026-brazilian-presidential-election,https://polymarket.com/event/will-geraldo-alckmin-win-the-2026-brazilian-presidential-election,https://embed.polymarket.com/market.html?market=will-geraldo-alckmin-win-the-2026-brazilian-presidential-election&features=volume&theme=light,Will Geraldo Alckmin win the 2026 Brazilian presidential election?,politics,,"24h $72,560 • spread 0.001 • TTR 3.0d",7587867.470183998,72560.07,0.0,0.0,2026-10-05T03:59:00+00:00,2.958,1,0.001,-0.998,0.0015,0,"[{""name"": ""Top"", ""bestBid"": 0.001, ""bestAsk"": 0.002}]"
559683,0x822e61527476cabf98927e3aad385c5ecdae7086f945535f2c1fd9ae8dbfa46e,will-george-clooney-win-the-2028-democratic-presidential-nomination,https://polymarket.com/event/will-george-clooney-win-the-2028-democratic-presidential-nomination,https://embed.polymarket.com/market.html?market=will-george-clooney-win-the-2028-democratic-presidential-nomination&features=volume&theme=light,Will George Clooney win the 2028 Democratic presidential nomination?,united-states,,"24h $1,000 • TTR 768.0d",43455722.613374956,1000.0,0.0,0.0,2028-11-08T04:59:00+00:00,768.0,1,,-0.999,,0,"[{""name"": ""Top"", ""bestBid"": null, ""bestAsk"": 0.001}]"
601820,0x63d8f3a34c90bd5342dda8acf62b6a898dfa52f86475efaf180b66493ef6af80,will-jair-bolsonaro-win-the-2026-brazilian-presidential-election,https://polymarket.com/event/will-jair-bolsonaro-win-the-2026-brazilian-presidential-election,https://embed.polymarket.com/market.html?market=will-jair-bolsonaro-win-the-2026-brazilian-presidential-election&features=volume&theme=light,Will Jair Bolsonaro win the 2026 Brazilian presidential election?,politics,,"24h $38,286 • TTR 3.0d",7560263.458874,38286.57,0.0,0.0,2026-10-05T03:59:00+00:00,2.958,1,,-0.999,,0,"[{""name"": ""Top"", ""bestBid"": null, ""bestAsk"": 0.001}]"
559690,0x0f8ef3cc906ba7ba94a44724738df44bdd5f73e59e40c9c8b4ff8569e349643c,will-kim-kardashian-win-the-2028-democratic-presidential-nomination,https://polymarket.com/event/will-kim-kardashian-win-the-2028-democratic-presidential-nomination,https://embed.polymarket.com/market.html?market=will-kim-kardashian-win-the-2028-democratic-presidential-nomination&features=volume&theme=light,Will Kim Kardashian win the 2028 Democratic presidential nomination?,united-states,,"24h $1,000 • TTR 768.0d",42920729.30817099,1000.0,0.0,0.0,2028-11-08T04:59:00+00:00,768.0,1,,-0.999,,0,"[{""name"": ""Top"", ""bestBid"": null, ""bestAsk"": 0.001}]"
559680,0x29283b56d3eec6d1d89fff51793d9d2e01579d2379b1d3e9ebda175d3561e809,will-phil-murphy-win-the-2028-democratic-presidential-nomination-611,https://polymarket.com/event/will-phil-murphy-win-the-2028-democratic-presidential-nomination-611,https://embed.polymarket.com/market.html?market=will-phil-murphy-win-the-2028-democratic-presidential-nomination-611&features=volume&theme=light,Will Phil Murphy win the 2028 Democratic presidential nomination?,united-states,,24h $68 • spread 0.001 • TTR 768.0d,42897400.19536501,68.51,0.0,0.0,2028-11-08T04:59:00+00:00,768.0,1,0.001,-0.998,0.0015,0,"[{""name"": ""Top"", ""bestBid"": 0.001, ""bestAsk"": 0.002}]"
559689,0x8ecd1d15e521b7d1020ad5596cc981c8764e9dcfbc3648f582e1a5138aee7185,will-beto-orourke-win-the-2028-democratic-presidential-nomination,https://polymarket.com/event/will-beto-orourke-win-the-2028-democratic-presidential-nomination,https://embed.polymarket.com/market.html?market=will-beto-orourke-win-the-2028-democratic-presidential-nomination&features=volume&theme=light,Will Beto O’Rourke win the 2028 Democratic presidential nomination?,united-states,,"24h $1,004 • TTR 768.0d",42815224.40664797,1004.2,0.0,0.0,2028-11-08T04:59:00+00:00,768.0,1,,-0.999,,0,"[{""name"": ""Top"", ""bestBid"": null, ""bestAsk"": 0.001}]"
559685,0xc44edcfdedb422bae8ff1803e2178d1ee025fc41efd81400ccbede709e018841,will-mrbeast-win-the-2028-democratic-presidential-nomination,https://polymarket.com/event/will-mrbeast-win-the-2028-democratic-presidential-nomination,https://embed.polymarket.com/market.html?market=will-mrbeast-win-the-2028-democratic-presidential-nomination&features=volume&theme=light,Will MrBeast win the 2028 Democratic presidential nomination?,united-states,,"24h $1,051 • TTR 768.0d",41011596.981763,1051.8,0.0,0.0,2028-11-08T04:59:00+00:00,768.0,1,,-0.999,,0,"[{""name"": ""Top"", ""bestBid"": null, ""bestAsk"": 0.001}]"
663583,0xbb4d51e6364066d92eb6f9b8413dd7193de70966736044463b205834805a1f3b,will-the-iranian-regime-fall-by-the-end-of-2026,https://polymarket.com/event/will-the-iranian-regime-fall-by-the-end-of-2026,https://embed.polymarket.com/market.html?market=will-the-iranian-regime-fall-by-the-end-of-2026&features=volume&theme=light,Will the Iranian regime fall before 2027?,reza-pahlavi,,"24h $77,144 • spread 0.010 • TTR 91.0d",26556882.306028996,77144.57,0.0,0.0,2027-01-01T04:59:00+00:00,91.0,1,0.01,-0.93,0.065,0,"[{""name"": ""Top"", ""bestBid"": 0.06, ""bestAsk"": 0.07}]"
561254,0x7f695758278e6d4d9e63df862afa88d664d3402a3d26e4d32ae05121cdbddba6,will-kim-kardashian-win-the-2028-us-presidential-election,https://polymarket.com/event/will-kim-kardashian-win-the-2028-us-presidential-election,https://embed.polymarket.com/market.html?market=will-kim-kardashian-win-the-2028-us-presidential-election&features=volume&theme=light,Will Kim Kardashian win the 2028 US Presidential Election?,president,,"24h $13,000 • TTR 768.0d",40321265.743616,13000.0,0.0,0.0,2028-11-08T04:59:00+00:00,768.0,1,,-0.999,,0,"[{""name"": ""Top"", ""bestBid"": null, ""bestAsk"": 0.001}]"
1105752,0x8063a2c9fa21c4a1470b33fee132d6d61fb5b7dcd667dcac3bb82ae15ad70c0d,will-frank-donovan-be-the-leader-of-venezuela-end-of-2026,https://polymarket.com/event/will-frank-donovan-be-the-leader-of-venezuela-end-of-2026,https://embed.polymarket.com/market.html?market=will-frank-donovan-be-the-leader-of-venezuela-end-of-2026&features=volume&theme=light,Will Frank Donovan be the leader of Venezuela end of 2026?,trump-machado,,24h $483 • spread 0.001 • TTR 89.8d,25889210.361588012,483.72,0.0,0.0,2026-12-31T00:00:00+00:00,89.792,1,0.001,-0.998,0.0015,0,"[{""name"": ""Top"", ""bestBid"": 0.001, ""bestAsk"": 0.002}]"
559671,0x3535fb2f4aef6619dde8b367cb5e5d209526bb496d5d9778428c58a0252435e3,will-zohran-mamdani-win-the-2028-democratic-presidential-nomination-445,https://polymarket.com/event/will-zohran-mamdani-win-the-2028-democratic-presidential-nomination-445,https://embed.polymarket.com/market.html?market=will-zohran-mamdani-win-the-2028-democratic-presidential-nomination-445&features=volume&theme=light,Will Zohran Mamdani win the 2028 Democratic presidential nomination?,united-states,,"24h $1,015 • spread 0.001 • TTR 768.0d",38954956.129210055,1015.0,0.0,0.0,2028-11-08T04:59:00+00:00,768.0,1,0.001,-0.998,0.0015,0,"[{""name"": ""Top"", ""bestBid"": 0.001, ""bestAsk"": 0.002}]"
559678,0x46dbd48d6bde5b81edb480e0f676a2cdda6c6b592c4d86a9367c7ad5a9870195,will-liz-cheney-win-the-2028-democratic-presidential-nomination-551,https://polymarket.com/event/will-liz-cheney-win-the-2028-democratic-presidential-nomination-551,https://embed.polymarket.com/market.html?market=will-liz-cheney-win-the-2028-democratic-presidential-nomination-551&features=volume&theme=light,Will Liz Cheney win the 2028 Democratic presidential nomination?,united-states,,"24h $1,000 • TTR 768.0d",38539695.242622025,1000.0,0.0,0.0,2028-11-08T04:59:00+00:00,768.0,1,,-0.999,,0,"[{""name"": ""Top"", ""bestBid"": null, ""bestAsk"": 0.001}]"
561993,0x7190eccbd0677d5d0ae8cdf598b37e945a346915c666dda11468dc9970657a56,will-john-thune-win-the-2028-republican-presidential-nomination,https://polymarket.com/event/will-john-thune-win-the-2028-republican-presidential-nomination,https://embed.polymarket.com/market.html?market=will-john-thune-win-the-2028-republican-presidential-nomination&features=volume&theme=light,Will John Thune win the 2028 Republican presidential nomination?,united-states,,"24h $22,110 • TTR 768.0d",38209352.465502016,22110.0,0.0,0.0,2028-11-08T04:59:00+00:00,768.0,1,,-0.999,,0,"[{""name"": ""Top"", ""bestBid"": null, ""bestAsk"": 0.001}]"
561248,0x64396449b471b10b006285fa49dd9a5df535694de7b4c703fdeb0d88d5c4cd33,will-vivek-ramaswamy-win-the-2028-us-presidential-election,https://polymarket.com/event/will-vivek-ramaswamy-win-the-2028-us-presidential-election,https://embed.polymarket.com/market.html?market=will-vivek-ramaswamy-win-the-2028-us-presidential-election&features=volume&theme=light,Will Vivek Ramaswamy win the 2028 US Presidential Election?,president,,TTR 768.0d,38006628.95918999,,0.0,0.0,2028-11-08T04:59:00+00:00,768.0,1,,-0.999,,0,"[{""name"": ""Top"", ""bestBid"": null, ""bestAsk"": 0.001}]"
561994,0x5f1b1caf70eb994bfff2986727a05a3ac9f7ec8b0da4017f7732596d023e5a07,will-kristi-noem-win-the-2028-republican-presidential-nomination,https://polymarket.com/event/will-kristi-noem-win-the-2028-republican-presidential-nomination,https://embed.polymarket.com/market.html?market=will-kristi-noem-win-the-2028-republican-presidential-nomination&features=volume&theme=light,Will Kristi Noem win the 2028 Republican presidential nomination?,united-states,,24h $15 • spread 0.001 • TTR 768.0d,37660907.901099004,15.71,0.0,0.0,2028-11-08T04:59:00+00:00,768.0,1,0.001,-0.998,0.0015,0,"[{""name"": ""Top"", ""bestBid"": 0.001, ""bestAsk"": 0.002}]"
559692,0x3cd6e52603d80ddbbdac9b1a4d43f9b7faa6aae4fae4d0fdfad3bd58454da7d3,will-jasmine-crockett-win-the-2028-democratic-presidential-nomination,https://polymarket.com/event/will-jasmine-crockett-win-the-2028-democratic-presidential-nomination,https://embed.polymarket.com/market.html?market=will-jasmine-crockett-win-the-2028-democratic-presidential-nomination&features=volume&theme=light,Will Jasmine Crockett win the 2028 Democratic presidential nomination?,united-states,,24h $169 • spread 0.001 • TTR 768.0d,36473789.688113995,169.93,0.0,0.0,2028-11-08T04:59:00+00:00,768.0,1,0.001,-0.998,0.0015,0,"[{""name"": ""Top"", ""bestBid"": 0.001, ""bestAsk"": 0.002}]"
559670,0xcb239105ed21a2420ba4d85090b9bc32755c56601ffdc528afd17fd6282fe930,will-gina-raimondo-win-the-2028-democratic-presidential-nomination-676,https://polymarket.com/event/will-gina-raimondo-win-the-2028-democratic-presidential-nomination-676,https://embed.polymarket.com/market.html?market=will-gina-raimondo-win-the-2028-democratic-presidential-nomination-676&features=volume&theme=light,Will Gina Raimondo win the 2028 Democratic presidential nomination?,united-states,,24h $20 • spread 0.001 • TTR 768.0d,35779409.20499902,20.61,0.0,0.0,2028-11-08T04:59:00+00:00,768.0,1,0.001,-0.998,0.0015,0,"[{""name"": ""Top"", ""bestBid"": 0.001, ""bestAsk"": 0.002}]"
561982,0x00ad3bb5284b0b2314b1a2d42812fe292f606619c6278bd95c9d905816c240f6,will-sarah-huckabee-sanders-win-the-2028-republican-presidential-nomination,https://polymarket.com/event/will-sarah-huckabee-sanders-win-the-2028-republican-presidential-nomination,https://embed.polymarket.com/market.html?market=will-sarah-huckabee-sanders-win-the-2028-republican-presidential-nomination&features=volume&theme=light,Will Sarah Huckabee Sanders win the 2028 Republican presidential nomination?,united-states,,"24h $229,000 • TTR 768.0d",35767149.85397502,229000.0,0.0,0.0,2028-11-08T04:59:00+00:00,768.0,1,,-0.999,,0,"[{""name"": ""Top"", ""bestBid"": null, ""bestAsk"": 0.001}]"
1163699,0x9cb23d04b2ded06147482076688b69b487a8d982c63ebdda2ab3678cf27cf390,clarity-act-signed-into-law-in-2026,https://polymarket.com/event/clarity-act-signed-into-law-in-2026,https://embed.polymarket.com/market.html?market=clarity-act-signed-into-law-in-2026&features=volume&theme=light,Clarity Act (H.R.3633) signed into law in 2026?,crypto,,"24h $32,487 • spread 0.001 • TTR 91.0d",23385294.49364203,32487.23,-0.001,-2.0202,2027-01-01T05:00:00+00:00,91.001,1,0.001,-0.951,0.0485,0,"[{""name"": ""Top"", ""bestBid"": 0.048, ""bestAsk"": 0.049}]"
561242,0x8fc141205ebce5adf437bfdf4d0c5ff58ff24293b79c9431991346c208bb48ed,will-tulsi-gabbard-win-the-2028-us-presidential-election,https://polymarket.com/event/will-tulsi-gabbard-win-the-2028-us-presidential-election,https://embed.polymarket.com/market.html?market=will-tulsi-gabbard-win-the-2028-us-presidential-election&features=volume&theme=light,Will Tulsi Gabbard win the 2028 US Presidential Election?,president,,24h $542 • spread 0.001 • TTR 768.0d,35399056.570259,542.58,0.0,0.0,2028-11-08T04:59:00+00:00,768.0,1,0.001,-0.998,0.0015,0,"[{""name"": ""Top"", ""bestBid"": 0.001, ""bestAsk"": 0.002}]"
561249,0x01dffa7abae7e5d9b7fb44b06d537c5ac932e2ca422ab4b53366672f5e2dc7d6,will-greg-abbott-win-the-2028-us-presidential-election,https://polymarket.com/event/will-greg-abbott-win-the-2028-us-presidential-election,https://embed.polymarket.com/market.html?market=will-greg-abbott-win-the-2028-us-presidential-election&features=volume&theme=light,Will Greg Abbott win the 2028 US Presidential Election?,president,,24h $34 • spread 0.001 • TTR 768.0d,35389048.71488203,34.5,0.0,0.0,2028-11-08T04:59:00+00:00,768.0,1,0.001,-0.998,0.0015,0,"[{""name"": ""Top"", ""bestBid"": 0.001, ""bestAsk"": 0.002}]"
560317,0x6bd56627aa21311850825edb27e53434a0e17a4f782be0086bc07f71eee00d0d,putin-out-before-2027-346,https://polymarket.com/event/putin-out-before-2027-346,https://embed.polymarket.com/market.html?market=putin-out-before-2027-346&features=volume&theme=light,"Putin out as President of Russia by December 31, 2026?",putin,,"24h $19,451 • spread 0.001 • TTR 91.0d",22965293.451759014,19451.91,0.001,3.6364,2027-01-01T04:59:00+00:00,91.0,1,0.001,-0.971,0.0285,0,"[{""name"": ""Top"", ""bestBid"": 0.028, ""bestAsk"": 0.029}]"
559676,0x88d67705780a3d922317ecb0c78a947a306174d0510df2ae89394d5abfb28206,will-barack-obama-win-the-2028-democratic-presidential-nomination-265,https://polymarket.com/event/will-barack-obama-win-the-2028-democratic-presidential-nomination-265,https://embed.polymarket.com/market.html?market=will-barack-obama-win-the-2028-democratic-presidential-nomination-265&features=volume&theme=light,Will Barack Obama win the 2028 Democratic presidential nomination?,united-states,,24h $40 • spread 0.001 • TTR 768.0d,34176630.68686,40.24,0.0,0.0,2028-11-08T04:59:00+00:00,768.0,1,0.001,-0.998,0.0015,0,"[{""name"": ""Top"", ""bestBid"": 0.001, ""bestAsk"": 0.002}]"
561240,0x66b906b8205f48a26beb8e553bbb1e7954e87e4f6e1d539823441221d1806e8f,will-stephen-smith-win-the-2028-us-presidential-election,https://polymarket.com/event/will-stephen-smith-win-the-2028-us-presidential-election,https://embed.polymarket.com/market.html?market=will-stephen-smith-win-the-2028-us-presidential-election&features=volume&theme=light,Will Stephen Smith win the 2028 US Presidential Election?,president,,"24h $13,000 • TTR 768.0d",33557295.98349401,13000.0,0.0,0.0,2028-11-08T04:59:00+00:00,768.0,1,,-0.999,,0,"[{""name"": ""Top"", ""bestBid"": null, ""bestAsk"": 0.001}]"
561999,0xf8dbde8b6e038775a673947e59da2de15a2127272b50b9877400fdbf7cfc3026,will-tom-brady-win-the-2028-republican-presidential-nomination,https://polymarket.com/event/will-tom-brady-win-the-2028-republican-presidential-nomination,https://embed.polymarket.com/market.html?market=will-tom-brady-win-the-2028-republican-presidential-nomination&features=volume&theme=light,Will Tom Brady win the 2028 Republican presidential nomination?,united-states,,"24h $2,137 • TTR 768.0d",32971474.151229,2137.87,0.0,0.0,2028-11-08T04:59:00+00:00,768.0,1,,-0.999,,0,"[{""name"": ""Top"", ""bestBid"": null, ""bestAsk"": 0.001}]"
559664,0xdce84960dce38aa4a5800a5eba7c9ac34d2ce49ba9d44c42572c472d468af264,will-raphael-warnock-win-the-2028-democratic-presidential-nomination-914,https://polymarket.com/event/will-raphael-warnock-win-the-2028-democratic-presidential-nomination-914,https://embed.polymarket.com/market.html?market=will-raphael-warnock-win-the-2028-democratic-presidential-nomination-914&features=volume&theme=light,Will Raphael Warnock win the 2028 Democratic presidential nomination?,united-states,,24h $359 • spread 0.001 • TTR 768.0d,32545518.386901002,359.77,0.0,0.0,2028-11-08T04:59:00+00:00,768.0,1,0.001,-0.994,0.0055,0,"[{""name"": ""Top"", ""bestBid"": 0.005, ""bestAsk"": 0.006}]"
601829,0x101d084cd035070abde58d8a3113b78e11ba68028b0d9e7e38ea7d780797aecc,will-camilo-santana-win-the-2026-brazilian-presidential-election,https://polymarket.com/event/will-camilo-santana-win-the-2026-brazilian-presidential-election,https://embed.polymarket.com/market.html?market=will-camilo-santana-win-the-2026-brazilian-presidential-election&features=volume&theme=light,Will Camilo Santana win the 2026 Brazilian presidential election?,politics,,"24h $1,010 • TTR 3.0d",5603157.589657001,1010.11,0.0,0.0,2026-10-05T03:59:00+00:00,2.958,1,,-0.999,,0,"[{""name"": ""Top"", ""bestBid"": null, ""bestAsk"": 0.001}]"
559672,0x939eeb2dea216749bd409bedde483c3f2bfb0e24d4f2d34461c0b21c6e91f010,will-roy-cooper-win-the-2028-democratic-presidential-nomination-286,https://polymarket.com/event/will-roy-cooper-win-the-2028-democratic-presidential-nomination-286,https://embed.polymarket.com/market.html?market=will-roy-cooper-win-the-2028-democratic-presidential-nomination-286&features=volume&theme=light,Will Roy Cooper win the 2028 Democratic presidential nomination?,united-states,,24h $802 • spread 0.001 • TTR 768.0d,31726422.343226004,802.2,0.0,0.0,2028-11-08T04:59:00+00:00,768.0,1,0.001,-0.998,0.0015,0,"[{""name"": ""Top"", ""bestBid"": 0.001, ""bestAsk"": 0.002}]"
561990,0xfbb80ea5f8fc02ee7df8bd4f58790e1d04b874078a49a7b7028a74a2075100c9,will-elon-musk-win-the-2028-republican-presidential-nomination,https://polymarket.com/event/will-elon-musk-win-the-2028-republican-presidential-nomination,https://embed.polymarket.com/market.html?market=will-elon-musk-win-the-2028-republican-presidential-nomination&features=volume&theme=light,Will Elon Musk win the 2028 Republican presidential nomination?,united-states,,24h $198 • spread 0.001 • TTR 768.0d,31391471.86457601,198.1,0.0,0.0,2028-11-08T04:59:00+00:00,768.0,1,0.001,-0.998,0.0015,0,"[{""name"": ""Top"", ""bestBid"": 0.001, ""bestAsk"": 0.002}]"
561245,0xe0173375b7eaccb836f7b92d28a9a2d1cc69e54e5a65fae89a5d7e49aadd332e,will-nikki-haley-win-the-2028-us-presidential-election,https://polymarket.com/event/will-nikki-haley-win-the-2028-us-presidential-election,https://embed.polymarket.com/market.html?market=will-nikki-haley-win-the-2028-us-presidential-election&features=volume&theme=light,Will Nikki Haley win the 2028 US Presidential Election?,president,,"24h $46,015 • TTR 768.0d",30299225.76704699,46015.21,0.0,0.0,2028-11-08T04:59:00+00:00,768.0,1,,-0.999,,0,"[{""name"": ""Top"", ""bestBid"": null, ""bestAsk"": 0.001}]"
601836,0x536b507838dcdac8966510d84abb8f1c51362d632ab2023b94e810ba6fdf5cb7,will-augusto-cury-win-the-2026-brazilian-presidential-election,https://polymarket.com/event/will-augusto-cury-win-the-2026-brazilian-presidential-election,https://embed.polymarket.com/market.html?market=will-augusto-cury-win-the-2026-brazilian-presidential-election&features=volume&theme=light,Will Augusto Cury win the 2026 Brazilian presidential election?,politics,,"24h $11,005 • TTR 3.0d",5192576.439753005,11005.4,0.0,0.0,2026-10-05T03:59:00+00:00,2.958,1,,-0.999,,0,"[{""name"": ""Top"", ""bestBid"": null, ""bestAsk"": 0.001}]"
2772194,0xefa17dee3af09f69f9ddf245b969aa4efbe7c71cdf06ee49d694408bc33e2ed2,will-shakhtar-donetsk-win-the-2026-27-uefa-champions-league-championship-20260701202025578,https://polymarket.com/event/will-shakhtar-donetsk-win-the-2026-27-uefa-champions-league-championship-20260701202025578,https://embed.polymarket.com/market.html?market=will-shakhtar-donetsk-win-the-2026-27-uefa-champions-league-championship-20260701202025578&features=volume&theme=light,Will Shakhtar Donetsk win the 2026-27 UEFA Champions League Championship?,ucl,,"24h $431,466 • spread 0.001 • TTR 240.8d",25045242.05199999,431466.38,0.0,0.0,2027-05-30T23:59:00+00:00,240.791,1,0.001,-0.998,0.0015,0,"[{""name"": ""Top"", ""bestBid"": 0.001, ""bestAsk"": 0.002}]"
561992,0x61a1278884fa70d68d4bcaaf72fad55bbdb063cac28c6947472ca91635fab10f,will-katie-britt-win-the-2028-republican-presidential-nomination,https://polymarket.com/event/will-katie-britt-win-the-2028-republican-presidential-nomination,https://embed.polymarket.com/market.html?market=will-katie-britt-win-the-2028-republican-presidential-nomination&features=volume&theme=light,Will Katie Britt win the 2028 Republican presidential nomination?,united-states,,"24h $2,836 • spread 0.001 • TTR 768.0d",28971259.548374012,2836.02,0.0,0.0,2028-11-08T04:59:00+00:00,768.0,1,0.001,-0.997,0.0025,0,"[{""name"": ""Top"", ""bestBid"": 0.002, ""bestAsk"": 0.003}]"
562003,0x414378275cb214b747245942be889ee1e077c56d1c00eb4d726629c95f22b5a5,will-kim-kardashian-win-the-2028-republican-presidential-nomination,https://polymarket.com/event/will-kim-kardashian-win-the-2028-republican-presidential-nomination,https://embed.polymarket.com/market.html?market=will-kim-kardashian-win-the-2028-republican-presidential-nomination&features=volume&theme=light,Will Kim Kardashian win the 2028 Republican presidential nomination?,united-states,,TTR 768.0d,28568748.55534101,,0.0,0.0,2028-11-08T04:59:00+00:00,768.0,1,,-0.998,,0,"[{""name"": ""Top"", ""bestBid"": null, ""bestAsk"": 0.002}]"
601832,0xafd3f96b7b6084509e625270538ff0699003fafc042263c1216e7f084cef753a,will-aldo-rebelo-win-the-2026-brazilian-presidential-election,https://polymarket.com/event/will-aldo-rebelo-win-the-2026-brazilian-presidential-election,https://embed.polymarket.com/market.html?market=will-aldo-rebelo-win-the-2026-brazilian-presidential-election&features=volume&theme=light,Will Aldo Rebelo win the 2026 Brazilian presidential election?,politics,,"24h $11,000 • TTR 3.0d",4982832.294043,11000.0,0.0,0.0,2026-10-05T03:59:00+00:00,2.958,1,,-0.999,,0,"[{""name"": ""Top"", ""bestBid"": null, ""bestAsk"": 0.001}]"
561238,0xc4435df23facee8c4cd86090310c7835c2a0425646b2588b0a02e67fa42f444e,will-glenn-youngkin-win-the-2028-us-presidential-election,https://polymarket.com/event/will-glenn-youngkin-win-the-2028-us-presidential-election,https://embed.polymarket.com/market.html?market=will-glenn-youngkin-win-the-2028-us-presidential-election&features=volume&theme=light,Will Glenn Youngkin win the 2028 US Presidential Election?,president,,"24h $2,044 • spread 0.001 • TTR 768.0d",28264644.250643,2044.46,0.0,0.0,2028-11-08T04:59:00+00:00,768.0,1,0.001,-0.998,0.0015,0,"[{""name"": ""Top"", ""bestBid"": 0.001, ""bestAsk"": 0.002}]"
2155000,0xa4ddc18895cc7b14810283ef8f113939abffd3969c6a0e37f1897110c67e6f73,hantavirus-pandemic-in-2026,https://polymarket.com/event/hantavirus-pandemic-in-2026,https://embed.polymarket.com/market.html?market=hantavirus-pandemic-in-2026&features=volume&theme=light,Hantavirus pandemic in 2026?,pandemics,,"24h $1,845 • spread 0.001 • TTR 91.0d",18451838.183377083,1845.59,0.001,3.9216,2027-01-01T04:59:00+00:00,91.0,1,0.001,-0.973,0.0265,0,"[{""name"": ""Top"", ""bestBid"": 0.026, ""bestAsk"": 0.027}]"
561987,0x655b4bfdfa55a95c24d6e9bf7e7cd62f1b57da9a1f4c7f40f090b8ba847dffa2,will-elise-stefanik-win-the-2028-republican-presidential-nomination,https://polymarket.com/event/will-elise-stefanik-win-the-2028-republican-presidential-nomination,https://embed.polymarket.com/market.html?market=will-elise-stefanik-win-the-2028-republican-presidential-nomination&features=volume&theme=light,Will Elise Stefanik win the 2028 Republican presidential nomination?,united-states,,24h $66 • spread 0.001 • TTR 768.0d,27994757.036554005,66.07,0.0,0.0,2028-11-08T04:59:00+00:00,768.0,1,0.001,-0.998,0.0015,0,"[{""name"": ""Top"", ""bestBid"": 0.001, ""bestAsk"": 0.002}]"
559652,0x0f49db97f71c68b1e42a6d16e3de93d85dbf7d4148e3f018eb79e88554be9f75,will-gavin-newsom-win-the-2028-democratic-presidential-nomination-568,https://polymarket.com/event/will-gavin-newsom-win-the-2028-democratic-presidential-nomination-568,https://embed.polymarket.com/market.html?market=will-gavin-newsom-win-the-2028-democratic-presidential-nomination-568&features=volume&theme=light,Will Gavin Newsom win the 2028 Democratic presidential nomination?,united-states,,"24h $6,597 • spread 0.001 • TTR 768.0d",27832687.84232098,6597.03,0.002,1.2461,2028-11-08T04:59:00+00:00,768.0,1,0.001,-0.837,0.1625,0,"[{""name"": ""Top"", ""bestBid"": 0.162, ""bestAsk"": 0.163}]"
559674,0x8fbcb151e2c988df5a43abb02298014b7daf34c008f3eed9188dd16a2a19bec1,will-jared-polis-win-the-2028-democratic-presidential-nomination-837,https://polymarket.com/event/will-jared-polis-win-the-2028-democratic-presidential-nomination-837,https://embed.polymarket.com/market.html?market=will-jared-polis-win-the-2028-democratic-presidential-nomination-837&features=volume&theme=light,Will Jared Polis win the 2028 Democratic presidential nomination?,united-states,,24h $30 • spread 0.001 • TTR 768.0d,27487077.728758004,30.82,0.0,0.0,2028-11-08T04:59:00+00:00,768.0,1,0.001,-0.998,0.0015,0,"[{""name"": ""Top"", ""bestBid"": 0.001, ""bestAsk"": 0.002}]"
561250,0x68e3c4e0dd8f82d010060032006fd157401b0bd8e04bd2953ae293e31eb99bf6,will-elon-musk-win-the-2028-us-presidential-election,https://polymarket.com/event/will-elon-musk-win-the-2028-us-presidential-election,https://embed.polymarket.com/market.html?market=will-elon-musk-win-the-2028-us-presidential-election&features=volume&theme=light,Will Elon Musk win the 2028 US Presidential Election?,president,,"24h $4,563 • spread 0.001 • TTR 768.0d",27216217.39182101,4563.85,0.0,0.0,2028-11-08T04:59:00+00:00,768.0,1,0.001,-0.998,0.0015,0,"[{""name"": ""Top"", ""bestBid"": 0.001, ""bestAsk"": 0.002}]"
559667,0x3e218c99a1335641b3a5ee6c887521d19b0c28fddd6b99c254a07968e35c0b1b,will-michelle-obama-win-the-2028-democratic-presidential-nomination-777,https://polymarket.com/event/will-michelle-obama-win-the-2028-democratic-presidential-nomination-777,https://embed.polymarket.com/market.html?market=will-michelle-obama-win-the-2028-democratic-presidential-nomination-777&features=volume&theme=light,Will Michelle Obama win the 2028 Democratic presidential nomination?,united-states,,24h $42 • spread 0.001 • TTR 768.0d,26331102.60425498,42.82,0.0,0.0,2028-11-08T04:59:00+00:00,768.0,1,0.001,-0.997,0.0025,0,"[{""name"": ""Top"", ""bestBid"": 0.002, ""bestAsk"": 0.003}]"
559665,0x1970bcce75e3674660917ae4685b433a9b1e0152d810a8d7c346dfd5e00694c2,will-corey-booker-win-the-2028-democratic-presidential-nomination-125,https://polymarket.com/event/will-corey-booker-win-the-2028-democratic-presidential-nomination-125,https://embed.polymarket.com/market.html?market=will-corey-booker-win-the-2028-democratic-presidential-nomination-125&features=volume&theme=light,Will Cory Booker win the 2028 Democratic presidential nomination?,united-states,,spread 0.001 • TTR 768.0d,26322417.209064,,0.0,0.0,2028-11-08T04:59:00+00:00,768.0,1,0.001,-0.993,0.0065,0,"[{""name"": ""Top"", ""bestBid"": 0.006, ""bestAsk"": 0.007}]"
559673,0xca1d1139b0c3a29983407f499476ae642482788e841a277eb86faeeb9fa4a85c,will-john-fetterman-win-the-2028-democratic-presidential-nomination-941,https://polymarket.com/event/will-john-fetterman-win-the-2028-democratic-presidential-nomination-941,https://embed.polymarket.com/market.html?market=will-john-fetterman-win-the-2028-democratic-presidential-nomination-941&features=volume&theme=light,Will John Fetterman win the 2028 Democratic presidential nomination?,united-states,,"24h $1,000 • TTR 768.0d",25663979.084834006,1000.0,0.0,0.0,2028-11-08T04:59:00+00:00,768.0,1,,-0.999,,0,"[{""name"": ""Top"", ""bestBid"": null, ""bestAsk"": 0.001}]"
559675,0xfee07be730188c94cd3644ed6f107fa3ea2dfab9989ce8d39aeeae064766abe3,will-jon-stewart-win-the-2028-democratic-presidential-nomination-518,https://polymarket.com/event/will-jon-stewart-win-the-2028-democratic-presidential-nomination-518,https://embed.polymarket.com/market.html?market=will-jon-stewart-win-the-2028-democratic-presidential-nomination-518&features=volume&theme=light,Will Jon Stewart win the 2028 Democratic presidential nomination?,united-states,,24h $927 • spread 0.001 • TTR 768.0d,24804833.24775304,927.96,-0.0015,-11.5385,2028-11-08T04:59:00+00:00,768.0,1,0.001,-0.988,0.0115,0,"[{""name"": ""Top"", ""bestBid"": 0.011, ""bestAsk"": 0.012}]"
601833,0xae7dd99bf126b033b77af2553a98b97e1190fd7bdddd5a792ca2791ae23e4d13,will-tereza-cristina-win-the-2026-brazilian-presidential-election,https://polymarket.com/event/will-tereza-cristina-win-the-2026-brazilian-presidential-election,https://embed.polymarket.com/market.html?market=will-tereza-cristina-win-the-2026-brazilian-presidential-election&features=volume&theme=light,Will Tereza Cristina win the 2026 Brazilian presidential election?,politics,,"24h $17,000 • TTR 3.0d",4069580.666596,17000.0,0.0,0.0,2026-10-05T03:59:00+00:00,2.958,1,,-0.999,,0,"[{""name"": ""Top"", ""bestBid"": null, ""bestAsk"": 0.001}]"
559662,0x9d4f94f82de9d13ff1d3318639ab9000ee2533949e525343156f374fb00bd9b1,will-mark-cuban-win-the-2028-democratic-presidential-nomination-329,https://polymarket.com/event/will-mark-cuban-win-the-2028-democratic-presidential-nomination-329,https://embed.polymarket.com/market.html?market=will-mark-cuban-win-the-2028-democratic-presidential-nomination-329&features=volume&theme=light,Will Mark Cuban win the 2028 Democratic presidential nomination?,united-states,,"24h $46,004 • spread 0.002 • TTR 768.0d",23207955.139177017,46004.01,0.0,0.0,2028-11-08T04:59:00+00:00,768.0,1,0.002,-0.995,0.004,0,"[{""name"": ""Top"", ""bestBid"": 0.003, ""bestAsk"": 0.005}]"
559657,0xc8f1cf5d4f26e0fd9c8fe89f2a7b3263b902cf14fde7bfccef525753bb492e47,will-stephen-a-smith-win-the-2028-democratic-presidential-nomination-914,https://polymarket.com/event/will-stephen-a-smith-win-the-2028-democratic-presidential-nomination-914,https://embed.polymarket.com/market.html?market=will-stephen-a-smith-win-the-2028-democratic-presidential-nomination-914&features=volume&theme=light,Will Stephen A. Smith win the 2028 Democratic presidential nomination?,united-states,,24h $296 • spread 0.001 • TTR 768.0d,23099301.825689003,296.94,0.0,0.0,2028-11-08T04:59:00+00:00,768.0,1,0.001,-0.998,0.0015,0,"[{""name"": ""Top"", ""bestBid"": 0.001, ""bestAsk"": 0.002}]"
562001,0xd5659eea81cada0bac656f5a9099861786cbae6755e2e1ac2c9e9441908b551f,will-steve-bannon-win-the-2028-republican-presidential-nomination,https://polymarket.com/event/will-steve-bannon-win-the-2028-republican-presidential-nomination,https://embed.polymarket.com/market.html?market=will-steve-bannon-win-the-2028-republican-presidential-nomination&features=volume&theme=light,Will Steve Bannon win the 2028 Republican presidential nomination?,united-states,,24h $147 • spread 0.001 • TTR 768.0d,22997722.661025003,147.76,0.0,0.0,2028-11-08T04:59:00+00:00,768.0,1,0.001,-0.998,0.0015,0,"[{""name"": ""Top"", ""bestBid"": 0.001, ""bestAsk"": 0.002}]"
601835,0xe7567eb9c84e1f859a7e18f1042c724dbf57c3cc0459b312bee22156a57e60ea,will-pablo-marcal-win-the-2026-brazilian-presidential-election,https://polymarket.com/event/will-pablo-marcal-win-the-2026-brazilian-presidential-election,https://embed.polymarket.com/market.html?market=will-pablo-marcal-win-the-2026-brazilian-presidential-election&features=volume&theme=light,Will Pablo Marçal win the 2026 Brazilian presidential election?,politics,,"24h $11,003 • TTR 3.0d",4002677.7922280002,11003.9,0.0,0.0,2026-10-05T03:59:00+00:00,2.958,1,,-0.999,,0,"[{""name"": ""Top"", ""bestBid"": null, ""bestAsk"": 0.001}]"
561256,0xf05b4b55336a4c1c7b44c726911d2b559732cff7bad339084de86ae364dc85f6,will-zohran-mamdani-win-the-2028-us-presidential-election,https://polymarket.com/event/will-zohran-mamdani-win-the-2028-us-presidential-election,https://embed.polymarket.com/market.html?market=will-zohran-mamdani-win-the-2028-us-presidential-election&features=volume&theme=light,Will Zohran Mamdani win the 2028 US Presidential Election?,president,,"24h $58,000 • TTR 768.0d",22421171.808912996,58000.0,0.0,0.0,2028-11-08T04:59:00+00:00,768.0,1,,-0.999,,0,"[{""name"": ""Top"", ""bestBid"": null, ""bestAsk"": 0.001}]"
559651,0xa467b14d51f01b957109d9cbb1d6c124fab2a089d52ed8f471d23c2812e743b7,xi-jinping-out-before-2027,https://polymarket.com/event/xi-jinping-out-before-2027,https://embed.polymarket.com/market.html?market=xi-jinping-out-before-2027&features=volume&theme=light,Xi Jinping out before 2027?,hfc,,"24h $114,395 • spread 0.001 • TTR 91.0d",14297804.358800992,114395.27,-0.007,-21.5385,2027-01-01T04:59:00+00:00,91.0,1,0.001,-0.974,0.0255,0,"[{""name"": ""Top"", ""bestBid"": 0.025, ""bestAsk"": 0.026}]"
561983,0x214093035e429b91df322bd20c55d9f611f741f67472a63f7623a9afc0cffa57,will-greg-abbott-win-the-2028-republican-presidential-nomination,https://polymarket.com/event/will-greg-abbott-win-the-2028-republican-presidential-nomination,https://embed.polymarket.com/market.html?market=will-greg-abbott-win-the-2028-republican-presidential-nomination&features=volume&theme=light,Will Greg Abbott win the 2028 Republican presidential nomination?,united-states,,24h $13 • spread 0.001 • TTR 768.0d,21383070.895206004,13.25,0.0,0.0,2028-11-08T04:59:00+00:00,768.0,1,0.001,-0.998,0.0015,0,"[{""name"": ""Top"", ""bestBid"": 0.001, ""bestAsk"": 0.002}]"
2176270,0x5c79dfde05559b79a9cb9f7c4187e4d49632dd042572ae676952f812732591cc,strait-of-hormuz-traffic-returns-to-normal-by-december-31,https://polymarket.com/event/strait-of-hormuz-traffic-returns-to-normal-by-december-31,https://embed.polymarket.com/market.html?market=strait-of-hormuz-traffic-returns-to-normal-by-december-31&features=volume&theme=light,Strait of Hormuz traffic returns to normal by December 31?,politics,,"24h $76,684 • spread 0.010 • TTR 91.0d",13753851.772770995,76684.98,0.0,0.0,2027-01-01T04:59:00+00:00,91.0,1,0.01,-0.79,0.205,0,"[{""name"": ""Top"", ""bestBid"": 0.2, ""bestAsk"": 0.21}]"
561991,0xf2cea45ec282af4f302d2ab85ede73678cd692ebf8c3ab6d52bfa5e19f44c553,will-matt-gaetz-win-the-2028-republican-presidential-nomination,https://polymarket.com/event/will-matt-gaetz-win-the-2028-republican-presidential-nomination,https://embed.polymarket.com/market.html?market=will-matt-gaetz-win-the-2028-republican-presidential-nomination&features=volume&theme=light,Will Matt Gaetz win the 2028 Republican presidential nomination?,united-states,,"24h $1,000 • TTR 768.0d",20412220.985418,1000.0,0.0,0.0,2028-11-08T04:59:00+00:00,768.0,1,,-0.999,,0,"[{""name"": ""Top"", ""bestBid"": null, ""bestAsk"": 0.001}]"
561988,0x4d4bceee5f59f75230c6438f69fc913a6da7afa4098ce0734655045c02a730fc,will-josh-hawley-win-the-2028-republican-presidential-nomination,https://polymarket.com/event/will-josh-hawley-win-the-2028-republican-presidential-nomination,https://embed.polymarket.com/market.html?market=will-josh-hawley-win-the-2028-republican-presidential-nomination&features=volume&theme=light,Will Josh Hawley win the 2028 Republican presidential nomination?,united-states,,24h $390 • spread 0.001 • TTR 768.0d,20411039.960345995,390.0,0.0,0.0,2028-11-08T04:59:00+00:00,768.0,1,0.001,-0.996,0.0035,0,"[{""name"": ""Top"", ""bestBid"": 0.003, ""bestAsk"": 0.004}]"
562000,0xd10bc768ede58b53ed400594240b0a0603134a32dab89ec823a18759cbc180ca,will-rand-paul-win-the-2028-republican-presidential-nomination,https://polymarket.com/event/will-rand-paul-win-the-2028-republican-presidential-nomination,https://embed.polymarket.com/market.html?market=will-rand-paul-win-the-2028-republican-presidential-nomination&features=volume&theme=light,Will Rand Paul win the 2028 Republican presidential nomination?,united-states,,"24h $2,893 • spread 0.001 • TTR 768.0d",19572641.247968998,2893.59,0.0,0.0,2028-11-08T04:59:00+00:00,768.0,1,0.001,-0.997,0.0025,0,"[{""name"": ""Top"", ""bestBid"": 0.002, ""bestAsk"": 0.003}]"
561989,0x0ac23db1e56971022bc7e822b907a2466c618b34104ea72bc9fa95e41c86a9c6,will-ted-cruz-win-the-2028-republican-presidential-nomination,https://polymarket.com/event/will-ted-cruz-win-the-2028-republican-presidential-nomination,https://embed.polymarket.com/market.html?market=will-ted-cruz-win-the-2028-republican-presidential-nomination&features=volume&theme=light,Will Ted Cruz win the 2028 Republican presidential nomination?,united-states,,"24h $4,632 • spread 0.001 • TTR 768.0d",19539098.609410003,4632.35,0.0,0.0,2028-11-08T04:59:00+00:00,768.0,1,0.001,-0.979,0.0205,0,"[{""name"": ""Top"", ""bestBid"": 0.02, ""bestAsk"": 0.021}]"
561237,0x09ad4955c170d46c6d80b5f554435b19e229ff7dbe55370892b64782336cc3b9,will-andy-beshear-win-the-2028-us-presidential-election,https://polymarket.com/event/will-andy-beshear-win-the-2028-us-presidential-election,https://embed.polymarket.com/market.html?market=will-andy-beshear-win-the-2028-us-presidential-election&features=volume&theme=light,Will Andy Beshear win the 2028 US Presidential Election?,president,,24h $40 • spread 0.002 • TTR 768.0d,19379961.752653003,40.57,-0.001,-6.25,2028-11-08T04:59:00+00:00,768.0,1,0.002,-0.984,0.015,0,"[{""name"": ""Top"", ""bestBid"": 0.014, ""bestAsk"": 0.016}]"
561257,0xbbbece074c2d4010e39e39c85ed67b1131180fcea616073c893fb6beaf51d783,will-michelle-obama-win-the-2028-us-presidential-election,https://polymarket.com/event/will-michelle-obama-win-the-2028-us-presidential-election,https://embed.polymarket.com/market.html?market=will-michelle-obama-win-the-2028-us-presidential-election&features=volume&theme=light,Will Michelle Obama win the 2028 US Presidential Election?,president,,"24h $1,008 • spread 0.001 • TTR 768.0d",19322604.177160002,1008.88,0.0,0.0,2028-11-08T04:59:00+00:00,768.0,1,0.001,-0.998,0.0015,0,"[{""name"": ""Top"", ""bestBid"": 0.001, ""bestAsk"": 0.002}]"
562002,0x7abed80b88301210ee83b7b14ec41bc9a5161e1af07254fbb26c6e2bf7182766,will-erika-kirk-win-the-2028-republican-presidential-nomination,https://polymarket.com/event/will-erika-kirk-win-the-2028-republican-presidential-nomination,https://embed.polymarket.com/market.html?market=will-erika-kirk-win-the-2028-republican-presidential-nomination&features=volume&theme=light,Will Erika Kirk win the 2028 Republican presidential nomination?,united-states,,"24h $2,000 • TTR 768.0d",19040593.183152005,2000.0,0.0,0.0,2028-11-08T04:59:00+00:00,768.0,1,,-0.999,,0,"[{""name"": ""Top"", ""bestBid"": null, ""bestAsk"": 0.001}]"
561263,0x2d3c4fc5cde6dfb43448402b912e41bd4453e3f030448ed026bff8f1a0bc072e,will-eric-trump-win-the-2028-us-presidential-election,https://polymarket.com/event/will-eric-trump-win-the-2028-us-presidential-election,https://embed.polymarket.com/market.html?market=will-eric-trump-win-the-2028-us-presidential-election&features=volume&theme=light,Will Eric Trump win the 2028 US Presidential Election?,president,,"24h $15,000 • TTR 768.0d",18850300.270761006,15000.0,0.0,0.0,2028-11-08T04:59:00+00:00,768.0,1,,-0.999,,0,"[{""name"": ""Top"", ""bestBid"": null, ""bestAsk"": 0.001}]"
666861,0x48b0b0bca515f68fccf95af4793dbd0edbfec1f8ec6e8df2c0f69ba74f8c4722,trump-out-as-president-before-2027,https://polymarket.com/event/trump-out-as-president-before-2027,https://embed.polymarket.com/market.html?market=trump-out-as-president-before-2027&features=volume&theme=light,Trump out as President before 2027?,politics,,"24h $89,024 • spread 0.002 • TTR 91.0d",12235473.397405,89024.1,0.001,2.7778,2027-01-01T04:59:00+00:00,91.0,1,0.002,-0.962,0.037,0,"[{""name"": ""Top"", ""bestBid"": 0.036, ""bestAsk"": 0.038}]"
561230,0x4567b275e6b667a6217f5cb4f06a797d3a1eaf1d0281fb5bc8c75e2046ae7e57,will-gavin-newsom-win-the-2028-us-presidential-election,https://polymarket.com/event/will-gavin-newsom-win-the-2028-us-presidential-election,https://embed.polymarket.com/market.html?market=will-gavin-newsom-win-the-2028-us-presidential-election&features=volume&theme=light,Will Gavin Newsom win the 2028 US Presidential Election?,president,,"24h $6,108 • spread 0.001 • TTR 768.0d",18489313.373542003,6108.79,0.002,2.6144,2028-11-08T04:59:00+00:00,768.0,1,0.001,-0.921,0.0785,0,"[{""name"": ""Top"", ""bestBid"": 0.078, ""bestAsk"": 0.079}]"
559656,0x61d9486c0f7e14ed98f3b177b6adcb3cd45646c92e8bbfbf209789b86472d4b6,will-wes-moore-win-the-2028-democratic-presidential-nomination-714,https://polymarket.com/event/will-wes-moore-win-the-2028-democratic-presidential-nomination-714,https://embed.polymarket.com/market.html?market=will-wes-moore-win-the-2028-democratic-presidential-nomination-714&features=volume&theme=light,Will Wes Moore win the 2028 Democratic presidential nomination?,united-states,,24h $411 • spread 0.001 • TTR 768.0d,18434690.987505004,411.85,0.0,0.0,2028-11-08T04:59:00+00:00,768.0,1,0.001,-0.979,0.0205,0,"[{""name"": ""Top"", ""bestBid"": 0.02, ""bestAsk"": 0.021}]"
561985,0x42631e1a8c8e6389422b58b8e15b1b551892b9833651aa3bab25afab124354b5,will-brian-kemp-win-the-2028-republican-presidential-nomination,https://polymarket.com/event/will-brian-kemp-win-the-2028-republican-presidential-nomination,https://embed.polymarket.com/market.html?market=will-brian-kemp-win-the-2028-republican-presidential-nomination&features=volume&theme=light,Will Brian Kemp win the 2028 Republican presidential nomination?,united-states,,24h $63 • spread 0.001 • TTR 768.0d,17938201.289729998,63.76,0.0,0.0,2028-11-08T04:59:00+00:00,768.0,1,0.001,-0.996,0.0035,0,"[{""name"": ""Top"", ""bestBid"": 0.003, ""bestAsk"": 0.004}]"
1472548,0xaa5cdb6830cbfa2ca711b7cf93bd42cf4f8e062d44ea188c0b8ec1fb2924c083,will-reza-pahlavi-lead-iran-in-2026,https://polymarket.com/event/will-reza-pahlavi-lead-iran-in-2026,https://embed.polymarket.com/market.html?market=will-reza-pahlavi-lead-iran-in-2026&features=volume&theme=light,Will Reza Pahlavi lead Iran in 2026?,iran,,24h $456 • spread 0.007 • TTR 91.0d,11768530.566984,456.17,-0.003,-8.9552,2027-01-01T04:59:00+00:00,91.0,1,0.007,-0.966,0.0305,0,"[{""name"": ""Top"", ""bestBid"": 0.027, ""bestAsk"": 0.034}]"
559668,0x36db77c539bcc8c7bf0686c1b99f30c5a5eed1f53d3b3a27a071550c81f83701,will-mark-kelly-win-the-2028-democratic-presidential-nomination-479,https://polymarket.com/event/will-mark-kelly-win-the-2028-democratic-presidential-nomination-479,https://embed.polymarket.com/market.html?market=will-mark-kelly-win-the-2028-democratic-presidential-nomination-479&features=volume&theme=light,Will Mark Kelly win the 2028 Democratic presidential nomination?,united-states,,"24h $9,996 • spread 0.001 • TTR 768.0d",17673685.467001997,9996.51,-0.0005,-1.8519,2028-11-08T04:59:00+00:00,768.0,1,0.001,-0.973,0.0265,0,"[{""name"": ""Top"", ""bestBid"": 0.026, ""bestAsk"": 0.027}]"
562802,0xd5d9fc47718bd553592d126b1fa5e87183d27f3936975b0c04cc0f2dec1f1bb4,will-the-democratic-party-control-the-house-after-the-2026-midterm-elections,https://polymarket.com/event/will-the-democratic-party-control-the-house-after-the-2026-midterm-elections,https://embed.polymarket.com/market.html?market=will-the-democratic-party-control-the-house-after-the-2026-midterm-elections&features=volume&theme=light,Will the Democratic Party control the House after the 2026 Midterm elections?,parent-for-derivative,,"24h $39,046 • spread 0.010 • TTR 33.0d",7282422.523529003,39046.28,0.0,0.0,2026-11-04T04:59:00+00:00,33.0,1,0.01,-0.07,0.925,0,"[{""name"": ""Top"", ""bestBid"": 0.92, ""bestAsk"": 0.93}]"
559691,0xc720fcfa9e29346a976902f87e0f0f3bdc31d43af501b4fdef4f1780a30dd359,will-chris-murphy-win-the-2028-democratic-presidential-nomination,https://polymarket.com/event/will-chris-murphy-win-the-2028-democratic-presidential-nomination,https://embed.polymarket.com/market.html?market=will-chris-murphy-win-the-2028-democratic-presidential-nomination&features=volume&theme=light,Will Chris Murphy win the 2028 Democratic presidential nomination?,united-states,,24h $8 • spread 0.001 • TTR 768.0d,17410676.583076004,8.09,0.0,0.0,2028-11-08T04:59:00+00:00,768.0,1,0.001,-0.995,0.0045,0,"[{""name"": ""Top"", ""bestBid"": 0.004, ""bestAsk"": 0.005}]"
561984,0xc510176cf39d73295354fc797d84b510d050b45d29d6c9735ee18cdbc4fd6463,will-robert-f-kennedy-jr-win-the-2028-republican-presidential-nomination,https://polymarket.com/event/will-robert-f-kennedy-jr-win-the-2028-republican-presidential-nomination,https://embed.polymarket.com/market.html?market=will-robert-f-kennedy-jr-win-the-2028-republican-presidential-nomination&features=volume&theme=light,Will Robert F. Kennedy Jr. win the 2028 Republican presidential nomination?,united-states,,24h $209 • spread 0.001 • TTR 768.0d,16847964.139013007,209.07,0.0,0.0,2028-11-08T04:59:00+00:00,768.0,1,0.001,-0.997,0.0025,0,"[{""name"": ""Top"", ""bestBid"": 0.002, ""bestAsk"": 0.003}]"
1126504,0x890fc3ba40458db0b67560691aa1597344c2a0560d18e80f586a4b35f510b4ce,will-the-us-acquire-any-part-of-greenland-in-2026,https://polymarket.com/event/will-the-us-acquire-any-part-of-greenland-in-2026,https://embed.polymarket.com/market.html?market=will-the-us-acquire-any-part-of-greenland-in-2026&features=volume&theme=light,Will the US acquire part of Greenland in 2026?,davos,,"24h $1,731 • spread 0.006 • TTR 91.0d",10894808.639614994,1731.51,0.0105,46.6667,2027-01-01T04:59:00+00:00,91.0,1,0.006,-0.964,0.033,0,"[{""name"": ""Top"", ""bestBid"": 0.03, ""bestAsk"": 0.036}]"
561229,0x7ad403c3508f8e3912940fd1a913f227591145ca0614074208e0b962d5fcc422,will-jd-vance-win-the-2028-us-presidential-election,https://polymarket.com/event/will-jd-vance-win-the-2028-us-presidential-election,https://embed.polymarket.com/market.html?market=will-jd-vance-win-the-2028-us-presidential-election&features=volume&theme=light,Will JD Vance win the 2028 US Presidential Election?,president,,"24h $3,974 • spread 0.001 • TTR 768.0d",16531698.963802,3974.21,-0.001,-0.4819,2028-11-08T04:59:00+00:00,768.0,1,0.001,-0.793,0.2065,0,"[{""name"": ""Top"", ""bestBid"": 0.206, ""bestAsk"": 0.207}]"
2589812,0xdf9bf27ee5757c55b44b8b9826ddc9ec3a8809aa3278634c45edbb7fc8f1a3e3,will-there-be-no-change-in-fed-interest-rates-after-the-october-2026-meeting-20260617190324031,https://polymarket.com/event/will-there-be-no-change-in-fed-interest-rates-after-the-october-2026-meeting-20260617190324031,https://embed.polymarket.com/market.html?market=will-there-be-no-change-in-fed-interest-rates-after-the-october-2026-meeting-20260617190324031&features=volume&theme=light,Will there be no change in Fed interest rates after the October 2026 meeting?,fed,,"24h $804,911 • spread 0.010 • TTR 27.0d",6203348.860150003,804911.55,0.09,13.7405,2026-10-29T03:59:00+00:00,26.958,1,0.01,-0.25,0.745,0,"[{""name"": ""Top"", ""bestBid"": 0.74, ""bestAsk"": 0.75}]"
561981,0xd997dc2a212a7d6673375a3b016db1fb214247142f8cde0cbf07f8e6d789877c,will-vivek-ramaswamy-win-the-2028-republican-presidential-nomination,https://polymarket.com/event/will-vivek-ramaswamy-win-the-2028-republican-presidential-nomination,https://embed.polymarket.com/market.html?market=will-vivek-ramaswamy-win-the-2028-republican-presidential-nomination&features=volume&theme=light,Will Vivek Ramaswamy win the 2028 Republican presidential nomination?,united-states,,spread 0.001 • TTR 768.0d,16111216.136814984,,0.0,0.0,2028-11-08T04:59:00+00:00,768.0,1,0.001,-0.997,0.0025,0,"[{""name"": ""Top"", ""bestBid"": 0.002, ""bestAsk"": 0.003}]"
559663,0xe883f2fda25a605a184bb5fe583afce6cc21ea0b348b6a3728ec3067553c548d,will-jb-pritzker-win-the-2028-democratic-presidential-nomination-288,https://polymarket.com/event/will-jb-pritzker-win-the-2028-democratic-presidential-nomination-288,https://embed.polymarket.com/market.html?market=will-jb-pritzker-win-the-2028-democratic-presidential-nomination-288&features=volume&theme=light,Will J.B. Pritzker win the 2028 Democratic presidential nomination?,united-states,,24h $111 • spread 0.001 • TTR 768.0d,15769876.289677983,111.46,0.0,0.0,2028-11-08T04:59:00+00:00,768.0,1,0.001,-0.987,0.0125,0,"[{""name"": ""Top"", ""bestBid"": 0.012, ""bestAsk"": 0.013}]"
561974,0x18b1c135d0a40c5894da9412e77311827d9caf16cf4cd6591b247a34730af919,will-jd-vance-win-the-2028-republican-presidential-nomination,https://polymarket.com/event/will-jd-vance-win-the-2028-republican-presidential-nomination,https://embed.polymarket.com/market.html?market=will-jd-vance-win-the-2028-republican-presidential-nomination&features=volume&theme=light,Will J.D. Vance win the 2028 Republican presidential nomination?,united-states,,"24h $4,372 • spread 0.001 • TTR 768.0d • ~50% mid",15746005.737049008,4372.44,-0.002,-0.3964,2028-11-08T04:59:00+00:00,768.0,1,0.001,-0.497,0.5025,1,"[{""name"": ""Top"", ""bestBid"": 0.502, ""bestAsk"": 0.503}]"
561236,0xfd6176f8c9a59105f80e060a77c4099881c5f2d9e0ceab88e55cf978462fab7f,will-gretchen-whitmer-win-the-2028-us-presidential-election,https://polymarket.com/event/will-gretchen-whitmer-win-the-2028-us-presidential-election,https://embed.polymarket.com/market.html?market=will-gretchen-whitmer-win-the-2028-us-presidential-election&features=volume&theme=light,Will Gretchen Whitmer win the 2028 US Presidential Election?,president,,24h $23 • spread 0.001 • TTR 768.0d,15603135.151354995,23.21,0.0,0.0,2028-11-08T04:59:00+00:00,768.0,1,0.001,-0.996,0.0035,0,"[{""name"": ""Top"", ""bestBid"": 0.003, ""bestAsk"": 0.004}]"
561979,0x64d31a2af85518c6718a5757a35b840f08eca20c1e22c0eb1e96ec01cc55b8b6,will-ron-desantis-win-the-2028-republican-presidential-nomination,https://polymarket.com/event/will-ron-desantis-win-the-2028-republican-presidential-nomination,https://embed.polymarket.com/market.html?market=will-ron-desantis-win-the-2028-republican-presidential-nomination&features=volume&theme=light,Will Ron DeSantis win the 2028 Republican presidential nomination?,united-states,,"24h $6,614 • spread 0.002 • TTR 768.0d",15595419.714516995,6614.55,-0.0005,-1.8182,2028-11-08T04:59:00+00:00,768.0,1,0.002,-0.972,0.027,0,"[{""name"": ""Top"", ""bestBid"": 0.026, ""bestAsk"": 0.028}]"
559653,0xe6bcc2f1dd025ce5e1833190f7c60a71171c94f805df55b9ab0ded695ec93565,will-alexandria-ocasio-cortez-win-the-2028-democratic-presidential-nomination-653,https://polymarket.com/event/will-alexandria-ocasio-cortez-win-the-2028-democratic-presidential-nomination-653,https://embed.polymarket.com/market.html?market=will-alexandria-ocasio-cortez-win-the-2028-democratic-presidential-nomination-653&features=volume&theme=light,Will Alexandria Ocasio-Cortez win the 2028 Democratic presidential nomination?,united-states,,"24h $29,717 • spread 0.001 • TTR 768.0d",15375220.980774997,29717.13,0.004,2.4768,2028-11-08T04:59:00+00:00,768.0,1,0.001,-0.834,0.1655,0,"[{""name"": ""Top"", ""bestBid"": 0.165, ""bestAsk"": 0.166}]"
2589813,0x12aa13b3da17ceae1b0a59b5d5b77121e91bb79b4bb0b52bf6543ed3f8d0953b,will-the-fed-increase-interest-rates-by-25-bps-after-the-october-2026-meeting-20260617190324032,https://polymarket.com/event/will-the-fed-increase-interest-rates-by-25-bps-after-the-october-2026-meeting-20260617190324032,https://embed.polymarket.com/market.html?market=will-the-fed-increase-interest-rates-by-25-bps-after-the-october-2026-meeting-20260617190324032&features=volume&theme=light,Will the Fed increase interest rates by 25 bps after the October 2026 meeting?,fed,,"24h $566,586 • spread 0.010 • TTR 27.0d",5637684.656996997,566586.44,-0.09,-26.8657,2026-10-29T03:59:00+00:00,26.958,1,0.01,-0.75,0.245,0,"[{""name"": ""Top"", ""bestBid"": 0.24, ""bestAsk"": 0.25}]"
682705,0x7586a96520578acaaaa4ea84a2582f197f84255da1f3392a7aa300386c187b37,will-benjamin-netanyahu-be-the-next-prime-minister-of-israel,https://polymarket.com/event/will-benjamin-netanyahu-be-the-next-prime-minister-of-israel,https://embed.polymarket.com/market.html?market=will-benjamin-netanyahu-be-the-next-prime-minister-of-israel&features=volume&theme=light,Will Benjamin Netanyahu be the next Prime Minister of Israel?,main-election,,"24h $43,689 • spread 0.010 • TTR 26.0d",5512385.182394,43689.39,0.0,0.0,2026-10-28T03:59:00+00:00,25.958,1,0.01,-0.67,0.325,0,"[{""name"": ""Top"", ""bestBid"": 0.32, ""bestAsk"": 0.33}]"
559669,0x3dc47a72ac6bb265e9cefebd2a2eeed00966394cb2d07245b5c94138b60e82a3,will-rahm-emanuel-win-the-2028-democratic-presidential-nomination-299,https://polymarket.com/event/will-rahm-emanuel-win-the-2028-democratic-presidential-nomination-299,https://embed.polymarket.com/market.html?market=will-rahm-emanuel-win-the-2028-democratic-presidential-nomination-299&features=volume&theme=light,Will Rahm Emanuel win the 2028 Democratic presidential nomination?,united-states,,24h $291 • spread 0.001 • TTR 768.0d,14590823.238033995,291.39,0.0,0.0,2028-11-08T04:59:00+00:00,768.0,1,0.001,-0.98,0.0195,0,"[{""name"": ""Top"", ""bestBid"": 0.019, ""bestAsk"": 0.02}]"
561253,0xd94b47bdeba16ae948bfb147bda059f3543d6fca73291644dfff5268bba7a797,will-tucker-carlson-win-the-2028-us-presidential-election,https://polymarket.com/event/will-tucker-carlson-win-the-2028-us-presidential-election,https://embed.polymarket.com/market.html?market=will-tucker-carlson-win-the-2028-us-presidential-election&features=volume&theme=light,Will Tucker Carlson win the 2028 US Presidential Election?,president,,24h $60 • spread 0.001 • TTR 768.0d,14284944.876947999,60.2,0.0,0.0,2028-11-08T04:59:00+00:00,768.0,1,0.001,-0.982,0.0175,0,"[{""name"": ""Top"", ""bestBid"": 0.017, ""bestAsk"": 0.018}]"
1105750,0x4197bf7e572f1dd731669d33d05532c6d3b8cba71fb83dc69d789110e39c41b4,will-pete-hegseth-be-the-leader-of-venezuela-end-of-2026,https://polymarket.com/event/will-pete-hegseth-be-the-leader-of-venezuela-end-of-2026,https://embed.polymarket.com/market.html?market=will-pete-hegseth-be-the-leader-of-venezuela-end-of-2026&features=volume&theme=light,Will Pete Hegseth be the leader of Venezuela end of 2026?,trump-machado,,24h $184 • spread 0.001 • TTR 89.8d,9275869.88933,184.17,0.0,0.0,2026-12-31T00:00:00+00:00,89.792,1,0.001,-0.998,0.0015,0,"[{""name"": ""Top"", ""bestBid"": 0.001, ""bestAsk"": 0.002}]"
561976,0x9cd77217b2ab264fe4f6d302f662c0a91f349fe5798f1f98d70bb2311712791b,will-tulsi-gabbard-win-the-2028-republican-presidential-nomination,https://polymarket.com/event/will-tulsi-gabbard-win-the-2028-republican-presidential-nomination,https://embed.polymarket.com/market.html?market=will-tulsi-gabbard-win-the-2028-republican-presidential-nomination&features=volume&theme=light,Will Tulsi Gabbard win the 2028 Republican presidential nomination?,united-states,,24h $24 • spread 0.001 • TTR 768.0d,14082868.991127001,24.13,0.0,0.0,2028-11-08T04:59:00+00:00,768.0,1,0.001,-0.995,0.0045,0,"[{""name"": ""Top"", ""bestBid"": 0.004, ""bestAsk"": 0.005}]"
601834,0x919c9bc428d2d19400437852066582b11bb7b00ad78529a0069cde76766b9faf,will-helder-barbalho-win-the-2026-brazilian-presidential-election,https://polymarket.com/event/will-helder-barbalho-win-the-2026-brazilian-presidential-election,https://embed.polymarket.com/market.html?market=will-helder-barbalho-win-the-2026-brazilian-presidential-election&features=volume&theme=light,Will Helder Barbalho win the 2026 Brazilian presidential election?,politics,,"24h $1,000 • TTR 3.0d",2429918.496882,1000.0,0.0,0.0,2026-10-05T03:59:00+00:00,2.958,1,,-0.999,,0,"[{""name"": ""Top"", ""bestBid"": null, ""bestAsk"": 0.001}]"
561244,0x23481b811978194fa175143ed7cd8d0000878ca59c408fd552e33535f7aa771e,will-donald-trump-jr-win-the-2028-us-presidential-election,https://polymarket.com/event/will-donald-trump-jr-win-the-2028-us-presidential-election,https://embed.polymarket.com/market.html?market=will-donald-trump-jr-win-the-2028-us-presidential-election&features=volume&theme=light,Will Donald Trump Jr. win the 2028 US Presidential Election?,president,,24h $395 • spread 0.001 • TTR 768.0d,13893285.205798,395.0,0.0,0.0,2028-11-08T04:59:00+00:00,768.0,1,0.001,-0.995,0.0045,0,"[{""name"": ""Top"", ""bestBid"": 0.004, ""bestAsk"": 0.005}]"
561996,0x4273517fc8141d57ad1528ede46efdceebdb6a4da746d5de5bad216564209a1e,will-tucker-carlson-win-the-2028-republican-presidential-nomination,https://polymarket.com/event/will-tucker-carlson-win-the-2028-republican-presidential-nomination,https://embed.polymarket.com/market.html?market=will-tucker-carlson-win-the-2028-republican-presidential-nomination&features=volume&theme=light,Will Tucker Carlson win the 2028 Republican presidential nomination?,united-states,,24h $576 • spread 0.001 • TTR 768.0d,13814312.430425992,576.13,0.0,0.0,2028-11-08T04:59:00+00:00,768.0,1,0.001,-0.968,0.0315,0,"[{""name"": ""Top"", ""bestBid"": 0.031, ""bestAsk"": 0.032}]"
561231,0xf232b565995e4b3a3e7fa6cef775eeff1cecd20ad7c013cb9fc8dadabfe279a9,will-alexandria-ocasio-cortez-win-the-2028-us-presidential-election,https://polymarket.com/event/will-alexandria-ocasio-cortez-win-the-2028-us-presidential-election,https://embed.polymarket.com/market.html?market=will-alexandria-ocasio-cortez-win-the-2028-us-presidential-election&features=volume&theme=light,Will Alexandria Ocasio-Cortez win the 2028 US Presidential Election?,president,,24h $778 • spread 0.001 • TTR 768.0d,13711002.006005002,778.43,0.0,0.0,2028-11-08T04:59:00+00:00,768.0,1,0.001,-0.868,0.1315,0,"[{""name"": ""Top"", ""bestBid"": 0.131, ""bestAsk"": 0.132}]"
559658,0x909659c9436228e2be56d5582ba6188166f2f8bf3c596335512c8f2e380d01ec,will-kamala-harris-win-the-2028-democratic-presidential-nomination-641,https://polymarket.com/event/will-kamala-harris-win-the-2028-democratic-presidential-nomination-641,https://embed.polymarket.com/market.html?market=will-kamala-harris-win-the-2028-democratic-presidential-nomination-641&features=volume&theme=light,Will Kamala Harris win the 2028 Democratic presidential nomination?,united-states,,24h $303 • spread 0.005 • TTR 768.0d,13580109.187577,303.07,0.0,0.0,2028-11-08T04:59:00+00:00,768.0,1,0.005,-0.925,0.0725,0,"[{""name"": ""Top"", ""bestBid"": 0.07, ""bestAsk"": 0.075}]"
559660,0x1d519b87999e3d4e90e1e8f57b5eee73a0ba488ff3fdb70867f294733aba84a9,will-andy-beshear-win-the-2028-democratic-presidential-nomination-832,https://polymarket.com/event/will-andy-beshear-win-the-2028-democratic-presidential-nomination-832,https://embed.polymarket.com/market.html?market=will-andy-beshear-win-the-2028-democratic-presidential-nomination-832&features=volume&theme=light,Will Andy Beshear win the 2028 Democratic presidential nomination?,united-states,,"24h $5,332 • spread 0.007 • TTR 768.0d",13413655.921217995,5332.67,0.0025,8.9286,2028-11-08T04:59:00+00:00,768.0,1,0.007,-0.966,0.0305,0,"[{""name"": ""Top"", ""bestBid"": 0.027, ""bestAsk"": 0.034}]"
616902,0xd4e77ba6f29fc093509d24f508631abd445ecf506bbdc9c4c80e60256a318527,will-no-fed-rate-cuts-happen-in-2026,https://polymarket.com/event/will-no-fed-rate-cuts-happen-in-2026,https://embed.polymarket.com/market.html?market=will-no-fed-rate-cuts-happen-in-2026&features=volume&theme=light,Will no Fed rate cuts happen in 2026?,rewards-200-4pt5-50,,"24h $10,185 • spread 0.001 • TTR 91.0d",8709889.574488,10185.14,-0.0015,-0.1548,2027-01-01T04:59:00+00:00,91.0,1,0.001,-0.032,0.9675,0,"[{""name"": ""Top"", ""bestBid"": 0.967, ""bestAsk"": 0.968}]"
562803,0x4e4f77e7dbf4cab666e9a1943674d7ae66348e862df03ea6f44b11eb95731928,will-the-republican-party-control-the-house-after-the-2026-midterm-elections,https://polymarket.com/event/will-the-republican-party-control-the-house-after-the-2026-midterm-elections,https://embed.polymarket.com/market.html?market=will-the-republican-party-control-the-house-after-the-2026-midterm-elections&features=volume&theme=light,Will the Republican Party control the House after the 2026 Midterm elections?,parent-for-derivative,,"24h $53,627 • spread 0.010 • TTR 33.0d",5510523.338441004,53627.58,-0.01,-11.7647,2026-11-04T04:59:00+00:00,33.0,1,0.01,-0.92,0.075,0,"[{""name"": ""Top"", ""bestBid"": 0.07, ""bestAsk"": 0.08}]"
559661,0x74dba1ce1ae9dd535414e85f2d9ab5ea32c0fb1acc9b7130b67e6d91217e24e1,will-jon-ossoff-win-the-2028-democratic-presidential-nomination-885,https://polymarket.com/event/will-jon-ossoff-win-the-2028-democratic-presidential-nomination-885,https://embed.polymarket.com/market.html?market=will-jon-ossoff-win-the-2028-democratic-presidential-nomination-885&features=volume&theme=light,Will Jon Ossoff win the 2028 Democratic presidential nomination?,united-states,,"24h $67,937 • spread 0.001 • TTR 768.0d",13226022.959277004,67937.7,0.0,0.0,2028-11-08T04:59:00+00:00,768.0,1,0.001,-0.85,0.1495,0,"[{""name"": ""Top"", ""bestBid"": 0.149, ""bestAsk"": 0.15}]"
561241,0xefe6300fd8a053cca53df8f1bd536c5f571a136392c0516e7b16e39f1addecb0,will-jb-pritzker-win-the-2028-us-presidential-election,https://polymarket.com/event/will-jb-pritzker-win-the-2028-us-presidential-election,https://embed.polymarket.com/market.html?market=will-jb-pritzker-win-the-2028-us-presidential-election&features=volume&theme=light,Will JB Pritzker win the 2028 US Presidential Election?,president,,24h $12 • spread 0.001 • TTR 768.0d,13091522.342844006,12.14,0.0,0.0,2028-11-08T04:59:00+00:00,768.0,1,0.001,-0.994,0.0055,0,"[{""name"": ""Top"", ""bestBid"": 0.005, ""bestAsk"": 0.006}]"
561235,0xe29b33ef5bf351c8a22bfd79f8b58e62649d54ceee6f9735387cef79f52fecae,will-wes-moore-win-the-2028-us-presidential-election,https://polymarket.com/event/will-wes-moore-win-the-2028-us-presidential-election,https://embed.polymarket.com/market.html?market=will-wes-moore-win-the-2028-us-presidential-election&features=volume&theme=light,Will Wes Moore win the 2028 US Presidential Election?,president,,24h $176 • spread 0.001 • TTR 768.0d,12694925.324628005,176.98,0.0,0.0,2028-11-08T04:59:00+00:00,768.0,1,0.001,-0.991,0.0085,0,"[{""name"": ""Top"", ""bestBid"": 0.008, ""bestAsk"": 0.009}]"
561246,0x3367d22cd2a673014f1960742afdf8601040a8ad856dc0a98bd1a44ee99504e2,will-ron-desantis-win-the-2028-us-presidential-election,https://polymarket.com/event/will-ron-desantis-win-the-2028-us-presidential-election,https://embed.polymarket.com/market.html?market=will-ron-desantis-win-the-2028-us-presidential-election&features=volume&theme=light,Will Ron DeSantis win the 2028 US Presidential Election?,president,,"24h $1,223 • spread 0.002 • TTR 768.0d",12631759.360621002,1223.64,0.0005,3.0303,2028-11-08T04:59:00+00:00,768.0,1,0.002,-0.982,0.017,0,"[{""name"": ""Top"", ""bestBid"": 0.016, ""bestAsk"": 0.018}]"
561234,0x2053d8515f1b8cbeea4ccdb56e60e89c2617e43a8660d95166b8e71d27865277,will-marco-rubio-win-the-2028-us-presidential-election,https://polymarket.com/event/will-marco-rubio-win-the-2028-us-presidential-election,https://embed.polymarket.com/market.html?market=will-marco-rubio-win-the-2028-us-presidential-election&features=volume&theme=light,Will Marco Rubio win the 2028 US Presidential Election?,president,,"24h $7,346 • spread 0.001 • TTR 768.0d",12616946.668338997,7346.23,0.0,0.0,2028-11-08T04:59:00+00:00,768.0,1,0.001,-0.91,0.0895,0,"[{""name"": ""Top"", ""bestBid"": 0.089, ""bestAsk"": 0.09}]"
559686,0x8dbf6b51f302fd401065706245c144e93fe209abce183199433d4484b3ed8aff,will-dwayne-the-rock-johnson-win-the-2028-democratic-presidential-nomination,https://polymarket.com/event/will-dwayne-the-rock-johnson-win-the-2028-democratic-presidential-nomination,https://embed.polymarket.com/market.html?market=will-dwayne-the-rock-johnson-win-the-2028-democratic-presidential-nomination&features=volume&theme=light,Will Dwayne 'The Rock' Johnson win the 2028 Democratic presidential nomination?,united-states,,24h $31 • spread 0.002 • TTR 768.0d,12517735.092215996,31.32,-0.0005,-4.3478,2028-11-08T04:59:00+00:00,768.0,1,0.002,-0.988,0.011,0,"[{""name"": ""Top"", ""bestBid"": 0.01, ""bestAsk"": 0.012}]"
701502,0x024b68f77bfc019341ee3db8f57c103334e4b9430bba4746d8c94aafd8b36fee,will-bitcoin-dip-to-45000-by-december-31-2026-674-923-755-971-998-525-926-245-316-517-544-589-965-923-986-841-815-224-586-231-289-533-573,https://polymarket.com/event/will-bitcoin-dip-to-45000-by-december-31-2026-674-923-755-971-998-525-926-245-316-517-544-589-965-923-986-841-815-224-586-231-289-533-573,https://embed.polymarket.com/market.html?market=will-bitcoin-dip-to-45000-by-december-31-2026-674-923-755-971-998-525-926-245-316-517-544-589-965-923-986-841-815-224-586-231-289-533-573&features=volume&theme=light,"Will Bitcoin dip to $45,000 by December 31, 2026?",bitcoin,,"24h $11,553 • spread 0.001 • TTR 91.0d",8099320.578465002,11553.32,-0.001,-2.1505,2027-01-01T05:00:00+00:00,91.001,1,0.001,-0.954,0.0455,0,"[{""name"": ""Top"", ""bestBid"": 0.045, ""bestAsk"": 0.046}]"
559654,0x4c325469d9b516ef4e6b8f73a81a12607dec075e3c2fd454f91765aaeafc4760,will-pete-buttigieg-win-the-2028-democratic-presidential-nomination-687,https://polymarket.com/event/will-pete-buttigieg-win-the-2028-democratic-presidential-nomination-687,https://embed.polymarket.com/market.html?market=will-pete-buttigieg-win-the-2028-democratic-presidential-nomination-687&features=volume&theme=light,Will Pete Buttigieg win the 2028 Democratic presidential nomination?,united-states,,"24h $1,308 • spread 0.001 • TTR 768.0d",12159602.908483014,1308.8,0.0,0.0,2028-11-08T04:59:00+00:00,768.0,1,0.001,-0.949,0.0505,0,"[{""name"": ""Top"", ""bestBid"": 0.05, ""bestAsk"": 0.051}]"
694936,0x733a3bb1f78a42bdf60092866ceb931664fb1dae1d66d3a6d2cf7b72cec96400,will-nebius-group-be-acquired-before-2027-514-765,https://polymarket.com/event/will-nebius-group-be-acquired-before-2027-514-765,https://embed.polymarket.com/market.html?market=will-nebius-group-be-acquired-before-2027-514-765&features=volume&theme=light,Will Nebius Group be acquired before 2027?,business,,24h $72 • spread 0.003 • TTR 91.0d,7960714.8085800065,72.71,0.0015,6.5217,2027-01-01T04:59:00+00:00,91.0,1,0.003,-0.974,0.0245,0,"[{""name"": ""Top"", ""bestBid"": 0.023, ""bestAsk"": 0.026}]"
559659,0xe39adea057926dc197fe30a441f57a340b2a232d5a687010f78bba9b6e02620f,will-gretchen-whitmer-win-the-2028-democratic-presidential-nomination-676,https://polymarket.com/event/will-gretchen-whitmer-win-the-2028-democratic-presidential-nomination-676,https://embed.polymarket.com/market.html?market=will-gretchen-whitmer-win-the-2028-democratic-presidential-nomination-676&features=volume&theme=light,Will Gretchen Whitmer win the 2028 Democratic presidential nomination?,united-states,,24h $11 • spread 0.001 • TTR 768.0d,12123339.110024998,11.92,0.0,0.0,2028-11-08T04:59:00+00:00,768.0,1,0.001,-0.991,0.0085,0,"[{""name"": ""Top"", ""bestBid"": 0.008, ""bestAsk"": 0.009}]"
898409,0x6eec2b6b1c8d62aaacda46471e8caf7320f4ea9235f5ee87cba970a32a4e6985,will-lando-norris-be-the-2026-f1-drivers-champion,https://polymarket.com/event/will-lando-norris-be-the-2026-f1-drivers-champion,https://embed.polymarket.com/market.html?market=will-lando-norris-be-the-2026-f1-drivers-champion&features=volume&theme=light,Will Lando Norris be the 2026 F1 Drivers' Champion?,sports,,24h $3 • spread 0.002 • TTR 64.8d,6889585.123979997,3.19,0.0,0.0,2026-12-06T00:00:00+00:00,64.792,1,0.002,-0.992,0.007,0,"[{""name"": ""Top"", ""bestBid"": 0.006, ""bestAsk"": 0.008}]"
628955,0x8d62f20324e9e7f1a3c663ab6aac9a2f6e7adb96c6a69ac2cea7e08a71a7f2ef,will-tom-steyer-win-the-california-governor-election-in-2026,https://polymarket.com/event/will-tom-steyer-win-the-california-governor-election-in-2026,https://embed.polymarket.com/market.html?market=will-tom-steyer-win-the-california-governor-election-in-2026&features=volume&theme=light,Will Tom Steyer win the California Governor Election in 2026?,california-midterm,,24h $960 • TTR 33.0d,4806426.812800999,960.8,0.0005,100.0,2026-11-04T04:59:00+00:00,33.0,1,,-0.998,,0,"[{""name"": ""Top"", ""bestBid"": null, ""bestAsk"": 0.002}]"
898410,0x1c373746c204f7437cb212d2bcfbc5fdf0f0263ae9b470dd92c676d4c2c5ba03,will-oscar-piastri-be-the-2026-f1-drivers-champion,https://polymarket.com/event/will-oscar-piastri-be-the-2026-f1-drivers-champion,https://embed.polymarket.com/market.html?market=will-oscar-piastri-be-the-2026-f1-drivers-champion&features=volume&theme=light,Will Oscar Piastri be the 2026 F1 Drivers' Champion?,sports,,TTR 64.8d,6503886.747878998,,0.0,0.0,2026-12-06T00:00:00+00:00,64.792,1,,-0.999,,0,"[{""name"": ""Top"", ""bestBid"": null, ""bestAsk"": 0.001}]"
559694,0x20d0bc282552ac5ec6f61cd7101cb42a5948cae07e7651bdf40ede1a8b2c5eac,will-ro-khanna-win-the-2028-democratic-presidential-nomination,https://polymarket.com/event/will-ro-khanna-win-the-2028-democratic-presidential-nomination,https://embed.polymarket.com/market.html?market=will-ro-khanna-win-the-2028-democratic-presidential-nomination&features=volume&theme=light,Will Ro Khanna win the 2028 Democratic presidential nomination?,united-states,,24h $76 • spread 0.001 • TTR 768.0d,11321304.097762,76.1,0.0,0.0,2028-11-08T04:59:00+00:00,768.0,1,0.001,-0.986,0.0135,0,"[{""name"": ""Top"", ""bestBid"": 0.013, ""bestAsk"": 0.014}]"
562831,0xc5eae79d1ffe716572353962eb926b1e3964c500a4880a7a94f58408218ee76b,2026-balance-of-power-r-senate-r-house-537,https://polymarket.com/event/2026-balance-of-power-r-senate-r-house-537,https://embed.polymarket.com/market.html?market=2026-balance-of-power-r-senate-r-house-537&features=volume&theme=light,"2026 Balance of Power: R Senate, R House",united-states,,"24h $356,191 • spread 0.010 • TTR 33.0d",4667454.246173999,356191.55,0.0,0.0,2026-11-04T04:59:00+00:00,33.0,1,0.01,-0.92,0.075,0,"[{""name"": ""Top"", ""bestBid"": 0.07, ""bestAsk"": 0.08}]"
561258,0xa9549c44687993a9a154347c6907092341459b927efaa3f2b49009ca2c4e40a1,will-jamie-dimon-win-the-2028-us-presidential-election,https://polymarket.com/event/will-jamie-dimon-win-the-2028-us-presidential-election,https://embed.polymarket.com/market.html?market=will-jamie-dimon-win-the-2028-us-presidential-election&features=volume&theme=light,Will Jamie Dimon win the 2028 US Presidential Election?,president,,24h $8 • spread 0.001 • TTR 768.0d,10995459.107152998,8.62,0.0,0.0,2028-11-08T04:59:00+00:00,768.0,1,0.001,-0.995,0.0045,0,"[{""name"": ""Top"", ""bestBid"": 0.004, ""bestAsk"": 0.005}]"
898413,0x696576c9b20d20a71e0acd6f84d215f129fa361ed544b0df14f1ae540d84059f,will-max-verstappen-be-the-2026-f1-drivers-champion,https://polymarket.com/event/will-max-verstappen-be-the-2026-f1-drivers-champion,https://embed.polymarket.com/market.html?market=will-max-verstappen-be-the-2026-f1-drivers-champion&features=volume&theme=light,Will Max Verstappen be the 2026 F1 Drivers' Champion?,sports,,24h $894 • spread 0.001 • TTR 64.8d,6262021.327698001,894.06,0.0,0.0,2026-12-06T00:00:00+00:00,64.792,1,0.001,-0.997,0.0025,0,"[{""name"": ""Top"", ""bestBid"": 0.002, ""bestAsk"": 0.003}]"
561259,0xb314f5dbf75919a34d4997e8b22e6793505e3377a690eaa11a75a2547e926bee,will-ro-khanna-win-the-2028-us-presidential-election,https://polymarket.com/event/will-ro-khanna-win-the-2028-us-presidential-election,https://embed.polymarket.com/market.html?market=will-ro-khanna-win-the-2028-us-presidential-election&features=volume&theme=light,Will Ro Khanna win the 2028 US Presidential Election?,president,,24h $10 • spread 0.001 • TTR 768.0d,10912748.400343,10.28,0.0,0.0,2028-11-08T04:59:00+00:00,768.0,1,0.001,-0.991,0.0085,0,"[{""name"": ""Top"", ""bestBid"": 0.008, ""bestAsk"": 0.009}]"
559695,0xb91be12388b3d4079c3ed9b5783cb42d8c33051d37746a49300227e0f45fc089,will-james-talarico-win-the-2028-democratic-presidential-nomination,https://polymarket.com/event/will-james-talarico-win-the-2028-democratic-presidential-nomination,https://embed.polymarket.com/market.html?market=will-james-talarico-win-the-2028-democratic-presidential-nomination&features=volume&theme=light,Will James Talarico win the 2028 Democratic presidential nomination?,united-states,,"24h $18,949 • spread 0.001 • TTR 768.0d",10747213.431761999,18949.88,0.002,8.5106,2028-11-08T04:59:00+00:00,768.0,1,0.001,-0.974,0.0255,0,"[{""name"": ""Top"", ""bestBid"": 0.025, ""bestAsk"": 0.026}]"
561975,0x21ad31a46bfaa51650766eff6dc69c866959e32d965ffb116020e37694b6317d,will-marco-rubio-win-the-2028-republican-presidential-nomination,https://polymarket.com/event/will-marco-rubio-win-the-2028-republican-presidential-nomination,https://embed.polymarket.com/market.html?market=will-marco-rubio-win-the-2028-republican-presidential-nomination&features=volume&theme=light,Will Marco Rubio win the 2028 Republican presidential nomination?,united-states,,"24h $3,109 • spread 0.001 • TTR 768.0d",10712483.266092006,3109.67,0.0,0.0,2028-11-08T04:59:00+00:00,768.0,1,0.001,-0.845,0.1545,0,"[{""name"": ""Top"", ""bestBid"": 0.154, ""bestAsk"": 0.155}]"
561243,0xce9a5fa30fe74e323b4a8f15afbb0b7a41a537aa880779ddf7dee22223b2f34a,will-donald-trump-win-the-2028-us-presidential-election,https://polymarket.com/event/will-donald-trump-win-the-2028-us-presidential-election,https://embed.polymarket.com/market.html?market=will-donald-trump-win-the-2028-us-presidential-election&features=volume&theme=light,Will Donald Trump win the 2028 US Presidential Election?,president,,24h $40 • spread 0.001 • TTR 768.0d,10670961.107338006,40.42,0.0,0.0,2028-11-08T04:59:00+00:00,768.0,1,0.001,-0.988,0.0115,0,"[{""name"": ""Top"", ""bestBid"": 0.011, ""bestAsk"": 0.012}]"
562006,0xca68152902c3581ab42feb04921b8b1cd3c4e80d06f255ae077259fca0bba15c,will-eric-trump-win-the-2028-republican-presidential-nomination,https://polymarket.com/event/will-eric-trump-win-the-2028-republican-presidential-nomination,https://embed.polymarket.com/market.html?market=will-eric-trump-win-the-2028-republican-presidential-nomination&features=volume&theme=light,Will Eric Trump win the 2028 Republican presidential nomination?,united-states,,24h $16 • spread 0.001 • TTR 768.0d,10578158.406373996,16.31,0.0,0.0,2028-11-08T04:59:00+00:00,768.0,1,0.001,-0.998,0.0015,0,"[{""name"": ""Top"", ""bestBid"": 0.001, ""bestAsk"": 0.002}]"
561980,0xd7a0d72b19ca48b06b0029684677f581e32f133c367d7a19c2f1e4ad07066af7,will-nikki-haley-win-the-2028-republican-presidential-nomination,https://polymarket.com/event/will-nikki-haley-win-the-2028-republican-presidential-nomination,https://embed.polymarket.com/market.html?market=will-nikki-haley-win-the-2028-republican-presidential-nomination&features=volume&theme=light,Will Nikki Haley win the 2028 Republican presidential nomination?,united-states,,"24h $95,679 • spread 0.002 • TTR 768.0d",10490794.836272001,95679.19,0.0005,33.3333,2028-11-08T04:59:00+00:00,768.0,1,0.002,-0.997,0.002,0,"[{""name"": ""Top"", ""bestBid"": 0.001, ""bestAsk"": 0.003}]"
561264,0xea649be6ea3447f3c145a173883c68a89faf4edda1f85109b76baa93b3ee7a87,will-pete-hegseth-win-the-2028-us-presidential-election,https://polymarket.com/event/will-pete-hegseth-win-the-2028-us-presidential-election,https://embed.polymarket.com/market.html?market=will-pete-hegseth-win-the-2028-us-presidential-election&features=volume&theme=light,Will Pete Hegseth win the 2028 US Presidential Election?,president,,"24h $14,067 • TTR 768.0d",10390224.636486001,14067.0,0.0,0.0,2028-11-08T04:59:00+00:00,768.0,1,,-0.999,,0,"[{""name"": ""Top"", ""bestBid"": null, ""bestAsk"": 0.001}]"
1469737,0x25fb28382075f418a944a781a9f8840e2f541152eea0d9798d1cabfa1466adbb,will-mojtaba-khamenei-be-head-of-state-in-iran-end-of-2026,https://polymarket.com/event/will-mojtaba-khamenei-be-head-of-state-in-iran-end-of-2026,https://embed.polymarket.com/market.html?market=will-mojtaba-khamenei-be-head-of-state-in-iran-end-of-2026&features=volume&theme=light,Will Mojtaba Khamenei be head of state in Iran end of 2026?,middle-east,,"24h $4,670 • spread 0.003 • TTR 90.5d",6625452.532142004,4670.8,0.002,0.2287,2026-12-31T17:00:00+00:00,90.501,1,0.003,-0.122,0.8765,0,"[{""name"": ""Top"", ""bestBid"": 0.875, ""bestAsk"": 0.878}]"
559655,0xd65891729ce093cc12236856837eba1a0872fc7998fd4294c21346f7db68079c,will-josh-shapiro-win-the-2028-democratic-presidential-nomination-977,https://polymarket.com/event/will-josh-shapiro-win-the-2028-democratic-presidential-nomination-977,https://embed.polymarket.com/market.html?market=will-josh-shapiro-win-the-2028-democratic-presidential-nomination-977&features=volume&theme=light,Will Josh Shapiro win the 2028 Democratic presidential nomination?,united-states,,24h $208 • spread 0.001 • TTR 768.0d,10058482.204027995,208.11,0.002,3.4188,2028-11-08T04:59:00+00:00,768.0,1,0.001,-0.939,0.0605,0,"[{""name"": ""Top"", ""bestBid"": 0.06, ""bestAsk"": 0.061}]"
716942,0x1d916047bbca1be9808076a0590c17ff113fb92986a4b4bc7f0f962642158827,will-there-be-at-least-10000-measles-cases-in-the-us-in-2026-418-668-617-245-787-217,https://polymarket.com/event/will-there-be-at-least-10000-measles-cases-in-the-us-in-2026-418-668-617-245-787-217,https://embed.polymarket.com/market.html?market=will-there-be-at-least-10000-measles-cases-in-the-us-in-2026-418-668-617-245-787-217&features=volume&theme=light,Will there be at least 10000 measles cases in the U.S. in 2026?,rewards-20-4pt5-50,,spread 0.009 • TTR 91.0d,6527478.274063006,,-0.0005,-0.9091,2027-01-01T04:59:00+00:00,91.0,1,0.009,-0.941,0.0545,0,"[{""name"": ""Top"", ""bestBid"": 0.05, ""bestAsk"": 0.059}]"
2589811,0x9cf563d7b55aa9aa876d5d7e55126347eee473f0ae56d799e325fdef2bf25297,will-the-fed-decrease-interest-rates-by-25-bps-after-the-october-2026-meeting-20260617190324030,https://polymarket.com/event/will-the-fed-decrease-interest-rates-by-25-bps-after-the-october-2026-meeting-20260617190324030,https://embed.polymarket.com/market.html?market=will-the-fed-decrease-interest-rates-by-25-bps-after-the-october-2026-meeting-20260617190324030&features=volume&theme=light,Will the Fed decrease interest rates by 25 bps after the October 2026 meeting?,fed,,"24h $507,931 • spread 0.001 • TTR 27.0d",3736893.9409559993,507931.4,0.0,0.0,2026-10-29T03:59:00+00:00,26.958,1,0.001,-0.995,0.0045,0,"[{""name"": ""Top"", ""bestBid"": 0.004, ""bestAsk"": 0.005}]"
701501,0x752fa61c93f16c4b15e85b0bd438d9c684176b0ea7b319a84c8aca34616e8a8c,will-bitcoin-dip-to-55000-by-december-31-2026-527-627-868-745-188-361-314-673-612-946-821-624-855-557-684-381-884-939-182-939-516,https://polymarket.com/event/will-bitcoin-dip-to-55000-by-december-31-2026-527-627-868-745-188-361-314-673-612-946-821-624-855-557-684-381-884-939-182-939-516,https://embed.polymarket.com/market.html?market=will-bitcoin-dip-to-55000-by-december-31-2026-527-627-868-745-188-361-314-673-612-946-821-624-855-557-684-381-884-939-182-939-516&features=volume&theme=light,"Will Bitcoin dip to $55,000 by December 31, 2026?",bitcoin,,"24h $8,389 • spread 0.020 • TTR 91.0d",6486542.780880999,8389.93,0.0,0.0,2027-01-01T05:00:00+00:00,91.001,1,0.02,-0.9,0.09,0,"[{""name"": ""Top"", ""bestBid"": 0.08, ""bestAsk"": 0.1}]"
561978,0x4a9d58d4da874e26708f5bdb014eb07a06aeebb927068d169d43831595386557,will-donald-trump-jr-win-the-2028-republican-presidential-nomination,https://polymarket.com/event/will-donald-trump-jr-win-the-2028-republican-presidential-nomination,https://embed.polymarket.com/market.html?market=will-donald-trump-jr-win-the-2028-republican-presidential-nomination&features=volume&theme=light,Will Donald Trump Jr. win the 2028 Republican presidential nomination?,united-states,,24h $269 • spread 0.002 • TTR 768.0d,9726716.130364,269.2,0.0,0.0,2028-11-08T04:59:00+00:00,768.0,1,0.002,-0.983,0.016,0,"[{""name"": ""Top"", ""bestBid"": 0.015, ""bestAsk"": 0.017}]"
898416,0x2cefe6009ea518f77b8a82714e54c0af1d0f25e99b37d4861f4a5d3ebbf142d3,will-lewis-hamilton-be-the-2026-f1-drivers-champion,https://polymarket.com/event/will-lewis-hamilton-be-the-2026-f1-drivers-champion,https://embed.polymarket.com/market.html?market=will-lewis-hamilton-be-the-2026-f1-drivers-champion&features=volume&theme=light,Will Lewis Hamilton be the 2026 F1 Drivers' Champion?,sports,,24h $336 • spread 0.002 • TTR 64.8d,5516580.931514999,336.68,0.0005,6.6667,2026-12-06T00:00:00+00:00,64.792,1,0.002,-0.991,0.008,0,"[{""name"": ""Top"", ""bestBid"": 0.007, ""bestAsk"": 0.009}]"
561973,0x895e01dbf3e6a33cd9a44ca0f8cdb5df1bd2b0b6ebed5300d28f8da7145145e4,will-donald-trump-win-the-2028-republican-presidential-nomination,https://polymarket.com/event/will-donald-trump-win-the-2028-republican-presidential-nomination,https://embed.polymarket.com/market.html?market=will-donald-trump-win-the-2028-republican-presidential-nomination&features=volume&theme=light,Will Donald Trump win the 2028 Republican presidential nomination?,united-states,,"24h $13,275 • spread 0.001 • TTR 768.0d",9622217.244039,13275.41,0.001,5.4054,2028-11-08T04:59:00+00:00,768.0,1,0.001,-0.98,0.0195,0,"[{""name"": ""Top"", ""bestBid"": 0.019, ""bestAsk"": 0.02}]"
898415,0xe0711866c51f7d0c43284f43e3ae34125e462e909e16bf685718df7610e6a1e7,will-charles-leclerc-be-the-2026-f1-drivers-champion,https://polymarket.com/event/will-charles-leclerc-be-the-2026-f1-drivers-champion,https://embed.polymarket.com/market.html?market=will-charles-leclerc-be-the-2026-f1-drivers-champion&features=volume&theme=light,Will Charles Leclerc be the 2026 F1 Drivers' Champion?,sports,,"24h $3,423 • spread 0.001 • TTR 64.8d",5419108.584042998,3423.42,0.0,0.0,2026-12-06T00:00:00+00:00,64.792,1,0.001,-0.997,0.0025,0,"[{""name"": ""Top"", ""bestBid"": 0.002, ""bestAsk"": 0.003}]"
2589810,0xa69ef420d8b4075ad8ba8611d02c63cb2ece46f5c8c643af223c272689b0c96f,will-the-fed-decrease-interest-rates-by-50-bps-after-the-october-2026-meeting-20260617190324029,https://polymarket.com/event/will-the-fed-decrease-interest-rates-by-50-bps-after-the-october-2026-meeting-20260617190324029,https://embed.polymarket.com/market.html?market=will-the-fed-decrease-interest-rates-by-50-bps-after-the-october-2026-meeting-20260617190324029&features=volume&theme=light,Will the Fed decrease interest rates by 50+ bps after the October 2026 meeting?,fed,,"24h $375,506 • spread 0.001 • TTR 27.0d",3533162.197201999,375506.04,0.0,0.0,2026-10-29T03:59:00+00:00,26.958,1,0.001,-0.997,0.0025,0,"[{""name"": ""Top"", ""bestBid"": 0.002, ""bestAsk"": 0.003}]"
682706,0x9ed0ecc8b8589e67967d44c4420944a41b6a6806419019a1581d514174eee9b1,will-naftali-bennett-be-the-next-prime-minister-of-israel,https://polymarket.com/event/will-naftali-bennett-be-the-next-prime-minister-of-israel,https://embed.polymarket.com/market.html?market=will-naftali-bennett-be-the-next-prime-minister-of-israel&features=volume&theme=light,Will Naftali Bennett be the next Prime Minister of Israel?,main-election,,"24h $25,561 • spread 0.010 • TTR 26.0d",3456452.1780869993,25561.11,0.02,16.0,2026-10-28T03:59:00+00:00,25.958,1,0.01,-0.85,0.145,0,"[{""name"": ""Top"", ""bestBid"": 0.14, ""bestAsk"": 0.15}]"
562008,0x5f3b3456b2d6ef0d6f15d7492162725057be78d738d2465456e2835f1d89046c,will-pete-hegseth-win-the-2028-republican-presidential-nomination,https://polymarket.com/event/will-pete-hegseth-win-the-2028-republican-presidential-nomination,https://embed.polymarket.com/market.html?market=will-pete-hegseth-win-the-2028-republican-presidential-nomination&features=volume&theme=light,Will Pete Hegseth win the 2028 Republican presidential nomination?,united-states,,24h $180 • spread 0.001 • TTR 768.0d,9363657.238706,180.29,0.0,0.0,2028-11-08T04:59:00+00:00,768.0,1,0.001,-0.996,0.0035,0,"[{""name"": ""Top"", ""bestBid"": 0.003, ""bestAsk"": 0.004}]"
648383,0x9345d5142a67f5541264c96515496affee02580f1c572680759eac9fd2a1588a,billionaire-one-time-wealth-tax-passes-in-california-election-2026,https://polymarket.com/event/billionaire-one-time-wealth-tax-passes-in-california-election-2026,https://embed.polymarket.com/market.html?market=billionaire-one-time-wealth-tax-passes-in-california-election-2026&features=volume&theme=light,Billionaire one-time wealth tax passes in California election 2026?,taxes,,"24h $3,999 • spread 0.010 • TTR 33.0d",3831897.221519001,3999.28,-0.01,-3.1746,2026-11-04T04:59:00+00:00,33.0,1,0.01,-0.69,0.305,0,"[{""name"": ""Top"", ""bestBid"": 0.3, ""bestAsk"": 0.31}]"
562828,0x16c63b7cc37f012b9f59ee164ec03877914c701d06d48291ae8d6fc08a088b0d,2026-balance-of-power-d-senate-d-house-949,https://polymarket.com/event/2026-balance-of-power-d-senate-d-house-949,https://embed.polymarket.com/market.html?market=2026-balance-of-power-d-senate-d-house-949&features=volume&theme=light,"2026 Balance of Power: D Senate, D House",united-states,,"24h $24,943 • spread 0.010 • TTR 33.0d",3828320.079691999,24943.23,0.01,1.6,2026-11-04T04:59:00+00:00,33.0,1,0.01,-0.36,0.635,0,"[{""name"": ""Top"", ""bestBid"": 0.63, ""bestAsk"": 0.64}]"
561239,0xb3298af85e00aafad937c119444a5f2800a55343b7482eb75581f6e454432501,will-kamala-harris-win-the-2028-us-presidential-election,https://polymarket.com/event/will-kamala-harris-win-the-2028-us-presidential-election,https://embed.polymarket.com/market.html?market=will-kamala-harris-win-the-2028-us-presidential-election&features=volume&theme=light,Will Kamala Harris win the 2028 US Presidential Election?,president,,"24h $2,697 • spread 0.001 • TTR 768.0d",9100866.587058997,2697.49,0.0,0.0,2028-11-08T04:59:00+00:00,768.0,1,0.001,-0.96,0.0395,0,"[{""name"": ""Top"", ""bestBid"": 0.039, ""bestAsk"": 0.04}]"
562007,0xf2cb33c6634ee4676b642e728715c68441fb8d8c90f730ba0b5c3cd1f436a4be,will-joe-kent-win-the-2028-republican-presidential-nomination,https://polymarket.com/event/will-joe-kent-win-the-2028-republican-presidential-nomination,https://embed.polymarket.com/market.html?market=will-joe-kent-win-the-2028-republican-presidential-nomination&features=volume&theme=light,Will Joe Kent win the 2028 Republican presidential nomination?,united-states,,24h $828 • spread 0.001 • TTR 768.0d,8936790.642539999,828.75,0.0,0.0,2028-11-08T04:59:00+00:00,768.0,1,0.001,-0.998,0.0015,0,"[{""name"": ""Top"", ""bestBid"": 0.001, ""bestAsk"": 0.002}]"
559693,0x98933c78b5e277b62d91a6c174b412218de000b54c4c67ec8673bf561cec6e81,will-ruben-gallego-win-the-2028-democratic-presidential-nomination,https://polymarket.com/event/will-ruben-gallego-win-the-2028-democratic-presidential-nomination,https://embed.polymarket.com/market.html?market=will-ruben-gallego-win-the-2028-democratic-presidential-nomination&features=volume&theme=light,Will Ruben Gallego win the 2028 Democratic presidential nomination?,united-states,,24h $40 • spread 0.001 • TTR 768.0d,8864748.507880999,40.33,0.0,0.0,2028-11-08T04:59:00+00:00,768.0,1,0.001,-0.998,0.0015,0,"[{""name"": ""Top"", ""bestBid"": 0.001, ""bestAsk"": 0.002}]"
561977,0xd0c4c60c8e68ee15974df3aa7d217225e98020fab9fcdb32d10f8e3d285e1619,will-glenn-youngkin-win-the-2028-republican-presidential-nomination,https://polymarket.com/event/will-glenn-youngkin-win-the-2028-republican-presidential-nomination,https://embed.polymarket.com/market.html?market=will-glenn-youngkin-win-the-2028-republican-presidential-nomination&features=volume&theme=light,Will Glenn Youngkin win the 2028 Republican presidential nomination?,united-states,,24h $580 • spread 0.001 • TTR 768.0d,8722095.495668003,580.03,0.001,28.5714,2028-11-08T04:59:00+00:00,768.0,1,0.001,-0.995,0.0045,0,"[{""name"": ""Top"", ""bestBid"": 0.004, ""bestAsk"": 0.005}]"
1105751,0x1dd7704a6d05cca078564bc0bac541261425bc9252acc5634639f5161daf45f9,will-evan-pettus-be-the-leader-of-venezuela-end-of-2026,https://polymarket.com/event/will-evan-pettus-be-the-leader-of-venezuela-end-of-2026,https://embed.polymarket.com/market.html?market=will-evan-pettus-be-the-leader-of-venezuela-end-of-2026&features=volume&theme=light,Will Evan Pettus be the leader of Venezuela end of 2026?,trump-machado,,TTR 91.0d,5655688.251313999,,0.0,0.0,2027-01-01T04:59:00+00:00,91.0,1,,-0.999,,0,"[{""name"": ""Top"", ""bestBid"": null, ""bestAsk"": 0.001}]"
2589814,0xde5d75ab7702875623ba509bc923241e1211da74a113521b3b70ddac930d7316,will-the-fed-increase-interest-rates-by-50-bps-after-the-october-2026-meeting-20260617190324033,https://polymarket.com/event/will-the-fed-increase-interest-rates-by-50-bps-after-the-october-2026-meeting-20260617190324033,https://embed.polymarket.com/market.html?market=will-the-fed-increase-interest-rates-by-50-bps-after-the-october-2026-meeting-20260617190324033&features=volume&theme=light,Will the Fed increase interest rates by 50+ bps after the October 2026 meeting?,fed,,"24h $344,453 • spread 0.001 • TTR 27.0d",3237988.470609999,344453.42,-0.001,-18.1818,2026-10-29T03:59:00+00:00,26.958,1,0.001,-0.995,0.0045,0,"[{""name"": ""Top"", ""bestBid"": 0.004, ""bestAsk"": 0.005}]"
561998,0x4f02b9cf70e514964fcb9aa2f7873d2b0d1aa0986da096cce7e6687e78da00f3,will-ivanka-trump-win-the-2028-republican-presidential-nomination,https://polymarket.com/event/will-ivanka-trump-win-the-2028-republican-presidential-nomination,https://embed.polymarket.com/market.html?market=will-ivanka-trump-win-the-2028-republican-presidential-nomination&features=volume&theme=light,Will Ivanka Trump win the 2028 Republican presidential nomination?,united-states,,"24h $1,479 • spread 0.001 • TTR 768.0d",8605290.324772,1479.76,0.0,0.0,2028-11-08T04:59:00+00:00,768.0,1,0.001,-0.991,0.0085,0,"[{""name"": ""Top"", ""bestBid"": 0.008, ""bestAsk"": 0.009}]"
559696,0x6685b25cc7c89032efcdf81eb27fdc6bbf04a3e4299bcd99c9f3d62c8471001e,will-graham-platner-win-the-2028-democratic-presidential-nomination,https://polymarket.com/event/will-graham-platner-win-the-2028-democratic-presidential-nomination,https://embed.polymarket.com/market.html?market=will-graham-platner-win-the-2028-democratic-presidential-nomination&features=volume&theme=light,Will Graham Platner win the 2028 Democratic presidential nomination?,united-states,,"24h $1,000 • TTR 768.0d",8532695.289157998,1000.0,0.0,0.0,2028-11-08T04:59:00+00:00,768.0,1,,-0.999,,0,"[{""name"": ""Top"", ""bestBid"": null, ""bestAsk"": 0.001}]"
561260,0x32903694997a5c09afee30904970f9fab2a5fb4ec45f572f194341185574f1a4,will-thomas-massie-win-the-2028-us-presidential-election,https://polymarket.com/event/will-thomas-massie-win-the-2028-us-presidential-election,https://embed.polymarket.com/market.html?market=will-thomas-massie-win-the-2028-us-presidential-election&features=volume&theme=light,Will Thomas Massie win the 2028 US Presidential Election?,president,,"24h $23,866 • spread 0.003 • TTR 768.0d",8449931.439222,23866.35,-0.002,-19.0476,2028-11-08T04:59:00+00:00,768.0,1,0.003,-0.99,0.0085,0,"[{""name"": ""Top"", ""bestBid"": 0.007, ""bestAsk"": 0.01}]"
561252,0xe2bdf6c18c8ab5ad5d3be5f95dd749e88d1dee7ac7c4dbf5101013a5c055e3df,will-dwayne-the-rock-johnson-win-the-2028-us-presidential-election,https://polymarket.com/event/will-dwayne-the-rock-johnson-win-the-2028-us-presidential-election,https://embed.polymarket.com/market.html?market=will-dwayne-the-rock-johnson-win-the-2028-us-presidential-election&features=volume&theme=light,Will Dwayne 'The Rock' Johnson win the 2028 US Presidential Election?,president,,"24h $4,576 • spread 0.001 • TTR 768.0d",8427892.112618003,4576.65,0.002,12.9032,2028-11-08T04:59:00+00:00,768.0,1,0.001,-0.982,0.0175,0,"[{""name"": ""Top"", ""bestBid"": 0.017, ""bestAsk"": 0.018}]"
561232,0x2c03c41e5032364cb7166e842bdd22913f28aa2c837d8432704aa89c338875c8,will-pete-buttigieg-win-the-2028-us-presidential-election,https://polymarket.com/event/will-pete-buttigieg-win-the-2028-us-presidential-election,https://embed.polymarket.com/market.html?market=will-pete-buttigieg-win-the-2028-us-presidential-election&features=volume&theme=light,Will Pete Buttigieg win the 2028 US Presidential Election?,president,,"24h $4,421 • spread 0.001 • TTR 768.0d",8372600.706058,4421.63,0.0,0.0,2028-11-08T04:59:00+00:00,768.0,1,0.001,-0.972,0.0275,0,"[{""name"": ""Top"", ""bestBid"": 0.027, ""bestAsk"": 0.028}]"
1057883,0x6fefc0438c7598b23531457c8c60541990d0786bd4bd9dfc3eabc8d95c291092,will-bitcoin-reach-250000-by-december-31-2026-579-442,https://polymarket.com/event/will-bitcoin-reach-250000-by-december-31-2026-579-442,https://embed.polymarket.com/market.html?market=will-bitcoin-reach-250000-by-december-31-2026-579-442&features=volume&theme=light,"Will Bitcoin reach $250,000 by December 31, 2026?",bitcoin,,24h $510 • spread 0.001 • TTR 91.0d,5492715.505680006,510.41,0.001,15.3846,2027-01-01T05:00:00+00:00,91.001,1,0.001,-0.992,0.0075,0,"[{""name"": ""Top"", ""bestBid"": 0.007, ""bestAsk"": 0.008}]"
682711,0xa653be0f150dbe055a532ea02977338bb31f49d1f723b2a48c1f67847a73cb7d,will-yossi-cohen-be-the-next-prime-minister-of-israel,https://polymarket.com/event/will-yossi-cohen-be-the-next-prime-minister-of-israel,https://embed.polymarket.com/market.html?market=will-yossi-cohen-be-the-next-prime-minister-of-israel&features=volume&theme=light,Will Yossi Cohen be the next Prime Minister of Israel?,main-election,,"24h $10,549 • spread 0.001 • TTR 26.0d",3055054.6463730005,10549.99,0.0,0.0,2026-10-28T03:59:00+00:00,25.958,1,0.001,-0.998,0.0015,0,"[{""name"": ""Top"", ""bestBid"": 0.001, ""bestAsk"": 0.002}]"
561255,0xc586d15be76278848a26c761c2fcf70f8cebca71815cfab83e656ff5c6ec13a9,will-ivanka-trump-win-the-2028-us-presidential-election,https://polymarket.com/event/will-ivanka-trump-win-the-2028-us-presidential-election,https://embed.polymarket.com/market.html?market=will-ivanka-trump-win-the-2028-us-presidential-election&features=volume&theme=light,Will Ivanka Trump win the 2028 US Presidential Election?,president,,"24h $4,102 • spread 0.001 • TTR 768.0d",8251575.260936998,4102.54,0.0,0.0,2028-11-08T04:59:00+00:00,768.0,1,0.001,-0.994,0.0055,0,"[{""name"": ""Top"", ""bestBid"": 0.005, ""bestAsk"": 0.006}]"
1365861,0x6114306f724135bd1db2f5f3169386decf18f618653c196ef0a6c1afd27f4c73,will-flvio-bolsonaro-finish-in-second-place-in-the-first-round-of-the-2026-brazilian-presidential-election,https://polymarket.com/event/will-flvio-bolsonaro-finish-in-second-place-in-the-first-round-of-the-2026-brazilian-presidential-election,https://embed.polymarket.com/market.html?market=will-flvio-bolsonaro-finish-in-second-place-in-the-first-round-of-the-2026-brazilian-presidential-election&features=volume&theme=light,Will Flávio Bolsonaro finish in second place in the first round of the 2026 Brazilian presidential election?,brazil,,"24h $44,107 • spread 0.010 • TTR 3.0d",1425218.20292,44107.79,0.05,7.1942,2026-10-05T03:59:00+00:00,2.958,1,0.01,-0.25,0.745,0,"[{""name"": ""Top"", ""bestBid"": 0.74, ""bestAsk"": 0.75}]"
682710,0xadffc96f54f350b3655f72fe2853c81bfd705e9703f62469e6a14782ad5d4ec0,will-avigdor-lieberman-be-the-next-prime-minister-of-israel,https://polymarket.com/event/will-avigdor-lieberman-be-the-next-prime-minister-of-israel,https://embed.polymarket.com/market.html?market=will-avigdor-lieberman-be-the-next-prime-minister-of-israel&features=volume&theme=light,Will Avigdor Lieberman be the next Prime Minister of Israel?,main-election,,"24h $28,183 • spread 0.001 • TTR 26.0d",2992176.3240610003,28183.17,-0.008,-23.8806,2026-10-28T03:59:00+00:00,25.958,1,0.001,-0.974,0.0255,0,"[{""name"": ""Top"", ""bestBid"": 0.025, ""bestAsk"": 0.026}]"
679035,0x34ed4ad7a7825f168e1084f53e8f60a161579d783b2740e50aa52f710925a136,will-sgolne-royal-win-the-2027-french-presidential-election,https://polymarket.com/event/will-sgolne-royal-win-the-2027-french-presidential-election,https://embed.polymarket.com/market.html?market=will-sgolne-royal-win-the-2027-french-presidential-election&features=volume&theme=light,Will Ségolène Royal win the 2027 French presidential election?,french-election,,"24h $25,700 • spread 0.001 • TTR 199.0d",6721900.972703003,25700.73,0.0,0.0,2027-04-19T03:59:00+00:00,198.958,1,0.001,-0.997,0.0025,0,"[{""name"": ""Top"", ""bestBid"": 0.002, ""bestAsk"": 0.003}]"
1107582,0x3de0f3d7d7efb40cde68e814d40a0b232832083653c8e78260eb999baa967de0,us-strike-on-cuba-by-december-31,https://polymarket.com/event/us-strike-on-cuba-by-december-31,https://embed.polymarket.com/market.html?market=us-strike-on-cuba-by-december-31&features=volume&theme=light,US strike on Cuba by December 31?,cuba,,"24h $15,626 • spread 0.010 • TTR 91.0d",5290739.758144,15626.41,0.01,6.8966,2027-01-01T04:59:00+00:00,91.0,1,0.01,-0.84,0.155,0,"[{""name"": ""Top"", ""bestBid"": 0.15, ""bestAsk"": 0.16}]"
1365860,0x83030b249525db4c0bcd83a915776442f4ea32d2fba10825fca4abeb51512d8f,will-renan-santos-finish-in-second-place-in-the-first-round-of-the-2026-brazilian-presidential-election,https://polymarket.com/event/will-renan-santos-finish-in-second-place-in-the-first-round-of-the-2026-brazilian-presidential-election,https://embed.polymarket.com/market.html?market=will-renan-santos-finish-in-second-place-in-the-first-round-of-the-2026-brazilian-presidential-election&features=volume&theme=light,Will Renan Santos finish in second place in the first round of the 2026 Brazilian presidential election?,brazil,,"24h $13,607 • spread 0.002 • TTR 3.0d",1406294.5970110002,13607.67,0.001,66.6667,2026-10-05T03:59:00+00:00,2.958,1,0.002,-0.996,0.003,0,"[{""name"": ""Top"", ""bestBid"": 0.002, ""bestAsk"": 0.004}]"
616913,0x1adf074e048fa613f4ddbc0766088748a48d120a3a713b0183e219032a411ae3,will-11-fed-rate-cuts-happen-in-2026,https://polymarket.com/event/will-11-fed-rate-cuts-happen-in-2026,https://embed.polymarket.com/market.html?market=will-11-fed-rate-cuts-happen-in-2026&features=volume&theme=light,Will 11 Fed rate cuts happen in 2026?,rewards-200-4pt5-50,,24h $20 • TTR 91.0d,5272153.838101001,20.0,0.0,0.0,2027-01-01T04:59:00+00:00,91.0,1,,-0.999,,0,"[{""name"": ""Top"", ""bestBid"": null, ""bestAsk"": 0.001}]"
1469755,0x4266ab921148974f104cbadd099e13bca989441bf58acfd2a08fc6cc7440e1a1,will-mohammad-khatami-be-head-of-state-in-iran-end-of-2026,https://polymarket.com/event/will-mohammad-khatami-be-head-of-state-in-iran-end-of-2026,https://embed.polymarket.com/market.html?market=will-mohammad-khatami-be-head-of-state-in-iran-end-of-2026&features=volume&theme=light,Will Mohammad Khatami be head of state in Iran end of 2026?,middle-east,,"24h $2,000 • TTR 90.5d",5219127.808480999,2000.0,0.0,0.0,2026-12-31T17:00:00+00:00,90.501,1,,-0.999,,0,"[{""name"": ""Top"", ""bestBid"": null, ""bestAsk"": 0.001}]"
898412,0xcd2640464754b9a894ffec98ac11554fdd507ea89ca01237eabb3a6de4a606e6,will-kimi-antonelli-be-the-2026-f1-drivers-champion,https://polymarket.com/event/will-kimi-antonelli-be-the-2026-f1-drivers-champion,https://embed.polymarket.com/market.html?market=will-kimi-antonelli-be-the-2026-f1-drivers-champion&features=volume&theme=light,Will Kimi Antonelli be the 2026 F1 Drivers' Champion?,sports,,"24h $5,772 • spread 0.001 • TTR 64.8d",4504153.6699789995,5772.04,0.004,0.4388,2026-12-06T00:00:00+00:00,64.792,1,0.001,-0.084,0.9155,0,"[{""name"": ""Top"", ""bestBid"": 0.915, ""bestAsk"": 0.916}]"
1144471,0x3b0107a80edd066fe987784d7ab5963c177888433efbec10689951c17320606c,will-satoshi-move-any-bitcoin-in-2026,https://polymarket.com/event/will-satoshi-move-any-bitcoin-in-2026,https://embed.polymarket.com/market.html?market=will-satoshi-move-any-bitcoin-in-2026&features=volume&theme=light,Will Satoshi move any Bitcoin in 2026?,crypto-culture,,"24h $1,444 • spread 0.001 • TTR 91.0d",5154526.633269002,1444.44,-0.002,-6.5574,2027-01-01T05:00:00+00:00,91.001,1,0.001,-0.971,0.0285,0,"[{""name"": ""Top"", ""bestBid"": 0.028, ""bestAsk"": 0.029}]"
679049,0x06ea9c02b4c6a2f7f07f78e21411bd367636564edb27c72cd038b556aada1a64,will-mathilde-panot-win-the-2027-french-presidential-election,https://polymarket.com/event/will-mathilde-panot-win-the-2027-french-presidential-election,https://embed.polymarket.com/market.html?market=will-mathilde-panot-win-the-2027-french-presidential-election&features=volume&theme=light,Will Mathilde Panot win the 2027 French presidential election?,french-election,,TTR 199.0d,6426153.915721998,,0.0,0.0,2027-04-19T03:59:00+00:00,198.958,1,,-0.999,,0,"[{""name"": ""Top"", ""bestBid"": null, ""bestAsk"": 0.001}]"
3128888,0xcee04ba47d02f6c64642369b34193c355f64de1b9ae425c71ea4efef1989d271,us-announces-end-of-iranian-blockade-by-october-31-2026-20260727171711632-895-372-622-413-171-454-592-696,https://polymarket.com/event/us-announces-end-of-iranian-blockade-by-october-31-2026-20260727171711632-895-372-622-413-171-454-592-696,https://embed.polymarket.com/market.html?market=us-announces-end-of-iranian-blockade-by-october-31-2026-20260727171711632-895-372-622-413-171-454-592-696&features=volume&theme=light,"US announces end of Iranian blockade by October 31, 2026?",iran,,"24h $216,087 • spread 0.010 • TTR 30.0d",3054356.0848700004,216087.27,-0.04,-14.0351,2026-11-01T03:59:00+00:00,29.958,1,0.01,-0.75,0.245,0,"[{""name"": ""Top"", ""bestBid"": 0.24, ""bestAsk"": 0.25}]"
562793,0x307a1ed89d60b61002dd5bbf00e1408c5ed2ab3fcdb056191ca7ef9bc34d38f3,will-the-democratic-party-control-the-senate-after-the-2026-midterm-elections,https://polymarket.com/event/will-the-democratic-party-control-the-senate-after-the-2026-midterm-elections,https://embed.polymarket.com/market.html?market=will-the-democratic-party-control-the-senate-after-the-2026-midterm-elections&features=volume&theme=light,Will the Democratic Party control the Senate after the 2026 Midterm elections?,senate-elections,,"24h $8,544 • spread 0.010 • TTR 33.0d",3202325.2590589994,8544.82,0.0,0.0,2026-11-04T04:59:00+00:00,33.0,1,0.01,-0.37,0.625,0,"[{""name"": ""Top"", ""bestBid"": 0.62, ""bestAsk"": 0.63}]"
1057916,0xa885bfe10688056a9d0f4e9a1523bfa18f66fda065f0400d714ba54776083713,will-bitcoin-dip-to-15000-by-december-31-2026-416-954-417-853-885-363-335-458-585-275-615-269-479-379-516-218-918-374-598-429-212,https://polymarket.com/event/will-bitcoin-dip-to-15000-by-december-31-2026-416-954-417-853-885-363-335-458-585-275-615-269-479-379-516-218-918-374-598-429-212,https://embed.polymarket.com/market.html?market=will-bitcoin-dip-to-15000-by-december-31-2026-416-954-417-853-885-363-335-458-585-275-615-269-479-379-516-218-918-374-598-429-212&features=volume&theme=light,"Will Bitcoin dip to $15,000 by December 31, 2026?",bitcoin,,24h $0 • spread 0.001 • TTR 91.0d,5046485.488718004,0.02,0.0005,7.1429,2027-01-01T05:00:00+00:00,91.001,1,0.001,-0.992,0.0075,0,"[{""name"": ""Top"", ""bestBid"": 0.007, ""bestAsk"": 0.008}]"
628940,0x119b6b3b744ac3239c7a71100165d254234eaecea401abde5a3d303bef21d19e,will-steve-hilton-win-the-california-governor-election-in-2026,https://polymarket.com/event/will-steve-hilton-win-the-california-governor-election-in-2026,https://embed.polymarket.com/market.html?market=will-steve-hilton-win-the-california-governor-election-in-2026&features=volume&theme=light,Will Steve Hilton win the California Governor Election in 2026?,california-midterm,,"24h $41,891 • spread 0.003 • TTR 33.0d",3183796.431746999,41891.5,0.0,0.0,2026-11-04T04:59:00+00:00,33.0,1,0.003,-0.954,0.0445,0,"[{""name"": ""Top"", ""bestBid"": 0.043, ""bestAsk"": 0.046}]"
561233,0x5969cbb46aca5319b19e19a3c6f63de098950b675bf268f30f4d035508da1957,will-josh-shapiro-win-the-2028-us-presidential-election,https://polymarket.com/event/will-josh-shapiro-win-the-2028-us-presidential-election,https://embed.polymarket.com/market.html?market=will-josh-shapiro-win-the-2028-us-presidential-election&features=volume&theme=light,Will Josh Shapiro win the 2028 US Presidential Election?,president,,24h $139 • spread 0.001 • TTR 768.0d,7577716.457575999,139.8,0.0,0.0,2028-11-08T04:59:00+00:00,768.0,1,0.001,-0.97,0.0295,0,"[{""name"": ""Top"", ""bestBid"": 0.029, ""bestAsk"": 0.03}]"
616912,0x757c144993b3cb831e04c42bfcff8c18864c7da4f4688a5939d2f62e031cbc87,will-10-fed-rate-cuts-happen-in-2026,https://polymarket.com/event/will-10-fed-rate-cuts-happen-in-2026,https://embed.polymarket.com/market.html?market=will-10-fed-rate-cuts-happen-in-2026&features=volume&theme=light,Will 10 Fed rate cuts happen in 2026?,rewards-200-4pt5-50,,TTR 91.0d,4957183.8495160015,,0.0,0.0,2027-01-01T04:59:00+00:00,91.0,1,,-0.999,,0,"[{""name"": ""Top"", ""bestBid"": null, ""bestAsk"": 0.001}]"
561262,0x9eb7ac1524fdacb46ceb8758454f0004c7b117eae76e6295852643644bb862c1,will-james-talarico-win-the-2028-us-presidential-election,https://polymarket.com/event/will-james-talarico-win-the-2028-us-presidential-election,https://embed.polymarket.com/market.html?market=will-james-talarico-win-the-2028-us-presidential-election&features=volume&theme=light,Will James Talarico win the 2028 US Presidential Election?,president,,"24h $7,061 • spread 0.002 • TTR 768.0d",7488382.405617997,7061.2,0.0015,17.6471,2028-11-08T04:59:00+00:00,768.0,1,0.002,-0.989,0.01,0,"[{""name"": ""Top"", ""bestBid"": 0.009, ""bestAsk"": 0.011}]"
1535973,0x377e7fe65cf198a7fc4fdae3f2136b74729279267858daaf96718b23bc2a5607,iran-leadership-change-by-december-31-974-976-658-482-568-685-996-469-827,https://polymarket.com/event/iran-leadership-change-by-december-31-974-976-658-482-568-685-996-469-827,https://embed.polymarket.com/market.html?market=iran-leadership-change-by-december-31-974-976-658-482-568-685-996-469-827&features=volume&theme=light,Iran leadership change by December 31?,politics,,"24h $29,975 • spread 0.010 • TTR 91.0d",4914872.6477080025,29975.33,-0.01,-8.0,2027-01-01T04:59:00+00:00,91.0,1,0.01,-0.88,0.115,0,"[{""name"": ""Top"", ""bestBid"": 0.11, ""bestAsk"": 0.12}]"
679033,0xbac8d3ca6cc7297022850562d9d66669d5e0a112767337f8a5955417f1984b54,will-olivier-faure-win-the-2027-french-presidential-election,https://polymarket.com/event/will-olivier-faure-win-the-2027-french-presidential-election,https://embed.polymarket.com/market.html?market=will-olivier-faure-win-the-2027-french-presidential-election&features=volume&theme=light,Will Olivier Faure win the 2027 French presidential election?,french-election,,"24h $50,337 • spread 0.001 • TTR 199.0d",6177928.734355003,50337.37,0.0,0.0,2027-04-19T03:59:00+00:00,198.958,1,0.001,-0.998,0.0015,0,"[{""name"": ""Top"", ""bestBid"": 0.001, ""bestAsk"": 0.002}]"
679023,0x06a27c2810eaca94b53e7a17f15ad47761399ba445a6b02039b2679da203262d,will-xavier-bertrand-win-the-2027-french-presidential-election,https://polymarket.com/event/will-xavier-bertrand-win-the-2027-french-presidential-election,https://embed.polymarket.com/market.html?market=will-xavier-bertrand-win-the-2027-french-presidential-election&features=volume&theme=light,Will Xavier Bertrand win the 2027 French presidential election?,french-election,,24h $31 • TTR 199.0d,6152400.099839001,31.82,0.0,0.0,2027-04-19T03:59:00+00:00,198.958,1,,-0.999,,0,"[{""name"": ""Top"", ""bestBid"": null, ""bestAsk"": 0.001}]"
608547,0x12dc2b61723b2a54fc1947a307389b5f32038e7a29a0e936ad1fe410b969d06a,will-harry-kane-win-the-2026-ballon-dor,https://polymarket.com/event/will-harry-kane-win-the-2026-ballon-dor,https://embed.polymarket.com/market.html?market=will-harry-kane-win-the-2026-ballon-dor&features=volume&theme=light,Will Harry Kane win the 2026 Ballon d'Or?,soccer,,"24h $133,568 • spread 0.015 • TTR 91.0d",4847081.537638995,133568.18,-0.0375,-8.7925,2027-01-01T04:59:00+00:00,91.0,1,0.015,-0.603,0.3895,0,"[{""name"": ""Top"", ""bestBid"": 0.382, ""bestAsk"": 0.397}]"
679041,0x3a8209fbd45fef3be23fb3480eb1c961c85f7bdd07d4a3391f5949252156c594,will-franois-bayrou-win-the-2027-french-presidential-election,https://polymarket.com/event/will-franois-bayrou-win-the-2027-french-presidential-election,https://embed.polymarket.com/market.html?market=will-franois-bayrou-win-the-2027-french-presidential-election&features=volume&theme=light,Will François Bayrou win the 2027 French presidential election?,french-election,,TTR 199.0d,5939558.001652,,0.0,0.0,2027-04-19T03:59:00+00:00,198.958,1,,-0.999,,0,"[{""name"": ""Top"", ""bestBid"": null, ""bestAsk"": 0.001}]"
682708,0xdbe93b5a701f36076a560fa4b9ba59e365a6e8e2ea6a83764640010657277ca4,will-gadi-eizenkot-be-the-next-prime-minister-of-israel,https://polymarket.com/event/will-gadi-eizenkot-be-the-next-prime-minister-of-israel,https://embed.polymarket.com/market.html?market=will-gadi-eizenkot-be-the-next-prime-minister-of-israel&features=volume&theme=light,Will Gadi Eizenkot be the next Prime Minister of Israel?,main-election,,"24h $11,095 • spread 0.001 • TTR 26.0d • ~50% mid",2635759.512288,11095.19,-0.004,-0.8377,2026-10-28T03:59:00+00:00,25.958,1,0.001,-0.526,0.4735,1,"[{""name"": ""Top"", ""bestBid"": 0.473, ""bestAsk"": 0.474}]"
1235553,0x7279005cdc5f4533b0cf53ce94a6c4fd43039c721ba39a3ad02dddacabd47d93,will-the-chicago-white-sox-win-the-2026-world-series,https://polymarket.com/event/will-the-chicago-white-sox-win-the-2026-world-series,https://embed.polymarket.com/market.html?market=will-the-chicago-white-sox-win-the-2026-world-series&features=volume&theme=light,Will the Chicago White Sox win the 2026 World Series?,sports,,"24h $22,422 • spread 0.012 • TTR 29.8d",2816181.4358300003,22422.6,-0.005,-8.9286,2026-10-31T23:55:00+00:00,29.789,1,0.012,-0.943,0.051,0,"[{""name"": ""Top"", ""bestBid"": 0.045, ""bestAsk"": 0.057}]"
1365854,0x8ee27c276a1bee094293751285d8a6697674b023196cb21fdd14bf3ca12f6ec0,will-luiz-incio-lula-da-silva-finish-in-second-place-in-the-first-round-of-the-2026-brazilian-presidential-election,https://polymarket.com/event/will-luiz-incio-lula-da-silva-finish-in-second-place-in-the-first-round-of-the-2026-brazilian-presidential-election,https://embed.polymarket.com/market.html?market=will-luiz-incio-lula-da-silva-finish-in-second-place-in-the-first-round-of-the-2026-brazilian-presidential-election&features=volume&theme=light,Will Luiz Inácio Lula da Silva finish in second place in the first round of the 2026 Brazilian presidential election?,brazil,,"24h $46,580 • spread 0.001 • TTR 3.0d",1225159.838887,46580.01,-0.048,-16.4103,2026-10-05T03:59:00+00:00,2.958,1,0.001,-0.755,0.2445,0,"[{""name"": ""Top"", ""bestBid"": 0.244, ""bestAsk"": 0.245}]"
682721,0x8cbdd0c4c6061c9e5c5a94d4a474c1880d0f2ab5ee4704a64af1e77c6d0e18d0,will-amir-ohana-be-the-next-prime-minister-of-israel,https://polymarket.com/event/will-amir-ohana-be-the-next-prime-minister-of-israel,https://embed.polymarket.com/market.html?market=will-amir-ohana-be-the-next-prime-minister-of-israel&features=volume&theme=light,Will Amir Ohana be the next Prime Minister of Israel?,main-election,,24h $141 • TTR 26.0d,2582030.088175,141.81,0.0005,100.0,2026-10-28T03:59:00+00:00,25.958,1,,-0.998,,0,"[{""name"": ""Top"", ""bestBid"": null, ""bestAsk"": 0.002}]"
679036,0xaba4bb720c6c1b2e48087f5af4a57fd1e9f05814a936e9f6b1c37f10436a34fc,will-franois-asselineau-win-the-2027-french-presidential-election,https://polymarket.com/event/will-franois-asselineau-win-the-2027-french-presidential-election,https://embed.polymarket.com/market.html?market=will-franois-asselineau-win-the-2027-french-presidential-election&features=volume&theme=light,Will François Asselineau win the 2027 French presidential election?,french-election,,TTR 199.0d,5755686.013116999,,0.0,0.0,2027-04-19T03:59:00+00:00,198.958,1,,-0.999,,0,"[{""name"": ""Top"", ""bestBid"": null, ""bestAsk"": 0.001}]"
679043,0xfd431e070263b5f24e43a8fc44532bf41aa008d99cab2330d979913b1c580bd2,will-yal-braun-pivet-win-the-2027-french-presidential-election,https://polymarket.com/event/will-yal-braun-pivet-win-the-2027-french-presidential-election,https://embed.polymarket.com/market.html?market=will-yal-braun-pivet-win-the-2027-french-presidential-election&features=volume&theme=light,Will Yaël Braun-Pivet win the 2027 French presidential election?,french-election,,TTR 199.0d,5701469.5395789975,,0.0,0.0,2027-04-19T03:59:00+00:00,198.958,1,,-0.999,,0,"[{""name"": ""Top"", ""bestBid"": null, ""bestAsk"": 0.001}]"
562004,0x17902b9490c6a73152772316b4705935c5c6801ba269f2afc81686532e34fb9a,will-marjorie-taylor-greene-win-the-2028-republican-presidential-nomination,https://polymarket.com/event/will-marjorie-taylor-greene-win-the-2028-republican-presidential-nomination,https://embed.polymarket.com/market.html?market=will-marjorie-taylor-greene-win-the-2028-republican-presidential-nomination&features=volume&theme=light,Will Marjorie Taylor Greene win the 2028 Republican presidential nomination?,united-states,,24h $117 • spread 0.001 • TTR 768.0d,6770077.495532998,117.34,0.0,0.0,2028-11-08T04:59:00+00:00,768.0,1,0.001,-0.996,0.0035,0,"[{""name"": ""Top"", ""bestBid"": 0.003, ""bestAsk"": 0.004}]"
637002,0x962e5b226a77266ab429029ee04665e8fcfeb10b91af593786ceab871d2e945f,will-donald-trump-win-the-nobel-peace-prize-in-2026-382,https://polymarket.com/event/will-donald-trump-win-the-nobel-peace-prize-in-2026-382,https://embed.polymarket.com/market.html?market=will-donald-trump-win-the-nobel-peace-prize-in-2026-382&features=volume&theme=light,Will Donald Trump win the Nobel Peace Prize in 2026?,awards,,"24h $111,517 • spread 0.001 • TTR 181.0d",5405166.643869999,111517.96,-0.007,-51.8519,2027-04-01T03:59:00+00:00,180.958,1,0.001,-0.993,0.0065,0,"[{""name"": ""Top"", ""bestBid"": 0.006, ""bestAsk"": 0.007}]"
1357388,0x6c9407f7841e7507ba435d540af237d742674ba05bac48998cf94f4b7ef5d909,will-the-los-angeles-chargers-win-the-2027-nfl-league-championship,https://polymarket.com/event/will-the-los-angeles-chargers-win-the-2027-nfl-league-championship,https://embed.polymarket.com/market.html?market=will-the-los-angeles-chargers-win-the-2027-nfl-league-championship&features=volume&theme=light,Will the Los Angeles Chargers win the 2027 NFL league championship?,sports,,"24h $4,411 • spread 0.001 • TTR 181.0d",5402911.188735999,4411.42,0.0,0.0,2027-04-01T03:59:00+00:00,180.958,1,0.001,-0.992,0.0075,0,"[{""name"": ""Top"", ""bestBid"": 0.007, ""bestAsk"": 0.008}]"
682712,0xfcd53c97fef81c4ecad8a97c8c47fdf1ce0a54a0daeff7bae53eaa3a9af343f2,will-yair-golan-be-the-next-prime-minister-of-israel,https://polymarket.com/event/will-yair-golan-be-the-next-prime-minister-of-israel,https://embed.polymarket.com/market.html?market=will-yair-golan-be-the-next-prime-minister-of-israel&features=volume&theme=light,Will Yair Golan be the next Prime Minister of Israel?,main-election,,"24h $4,434 • spread 0.001 • TTR 26.0d",2444201.418784001,4434.69,0.0,0.0,2026-10-28T03:59:00+00:00,25.958,1,0.001,-0.998,0.0015,0,"[{""name"": ""Top"", ""bestBid"": 0.001, ""bestAsk"": 0.002}]"
679042,0x0b298ab2b2cad3308d486c804985c1ede7ea949bde363f44784a3b2a460be788,will-lisabeth-borne-win-the-2027-french-presidential-election,https://polymarket.com/event/will-lisabeth-borne-win-the-2027-french-presidential-election,https://embed.polymarket.com/market.html?market=will-lisabeth-borne-win-the-2027-french-presidential-election&features=volume&theme=light,Will Élisabeth Borne win the 2027 French presidential election?,french-election,,TTR 199.0d,5446143.0615409985,,0.0,0.0,2027-04-19T03:59:00+00:00,198.958,1,,-0.999,,0,"[{""name"": ""Top"", ""bestBid"": null, ""bestAsk"": 0.001}]"
616911,0x4ec6fcb43fe1a32163c7da09d54a99ab9bf6abdc6fd49939d7ad67d696a3248b,will-9-fed-rate-cuts-happen-in-2026,https://polymarket.com/event/will-9-fed-rate-cuts-happen-in-2026,https://embed.polymarket.com/market.html?market=will-9-fed-rate-cuts-happen-in-2026&features=volume&theme=light,Will 9 Fed rate cuts happen in 2026?,rewards-200-4pt5-50,,TTR 91.0d,4296814.267518001,,0.0,0.0,2027-01-01T04:59:00+00:00,91.0,1,,-0.999,,0,"[{""name"": ""Top"", ""bestBid"": null, ""bestAsk"": 0.001}]"
616908,0x4914bfdd892a48c341b5e0f41ec10475a815f2277273110b16f95e21084bfe75,will-6-fed-rate-cuts-happen-in-2026,https://polymarket.com/event/will-6-fed-rate-cuts-happen-in-2026,https://embed.polymarket.com/market.html?market=will-6-fed-rate-cuts-happen-in-2026&features=volume&theme=light,Will 6 Fed rate cuts happen in 2026?,rewards-200-4pt5-50,,TTR 91.0d,4225099.51532,,0.0,0.0,2027-01-01T04:59:00+00:00,91.0,1,,-0.999,,0,"[{""name"": ""Top"", ""bestBid"": null, ""bestAsk"": 0.001}]"
1105753,0x1198bf982483cc6f0a3d3de63d7703117ed19c5b5a9474541a2a3b6b0b5e51f3,will-dan-caine-be-the-leader-of-venezuela-end-of-2026,https://polymarket.com/event/will-dan-caine-be-the-leader-of-venezuela-end-of-2026,https://embed.polymarket.com/market.html?market=will-dan-caine-be-the-leader-of-venezuela-end-of-2026&features=volume&theme=light,Will Dan Caine be the leader of Venezuela end of 2026?,trump-machado,,TTR 89.8d,4154186.2000409993,,0.0,0.0,2026-12-31T00:00:00+00:00,89.792,1,,-0.999,,0,"[{""name"": ""Top"", ""bestBid"": null, ""bestAsk"": 0.001}]"
679039,0x6ccebbc57547f8b777aa4ef70a452bb5034055d183131a9b6db47fd8d0777921,will-michel-barnier-win-the-2027-french-presidential-election,https://polymarket.com/event/will-michel-barnier-win-the-2027-french-presidential-election,https://embed.polymarket.com/market.html?market=will-michel-barnier-win-the-2027-french-presidential-election&features=volume&theme=light,Will Michel Barnier win the 2027 French presidential election?,french-election,,24h $2 • TTR 199.0d,5254337.3176839985,2.01,0.0,0.0,2027-04-19T03:59:00+00:00,198.958,1,,-0.999,,0,"[{""name"": ""Top"", ""bestBid"": null, ""bestAsk"": 0.001}]"
682714,0xfb2cb634e693b1758fc78b38b02754472edd728bd22eb4a7023c6f49419c73d6,will-gideon-saar-be-the-next-prime-minister-of-israel,https://polymarket.com/event/will-gideon-saar-be-the-next-prime-minister-of-israel,https://embed.polymarket.com/market.html?market=will-gideon-saar-be-the-next-prime-minister-of-israel&features=volume&theme=light,Will Gideon Sa’ar be the next Prime Minister of Israel?,main-election,,"24h $10,000 • TTR 26.0d",2320707.7259070002,10000.0,0.0,0.0,2026-10-28T03:59:00+00:00,25.958,1,,-0.999,,0,"[{""name"": ""Top"", ""bestBid"": null, ""bestAsk"": 0.001}]"
679048,0xa6c3848b7861841cc9d93a5c2c1d26b3f44e0298a49889968a627214a2b177ae,will-manuel-bompard-win-the-2027-french-presidential-election,https://polymarket.com/event/will-manuel-bompard-win-the-2027-french-presidential-election,https://embed.polymarket.com/market.html?market=will-manuel-bompard-win-the-2027-french-presidential-election&features=volume&theme=light,Will Manuel Bompard win the 2027 French presidential election?,french-election,,TTR 199.0d,5176251.843263,,0.0,0.0,2027-04-19T03:59:00+00:00,198.958,1,,-0.999,,0,"[{""name"": ""Top"", ""bestBid"": null, ""bestAsk"": 0.001}]"
1339767,0xce3c54c3e773e8b3bf73e4c12af93205b21195d03b9c386e22f274b9acfc2c56,will-bitcoin-dip-to-50000-by-december-31-2026-454-325-222-878-949-487-451-853-523-111,https://polymarket.com/event/will-bitcoin-dip-to-50000-by-december-31-2026-454-325-222-878-949-487-451-853-523-111,https://embed.polymarket.com/market.html?market=will-bitcoin-dip-to-50000-by-december-31-2026-454-325-222-878-949-487-451-853-523-111&features=volume&theme=light,"Will Bitcoin dip to $50,000 by December 31, 2026?",bitcoin,,"24h $7,018 • spread 0.010 • TTR 91.0d",4043838.6835960005,7018.56,-0.01,-13.3333,2027-01-01T05:00:00+00:00,91.001,1,0.01,-0.93,0.065,0,"[{""name"": ""Top"", ""bestBid"": 0.06, ""bestAsk"": 0.07}]"
682709,0xf773a12cc13214fc493ec398f96c4ea5ec87ea4ff3b29795041d5498e314ad1e,will-benny-gantz-be-the-next-prime-minister-of-israel,https://polymarket.com/event/will-benny-gantz-be-the-next-prime-minister-of-israel,https://embed.polymarket.com/market.html?market=will-benny-gantz-be-the-next-prime-minister-of-israel&features=volume&theme=light,Will Benny Gantz be the next Prime Minister of Israel?,main-election,,TTR 26.0d,2268687.1111399983,,0.0,0.0,2026-10-28T03:59:00+00:00,25.958,1,,-0.998,,0,"[{""name"": ""Top"", ""bestBid"": null, ""bestAsk"": 0.002}]"
562005,0x24258776d0a926b4550b0f213267b95ba0a7741fc972d0b3c2b5f6bf8ced2c50,will-thomas-massie-win-the-2028-republican-presidential-nomination,https://polymarket.com/event/will-thomas-massie-win-the-2028-republican-presidential-nomination,https://embed.polymarket.com/market.html?market=will-thomas-massie-win-the-2028-republican-presidential-nomination&features=volume&theme=light,Will Thomas Massie win the 2028 Republican presidential nomination?,united-states,,24h $177 • spread 0.001 • TTR 768.0d,6141456.978634999,177.54,0.001,15.3846,2028-11-08T04:59:00+00:00,768.0,1,0.001,-0.992,0.0075,0,"[{""name"": ""Top"", ""bestBid"": 0.007, ""bestAsk"": 0.008}]"
562830,0x998bc71817b2d76921d1999ce0f3431cfd5945583667a371280ca2b430b0c06e,2026-balance-of-power-r-senate-d-house-444,https://polymarket.com/event/2026-balance-of-power-r-senate-d-house-444,https://embed.polymarket.com/market.html?market=2026-balance-of-power-r-senate-d-house-444&features=volume&theme=light,"2026 Balance of Power: R Senate, D House",united-states,,"24h $32,307 • spread 0.010 • TTR 33.0d",2533622.7844810006,32307.15,0.01,3.5088,2026-11-04T04:59:00+00:00,33.0,1,0.01,-0.7,0.295,0,"[{""name"": ""Top"", ""bestBid"": 0.29, ""bestAsk"": 0.3}]"
616914,0xffa0accb74987c0dc33a70eb3780c1da160206bcfb3ef5d16c1667bc5c459c78,will-12-or-more-fed-rate-cuts-happen-in-2026,https://polymarket.com/event/will-12-or-more-fed-rate-cuts-happen-in-2026,https://embed.polymarket.com/market.html?market=will-12-or-more-fed-rate-cuts-happen-in-2026&features=volume&theme=light,Will 12 or more Fed rate cuts happen in 2026?,rewards-200-4pt5-50,,24h $204 • TTR 91.0d,3981249.0239199987,204.4,0.0,0.0,2027-01-01T04:59:00+00:00,91.0,1,,-0.999,,0,"[{""name"": ""Top"", ""bestBid"": null, ""bestAsk"": 0.001}]"
679037,0x2bf80d93be42dac6c1b03298b5ec329a4b9f87b689c7892d544d1029f3a0caf0,will-clmentine-autain-win-the-2027-french-presidential-election,https://polymarket.com/event/will-clmentine-autain-win-the-2027-french-presidential-election,https://embed.polymarket.com/market.html?market=will-clmentine-autain-win-the-2027-french-presidential-election&features=volume&theme=light,Will Clémentine Autain win the 2027 French presidential election?,french-election,,TTR 199.0d,4990073.781528002,,0.0,0.0,2027-04-19T03:59:00+00:00,198.958,1,,-0.999,,0,"[{""name"": ""Top"", ""bestBid"": null, ""bestAsk"": 0.001}]"
561261,0x61600d487069f99e775307a0655c1a79f26e4fc6d8d1ba66790c64d78d0beba2,will-jon-ossoff-win-the-2028-us-presidential-election,https://polymarket.com/event/will-jon-ossoff-win-the-2028-us-presidential-election,https://embed.polymarket.com/market.html?market=will-jon-ossoff-win-the-2028-us-presidential-election&features=volume&theme=light,Will Jon Ossoff win the 2028 US Presidential Election?,president,,"24h $1,096 • spread 0.001 • TTR 768.0d",5879104.437175,1096.44,-0.002,-1.81,2028-11-08T04:59:00+00:00,768.0,1,0.001,-0.891,0.1085,0,"[{""name"": ""Top"", ""bestBid"": 0.108, ""bestAsk"": 0.109}]"
679038,0x637a2423461f5b531fef314e1e14982b80819de217e32f4f96653caa8af2c47a,will-nicolas-dupont-aignan-win-the-2027-french-presidential-election,https://polymarket.com/event/will-nicolas-dupont-aignan-win-the-2027-french-presidential-election,https://embed.polymarket.com/market.html?market=will-nicolas-dupont-aignan-win-the-2027-french-presidential-election&features=volume&theme=light,Will Nicolas Dupont-Aignan win the 2027 French presidential election?,french-election,,TTR 199.0d,4852076.695842999,,0.0,0.0,2027-04-19T03:59:00+00:00,198.958,1,,-0.999,,0,"[{""name"": ""Top"", ""bestBid"": null, ""bestAsk"": 0.001}]"
679046,0xcd050c1af02067e33e03861ff6f67c1c85def8bf4bd196256e6d2b178509533b,will-carole-delga-win-the-2027-french-presidential-election,https://polymarket.com/event/will-carole-delga-win-the-2027-french-presidential-election,https://embed.polymarket.com/market.html?market=will-carole-delga-win-the-2027-french-presidential-election&features=volume&theme=light,Will Carole Delga win the 2027 French presidential election?,french-election,,TTR 199.0d,4747673.005387001,,0.0,0.0,2027-04-19T03:59:00+00:00,198.958,1,,-0.999,,0,"[{""name"": ""Top"", ""bestBid"": null, ""bestAsk"": 0.001}]"
1469743,0x821f357da390a32347e4df0c3fb0aa4a8eadf4af72730c8dc7a7f1ab58798a02,will-seyed-hossein-mousavian-be-head-of-state-in-iran-end-of-2026,https://polymarket.com/event/will-seyed-hossein-mousavian-be-head-of-state-in-iran-end-of-2026,https://embed.polymarket.com/market.html?market=will-seyed-hossein-mousavian-be-head-of-state-in-iran-end-of-2026&features=volume&theme=light,Will Seyed Hossein Mousavian be head of state in Iran end of 2026?,middle-east,,TTR 90.5d,3694989.266215,,0.0,0.0,2026-12-31T17:00:00+00:00,90.501,1,,-0.999,,0,"[{""name"": ""Top"", ""bestBid"": null, ""bestAsk"": 0.001}]"
562794,0x86bfb53af7250a40928975c551d12c185b762fa4ce0b40c6a64a50c946d72587,will-the-republican-party-control-the-senate-after-the-2026-midterm-elections,https://polymarket.com/event/will-the-republican-party-control-the-senate-after-the-2026-midterm-elections,https://embed.polymarket.com/market.html?market=will-the-republican-party-control-the-senate-after-the-2026-midterm-elections&features=volume&theme=light,Will the Republican Party control the Senate after the 2026 Midterm elections?,senate-elections,,"24h $129,737 • spread 0.010 • TTR 33.0d",2323744.6697070007,129737.37,-0.01,-2.6667,2026-11-04T04:59:00+00:00,33.0,1,0.01,-0.63,0.365,0,"[{""name"": ""Top"", ""bestBid"": 0.36, ""bestAsk"": 0.37}]"
682716,0x673db99d92473e9ee854b8a0ec0cff15d156e5c33a13e1e12db7266d33fde4d3,will-moshe-feiglin-be-the-next-prime-minister-of-israel,https://polymarket.com/event/will-moshe-feiglin-be-the-next-prime-minister-of-israel,https://embed.polymarket.com/market.html?market=will-moshe-feiglin-be-the-next-prime-minister-of-israel&features=volume&theme=light,Will Moshe Feiglin be the next Prime Minister of Israel?,main-election,,"24h $89,005 • TTR 26.0d",2039291.022307,89005.5,0.0,0.0,2026-10-28T03:59:00+00:00,25.958,1,,-0.999,,0,"[{""name"": ""Top"", ""bestBid"": null, ""bestAsk"": 0.001}]"
608565,0x7034c00a24f9edbf325fd5a0b9a63412e469fc8cd2aa9b060fb5ba8e10d7ebef,will-lionel-messi-win-the-2026-ballon-dor,https://polymarket.com/event/will-lionel-messi-win-the-2026-ballon-dor,https://embed.polymarket.com/market.html?market=will-lionel-messi-win-the-2026-ballon-dor&features=volume&theme=light,Will Lionel Messi win the 2026 Ballon d'Or?,soccer,,"24h $158,589 • spread 0.001 • TTR 91.0d",3610818.475435998,158589.01,-0.02,-48.1928,2027-01-01T04:59:00+00:00,91.0,1,0.001,-0.978,0.0215,0,"[{""name"": ""Top"", ""bestBid"": 0.021, ""bestAsk"": 0.022}]"
701496,0xdaa4866bae18be58c5a79d2aeeffd035ec78f1bb49dbd88f72993997778a990f,will-bitcoin-reach-100000-by-december-31-2026-571-361-361,https://polymarket.com/event/will-bitcoin-reach-100000-by-december-31-2026-571-361-361,https://embed.polymarket.com/market.html?market=will-bitcoin-reach-100000-by-december-31-2026-571-361-361&features=volume&theme=light,"Will Bitcoin reach $100,000 by December 31, 2026?",bitcoin,,"24h $48,300 • spread 0.020 • TTR 91.0d • ~50% mid",3605891.6942260005,48300.29,0.095,27.5362,2027-01-01T05:00:00+00:00,91.001,1,0.02,-0.55,0.44,1,"[{""name"": ""Top"", ""bestBid"": 0.43, ""bestAsk"": 0.45}]"
1357400,0x2abc2ca23b04c1d8e170b33f1de93937eec740bf5b3e9309e250f3562f1a166b,will-the-tampa-bay-buccaneers-win-the-2027-nfl-league-championship,https://polymarket.com/event/will-the-tampa-bay-buccaneers-win-the-2027-nfl-league-championship,https://embed.polymarket.com/market.html?market=will-the-tampa-bay-buccaneers-win-the-2027-nfl-league-championship&features=volume&theme=light,Will the Tampa Bay Buccaneers win the 2027 NFL league championship?,sports,,"24h $9,297 • spread 0.001 • TTR 181.0d",4405623.689493999,9297.3,0.0,0.0,2027-04-01T03:59:00+00:00,180.958,1,0.001,-0.994,0.0055,0,"[{""name"": ""Top"", ""bestBid"": 0.005, ""bestAsk"": 0.006}]"
679025,0x4c799a8378d60f34f055cf5c61fc3f6f1a6e7abe5d5384ef37961c506eab867c,will-franois-ruffin-win-the-2027-french-presidential-election,https://polymarket.com/event/will-franois-ruffin-win-the-2027-french-presidential-election,https://embed.polymarket.com/market.html?market=will-franois-ruffin-win-the-2027-french-presidential-election&features=volume&theme=light,Will François Ruffin win the 2027 French presidential election?,french-election,,"24h $94,184 • spread 0.001 • TTR 199.0d",4485643.691626999,94184.95,0.001,66.6667,2027-04-19T03:59:00+00:00,198.958,1,0.001,-0.997,0.0025,0,"[{""name"": ""Top"", ""bestBid"": 0.002, ""bestAsk"": 0.003}]"
682717,0x80a849ac73eefe56d4d613e44b45e32b9f91f0bfc77173b732cffac7daab3b3b,will-ayelet-shaked-be-the-next-prime-minister-of-israel,https://polymarket.com/event/will-ayelet-shaked-be-the-next-prime-minister-of-israel,https://embed.polymarket.com/market.html?market=will-ayelet-shaked-be-the-next-prime-minister-of-israel&features=volume&theme=light,Will Ayelet Shaked be the next Prime Minister of Israel?,main-election,,TTR 26.0d,1990118.098132001,,0.0,0.0,2026-10-28T03:59:00+00:00,25.958,1,,-0.999,,0,"[{""name"": ""Top"", ""bestBid"": null, ""bestAsk"": 0.001}]"
616909,0x2368d2604c9c2b95bc98c51bd50c66e5351caebf05b9fe79d3398c387fe29a89,will-7-fed-rate-cuts-happen-in-2026,https://polymarket.com/event/will-7-fed-rate-cuts-happen-in-2026,https://embed.polymarket.com/market.html?market=will-7-fed-rate-cuts-happen-in-2026&features=volume&theme=light,Will 7 Fed rate cuts happen in 2026?,rewards-200-4pt5-50,,TTR 91.0d,3526890.1101669995,,0.0,0.0,2027-01-01T04:59:00+00:00,91.0,1,,-0.999,,0,"[{""name"": ""Top"", ""bestBid"": null, ""bestAsk"": 0.001}]"
677407,0x4c80df6f557bb0b9de08c0301ebdce500dd9bdc58400d9269fb8fab1709ed584,china-x-taiwan-military-clash-before-2027,https://polymarket.com/event/china-x-taiwan-military-clash-before-2027,https://embed.polymarket.com/market.html?market=china-x-taiwan-military-clash-before-2027&features=volume&theme=light,China x Taiwan military clash before 2027?,hfc,,"24h $1,179 • spread 0.003 • TTR 91.0d",3448427.1378480005,1179.52,0.001,2.2989,2027-01-01T04:59:00+00:00,91.0,1,0.003,-0.952,0.0465,0,"[{""name"": ""Top"", ""bestBid"": 0.045, ""bestAsk"": 0.048}]"
616903,0x5e082f0b57f47a29044aa35b4c5658393122e659d5feae521c06b57cdd7f905c,will-1-fed-rate-cut-happen-in-2026,https://polymarket.com/event/will-1-fed-rate-cut-happen-in-2026,https://embed.polymarket.com/market.html?market=will-1-fed-rate-cut-happen-in-2026&features=volume&theme=light,Will 1 Fed rate cut happen in 2026?,rewards-200-4pt5-50,,"24h $23,658 • spread 0.001 • TTR 91.0d",3438905.024095999,23658.92,0.002,12.1212,2027-01-01T04:59:00+00:00,91.0,1,0.001,-0.981,0.0185,0,"[{""name"": ""Top"", ""bestBid"": 0.018, ""bestAsk"": 0.019}]"
682715,0x93d07ffcf5c243b98e655380eb876d4a3393351b7325059064cb5a4b1ff6ceb2,will-yariv-levin-be-the-next-prime-minister-of-israel,https://polymarket.com/event/will-yariv-levin-be-the-next-prime-minister-of-israel,https://embed.polymarket.com/market.html?market=will-yariv-levin-be-the-next-prime-minister-of-israel&features=volume&theme=light,Will Yariv Levin be the next Prime Minister of Israel?,main-election,,"24h $1,001 • TTR 26.0d",1927910.771068,1001.0,0.0,0.0,2026-10-28T03:59:00+00:00,25.958,1,,-0.999,,0,"[{""name"": ""Top"", ""bestBid"": null, ""bestAsk"": 0.001}]"
1107878,0x80ebf0a88a44bf737d4047b3accd7108285c69b84257e5c684bdc4c715c81139,will-the-us-invade-cuba-in-2026,https://polymarket.com/event/will-the-us-invade-cuba-in-2026,https://embed.polymarket.com/market.html?market=will-the-us-invade-cuba-in-2026&features=volume&theme=light,Will the U.S. invade Cuba in 2026?,cuba,,"24h $14,802 • spread 0.010 • TTR 91.0d",3419468.4777370007,14802.23,0.0,0.0,2027-01-01T04:59:00+00:00,91.0,1,0.01,-0.94,0.055,0,"[{""name"": ""Top"", ""bestBid"": 0.05, ""bestAsk"": 0.06}]"
679031,0xf887472a2ac013ef61840034321aa5b46de87ac093ee77ecafca477fdbaadd45,will-marine-tondelier-win-the-2027-french-presidential-election,https://polymarket.com/event/will-marine-tondelier-win-the-2027-french-presidential-election,https://embed.polymarket.com/market.html?market=will-marine-tondelier-win-the-2027-french-presidential-election&features=volume&theme=light,Will Marine Tondelier win the 2027 French presidential election?,french-election,,"24h $24,901 • spread 0.001 • TTR 199.0d",4319180.756947,24901.61,0.0,0.0,2027-04-19T03:59:00+00:00,198.958,1,0.001,-0.998,0.0015,0,"[{""name"": ""Top"", ""bestBid"": 0.001, ""bestAsk"": 0.002}]"
1357375,0x1dd5f687b0f7aaa76ac2d2f2ea328ed825902e835a44cb4fa22f6c89848c26fb,will-the-carolina-panthers-win-the-2027-nfl-league-championship,https://polymarket.com/event/will-the-carolina-panthers-win-the-2027-nfl-league-championship,https://embed.polymarket.com/market.html?market=will-the-carolina-panthers-win-the-2027-nfl-league-championship&features=volume&theme=light,Will the Carolina Panthers win the 2027 NFL league championship?,sports,,"24h $7,433 • spread 0.001 • TTR 181.0d",4216863.666540998,7433.94,-0.001,-13.3333,2027-04-01T03:59:00+00:00,180.958,1,0.001,-0.993,0.0065,0,"[{""name"": ""Top"", ""bestBid"": 0.006, ""bestAsk"": 0.007}]"
701503,0x2745c38ff0617cb345c1d2df19b4f74ea777508e07411e88eeb6ab3affcda2a2,will-bitcoin-dip-to-35000-by-december-31-2026-744-877-748-219-467-465-646-211-122-947-537-552-555-361-972-954-635-887-657-996-643,https://polymarket.com/event/will-bitcoin-dip-to-35000-by-december-31-2026-744-877-748-219-467-465-646-211-122-947-537-552-555-361-972-954-635-887-657-996-643,https://embed.polymarket.com/market.html?market=will-bitcoin-dip-to-35000-by-december-31-2026-744-877-748-219-467-465-646-211-122-947-537-552-555-361-972-954-635-887-657-996-643&features=volume&theme=light,"Will Bitcoin dip to $35,000 by December 31, 2026?",bitcoin,,"24h $2,885 • spread 0.001 • TTR 91.0d",3406860.7227289993,2885.3,-0.002,-7.8431,2027-01-01T05:00:00+00:00,91.001,1,0.001,-0.976,0.0235,0,"[{""name"": ""Top"", ""bestBid"": 0.023, ""bestAsk"": 0.024}]"
562829,0x0808de4f0cfd47947f2d1be51f9a9c52ea0fec76f73a75cfbe79ddec98d8a908,2026-balance-of-power-d-senate-r-house-692,https://polymarket.com/event/2026-balance-of-power-d-senate-r-house-692,https://embed.polymarket.com/market.html?market=2026-balance-of-power-d-senate-r-house-692&features=volume&theme=light,"2026 Balance of Power: D Senate, R House",united-states,,"24h $30,130 • spread 0.002 • TTR 33.0d",2138468.890242,30130.32,-0.0085,-53.125,2026-11-04T04:59:00+00:00,33.0,1,0.002,-0.991,0.008,0,"[{""name"": ""Top"", ""bestBid"": 0.007, ""bestAsk"": 0.009}]"
1469749,0xaa53ce562be767321e2f0cba9f7b3207fde7d2204dbb7f9b5d804996eba7de7c,will-mostafa-pourmohammadi-be-head-of-state-in-iran-end-of-2026,https://polymarket.com/event/will-mostafa-pourmohammadi-be-head-of-state-in-iran-end-of-2026,https://embed.polymarket.com/market.html?market=will-mostafa-pourmohammadi-be-head-of-state-in-iran-end-of-2026&features=volume&theme=light,Will Mostafa Pourmohammadi be head of state in Iran end of 2026?,middle-east,,TTR 90.5d,3360621.3104550005,,0.0,0.0,2026-12-31T17:00:00+00:00,90.501,1,,-0.999,,0,"[{""name"": ""Top"", ""bestBid"": null, ""bestAsk"": 0.001}]"
1105744,0x67f3f8d0a0ecdfc008c99650284a4674388a8c3029b0eb7ca0abd65dde8d996f,will-nicols-maduro-be-the-leader-of-venezuela-end-of-2026,https://polymarket.com/event/will-nicols-maduro-be-the-leader-of-venezuela-end-of-2026,https://embed.polymarket.com/market.html?market=will-nicols-maduro-be-the-leader-of-venezuela-end-of-2026&features=volume&theme=light,Will Nicolás Maduro be the leader of Venezuela end of 2026?,trump-machado,,"24h $9,209 • spread 0.002 • TTR 91.0d",3365390.8147849995,9209.71,0.0245,3.687,2027-01-01T04:59:00+00:00,91.0,1,0.002,-0.31,0.689,0,"[{""name"": ""Top"", ""bestBid"": 0.688, ""bestAsk"": 0.69}]"
616904,0xe0d9f508a249e0070db06eb7d1e1fb17eb23c963f6fb722c4c3f81e23240c1cd,will-2-fed-rate-cuts-happen-in-2026,https://polymarket.com/event/will-2-fed-rate-cuts-happen-in-2026,https://embed.polymarket.com/market.html?market=will-2-fed-rate-cuts-happen-in-2026&features=volume&theme=light,Will 2 Fed rate cuts happen in 2026?,rewards-200-4pt5-50,,"24h $25,338 • spread 0.002 • TTR 91.0d",3359974.465376,25338.42,0.0065,144.4444,2027-01-01T04:59:00+00:00,91.0,1,0.002,-0.988,0.011,0,"[{""name"": ""Top"", ""bestBid"": 0.01, ""bestAsk"": 0.012}]"
679032,0x6ad63235931f80951a48f2338956dea7bb70c97f99a7bd03f5f501d6e4673842,will-fabien-roussel-win-the-2027-french-presidential-election,https://polymarket.com/event/will-fabien-roussel-win-the-2027-french-presidential-election,https://embed.polymarket.com/market.html?market=will-fabien-roussel-win-the-2027-french-presidential-election&features=volume&theme=light,Will Fabien Roussel win the 2027 French presidential election?,french-election,,TTR 199.0d,4244292.9010080015,,0.0,0.0,2027-04-19T03:59:00+00:00,198.958,1,,-0.999,,0,"[{""name"": ""Top"", ""bestBid"": null, ""bestAsk"": 0.001}]"
567689,0x51f624dbbf14f9edb575fef1be6f7a303751de70783fa144fce27b957452c803,zelenskyy-out-as-ukraine-president-before-2027,https://polymarket.com/event/zelenskyy-out-as-ukraine-president-before-2027,https://embed.polymarket.com/market.html?market=zelenskyy-out-as-ukraine-president-before-2027&features=volume&theme=light,Zelenskyy out as Ukraine president by end of 2026?,ukraine,,"24h $19,245 • spread 0.010 • TTR 91.0d",3353754.5589729967,19245.51,-0.01,-15.3846,2027-01-01T04:59:00+00:00,91.0,1,0.01,-0.94,0.055,0,"[{""name"": ""Top"", ""bestBid"": 0.05, ""bestAsk"": 0.06}]"
2696747,0x79b7408f02df2eba4034ca4c06ddf17b8dbeacc5adbe8595969e7573912c4e3b,us-iran-final-nuclear-deal-by-december-31-2026-191,https://polymarket.com/event/us-iran-final-nuclear-deal-by-december-31-2026-191,https://embed.polymarket.com/market.html?market=us-iran-final-nuclear-deal-by-december-31-2026-191&features=volume&theme=light,"US-Iran Final Nuclear Deal by December 31, 2026?",iran,,"24h $52,177 • spread 0.010 • TTR 91.0d",3344667.9292989997,52177.0,-0.01,-6.8966,2027-01-01T04:59:00+00:00,91.0,1,0.01,-0.86,0.135,0,"[{""name"": ""Top"", ""bestBid"": 0.13, ""bestAsk"": 0.14}]"
898411,0x1b7fd0fe5dbf07c9f7aab729a6688686e5d2df9b443233cd29004bd11818553d,will-george-russell-be-the-2026-f1-drivers-champion,https://polymarket.com/event/will-george-russell-be-the-2026-f1-drivers-champion,https://embed.polymarket.com/market.html?market=will-george-russell-be-the-2026-f1-drivers-champion&features=volume&theme=light,Will George Russell be the 2026 F1 Drivers' Champion?,sports,,"24h $3,744 • spread 0.003 • TTR 64.8d",2902058.6488619987,3744.2,0.0025,4.6296,2026-12-06T00:00:00+00:00,64.792,1,0.003,-0.942,0.0565,0,"[{""name"": ""Top"", ""bestBid"": 0.055, ""bestAsk"": 0.058}]"
679053,0x1779552bade1ad85d35b2e5128136ea04602f26e2b67b7e1b6f9ec46ea8811d3,will-clmence-guett-win-the-2027-french-presidential-election,https://polymarket.com/event/will-clmence-guett-win-the-2027-french-presidential-election,https://embed.polymarket.com/market.html?market=will-clmence-guett-win-the-2027-french-presidential-election&features=volume&theme=light,Will Clémence Guetté win the 2027 French presidential election?,french-election,,TTR 199.0d,4191666.6250650003,,0.0,0.0,2027-04-19T03:59:00+00:00,198.958,1,,-0.999,,0,"[{""name"": ""Top"", ""bestBid"": null, ""bestAsk"": 0.001}]"
616910,0xfe28cb84a714b1a964290d7fd2587e71d57e905678c8ab64488449b24be78e52,will-8-fed-rate-cuts-happen-in-2026,https://polymarket.com/event/will-8-fed-rate-cuts-happen-in-2026,https://embed.polymarket.com/market.html?market=will-8-fed-rate-cuts-happen-in-2026&features=volume&theme=light,Will 8 Fed rate cuts happen in 2026?,rewards-200-4pt5-50,,TTR 91.0d,3296968.7858899985,,0.0,0.0,2027-01-01T04:59:00+00:00,91.0,1,,-0.999,,0,"[{""name"": ""Top"", ""bestBid"": null, ""bestAsk"": 0.001}]"
628941,0xa5d79e71e66c9fe122f8b8b3ca6ab7a0e3048bd8508f130746944e92ed79ddf3,will-xavier-becerra-win-the-california-governor-election-in-2026,https://polymarket.com/event/will-xavier-becerra-win-the-california-governor-election-in-2026,https://embed.polymarket.com/market.html?market=will-xavier-becerra-win-the-california-governor-election-in-2026&features=volume&theme=light,Will Xavier Becerra win the California Governor Election in 2026?,california-midterm,,"24h $2,574 • spread 0.005 • TTR 33.0d",2085060.0572419995,2574.7,0.0015,0.1571,2026-11-04T04:59:00+00:00,33.0,1,0.005,-0.041,0.9565,0,"[{""name"": ""Top"", ""bestBid"": 0.954, ""bestAsk"": 0.959}]"
