id,conditionId,slug,url,embedSrc,question,category,eventId,why,volume,volume24h,momentumDelta24h,momentumPct24h,endDateISO,timeToResolveDays,outcomeCount,avgSpread,underround,binaryMidYes,near50Flag,bestQuotesJSON
665374,0x5db999fad322cea2914535aae5517060c3f80ad6d8c0231cde2124a434d16846,will-the-us-invade-iran-before-2027,https://polymarket.com/event/will-the-us-invade-iran-before-2027,https://embed.polymarket.com/market.html?market=will-the-us-invade-iran-before-2027&features=volume&theme=light,Will the U.S. invade Iran before 2027?,military-strikes,,"24h $265,527 • spread 0.010 • TTR 105.0d",66764490.06125806,265527.77,0.0,0.0,2027-01-01T04:59:00+00:00,105.038,1,0.01,-0.83,0.165,0,"[{""name"": ""Top"", ""bestBid"": 0.16, ""bestAsk"": 0.17}]"
703258,0x0b4cc3b739e1dfe5d73274740e7308b6fb389c5af040c3a174923d928d134bee,will-jesus-christ-return-before-2027,https://polymarket.com/event/will-jesus-christ-return-before-2027,https://embed.polymarket.com/market.html?market=will-jesus-christ-return-before-2027&features=volume&theme=light,Will Jesus Christ return before 2027?,parent-for-derivative,,"24h $36,917 • spread 0.001 • TTR 105.0d",65758087.80136985,36917.55,0.001,5.4054,2027-01-01T04:59:00+00:00,105.038,1,0.001,-0.98,0.0195,0,"[{""name"": ""Top"", ""bestBid"": 0.019, ""bestAsk"": 0.02}]"
567621,0xd9fb1184af0064e5e34b129f5b79afa5a17b7e32f2953ab05efed82315fee6d4,will-china-invade-taiwan-before-2027,https://polymarket.com/event/will-china-invade-taiwan-before-2027,https://embed.polymarket.com/market.html?market=will-china-invade-taiwan-before-2027&features=volume&theme=light,Will China invade Taiwan by end of 2026?,politics,,"24h $520,599 • spread 0.001 • TTR 103.8d",42237801.93764991,520599.93,0.006,15.5844,2026-12-31T00:00:00+00:00,103.831,1,0.001,-0.955,0.0445,0,"[{""name"": ""Top"", ""bestBid"": 0.044, ""bestAsk"": 0.045}]"
703257,0x747dc809fb79e1b05be09c42d6179459a58de2ef3e40f02484a4e1260f741f75,will-the-us-confirm-that-aliens-exist-before-2027-789-924-249,https://polymarket.com/event/will-the-us-confirm-that-aliens-exist-before-2027-789-924-249,https://embed.polymarket.com/market.html?market=will-the-us-confirm-that-aliens-exist-before-2027-789-924-249&features=volume&theme=light,Will the US confirm that aliens exist before 2027?,aliens,,"24h $64,304 • spread 0.001 • TTR 105.0d",38645217.55009506,64304.63,0.002,5.1948,2027-01-01T04:59:00+00:00,105.038,1,0.001,-0.959,0.0405,0,"[{""name"": ""Top"", ""bestBid"": 0.04, ""bestAsk"": 0.041}]"
561251,0x836b850fc838195374862551a36f1c8691d96ff01e58b0a071f0fc1a0e357fb1,will-lebron-james-win-the-2028-us-presidential-election,https://polymarket.com/event/will-lebron-james-win-the-2028-us-presidential-election,https://embed.polymarket.com/market.html?market=will-lebron-james-win-the-2028-us-presidential-election&features=volume&theme=light,Will LeBron James win the 2028 US Presidential Election?,president,,TTR 780.8d,54779383.60410806,,0.0,0.0,2028-11-07T00:00:00+00:00,780.831,1,,-0.999,,0,"[{""name"": ""Top"", ""bestBid"": null, ""bestAsk"": 0.001}]"
559687,0xe06a7e94cf2fa8dc2085b7610fe16e9be1cde6654f34d365c13da1149b276c61,will-oprah-winfrey-win-the-2028-democratic-presidential-nomination,https://polymarket.com/event/will-oprah-winfrey-win-the-2028-democratic-presidential-nomination,https://embed.polymarket.com/market.html?market=will-oprah-winfrey-win-the-2028-democratic-presidential-nomination&features=volume&theme=light,Will Oprah Winfrey win the 2028 Democratic presidential nomination?,united-states,,TTR 780.8d,54418142.39432903,,0.0,0.0,2028-11-07T00:00:00+00:00,780.831,1,,-0.999,,0,"[{""name"": ""Top"", ""bestBid"": null, ""bestAsk"": 0.001}]"
559679,0x30cfb887558b20373a984da60c372fe5a90c0296aa6d8bb413a8aa7543846da2,will-bernie-sanders-win-the-2028-democratic-presidential-nomination-879,https://polymarket.com/event/will-bernie-sanders-win-the-2028-democratic-presidential-nomination-879,https://embed.polymarket.com/market.html?market=will-bernie-sanders-win-the-2028-democratic-presidential-nomination-879&features=volume&theme=light,Will Bernie Sanders win the 2028 Democratic presidential nomination?,united-states,,"24h $2,661 • spread 0.001 • TTR 780.8d",52745721.78852005,2661.93,0.001,28.5714,2028-11-07T00:00:00+00:00,780.831,1,0.001,-0.995,0.0045,0,"[{""name"": ""Top"", ""bestBid"": 0.004, ""bestAsk"": 0.005}]"
997488,0xd595eb9b81885ff018738300c79047e3ec89e87294424f57a29a7fa9162bf116,will-trump-acquire-greenland-before-2027,https://polymarket.com/event/will-trump-acquire-greenland-before-2027,https://embed.polymarket.com/market.html?market=will-trump-acquire-greenland-before-2027&features=volume&theme=light,Will Trump acquire Greenland before 2027?,davos,,"24h $3,663 • spread 0.001 • TTR 105.0d",35460627.9055241,3663.22,-0.002,-6.5574,2027-01-01T04:59:00+00:00,105.038,1,0.001,-0.971,0.0285,0,"[{""name"": ""Top"", ""bestBid"": 0.028, ""bestAsk"": 0.029}]"
559684,0xf2e51acfbb6d0414dc2ace81b7dc2af7c165e443dcb91f6caa7aab6d6ab4f06d,will-chelsea-clinton-win-the-2028-democratic-presidential-nomination,https://polymarket.com/event/will-chelsea-clinton-win-the-2028-democratic-presidential-nomination,https://embed.polymarket.com/market.html?market=will-chelsea-clinton-win-the-2028-democratic-presidential-nomination&features=volume&theme=light,Will Chelsea Clinton win the 2028 Democratic presidential nomination?,united-states,,24h $376 • spread 0.001 • TTR 780.8d,50438791.456379004,376.63,0.0,0.0,2028-11-07T00:00:00+00:00,780.831,1,0.001,-0.994,0.0055,0,"[{""name"": ""Top"", ""bestBid"": 0.005, ""bestAsk"": 0.006}]"
559688,0x450810ae738a0ff820d3248f2b24937f63fb8c8cf422ed2a915125adb4d9d3c8,will-andrew-yang-win-the-2028-democratic-presidential-nomination,https://polymarket.com/event/will-andrew-yang-win-the-2028-democratic-presidential-nomination,https://embed.polymarket.com/market.html?market=will-andrew-yang-win-the-2028-democratic-presidential-nomination&features=volume&theme=light,Will Andrew Yang win the 2028 Democratic presidential nomination?,united-states,,24h $181 • spread 0.001 • TTR 780.8d,48732720.017604016,181.14,0.0,0.0,2028-11-07T00:00:00+00:00,780.831,1,0.001,-0.998,0.0015,0,"[{""name"": ""Top"", ""bestBid"": 0.001, ""bestAsk"": 0.002}]"
601818,0x81a537b379a35e4e17c286d3b37394e94bd74c1779bbe9a13670eb991b201a3a,will-tarcisio-de-frietas-win-the-2026-brazilian-presidential-election,https://polymarket.com/event/will-tarcisio-de-frietas-win-the-2026-brazilian-presidential-election,https://embed.polymarket.com/market.html?market=will-tarcisio-de-frietas-win-the-2026-brazilian-presidential-election&features=volume&theme=light,Will Tarcisio de Freitas win the 2026 Brazilian presidential election?,politics,,"24h $3,000 • TTR 15.8d",14077456.453296002,3000.0,0.0,0.0,2026-10-04T00:00:00+00:00,15.831,1,,-0.999,,0,"[{""name"": ""Top"", ""bestBid"": null, ""bestAsk"": 0.001}]"
1105754,0x831493dce463d9adcad78c492f2cbec6ecdac31f4e8c5a894fdac68c130549d4,will-richard-grenell-be-the-leader-of-venezuela-end-of-2026,https://polymarket.com/event/will-richard-grenell-be-the-leader-of-venezuela-end-of-2026,https://embed.polymarket.com/market.html?market=will-richard-grenell-be-the-leader-of-venezuela-end-of-2026&features=volume&theme=light,Will Richard Grenell be the leader of Venezuela end of 2026?,trump-machado,,TTR 103.8d,32790723.048845,,0.0,0.0,2026-12-31T00:00:00+00:00,103.831,1,,-0.999,,0,"[{""name"": ""Top"", ""bestBid"": null, ""bestAsk"": 0.001}]"
601825,0x05297f854d3b757d5e51a1a29c7f225a80b14b2a161d6b7f9a61677da7a80ced,will-renan-santos-win-the-2026-brazilian-presidential-election,https://polymarket.com/event/will-renan-santos-win-the-2026-brazilian-presidential-election,https://embed.polymarket.com/market.html?market=will-renan-santos-win-the-2026-brazilian-presidential-election&features=volume&theme=light,Will Renan Santos win the 2026 Brazilian presidential election?,politics,,"24h $93,557 • spread 0.002 • TTR 15.8d",13649196.794557003,93557.7,-0.0045,-29.0323,2026-10-04T00:00:00+00:00,15.831,1,0.002,-0.988,0.011,0,"[{""name"": ""Top"", ""bestBid"": 0.01, ""bestAsk"": 0.012}]"
1130012,0x502a94e5c525766d5ee7f16c6568131ba1b2cbadb69c703af05a6ef00336ed64,will-united-russia-er-gain-the-most-seats-in-the-next-russian-parliamentary-election,https://polymarket.com/event/will-united-russia-er-gain-the-most-seats-in-the-next-russian-parliamentary-election,https://embed.polymarket.com/market.html?market=will-united-russia-er-gain-the-most-seats-in-the-next-russian-parliamentary-election&features=volume&theme=light,Will United Russia (ER) gain the most seats in the next Russian parliamentary election?,politics,,"24h $529,843 • spread 0.010 • TTR 11.8d",12001469.023913004,529843.33,0.03,4.0816,2026-09-30T00:00:00+00:00,11.831,1,0.01,-0.23,0.765,0,"[{""name"": ""Top"", ""bestBid"": 0.76, ""bestAsk"": 0.77}]"
561247,0xae70ab9bf1c3726fe430a2ba8b517697ae24e0f0ab554b876a5b521153068882,will-tim-walz-win-the-2028-us-presidential-election,https://polymarket.com/event/will-tim-walz-win-the-2028-us-presidential-election,https://embed.polymarket.com/market.html?market=will-tim-walz-win-the-2028-us-presidential-election&features=volume&theme=light,Will Tim Walz win the 2028 US Presidential Election?,president,,24h $25 • TTR 780.8d,44724519.805102974,25.54,0.0,0.0,2028-11-07T00:00:00+00:00,780.831,1,,-0.999,,0,"[{""name"": ""Top"", ""bestBid"": null, ""bestAsk"": 0.001}]"
559682,0x1945a8b23e313ed7423b6b6fd556f9ab5578900376b565a61dc480a5f4f35d21,will-person-a-win-the-2028-democratic-presidential-nomination,https://polymarket.com/event/will-person-a-win-the-2028-democratic-presidential-nomination,https://embed.polymarket.com/market.html?market=will-person-a-win-the-2028-democratic-presidential-nomination&features=volume&theme=light,Will Hunter Biden win the 2028 Democratic presidential nomination?,united-states,,24h $315 • spread 0.002 • TTR 780.8d,44487095.721517034,315.99,0.0,0.0,2028-11-07T00:00:00+00:00,780.831,1,0.002,-0.994,0.005,0,"[{""name"": ""Top"", ""bestBid"": 0.004, ""bestAsk"": 0.006}]"
561986,0xd1747284d6048b2a3dcfbee489db405f36de18f9590197dd0e5c9f0c246bf050,will-byron-donalds-win-the-2028-republican-presidential-nomination,https://polymarket.com/event/will-byron-donalds-win-the-2028-republican-presidential-nomination,https://embed.polymarket.com/market.html?market=will-byron-donalds-win-the-2028-republican-presidential-nomination&features=volume&theme=light,Will Byron Donalds win the 2028 Republican presidential nomination?,united-states,,24h $220 • spread 0.001 • TTR 780.8d,44420480.551902026,220.57,0.0,0.0,2028-11-07T00:00:00+00:00,780.831,1,0.001,-0.997,0.0025,0,"[{""name"": ""Top"", ""bestBid"": 0.002, ""bestAsk"": 0.003}]"
559681,0x8b203037c7c0e21b500314f8398d2a8ea294b7ce1f4f9185f426425a3505bc45,will-lebron-james-win-the-2028-democratic-presidential-nomination,https://polymarket.com/event/will-lebron-james-win-the-2028-democratic-presidential-nomination,https://embed.polymarket.com/market.html?market=will-lebron-james-win-the-2028-democratic-presidential-nomination&features=volume&theme=light,Will LeBron James win the 2028 Democratic presidential nomination?,united-states,,"24h $2,000 • TTR 780.8d",43983952.45742703,2000.0,0.0,0.0,2028-11-07T00:00:00+00:00,780.831,1,,-0.999,,0,"[{""name"": ""Top"", ""bestBid"": null, ""bestAsk"": 0.001}]"
559677,0x663b88d3a8f2341bb8d878709dc78632bcaf7512e577bd15521e5d8ed933efbc,will-hillary-clinton-win-the-2028-democratic-presidential-nomination,https://polymarket.com/event/will-hillary-clinton-win-the-2028-democratic-presidential-nomination,https://embed.polymarket.com/market.html?market=will-hillary-clinton-win-the-2028-democratic-presidential-nomination&features=volume&theme=light,Will Hillary Clinton win the 2028 Democratic presidential nomination?,united-states,,24h $140 • spread 0.001 • TTR 780.8d,43906854.47147005,140.91,0.0,0.0,2028-11-07T00:00:00+00:00,780.831,1,0.001,-0.998,0.0015,0,"[{""name"": ""Top"", ""bestBid"": 0.001, ""bestAsk"": 0.002}]"
561995,0x41c6341dd79903aca4bb0c29f5a7976946c3774d2fd72f38cbb7de7092144520,will-mike-pence-win-the-2028-republican-presidential-nomination,https://polymarket.com/event/will-mike-pence-win-the-2028-republican-presidential-nomination,https://embed.polymarket.com/market.html?market=will-mike-pence-win-the-2028-republican-presidential-nomination&features=volume&theme=light,Will Mike Pence win the 2028 Republican presidential nomination?,united-states,,24h $640 • spread 0.001 • TTR 780.8d,43709342.04643106,640.77,0.0,0.0,2028-11-07T00:00:00+00:00,780.831,1,0.001,-0.998,0.0015,0,"[{""name"": ""Top"", ""bestBid"": 0.001, ""bestAsk"": 0.002}]"
559666,0x3265b10daeb30dbcc3214bd02e488551d0a5d3028392f4152e4750b943fbfc91,will-tim-walz-win-the-2028-democratic-presidential-nomination-475,https://polymarket.com/event/will-tim-walz-win-the-2028-democratic-presidential-nomination-475,https://embed.polymarket.com/market.html?market=will-tim-walz-win-the-2028-democratic-presidential-nomination-475&features=volume&theme=light,Will Tim Walz win the 2028 Democratic presidential nomination?,united-states,,"24h $1,000 • TTR 780.8d",43478092.97342801,1000.0,0.0,0.0,2028-11-07T00:00:00+00:00,780.831,1,,-0.999,,0,"[{""name"": ""Top"", ""bestBid"": null, ""bestAsk"": 0.001}]"
559683,0x822e61527476cabf98927e3aad385c5ecdae7086f945535f2c1fd9ae8dbfa46e,will-george-clooney-win-the-2028-democratic-presidential-nomination,https://polymarket.com/event/will-george-clooney-win-the-2028-democratic-presidential-nomination,https://embed.polymarket.com/market.html?market=will-george-clooney-win-the-2028-democratic-presidential-nomination&features=volume&theme=light,Will George Clooney win the 2028 Democratic presidential nomination?,united-states,,TTR 780.8d,43450074.273375,,0.0,0.0,2028-11-07T00:00:00+00:00,780.831,1,,-0.999,,0,"[{""name"": ""Top"", ""bestBid"": null, ""bestAsk"": 0.001}]"
559690,0x0f8ef3cc906ba7ba94a44724738df44bdd5f73e59e40c9c8b4ff8569e349643c,will-kim-kardashian-win-the-2028-democratic-presidential-nomination,https://polymarket.com/event/will-kim-kardashian-win-the-2028-democratic-presidential-nomination,https://embed.polymarket.com/market.html?market=will-kim-kardashian-win-the-2028-democratic-presidential-nomination&features=volume&theme=light,Will Kim Kardashian win the 2028 Democratic presidential nomination?,united-states,,TTR 780.8d,42919391.308171004,,0.0,0.0,2028-11-07T00:00:00+00:00,780.831,1,,-0.999,,0,"[{""name"": ""Top"", ""bestBid"": null, ""bestAsk"": 0.001}]"
559689,0x8ecd1d15e521b7d1020ad5596cc981c8764e9dcfbc3648f582e1a5138aee7185,will-beto-orourke-win-the-2028-democratic-presidential-nomination,https://polymarket.com/event/will-beto-orourke-win-the-2028-democratic-presidential-nomination,https://embed.polymarket.com/market.html?market=will-beto-orourke-win-the-2028-democratic-presidential-nomination&features=volume&theme=light,Will Beto O’Rourke win the 2028 Democratic presidential nomination?,united-states,,TTR 780.8d,42812605.54664803,,0.0,0.0,2028-11-07T00:00:00+00:00,780.831,1,,-0.999,,0,"[{""name"": ""Top"", ""bestBid"": null, ""bestAsk"": 0.001}]"
559680,0x29283b56d3eec6d1d89fff51793d9d2e01579d2379b1d3e9ebda175d3561e809,will-phil-murphy-win-the-2028-democratic-presidential-nomination-611,https://polymarket.com/event/will-phil-murphy-win-the-2028-democratic-presidential-nomination-611,https://embed.polymarket.com/market.html?market=will-phil-murphy-win-the-2028-democratic-presidential-nomination-611&features=volume&theme=light,Will Phil Murphy win the 2028 Democratic presidential nomination?,united-states,,"24h $1,000 • TTR 780.8d",42427361.39436498,1000.0,0.0,0.0,2028-11-07T00:00:00+00:00,780.831,1,,-0.999,,0,"[{""name"": ""Top"", ""bestBid"": null, ""bestAsk"": 0.001}]"
559685,0xc44edcfdedb422bae8ff1803e2178d1ee025fc41efd81400ccbede709e018841,will-mrbeast-win-the-2028-democratic-presidential-nomination,https://polymarket.com/event/will-mrbeast-win-the-2028-democratic-presidential-nomination,https://embed.polymarket.com/market.html?market=will-mrbeast-win-the-2028-democratic-presidential-nomination&features=volume&theme=light,Will MrBeast win the 2028 Democratic presidential nomination?,united-states,,24h $1 • TTR 780.8d,41006436.181763,1.41,0.0,0.0,2028-11-07T00:00:00+00:00,780.831,1,,-0.999,,0,"[{""name"": ""Top"", ""bestBid"": null, ""bestAsk"": 0.001}]"
561254,0x7f695758278e6d4d9e63df862afa88d664d3402a3d26e4d32ae05121cdbddba6,will-kim-kardashian-win-the-2028-us-presidential-election,https://polymarket.com/event/will-kim-kardashian-win-the-2028-us-presidential-election,https://embed.polymarket.com/market.html?market=will-kim-kardashian-win-the-2028-us-presidential-election&features=volume&theme=light,Will Kim Kardashian win the 2028 US Presidential Election?,president,,TTR 780.8d,40269509.153616026,,0.0,0.0,2028-11-07T00:00:00+00:00,780.831,1,,-0.999,,0,"[{""name"": ""Top"", ""bestBid"": null, ""bestAsk"": 0.001}]"
601819,0xdf8e2dc5860027decbe6164555c3c1c9645c3bd33e16b9dc57ca87125047d4a8,will-luiz-incio-lula-da-silva-win-the-2026-brazilian-presidential-election,https://polymarket.com/event/will-luiz-incio-lula-da-silva-win-the-2026-brazilian-presidential-election,https://embed.polymarket.com/market.html?market=will-luiz-incio-lula-da-silva-win-the-2026-brazilian-presidential-election&features=volume&theme=light,Will Luiz Inácio Lula da Silva win the 2026 Brazilian presidential election?,politics,,"24h $149,525 • spread 0.010 • TTR 15.8d • ~50% mid",11327433.888396,149525.41,-0.02,-4.4944,2026-10-04T00:00:00+00:00,15.831,1,0.01,-0.57,0.425,1,"[{""name"": ""Top"", ""bestBid"": 0.42, ""bestAsk"": 0.43}]"
559671,0x3535fb2f4aef6619dde8b367cb5e5d209526bb496d5d9778428c58a0252435e3,will-zohran-mamdani-win-the-2028-democratic-presidential-nomination-445,https://polymarket.com/event/will-zohran-mamdani-win-the-2028-democratic-presidential-nomination-445,https://embed.polymarket.com/market.html?market=will-zohran-mamdani-win-the-2028-democratic-presidential-nomination-445&features=volume&theme=light,Will Zohran Mamdani win the 2028 Democratic presidential nomination?,united-states,,24h $220 • spread 0.001 • TTR 780.8d,38942582.02821014,220.07,0.0,0.0,2028-11-07T00:00:00+00:00,780.831,1,0.001,-0.998,0.0015,0,"[{""name"": ""Top"", ""bestBid"": 0.001, ""bestAsk"": 0.002}]"
559678,0x46dbd48d6bde5b81edb480e0f676a2cdda6c6b592c4d86a9367c7ad5a9870195,will-liz-cheney-win-the-2028-democratic-presidential-nomination-551,https://polymarket.com/event/will-liz-cheney-win-the-2028-democratic-presidential-nomination-551,https://embed.polymarket.com/market.html?market=will-liz-cheney-win-the-2028-democratic-presidential-nomination-551&features=volume&theme=light,Will Liz Cheney win the 2028 Democratic presidential nomination?,united-states,,"24h $1,001 • TTR 780.8d",38529243.57262204,1001.23,0.0,0.0,2028-11-07T00:00:00+00:00,780.831,1,,-0.999,,0,"[{""name"": ""Top"", ""bestBid"": null, ""bestAsk"": 0.001}]"
561993,0x7190eccbd0677d5d0ae8cdf598b37e945a346915c666dda11468dc9970657a56,will-john-thune-win-the-2028-republican-presidential-nomination,https://polymarket.com/event/will-john-thune-win-the-2028-republican-presidential-nomination,https://embed.polymarket.com/market.html?market=will-john-thune-win-the-2028-republican-presidential-nomination&features=volume&theme=light,Will John Thune win the 2028 Republican presidential nomination?,united-states,,TTR 780.8d,38164800.23550202,,0.0,0.0,2028-11-07T00:00:00+00:00,780.831,1,,-0.999,,0,"[{""name"": ""Top"", ""bestBid"": null, ""bestAsk"": 0.001}]"
561248,0x64396449b471b10b006285fa49dd9a5df535694de7b4c703fdeb0d88d5c4cd33,will-vivek-ramaswamy-win-the-2028-us-presidential-election,https://polymarket.com/event/will-vivek-ramaswamy-win-the-2028-us-presidential-election,https://embed.polymarket.com/market.html?market=will-vivek-ramaswamy-win-the-2028-us-presidential-election&features=volume&theme=light,Will Vivek Ramaswamy win the 2028 US Presidential Election?,president,,TTR 780.8d,37950295.12918998,,0.0,0.0,2028-11-07T00:00:00+00:00,780.831,1,,-0.999,,0,"[{""name"": ""Top"", ""bestBid"": null, ""bestAsk"": 0.001}]"
663583,0xbb4d51e6364066d92eb6f9b8413dd7193de70966736044463b205834805a1f3b,will-the-iranian-regime-fall-by-the-end-of-2026,https://polymarket.com/event/will-the-iranian-regime-fall-by-the-end-of-2026,https://embed.polymarket.com/market.html?market=will-the-iranian-regime-fall-by-the-end-of-2026&features=volume&theme=light,Will the Iranian regime fall before 2027?,reza-pahlavi,,"24h $77,869 • spread 0.010 • TTR 105.0d",26109888.559990004,77869.7,0.0,0.0,2027-01-01T04:59:00+00:00,105.038,1,0.01,-0.93,0.065,0,"[{""name"": ""Top"", ""bestBid"": 0.06, ""bestAsk"": 0.07}]"
561994,0x5f1b1caf70eb994bfff2986727a05a3ac9f7ec8b0da4017f7732596d023e5a07,will-kristi-noem-win-the-2028-republican-presidential-nomination,https://polymarket.com/event/will-kristi-noem-win-the-2028-republican-presidential-nomination,https://embed.polymarket.com/market.html?market=will-kristi-noem-win-the-2028-republican-presidential-nomination&features=volume&theme=light,Will Kristi Noem win the 2028 Republican presidential nomination?,united-states,,"24h $28,273 • spread 0.001 • TTR 780.8d",37654833.22409902,28273.61,0.0,0.0,2028-11-07T00:00:00+00:00,780.831,1,0.001,-0.998,0.0015,0,"[{""name"": ""Top"", ""bestBid"": 0.001, ""bestAsk"": 0.002}]"
601826,0x1a01bf78f56a507fcb666d564d8c8b91b0750679163ed6e96746102c9b7d285d,will-flvio-bolsonaro-win-the-2026-brazilian-presidential-election,https://polymarket.com/event/will-flvio-bolsonaro-win-the-2026-brazilian-presidential-election,https://embed.polymarket.com/market.html?market=will-flvio-bolsonaro-win-the-2026-brazilian-presidential-election&features=volume&theme=light,Will Flávio Bolsonaro win the 2026 Brazilian presidential election?,politics,,"24h $73,793 • spread 0.001 • TTR 15.8d • ~50% mid",10918631.888434995,73793.76,0.004,0.7373,2026-10-04T00:00:00+00:00,15.831,1,0.001,-0.453,0.5465,1,"[{""name"": ""Top"", ""bestBid"": 0.546, ""bestAsk"": 0.547}]"
1105752,0x8063a2c9fa21c4a1470b33fee132d6d61fb5b7dcd667dcac3bb82ae15ad70c0d,will-frank-donovan-be-the-leader-of-venezuela-end-of-2026,https://polymarket.com/event/will-frank-donovan-be-the-leader-of-venezuela-end-of-2026,https://embed.polymarket.com/market.html?market=will-frank-donovan-be-the-leader-of-venezuela-end-of-2026&features=volume&theme=light,Will Frank Donovan be the leader of Venezuela end of 2026?,trump-machado,,24h $327 • spread 0.001 • TTR 103.8d,25817383.33258801,327.69,0.0,0.0,2026-12-31T00:00:00+00:00,103.831,1,0.001,-0.998,0.0015,0,"[{""name"": ""Top"", ""bestBid"": 0.001, ""bestAsk"": 0.002}]"
559692,0x3cd6e52603d80ddbbdac9b1a4d43f9b7faa6aae4fae4d0fdfad3bd58454da7d3,will-jasmine-crockett-win-the-2028-democratic-presidential-nomination,https://polymarket.com/event/will-jasmine-crockett-win-the-2028-democratic-presidential-nomination,https://embed.polymarket.com/market.html?market=will-jasmine-crockett-win-the-2028-democratic-presidential-nomination&features=volume&theme=light,Will Jasmine Crockett win the 2028 Democratic presidential nomination?,united-states,,TTR 780.8d,36467321.037113994,,-0.001,-66.6667,2028-11-07T00:00:00+00:00,780.831,1,,-0.999,,0,"[{""name"": ""Top"", ""bestBid"": null, ""bestAsk"": 0.001}]"
601823,0xe1d5733322fd2215f136412f419d9ff805d097f78c68de3261515ff736895f2b,will-eduardo-bolsonaro-win-the-2026-brazilian-presidential-election,https://polymarket.com/event/will-eduardo-bolsonaro-win-the-2026-brazilian-presidential-election,https://embed.polymarket.com/market.html?market=will-eduardo-bolsonaro-win-the-2026-brazilian-presidential-election&features=volume&theme=light,Will Eduardo Bolsonaro win the 2026 Brazilian presidential election?,politics,,TTR 15.8d,10451615.345771998,,0.0,0.0,2026-10-04T00:00:00+00:00,15.831,1,,-0.999,,0,"[{""name"": ""Top"", ""bestBid"": null, ""bestAsk"": 0.001}]"
601824,0xa59bb6bb91e5c1e4d533864520fbd3bb75d6d0ebb813b4cd8a8b88479bfa8966,will-carlos-roberto-massa-jnior-win-the-2026-brazilian-presidential-election,https://polymarket.com/event/will-carlos-roberto-massa-jnior-win-the-2026-brazilian-presidential-election,https://embed.polymarket.com/market.html?market=will-carlos-roberto-massa-jnior-win-the-2026-brazilian-presidential-election&features=volume&theme=light,Will Carlos Roberto Massa Júnior win the 2026 Brazilian presidential election?,politics,,24h $18 • TTR 15.8d,10435681.476619003,18.98,0.0,0.0,2026-10-04T00:00:00+00:00,15.831,1,,-0.999,,0,"[{""name"": ""Top"", ""bestBid"": null, ""bestAsk"": 0.001}]"
559670,0xcb239105ed21a2420ba4d85090b9bc32755c56601ffdc528afd17fd6282fe930,will-gina-raimondo-win-the-2028-democratic-presidential-nomination-676,https://polymarket.com/event/will-gina-raimondo-win-the-2028-democratic-presidential-nomination-676,https://embed.polymarket.com/market.html?market=will-gina-raimondo-win-the-2028-democratic-presidential-nomination-676&features=volume&theme=light,Will Gina Raimondo win the 2028 Democratic presidential nomination?,united-states,,24h $381 • spread 0.001 • TTR 780.8d,35771619.017999,381.43,0.0,0.0,2028-11-07T00:00:00+00:00,780.831,1,0.001,-0.998,0.0015,0,"[{""name"": ""Top"", ""bestBid"": 0.001, ""bestAsk"": 0.002}]"
601822,0x37ec4c6b57a18b16eed1241f6155ee7ff45bc1697d7848f15ac33d406e38ed00,will-michelle-bolsonaro-win-the-2026-brazilian-presidential-election,https://polymarket.com/event/will-michelle-bolsonaro-win-the-2026-brazilian-presidential-election,https://embed.polymarket.com/market.html?market=will-michelle-bolsonaro-win-the-2026-brazilian-presidential-election&features=volume&theme=light,Will Michelle Bolsonaro win the 2026 Brazilian presidential election?,politics,,24h $10 • TTR 15.8d,10363567.112318002,10.0,0.0,0.0,2026-10-04T00:00:00+00:00,15.831,1,,-0.999,,0,"[{""name"": ""Top"", ""bestBid"": null, ""bestAsk"": 0.001}]"
561249,0x01dffa7abae7e5d9b7fb44b06d537c5ac932e2ca422ab4b53366672f5e2dc7d6,will-greg-abbott-win-the-2028-us-presidential-election,https://polymarket.com/event/will-greg-abbott-win-the-2028-us-presidential-election,https://embed.polymarket.com/market.html?market=will-greg-abbott-win-the-2028-us-presidential-election&features=volume&theme=light,Will Greg Abbott win the 2028 US Presidential Election?,president,,24h $111 • spread 0.001 • TTR 780.8d,35382426.43605504,111.84,-0.001,-13.3333,2028-11-07T00:00:00+00:00,780.831,1,0.001,-0.993,0.0065,0,"[{""name"": ""Top"", ""bestBid"": 0.006, ""bestAsk"": 0.007}]"
561242,0x8fc141205ebce5adf437bfdf4d0c5ff58ff24293b79c9431991346c208bb48ed,will-tulsi-gabbard-win-the-2028-us-presidential-election,https://polymarket.com/event/will-tulsi-gabbard-win-the-2028-us-presidential-election,https://embed.polymarket.com/market.html?market=will-tulsi-gabbard-win-the-2028-us-presidential-election&features=volume&theme=light,Will Tulsi Gabbard win the 2028 US Presidential Election?,president,,24h $406 • spread 0.001 • TTR 780.8d,35371056.98873702,406.71,0.0,0.0,2028-11-07T00:00:00+00:00,780.831,1,0.001,-0.998,0.0015,0,"[{""name"": ""Top"", ""bestBid"": 0.001, ""bestAsk"": 0.002}]"
2774057,0xa08a5ce99e14ce0b22767af6f16c08a2ab012249444c20887193a9a3e98e11fc,strait-of-hormuz-traffic-returns-to-normal-by-september-30-20260702154339440,https://polymarket.com/event/strait-of-hormuz-traffic-returns-to-normal-by-september-30-20260702154339440,https://embed.polymarket.com/market.html?market=strait-of-hormuz-traffic-returns-to-normal-by-september-30-20260702154339440&features=volume&theme=light,Strait of Hormuz traffic returns to normal by September 30?,oil,,"24h $153,273 • spread 0.001 • TTR 11.8d",8941741.770048002,153273.59,-0.003,-31.5789,2026-09-30T00:00:00+00:00,11.831,1,0.001,-0.993,0.0065,0,"[{""name"": ""Top"", ""bestBid"": 0.006, ""bestAsk"": 0.007}]"
561982,0x00ad3bb5284b0b2314b1a2d42812fe292f606619c6278bd95c9d905816c240f6,will-sarah-huckabee-sanders-win-the-2028-republican-presidential-nomination,https://polymarket.com/event/will-sarah-huckabee-sanders-win-the-2028-republican-presidential-nomination,https://embed.polymarket.com/market.html?market=will-sarah-huckabee-sanders-win-the-2028-republican-presidential-nomination&features=volume&theme=light,Will Sarah Huckabee Sanders win the 2028 Republican presidential nomination?,united-states,,TTR 780.8d,34451414.583974995,,0.0,0.0,2028-11-07T00:00:00+00:00,780.831,1,,-0.999,,0,"[{""name"": ""Top"", ""bestBid"": null, ""bestAsk"": 0.001}]"
559676,0x88d67705780a3d922317ecb0c78a947a306174d0510df2ae89394d5abfb28206,will-barack-obama-win-the-2028-democratic-presidential-nomination-265,https://polymarket.com/event/will-barack-obama-win-the-2028-democratic-presidential-nomination-265,https://embed.polymarket.com/market.html?market=will-barack-obama-win-the-2028-democratic-presidential-nomination-265&features=volume&theme=light,Will Barack Obama win the 2028 Democratic presidential nomination?,united-states,,"24h $41,312 • spread 0.001 • TTR 780.8d",34105158.225860044,41312.07,0.0,0.0,2028-11-07T00:00:00+00:00,780.831,1,0.001,-0.998,0.0015,0,"[{""name"": ""Top"", ""bestBid"": 0.001, ""bestAsk"": 0.002}]"
561240,0x66b906b8205f48a26beb8e553bbb1e7954e87e4f6e1d539823441221d1806e8f,will-stephen-smith-win-the-2028-us-presidential-election,https://polymarket.com/event/will-stephen-smith-win-the-2028-us-presidential-election,https://embed.polymarket.com/market.html?market=will-stephen-smith-win-the-2028-us-presidential-election&features=volume&theme=light,Will Stephen Smith win the 2028 US Presidential Election?,president,,24h $4 • TTR 780.8d,33475118.913494047,4.3,0.0,0.0,2028-11-07T00:00:00+00:00,780.831,1,,-0.999,,0,"[{""name"": ""Top"", ""bestBid"": null, ""bestAsk"": 0.001}]"
561999,0xf8dbde8b6e038775a673947e59da2de15a2127272b50b9877400fdbf7cfc3026,will-tom-brady-win-the-2028-republican-presidential-nomination,https://polymarket.com/event/will-tom-brady-win-the-2028-republican-presidential-nomination,https://embed.polymarket.com/market.html?market=will-tom-brady-win-the-2028-republican-presidential-nomination&features=volume&theme=light,Will Tom Brady win the 2028 Republican presidential nomination?,united-states,,"24h $10,140 • TTR 780.8d",32968514.178229015,10140.34,-0.001,-66.6667,2028-11-07T00:00:00+00:00,780.831,1,,-0.999,,0,"[{""name"": ""Top"", ""bestBid"": null, ""bestAsk"": 0.001}]"
559664,0xdce84960dce38aa4a5800a5eba7c9ac34d2ce49ba9d44c42572c472d468af264,will-raphael-warnock-win-the-2028-democratic-presidential-nomination-914,https://polymarket.com/event/will-raphael-warnock-win-the-2028-democratic-presidential-nomination-914,https://embed.polymarket.com/market.html?market=will-raphael-warnock-win-the-2028-democratic-presidential-nomination-914&features=volume&theme=light,Will Raphael Warnock win the 2028 Democratic presidential nomination?,united-states,,"24h $1,366 • spread 0.001 • TTR 780.8d",32198037.15591401,1366.11,0.0,0.0,2028-11-07T00:00:00+00:00,780.831,1,0.001,-0.994,0.0055,0,"[{""name"": ""Top"", ""bestBid"": 0.005, ""bestAsk"": 0.006}]"
559672,0x939eeb2dea216749bd409bedde483c3f2bfb0e24d4f2d34461c0b21c6e91f010,will-roy-cooper-win-the-2028-democratic-presidential-nomination-286,https://polymarket.com/event/will-roy-cooper-win-the-2028-democratic-presidential-nomination-286,https://embed.polymarket.com/market.html?market=will-roy-cooper-win-the-2028-democratic-presidential-nomination-286&features=volume&theme=light,Will Roy Cooper win the 2028 Democratic presidential nomination?,united-states,,"24h $65,878 • TTR 780.8d",31582445.76622604,65878.61,-0.001,-66.6667,2028-11-07T00:00:00+00:00,780.831,1,,-0.999,,0,"[{""name"": ""Top"", ""bestBid"": null, ""bestAsk"": 0.001}]"
560317,0x6bd56627aa21311850825edb27e53434a0e17a4f782be0086bc07f71eee00d0d,putin-out-before-2027-346,https://polymarket.com/event/putin-out-before-2027-346,https://embed.polymarket.com/market.html?market=putin-out-before-2027-346&features=volume&theme=light,"Putin out as President of Russia by December 31, 2026?",putin,,"24h $464,867 • spread 0.010 • TTR 105.0d",21792265.651813976,464867.31,-0.01,-18.1818,2027-01-01T04:59:00+00:00,105.038,1,0.01,-0.95,0.045,0,"[{""name"": ""Top"", ""bestBid"": 0.04, ""bestAsk"": 0.05}]"
1163699,0x9cb23d04b2ded06147482076688b69b487a8d982c63ebdda2ab3678cf27cf390,clarity-act-signed-into-law-in-2026,https://polymarket.com/event/clarity-act-signed-into-law-in-2026,https://embed.polymarket.com/market.html?market=clarity-act-signed-into-law-in-2026&features=volume&theme=light,Clarity Act (H.R.3633) signed into law in 2026?,crypto,,"24h $211,593 • spread 0.002 • TTR 105.0d",21692959.981236994,211593.37,0.0005,0.6289,2027-01-01T05:00:00+00:00,105.039,1,0.002,-0.919,0.08,0,"[{""name"": ""Top"", ""bestBid"": 0.079, ""bestAsk"": 0.081}]"
561990,0xfbb80ea5f8fc02ee7df8bd4f58790e1d04b874078a49a7b7028a74a2075100c9,will-elon-musk-win-the-2028-republican-presidential-nomination,https://polymarket.com/event/will-elon-musk-win-the-2028-republican-presidential-nomination,https://embed.polymarket.com/market.html?market=will-elon-musk-win-the-2028-republican-presidential-nomination&features=volume&theme=light,Will Elon Musk win the 2028 Republican presidential nomination?,united-states,,"24h $2,785 • spread 0.001 • TTR 780.8d",31379466.67357601,2785.87,0.0,0.0,2028-11-07T00:00:00+00:00,780.831,1,0.001,-0.998,0.0015,0,"[{""name"": ""Top"", ""bestBid"": 0.001, ""bestAsk"": 0.002}]"
561245,0xe0173375b7eaccb836f7b92d28a9a2d1cc69e54e5a65fae89a5d7e49aadd332e,will-nikki-haley-win-the-2028-us-presidential-election,https://polymarket.com/event/will-nikki-haley-win-the-2028-us-presidential-election,https://embed.polymarket.com/market.html?market=will-nikki-haley-win-the-2028-us-presidential-election&features=volume&theme=light,Will Nikki Haley win the 2028 US Presidential Election?,president,,TTR 780.8d,30102034.317046992,,0.0,0.0,2028-11-07T00:00:00+00:00,780.831,1,,-0.999,,0,"[{""name"": ""Top"", ""bestBid"": null, ""bestAsk"": 0.001}]"
561992,0x61a1278884fa70d68d4bcaaf72fad55bbdb063cac28c6947472ca91635fab10f,will-katie-britt-win-the-2028-republican-presidential-nomination,https://polymarket.com/event/will-katie-britt-win-the-2028-republican-presidential-nomination,https://embed.polymarket.com/market.html?market=will-katie-britt-win-the-2028-republican-presidential-nomination&features=volume&theme=light,Will Katie Britt win the 2028 Republican presidential nomination?,united-states,,24h $19 • spread 0.001 • TTR 780.8d,28965651.881781,19.6,0.0,0.0,2028-11-07T00:00:00+00:00,780.831,1,0.001,-0.998,0.0015,0,"[{""name"": ""Top"", ""bestBid"": 0.001, ""bestAsk"": 0.002}]"
562003,0x414378275cb214b747245942be889ee1e077c56d1c00eb4d726629c95f22b5a5,will-kim-kardashian-win-the-2028-republican-presidential-nomination,https://polymarket.com/event/will-kim-kardashian-win-the-2028-republican-presidential-nomination,https://embed.polymarket.com/market.html?market=will-kim-kardashian-win-the-2028-republican-presidential-nomination&features=volume&theme=light,Will Kim Kardashian win the 2028 Republican presidential nomination?,united-states,,24h $35 • spread 0.001 • TTR 780.8d,28562981.31103902,35.68,0.0,0.0,2028-11-07T00:00:00+00:00,780.831,1,0.001,-0.998,0.0015,0,"[{""name"": ""Top"", ""bestBid"": 0.001, ""bestAsk"": 0.002}]"
561987,0x655b4bfdfa55a95c24d6e9bf7e7cd62f1b57da9a1f4c7f40f090b8ba847dffa2,will-elise-stefanik-win-the-2028-republican-presidential-nomination,https://polymarket.com/event/will-elise-stefanik-win-the-2028-republican-presidential-nomination,https://embed.polymarket.com/market.html?market=will-elise-stefanik-win-the-2028-republican-presidential-nomination&features=volume&theme=light,Will Elise Stefanik win the 2028 Republican presidential nomination?,united-states,,24h $20 • spread 0.001 • TTR 780.8d,27989644.771554008,20.9,0.0,0.0,2028-11-07T00:00:00+00:00,780.831,1,0.001,-0.998,0.0015,0,"[{""name"": ""Top"", ""bestBid"": 0.001, ""bestAsk"": 0.002}]"
559652,0x0f49db97f71c68b1e42a6d16e3de93d85dbf7d4148e3f018eb79e88554be9f75,will-gavin-newsom-win-the-2028-democratic-presidential-nomination-568,https://polymarket.com/event/will-gavin-newsom-win-the-2028-democratic-presidential-nomination-568,https://embed.polymarket.com/market.html?market=will-gavin-newsom-win-the-2028-democratic-presidential-nomination-568&features=volume&theme=light,Will Gavin Newsom win the 2028 Democratic presidential nomination?,united-states,,"24h $13,939 • spread 0.001 • TTR 780.8d",27654500.550331976,13939.97,-0.002,-1.2384,2028-11-07T00:00:00+00:00,780.831,1,0.001,-0.84,0.1595,0,"[{""name"": ""Top"", ""bestBid"": 0.159, ""bestAsk"": 0.16}]"
561238,0xc4435df23facee8c4cd86090310c7835c2a0425646b2588b0a02e67fa42f444e,will-glenn-youngkin-win-the-2028-us-presidential-election,https://polymarket.com/event/will-glenn-youngkin-win-the-2028-us-presidential-election,https://embed.polymarket.com/market.html?market=will-glenn-youngkin-win-the-2028-us-presidential-election&features=volume&theme=light,Will Glenn Youngkin win the 2028 US Presidential Election?,president,,"24h $1,117 • spread 0.001 • TTR 780.8d",27516980.173642986,1117.88,-0.001,-40.0,2028-11-07T00:00:00+00:00,780.831,1,0.001,-0.998,0.0015,0,"[{""name"": ""Top"", ""bestBid"": 0.001, ""bestAsk"": 0.002}]"
601831,0x70f1a7d2cd490b640676d5e31470bcbe16fef40087de1af8b6f6e44e299b5784,will-eduardo-leite-win-the-2026-brazilian-presidential-election,https://polymarket.com/event/will-eduardo-leite-win-the-2026-brazilian-presidential-election,https://embed.polymarket.com/market.html?market=will-eduardo-leite-win-the-2026-brazilian-presidential-election&features=volume&theme=light,Will Eduardo Leite win the 2026 Brazilian presidential election?,politics,,TTR 15.8d,7986936.969927001,,0.0,0.0,2026-10-04T00:00:00+00:00,15.831,1,,-0.999,,0,"[{""name"": ""Top"", ""bestBid"": null, ""bestAsk"": 0.001}]"
559674,0x8fbcb151e2c988df5a43abb02298014b7daf34c008f3eed9188dd16a2a19bec1,will-jared-polis-win-the-2028-democratic-presidential-nomination-837,https://polymarket.com/event/will-jared-polis-win-the-2028-democratic-presidential-nomination-837,https://embed.polymarket.com/market.html?market=will-jared-polis-win-the-2028-democratic-presidential-nomination-837&features=volume&theme=light,Will Jared Polis win the 2028 Democratic presidential nomination?,united-states,,24h $6 • TTR 780.8d,27365059.090758003,6.83,0.0,0.0,2028-11-07T00:00:00+00:00,780.831,1,,-0.998,,0,"[{""name"": ""Top"", ""bestBid"": null, ""bestAsk"": 0.002}]"
561250,0x68e3c4e0dd8f82d010060032006fd157401b0bd8e04bd2953ae293e31eb99bf6,will-elon-musk-win-the-2028-us-presidential-election,https://polymarket.com/event/will-elon-musk-win-the-2028-us-presidential-election,https://embed.polymarket.com/market.html?market=will-elon-musk-win-the-2028-us-presidential-election&features=volume&theme=light,Will Elon Musk win the 2028 US Presidential Election?,president,,"24h $5,217 • spread 0.001 • TTR 780.8d",27137894.80182103,5217.75,0.0,0.0,2028-11-07T00:00:00+00:00,780.831,1,0.001,-0.998,0.0015,0,"[{""name"": ""Top"", ""bestBid"": 0.001, ""bestAsk"": 0.002}]"
2155000,0xa4ddc18895cc7b14810283ef8f113939abffd3969c6a0e37f1897110c67e6f73,hantavirus-pandemic-in-2026,https://polymarket.com/event/hantavirus-pandemic-in-2026,https://embed.polymarket.com/market.html?market=hantavirus-pandemic-in-2026&features=volume&theme=light,Hantavirus pandemic in 2026?,pandemics,,"24h $30,155 • spread 0.002 • TTR 105.0d",18276294.37468401,30155.3,0.0035,13.7255,2027-01-01T04:59:00+00:00,105.038,1,0.002,-0.97,0.029,0,"[{""name"": ""Top"", ""bestBid"": 0.028, ""bestAsk"": 0.03}]"
559665,0x1970bcce75e3674660917ae4685b433a9b1e0152d810a8d7c346dfd5e00694c2,will-corey-booker-win-the-2028-democratic-presidential-nomination-125,https://polymarket.com/event/will-corey-booker-win-the-2028-democratic-presidential-nomination-125,https://embed.polymarket.com/market.html?market=will-corey-booker-win-the-2028-democratic-presidential-nomination-125&features=volume&theme=light,Will Cory Booker win the 2028 Democratic presidential nomination?,united-states,,"24h $2,108 • spread 0.001 • TTR 780.8d",26304738.200501006,2108.8,0.0,0.0,2028-11-07T00:00:00+00:00,780.831,1,0.001,-0.994,0.0055,0,"[{""name"": ""Top"", ""bestBid"": 0.005, ""bestAsk"": 0.006}]"
559667,0x3e218c99a1335641b3a5ee6c887521d19b0c28fddd6b99c254a07968e35c0b1b,will-michelle-obama-win-the-2028-democratic-presidential-nomination-777,https://polymarket.com/event/will-michelle-obama-win-the-2028-democratic-presidential-nomination-777,https://embed.polymarket.com/market.html?market=will-michelle-obama-win-the-2028-democratic-presidential-nomination-777&features=volume&theme=light,Will Michelle Obama win the 2028 Democratic presidential nomination?,united-states,,24h $319 • spread 0.001 • TTR 780.8d,26302497.95841901,319.31,0.0,0.0,2028-11-07T00:00:00+00:00,780.831,1,0.001,-0.997,0.0025,0,"[{""name"": ""Top"", ""bestBid"": 0.002, ""bestAsk"": 0.003}]"
601827,0xbca3d70ec52a5a441ccc365a3b1b48b9cd0f08dfff4bc5871e2cd92d0d92caa1,will-ronaldo-caiado-win-the-2026-brazilian-presidential-election,https://polymarket.com/event/will-ronaldo-caiado-win-the-2026-brazilian-presidential-election,https://embed.polymarket.com/market.html?market=will-ronaldo-caiado-win-the-2026-brazilian-presidential-election&features=volume&theme=light,Will Ronaldo Caiado win the 2026 Brazilian presidential election?,politics,,"24h $36,570 • TTR 15.8d",7640861.478362001,36570.37,-0.001,-66.6667,2026-10-04T00:00:00+00:00,15.831,1,,-0.999,,0,"[{""name"": ""Top"", ""bestBid"": null, ""bestAsk"": 0.001}]"
601821,0xdd3d104667774208eae2239f576122ecdd1c04ba81cc14d26d22a36b33887977,will-fernando-haddad-win-the-2026-brazilian-presidential-election,https://polymarket.com/event/will-fernando-haddad-win-the-2026-brazilian-presidential-election,https://embed.polymarket.com/market.html?market=will-fernando-haddad-win-the-2026-brazilian-presidential-election&features=volume&theme=light,Will Fernando Haddad win the 2026 Brazilian presidential election?,politics,,"24h $1,020 • TTR 15.8d",7537916.071962998,1020.88,0.0,0.0,2026-10-04T00:00:00+00:00,15.831,1,,-0.999,,0,"[{""name"": ""Top"", ""bestBid"": null, ""bestAsk"": 0.001}]"
601828,0x054725b2a7971376f7924a7021221b12acc50fe78d97817824fe411704d5b5a2,will-romeu-zema-win-the-2026-brazilian-presidential-election,https://polymarket.com/event/will-romeu-zema-win-the-2026-brazilian-presidential-election,https://embed.polymarket.com/market.html?market=will-romeu-zema-win-the-2026-brazilian-presidential-election&features=volume&theme=light,Will Romeu Zema win the 2026 Brazilian presidential election?,politics,,"24h $107,012 • TTR 15.8d",7521291.913736001,107012.5,-0.001,-66.6667,2026-10-04T00:00:00+00:00,15.831,1,,-0.999,,0,"[{""name"": ""Top"", ""bestBid"": null, ""bestAsk"": 0.001}]"
559673,0xca1d1139b0c3a29983407f499476ae642482788e841a277eb86faeeb9fa4a85c,will-john-fetterman-win-the-2028-democratic-presidential-nomination-941,https://polymarket.com/event/will-john-fetterman-win-the-2028-democratic-presidential-nomination-941,https://embed.polymarket.com/market.html?market=will-john-fetterman-win-the-2028-democratic-presidential-nomination-941&features=volume&theme=light,Will John Fetterman win the 2028 Democratic presidential nomination?,united-states,,"24h $1,013 • TTR 780.8d",25651553.474834014,1013.33,0.0,0.0,2028-11-07T00:00:00+00:00,780.831,1,,-0.999,,0,"[{""name"": ""Top"", ""bestBid"": null, ""bestAsk"": 0.001}]"
559675,0xfee07be730188c94cd3644ed6f107fa3ea2dfab9989ce8d39aeeae064766abe3,will-jon-stewart-win-the-2028-democratic-presidential-nomination-518,https://polymarket.com/event/will-jon-stewart-win-the-2028-democratic-presidential-nomination-518,https://embed.polymarket.com/market.html?market=will-jon-stewart-win-the-2028-democratic-presidential-nomination-518&features=volume&theme=light,Will Jon Stewart win the 2028 Democratic presidential nomination?,united-states,,"24h $1,986 • spread 0.001 • TTR 780.8d",24758206.142862987,1986.6,0.002,133.3333,2028-11-07T00:00:00+00:00,780.831,1,0.001,-0.996,0.0035,0,"[{""name"": ""Top"", ""bestBid"": 0.003, ""bestAsk"": 0.004}]"
601820,0x63d8f3a34c90bd5342dda8acf62b6a898dfa52f86475efaf180b66493ef6af80,will-jair-bolsonaro-win-the-2026-brazilian-presidential-election,https://polymarket.com/event/will-jair-bolsonaro-win-the-2026-brazilian-presidential-election,https://embed.polymarket.com/market.html?market=will-jair-bolsonaro-win-the-2026-brazilian-presidential-election&features=volume&theme=light,Will Jair Bolsonaro win the 2026 Brazilian presidential election?,politics,,"24h $4,000 • TTR 15.8d",7019115.297873998,4000.0,0.0,0.0,2026-10-04T00:00:00+00:00,15.831,1,,-0.999,,0,"[{""name"": ""Top"", ""bestBid"": null, ""bestAsk"": 0.001}]"
559662,0x9d4f94f82de9d13ff1d3318639ab9000ee2533949e525343156f374fb00bd9b1,will-mark-cuban-win-the-2028-democratic-presidential-nomination-329,https://polymarket.com/event/will-mark-cuban-win-the-2028-democratic-presidential-nomination-329,https://embed.polymarket.com/market.html?market=will-mark-cuban-win-the-2028-democratic-presidential-nomination-329&features=volume&theme=light,Will Mark Cuban win the 2028 Democratic presidential nomination?,united-states,,24h $33 • spread 0.002 • TTR 780.8d,23058894.44786401,33.43,0.0005,11.1111,2028-11-07T00:00:00+00:00,780.831,1,0.002,-0.994,0.005,0,"[{""name"": ""Top"", ""bestBid"": 0.004, ""bestAsk"": 0.006}]"
559657,0xc8f1cf5d4f26e0fd9c8fe89f2a7b3263b902cf14fde7bfccef525753bb492e47,will-stephen-a-smith-win-the-2028-democratic-presidential-nomination-914,https://polymarket.com/event/will-stephen-a-smith-win-the-2028-democratic-presidential-nomination-914,https://embed.polymarket.com/market.html?market=will-stephen-a-smith-win-the-2028-democratic-presidential-nomination-914&features=volume&theme=light,Will Stephen A. Smith win the 2028 Democratic presidential nomination?,united-states,,24h $638 • spread 0.001 • TTR 780.8d,23037825.053689,638.0,0.0,0.0,2028-11-07T00:00:00+00:00,780.831,1,0.001,-0.998,0.0015,0,"[{""name"": ""Top"", ""bestBid"": 0.001, ""bestAsk"": 0.002}]"
562001,0xd5659eea81cada0bac656f5a9099861786cbae6755e2e1ac2c9e9441908b551f,will-steve-bannon-win-the-2028-republican-presidential-nomination,https://polymarket.com/event/will-steve-bannon-win-the-2028-republican-presidential-nomination,https://embed.polymarket.com/market.html?market=will-steve-bannon-win-the-2028-republican-presidential-nomination&features=volume&theme=light,Will Steve Bannon win the 2028 Republican presidential nomination?,united-states,,24h $30 • spread 0.002 • TTR 780.8d,22966159.165642023,30.76,0.0,0.0,2028-11-07T00:00:00+00:00,780.831,1,0.002,-0.997,0.002,0,"[{""name"": ""Top"", ""bestBid"": 0.001, ""bestAsk"": 0.003}]"
561256,0xf05b4b55336a4c1c7b44c726911d2b559732cff7bad339084de86ae364dc85f6,will-zohran-mamdani-win-the-2028-us-presidential-election,https://polymarket.com/event/will-zohran-mamdani-win-the-2028-us-presidential-election,https://embed.polymarket.com/market.html?market=will-zohran-mamdani-win-the-2028-us-presidential-election&features=volume&theme=light,Will Zohran Mamdani win the 2028 US Presidential Election?,president,,TTR 780.8d,22191482.83891299,,0.0,0.0,2028-11-07T00:00:00+00:00,780.831,1,,-0.999,,0,"[{""name"": ""Top"", ""bestBid"": null, ""bestAsk"": 0.001}]"
2772194,0xefa17dee3af09f69f9ddf245b969aa4efbe7c71cdf06ee49d694408bc33e2ed2,will-shakhtar-donetsk-win-the-2026-27-uefa-champions-league-championship-20260701202025578,https://polymarket.com/event/will-shakhtar-donetsk-win-the-2026-27-uefa-champions-league-championship-20260701202025578,https://embed.polymarket.com/market.html?market=will-shakhtar-donetsk-win-the-2026-27-uefa-champions-league-championship-20260701202025578&features=volume&theme=light,Will Shakhtar Donetsk win the 2026-27 UEFA Champions League Championship?,ucl,,"24h $428,555 • spread 0.001 • TTR 254.8d",19019175.492000006,428555.28,0.0,0.0,2027-05-30T23:59:00+00:00,254.83,1,0.001,-0.998,0.0015,0,"[{""name"": ""Top"", ""bestBid"": 0.001, ""bestAsk"": 0.002}]"
601830,0xd0536d9612e041312235baceac52bde48821e8aad4607533513b3782904b7d49,will-geraldo-alckmin-win-the-2026-brazilian-presidential-election,https://polymarket.com/event/will-geraldo-alckmin-win-the-2026-brazilian-presidential-election,https://embed.polymarket.com/market.html?market=will-geraldo-alckmin-win-the-2026-brazilian-presidential-election&features=volume&theme=light,Will Geraldo Alckmin win the 2026 Brazilian presidential election?,politics,,"24h $1,000 • TTR 15.8d",6295043.984681999,1000.0,0.0,0.0,2026-10-04T00:00:00+00:00,15.831,1,,-0.999,,0,"[{""name"": ""Top"", ""bestBid"": null, ""bestAsk"": 0.001}]"
2034729,0xace3c72c24fccb6731433483ece41c780432d84850edccd5a6bf3147ccea62a9,will-the-us-confirm-that-aliens-exist-by-september-30-396,https://polymarket.com/event/will-the-us-confirm-that-aliens-exist-by-september-30-396,https://embed.polymarket.com/market.html?market=will-the-us-confirm-that-aliens-exist-by-september-30-396&features=volume&theme=light,Will the US confirm that aliens exist by September 30?,aliens,,"24h $26,460 • spread 0.001 • TTR 13.0d",5765394.258725999,26460.59,-0.001,-18.1818,2026-10-01T03:59:00+00:00,12.997,1,0.001,-0.995,0.0045,0,"[{""name"": ""Top"", ""bestBid"": 0.004, ""bestAsk"": 0.005}]"
561983,0x214093035e429b91df322bd20c55d9f611f741f67472a63f7623a9afc0cffa57,will-greg-abbott-win-the-2028-republican-presidential-nomination,https://polymarket.com/event/will-greg-abbott-win-the-2028-republican-presidential-nomination,https://embed.polymarket.com/market.html?market=will-greg-abbott-win-the-2028-republican-presidential-nomination&features=volume&theme=light,Will Greg Abbott win the 2028 Republican presidential nomination?,united-states,,24h $45 • spread 0.001 • TTR 780.8d,20716788.275706,45.84,0.0,0.0,2028-11-07T00:00:00+00:00,780.831,1,0.001,-0.998,0.0015,0,"[{""name"": ""Top"", ""bestBid"": 0.001, ""bestAsk"": 0.002}]"
561988,0x4d4bceee5f59f75230c6438f69fc913a6da7afa4098ce0734655045c02a730fc,will-josh-hawley-win-the-2028-republican-presidential-nomination,https://polymarket.com/event/will-josh-hawley-win-the-2028-republican-presidential-nomination,https://embed.polymarket.com/market.html?market=will-josh-hawley-win-the-2028-republican-presidential-nomination&features=volume&theme=light,Will Josh Hawley win the 2028 Republican presidential nomination?,united-states,,"24h $106,966 • spread 0.001 • TTR 780.8d",20407964.17751899,106966.41,0.0,0.0,2028-11-07T00:00:00+00:00,780.831,1,0.001,-0.996,0.0035,0,"[{""name"": ""Top"", ""bestBid"": 0.003, ""bestAsk"": 0.004}]"
561991,0xf2cea45ec282af4f302d2ab85ede73678cd692ebf8c3ab6d52bfa5e19f44c553,will-matt-gaetz-win-the-2028-republican-presidential-nomination,https://polymarket.com/event/will-matt-gaetz-win-the-2028-republican-presidential-nomination,https://embed.polymarket.com/market.html?market=will-matt-gaetz-win-the-2028-republican-presidential-nomination&features=volume&theme=light,Will Matt Gaetz win the 2028 Republican presidential nomination?,united-states,,TTR 780.8d,20391117.635418,,0.0,0.0,2028-11-07T00:00:00+00:00,780.831,1,,-0.999,,0,"[{""name"": ""Top"", ""bestBid"": null, ""bestAsk"": 0.001}]"
559651,0xa467b14d51f01b957109d9cbb1d6c124fab2a089d52ed8f471d23c2812e743b7,xi-jinping-out-before-2027,https://polymarket.com/event/xi-jinping-out-before-2027,https://embed.polymarket.com/market.html?market=xi-jinping-out-before-2027&features=volume&theme=light,Xi Jinping out before 2027?,hfc,,"24h $136,215 • spread 0.001 • TTR 105.0d",13499941.141016006,136215.06,-0.006,-13.1868,2027-01-01T04:59:00+00:00,105.038,1,0.001,-0.96,0.0395,0,"[{""name"": ""Top"", ""bestBid"": 0.039, ""bestAsk"": 0.04}]"
562000,0xd10bc768ede58b53ed400594240b0a0603134a32dab89ec823a18759cbc180ca,will-rand-paul-win-the-2028-republican-presidential-nomination,https://polymarket.com/event/will-rand-paul-win-the-2028-republican-presidential-nomination,https://embed.polymarket.com/market.html?market=will-rand-paul-win-the-2028-republican-presidential-nomination&features=volume&theme=light,Will Rand Paul win the 2028 Republican presidential nomination?,united-states,,24h $19 • spread 0.001 • TTR 780.8d,19540682.39530199,19.54,0.0,0.0,2028-11-07T00:00:00+00:00,780.831,1,0.001,-0.997,0.0025,0,"[{""name"": ""Top"", ""bestBid"": 0.002, ""bestAsk"": 0.003}]"
561989,0x0ac23db1e56971022bc7e822b907a2466c618b34104ea72bc9fa95e41c86a9c6,will-ted-cruz-win-the-2028-republican-presidential-nomination,https://polymarket.com/event/will-ted-cruz-win-the-2028-republican-presidential-nomination,https://embed.polymarket.com/market.html?market=will-ted-cruz-win-the-2028-republican-presidential-nomination&features=volume&theme=light,Will Ted Cruz win the 2028 Republican presidential nomination?,united-states,,24h $128 • spread 0.001 • TTR 780.8d,19449011.519366987,128.86,0.0,0.0,2028-11-07T00:00:00+00:00,780.831,1,0.001,-0.982,0.0175,0,"[{""name"": ""Top"", ""bestBid"": 0.017, ""bestAsk"": 0.018}]"
561257,0xbbbece074c2d4010e39e39c85ed67b1131180fcea616073c893fb6beaf51d783,will-michelle-obama-win-the-2028-us-presidential-election,https://polymarket.com/event/will-michelle-obama-win-the-2028-us-presidential-election,https://embed.polymarket.com/market.html?market=will-michelle-obama-win-the-2028-us-presidential-election&features=volume&theme=light,Will Michelle Obama win the 2028 US Presidential Election?,president,,24h $178 • spread 0.001 • TTR 780.8d,19252383.33016001,178.91,0.0,0.0,2028-11-07T00:00:00+00:00,780.831,1,0.001,-0.998,0.0015,0,"[{""name"": ""Top"", ""bestBid"": 0.001, ""bestAsk"": 0.002}]"
601829,0x101d084cd035070abde58d8a3113b78e11ba68028b0d9e7e38ea7d780797aecc,will-camilo-santana-win-the-2026-brazilian-presidential-election,https://polymarket.com/event/will-camilo-santana-win-the-2026-brazilian-presidential-election,https://embed.polymarket.com/market.html?market=will-camilo-santana-win-the-2026-brazilian-presidential-election&features=volume&theme=light,Will Camilo Santana win the 2026 Brazilian presidential election?,politics,,"24h $1,002 • TTR 15.8d",5583532.579657001,1002.77,0.0,0.0,2026-10-04T00:00:00+00:00,15.831,1,,-0.999,,0,"[{""name"": ""Top"", ""bestBid"": null, ""bestAsk"": 0.001}]"
561237,0x09ad4955c170d46c6d80b5f554435b19e229ff7dbe55370892b64782336cc3b9,will-andy-beshear-win-the-2028-us-presidential-election,https://polymarket.com/event/will-andy-beshear-win-the-2028-us-presidential-election,https://embed.polymarket.com/market.html?market=will-andy-beshear-win-the-2028-us-presidential-election&features=volume&theme=light,Will Andy Beshear win the 2028 US Presidential Election?,president,,"24h $10,010 • spread 0.001 • TTR 780.8d",19192249.687705,10010.1,0.0,0.0,2028-11-07T00:00:00+00:00,780.831,1,0.001,-0.989,0.0105,0,"[{""name"": ""Top"", ""bestBid"": 0.01, ""bestAsk"": 0.011}]"
562002,0x7abed80b88301210ee83b7b14ec41bc9a5161e1af07254fbb26c6e2bf7182766,will-erika-kirk-win-the-2028-republican-presidential-nomination,https://polymarket.com/event/will-erika-kirk-win-the-2028-republican-presidential-nomination,https://embed.polymarket.com/market.html?market=will-erika-kirk-win-the-2028-republican-presidential-nomination&features=volume&theme=light,Will Erika Kirk win the 2028 Republican presidential nomination?,united-states,,"24h $1,000 • TTR 780.8d",18947544.533152,1000.0,0.0,0.0,2028-11-07T00:00:00+00:00,780.831,1,,-0.999,,0,"[{""name"": ""Top"", ""bestBid"": null, ""bestAsk"": 0.001}]"
561263,0x2d3c4fc5cde6dfb43448402b912e41bd4453e3f030448ed026bff8f1a0bc072e,will-eric-trump-win-the-2028-us-presidential-election,https://polymarket.com/event/will-eric-trump-win-the-2028-us-presidential-election,https://embed.polymarket.com/market.html?market=will-eric-trump-win-the-2028-us-presidential-election&features=volume&theme=light,Will Eric Trump win the 2028 US Presidential Election?,president,,TTR 780.8d,18826860.980761006,,0.0,0.0,2028-11-07T00:00:00+00:00,780.831,1,,-0.999,,0,"[{""name"": ""Top"", ""bestBid"": null, ""bestAsk"": 0.001}]"
559656,0x61d9486c0f7e14ed98f3b177b6adcb3cd45646c92e8bbfbf209789b86472d4b6,will-wes-moore-win-the-2028-democratic-presidential-nomination-714,https://polymarket.com/event/will-wes-moore-win-the-2028-democratic-presidential-nomination-714,https://embed.polymarket.com/market.html?market=will-wes-moore-win-the-2028-democratic-presidential-nomination-714&features=volume&theme=light,Will Wes Moore win the 2028 Democratic presidential nomination?,united-states,,24h $26 • spread 0.001 • TTR 780.8d,18420696.621798992,26.01,0.0,0.0,2028-11-07T00:00:00+00:00,780.831,1,0.001,-0.982,0.0175,0,"[{""name"": ""Top"", ""bestBid"": 0.017, ""bestAsk"": 0.018}]"
561230,0x4567b275e6b667a6217f5cb4f06a797d3a1eaf1d0281fb5bc8c75e2046ae7e57,will-gavin-newsom-win-the-2028-us-presidential-election,https://polymarket.com/event/will-gavin-newsom-win-the-2028-us-presidential-election,https://embed.polymarket.com/market.html?market=will-gavin-newsom-win-the-2028-us-presidential-election&features=volume&theme=light,Will Gavin Newsom win the 2028 US Presidential Election?,president,,"24h $9,343 • spread 0.003 • TTR 780.8d",18353654.090791,9343.52,-0.004,-4.9689,2028-11-07T00:00:00+00:00,780.831,1,0.003,-0.922,0.0765,0,"[{""name"": ""Top"", ""bestBid"": 0.075, ""bestAsk"": 0.078}]"
561985,0x42631e1a8c8e6389422b58b8e15b1b551892b9833651aa3bab25afab124354b5,will-brian-kemp-win-the-2028-republican-presidential-nomination,https://polymarket.com/event/will-brian-kemp-win-the-2028-republican-presidential-nomination,https://embed.polymarket.com/market.html?market=will-brian-kemp-win-the-2028-republican-presidential-nomination&features=volume&theme=light,Will Brian Kemp win the 2028 Republican presidential nomination?,united-states,,24h $43 • spread 0.001 • TTR 780.8d,17936680.792079005,43.43,0.0,0.0,2028-11-07T00:00:00+00:00,780.831,1,0.001,-0.996,0.0035,0,"[{""name"": ""Top"", ""bestBid"": 0.003, ""bestAsk"": 0.004}]"
559668,0x36db77c539bcc8c7bf0686c1b99f30c5a5eed1f53d3b3a27a071550c81f83701,will-mark-kelly-win-the-2028-democratic-presidential-nomination-479,https://polymarket.com/event/will-mark-kelly-win-the-2028-democratic-presidential-nomination-479,https://embed.polymarket.com/market.html?market=will-mark-kelly-win-the-2028-democratic-presidential-nomination-479&features=volume&theme=light,Will Mark Kelly win the 2028 Democratic presidential nomination?,united-states,,24h $331 • spread 0.001 • TTR 780.8d,17586204.624076977,331.16,0.0,0.0,2028-11-07T00:00:00+00:00,780.831,1,0.001,-0.967,0.0325,0,"[{""name"": ""Top"", ""bestBid"": 0.032, ""bestAsk"": 0.033}]"
559691,0xc720fcfa9e29346a976902f87e0f0f3bdc31d43af501b4fdef4f1780a30dd359,will-chris-murphy-win-the-2028-democratic-presidential-nomination,https://polymarket.com/event/will-chris-murphy-win-the-2028-democratic-presidential-nomination,https://embed.polymarket.com/market.html?market=will-chris-murphy-win-the-2028-democratic-presidential-nomination&features=volume&theme=light,Will Chris Murphy win the 2028 Democratic presidential nomination?,united-states,,24h $69 • spread 0.001 • TTR 780.8d,17406474.437576,69.97,0.0,0.0,2028-11-07T00:00:00+00:00,780.831,1,0.001,-0.995,0.0045,0,"[{""name"": ""Top"", ""bestBid"": 0.004, ""bestAsk"": 0.005}]"
898425,0xcf72b0f49af9446288a897ac1d73afa72549d98de7860bb17dacc3c4379a2c58,will-liam-lawson-be-the-2026-f1-drivers-champion,https://polymarket.com/event/will-liam-lawson-be-the-2026-f1-drivers-champion,https://embed.polymarket.com/market.html?market=will-liam-lawson-be-the-2026-f1-drivers-champion&features=volume&theme=light,Will Liam Lawson be the 2026 F1 Drivers' Champion?,sports,,TTR 78.8d,10720261.476794003,,0.0,0.0,2026-12-06T00:00:00+00:00,78.831,1,,-0.999,,0,"[{""name"": ""Top"", ""bestBid"": null, ""bestAsk"": 0.001}]"
2176270,0x5c79dfde05559b79a9cb9f7c4187e4d49632dd042572ae676952f812732591cc,strait-of-hormuz-traffic-returns-to-normal-by-december-31,https://polymarket.com/event/strait-of-hormuz-traffic-returns-to-normal-by-december-31,https://embed.polymarket.com/market.html?market=strait-of-hormuz-traffic-returns-to-normal-by-december-31&features=volume&theme=light,Strait of Hormuz traffic returns to normal by December 31?,politics,,"24h $24,990 • spread 0.010 • TTR 103.8d",11825334.397512998,24990.47,0.0,0.0,2026-12-31T00:00:00+00:00,103.831,1,0.01,-0.82,0.175,0,"[{""name"": ""Top"", ""bestBid"": 0.17, ""bestAsk"": 0.18}]"
601836,0x536b507838dcdac8966510d84abb8f1c51362d632ab2023b94e810ba6fdf5cb7,will-augusto-cury-win-the-2026-brazilian-presidential-election,https://polymarket.com/event/will-augusto-cury-win-the-2026-brazilian-presidential-election,https://embed.polymarket.com/market.html?market=will-augusto-cury-win-the-2026-brazilian-presidential-election&features=volume&theme=light,Will Augusto Cury win the 2026 Brazilian presidential election?,politics,,"24h $41,589 • spread 0.001 • TTR 15.8d",4971020.214449999,41589.14,-0.001,-40.0,2026-10-04T00:00:00+00:00,15.831,1,0.001,-0.998,0.0015,0,"[{""name"": ""Top"", ""bestBid"": 0.001, ""bestAsk"": 0.002}]"
601832,0xafd3f96b7b6084509e625270538ff0699003fafc042263c1216e7f084cef753a,will-aldo-rebelo-win-the-2026-brazilian-presidential-election,https://polymarket.com/event/will-aldo-rebelo-win-the-2026-brazilian-presidential-election,https://embed.polymarket.com/market.html?market=will-aldo-rebelo-win-the-2026-brazilian-presidential-election&features=volume&theme=light,Will Aldo Rebelo win the 2026 Brazilian presidential election?,politics,,TTR 15.8d,4956807.674043,,0.0,0.0,2026-10-04T00:00:00+00:00,15.831,1,,-0.999,,0,"[{""name"": ""Top"", ""bestBid"": null, ""bestAsk"": 0.001}]"
666861,0x48b0b0bca515f68fccf95af4793dbd0edbfec1f8ec6e8df2c0f69ba74f8c4722,trump-out-as-president-before-2027,https://polymarket.com/event/trump-out-as-president-before-2027,https://embed.polymarket.com/market.html?market=trump-out-as-president-before-2027&features=volume&theme=light,Trump out as President before 2027?,politics,,"24h $13,904 • spread 0.010 • TTR 105.0d",11731199.737787,13904.31,0.0,0.0,2027-01-01T04:59:00+00:00,105.038,1,0.01,-0.94,0.055,0,"[{""name"": ""Top"", ""bestBid"": 0.05, ""bestAsk"": 0.06}]"
561984,0xc510176cf39d73295354fc797d84b510d050b45d29d6c9735ee18cdbc4fd6463,will-robert-f-kennedy-jr-win-the-2028-republican-presidential-nomination,https://polymarket.com/event/will-robert-f-kennedy-jr-win-the-2028-republican-presidential-nomination,https://embed.polymarket.com/market.html?market=will-robert-f-kennedy-jr-win-the-2028-republican-presidential-nomination&features=volume&theme=light,Will Robert F. Kennedy Jr. win the 2028 Republican presidential nomination?,united-states,,24h $912 • spread 0.001 • TTR 780.8d,16837944.095846,912.98,-0.001,-28.5714,2028-11-07T00:00:00+00:00,780.831,1,0.001,-0.997,0.0025,0,"[{""name"": ""Top"", ""bestBid"": 0.002, ""bestAsk"": 0.003}]"
561229,0x7ad403c3508f8e3912940fd1a913f227591145ca0614074208e0b962d5fcc422,will-jd-vance-win-the-2028-us-presidential-election,https://polymarket.com/event/will-jd-vance-win-the-2028-us-presidential-election,https://embed.polymarket.com/market.html?market=will-jd-vance-win-the-2028-us-presidential-election&features=volume&theme=light,Will JD Vance win the 2028 US Presidential Election?,president,,"24h $14,686 • spread 0.001 • TTR 780.8d",16394682.48184895,14686.58,0.0,0.0,2028-11-07T00:00:00+00:00,780.831,1,0.001,-0.779,0.2205,0,"[{""name"": ""Top"", ""bestBid"": 0.22, ""bestAsk"": 0.221}]"
561981,0xd997dc2a212a7d6673375a3b016db1fb214247142f8cde0cbf07f8e6d789877c,will-vivek-ramaswamy-win-the-2028-republican-presidential-nomination,https://polymarket.com/event/will-vivek-ramaswamy-win-the-2028-republican-presidential-nomination,https://embed.polymarket.com/market.html?market=will-vivek-ramaswamy-win-the-2028-republican-presidential-nomination&features=volume&theme=light,Will Vivek Ramaswamy win the 2028 Republican presidential nomination?,united-states,,24h $409 • spread 0.001 • TTR 780.8d,16108347.197815005,409.11,0.0,0.0,2028-11-07T00:00:00+00:00,780.831,1,0.001,-0.997,0.0025,0,"[{""name"": ""Top"", ""bestBid"": 0.002, ""bestAsk"": 0.003}]"
1130015,0x8c48f3acf4177b5ceb012a8a2dc7a9c219eeae4a032d6ddcbc3c2ffab907439a,will-the-liberal-democratic-party-of-russia-ldpr-gain-the-most-seats-in-the-next-russian-parliamentary-election,https://polymarket.com/event/will-the-liberal-democratic-party-of-russia-ldpr-gain-the-most-seats-in-the-next-russian-parliamentary-election,https://embed.polymarket.com/market.html?market=will-the-liberal-democratic-party-of-russia-ldpr-gain-the-most-seats-in-the-next-russian-parliamentary-election&features=volume&theme=light,Will the Liberal Democratic Party of Russia (LDPR) gain the most seats in the next Russian parliamentary election?,politics,,"24h $61,928 • spread 0.001 • TTR 11.8d",4045470.140982,61928.97,-0.006,-22.6415,2026-09-30T00:00:00+00:00,11.831,1,0.001,-0.979,0.0205,0,"[{""name"": ""Top"", ""bestBid"": 0.02, ""bestAsk"": 0.021}]"
559663,0xe883f2fda25a605a184bb5fe583afce6cc21ea0b348b6a3728ec3067553c548d,will-jb-pritzker-win-the-2028-democratic-presidential-nomination-288,https://polymarket.com/event/will-jb-pritzker-win-the-2028-democratic-presidential-nomination-288,https://embed.polymarket.com/market.html?market=will-jb-pritzker-win-the-2028-democratic-presidential-nomination-288&features=volume&theme=light,Will J.B. Pritzker win the 2028 Democratic presidential nomination?,united-states,,"24h $23,349 • spread 0.001 • TTR 780.8d",15746541.695144981,23349.14,0.002,19.0476,2028-11-07T00:00:00+00:00,780.831,1,0.001,-0.987,0.0125,0,"[{""name"": ""Top"", ""bestBid"": 0.012, ""bestAsk"": 0.013}]"
561974,0x18b1c135d0a40c5894da9412e77311827d9caf16cf4cd6591b247a34730af919,will-jd-vance-win-the-2028-republican-presidential-nomination,https://polymarket.com/event/will-jd-vance-win-the-2028-republican-presidential-nomination,https://embed.polymarket.com/market.html?market=will-jd-vance-win-the-2028-republican-presidential-nomination&features=volume&theme=light,Will J.D. Vance win the 2028 Republican presidential nomination?,united-states,,"24h $11,425 • spread 0.001 • TTR 780.8d • ~50% mid",15662581.011262989,11425.78,0.0,0.0,2028-11-07T00:00:00+00:00,780.831,1,0.001,-0.487,0.5125,1,"[{""name"": ""Top"", ""bestBid"": 0.512, ""bestAsk"": 0.513}]"
561236,0xfd6176f8c9a59105f80e060a77c4099881c5f2d9e0ceab88e55cf978462fab7f,will-gretchen-whitmer-win-the-2028-us-presidential-election,https://polymarket.com/event/will-gretchen-whitmer-win-the-2028-us-presidential-election,https://embed.polymarket.com/market.html?market=will-gretchen-whitmer-win-the-2028-us-presidential-election&features=volume&theme=light,Will Gretchen Whitmer win the 2028 US Presidential Election?,president,,24h $345 • spread 0.001 • TTR 780.8d,15589953.660058012,345.04,0.0,0.0,2028-11-07T00:00:00+00:00,780.831,1,0.001,-0.996,0.0035,0,"[{""name"": ""Top"", ""bestBid"": 0.003, ""bestAsk"": 0.004}]"
561979,0x64d31a2af85518c6718a5757a35b840f08eca20c1e22c0eb1e96ec01cc55b8b6,will-ron-desantis-win-the-2028-republican-presidential-nomination,https://polymarket.com/event/will-ron-desantis-win-the-2028-republican-presidential-nomination,https://embed.polymarket.com/market.html?market=will-ron-desantis-win-the-2028-republican-presidential-nomination&features=volume&theme=light,Will Ron DeSantis win the 2028 Republican presidential nomination?,united-states,,"24h $8,042 • spread 0.002 • TTR 780.8d",15527171.812404,8042.2,0.0045,19.1489,2028-11-07T00:00:00+00:00,780.831,1,0.002,-0.971,0.028,0,"[{""name"": ""Top"", ""bestBid"": 0.027, ""bestAsk"": 0.029}]"
1126504,0x890fc3ba40458db0b67560691aa1597344c2a0560d18e80f586a4b35f510b4ce,will-the-us-acquire-any-part-of-greenland-in-2026,https://polymarket.com/event/will-the-us-acquire-any-part-of-greenland-in-2026,https://embed.polymarket.com/market.html?market=will-the-us-acquire-any-part-of-greenland-in-2026&features=volume&theme=light,Will the US acquire part of Greenland in 2026?,davos,,"24h $1,961 • spread 0.001 • TTR 105.0d",10691054.751412991,1961.92,0.0,0.0,2027-01-01T04:59:00+00:00,105.038,1,0.001,-0.96,0.0395,0,"[{""name"": ""Top"", ""bestBid"": 0.039, ""bestAsk"": 0.04}]"
789953,0x8aaaca6ea5c037d3cdfe85272ab9029b7165694dcae8af0de5071f01a1a944f0,will-afd-win-the-most-seats-in-the-2026-berlin-state-elections,https://polymarket.com/event/will-afd-win-the-most-seats-in-the-2026-berlin-state-elections,https://embed.polymarket.com/market.html?market=will-afd-win-the-most-seats-in-the-2026-berlin-state-elections&features=volume&theme=light,Will AfD win the most seats in the 2026 Berlin state elections?,world-elections,,"24h $12,009 • spread 0.001 • TTR 1.8d",2525358.0897430005,12009.4,-0.001,-1.6,2026-09-20T00:00:00+00:00,1.831,1,0.001,-0.938,0.0615,0,"[{""name"": ""Top"", ""bestBid"": 0.061, ""bestAsk"": 0.062}]"
559653,0xe6bcc2f1dd025ce5e1833190f7c60a71171c94f805df55b9ab0ded695ec93565,will-alexandria-ocasio-cortez-win-the-2028-democratic-presidential-nomination-653,https://polymarket.com/event/will-alexandria-ocasio-cortez-win-the-2028-democratic-presidential-nomination-653,https://embed.polymarket.com/market.html?market=will-alexandria-ocasio-cortez-win-the-2028-democratic-presidential-nomination-653&features=volume&theme=light,Will Alexandria Ocasio-Cortez win the 2028 Democratic presidential nomination?,united-states,,"24h $2,062 • spread 0.001 • TTR 780.8d",15190832.370762005,2062.79,0.0,0.0,2028-11-07T00:00:00+00:00,780.831,1,0.001,-0.817,0.1825,0,"[{""name"": ""Top"", ""bestBid"": 0.182, ""bestAsk"": 0.183}]"
898414,0x80971af8befc488bbdd6dcc075d388793851a0ea1c46f7ffd353b190691c7199,will-isack-hadjar-be-the-2026-f1-drivers-champion,https://polymarket.com/event/will-isack-hadjar-be-the-2026-f1-drivers-champion,https://embed.polymarket.com/market.html?market=will-isack-hadjar-be-the-2026-f1-drivers-champion&features=volume&theme=light,Will Isack Hadjar be the 2026 F1 Drivers' Champion?,sports,,TTR 78.8d,9373141.633225998,,0.0,0.0,2026-12-06T00:00:00+00:00,78.831,1,,-0.999,,0,"[{""name"": ""Top"", ""bestBid"": null, ""bestAsk"": 0.001}]"
559669,0x3dc47a72ac6bb265e9cefebd2a2eeed00966394cb2d07245b5c94138b60e82a3,will-rahm-emanuel-win-the-2028-democratic-presidential-nomination-299,https://polymarket.com/event/will-rahm-emanuel-win-the-2028-democratic-presidential-nomination-299,https://embed.polymarket.com/market.html?market=will-rahm-emanuel-win-the-2028-democratic-presidential-nomination-299&features=volume&theme=light,Will Rahm Emanuel win the 2028 Democratic presidential nomination?,united-states,,24h $101 • spread 0.001 • TTR 780.8d,14569715.975906,101.72,0.0,0.0,2028-11-07T00:00:00+00:00,780.831,1,0.001,-0.976,0.0235,0,"[{""name"": ""Top"", ""bestBid"": 0.023, ""bestAsk"": 0.024}]"
561253,0xd94b47bdeba16ae948bfb147bda059f3543d6fca73291644dfff5268bba7a797,will-tucker-carlson-win-the-2028-us-presidential-election,https://polymarket.com/event/will-tucker-carlson-win-the-2028-us-presidential-election,https://embed.polymarket.com/market.html?market=will-tucker-carlson-win-the-2028-us-presidential-election&features=volume&theme=light,Will Tucker Carlson win the 2028 US Presidential Election?,president,,"24h $17,293 • spread 0.001 • TTR 780.8d",14260994.399878005,17293.93,0.001,6.8966,2028-11-07T00:00:00+00:00,780.831,1,0.001,-0.984,0.0155,0,"[{""name"": ""Top"", ""bestBid"": 0.015, ""bestAsk"": 0.016}]"
637002,0x962e5b226a77266ab429029ee04665e8fcfeb10b91af593786ceab871d2e945f,will-donald-trump-win-the-nobel-peace-prize-in-2026-382,https://polymarket.com/event/will-donald-trump-win-the-nobel-peace-prize-in-2026-382,https://embed.polymarket.com/market.html?market=will-donald-trump-win-the-nobel-peace-prize-in-2026-382&features=volume&theme=light,Will Donald Trump win the Nobel Peace Prize in 2026?,awards,,"24h $23,609 • spread 0.002 • TTR 21.8d",4797639.996922001,23609.65,-0.0065,-25.4902,2026-10-10T00:00:00+00:00,21.831,1,0.002,-0.98,0.019,0,"[{""name"": ""Top"", ""bestBid"": 0.018, ""bestAsk"": 0.02}]"
561976,0x9cd77217b2ab264fe4f6d302f662c0a91f349fe5798f1f98d70bb2311712791b,will-tulsi-gabbard-win-the-2028-republican-presidential-nomination,https://polymarket.com/event/will-tulsi-gabbard-win-the-2028-republican-presidential-nomination,https://embed.polymarket.com/market.html?market=will-tulsi-gabbard-win-the-2028-republican-presidential-nomination&features=volume&theme=light,Will Tulsi Gabbard win the 2028 Republican presidential nomination?,united-states,,24h $36 • spread 0.001 • TTR 780.8d,13952290.137608998,36.88,0.0,0.0,2028-11-07T00:00:00+00:00,780.831,1,0.001,-0.996,0.0035,0,"[{""name"": ""Top"", ""bestBid"": 0.003, ""bestAsk"": 0.004}]"
601833,0xae7dd99bf126b033b77af2553a98b97e1190fd7bdddd5a792ca2791ae23e4d13,will-tereza-cristina-win-the-2026-brazilian-presidential-election,https://polymarket.com/event/will-tereza-cristina-win-the-2026-brazilian-presidential-election,https://embed.polymarket.com/market.html?market=will-tereza-cristina-win-the-2026-brazilian-presidential-election&features=volume&theme=light,Will Tereza Cristina win the 2026 Brazilian presidential election?,politics,,"24h $1,000 • TTR 15.8d",4015097.2265959997,1000.0,0.0,0.0,2026-10-04T00:00:00+00:00,15.831,1,,-0.999,,0,"[{""name"": ""Top"", ""bestBid"": null, ""bestAsk"": 0.001}]"
561244,0x23481b811978194fa175143ed7cd8d0000878ca59c408fd552e33535f7aa771e,will-donald-trump-jr-win-the-2028-us-presidential-election,https://polymarket.com/event/will-donald-trump-jr-win-the-2028-us-presidential-election,https://embed.polymarket.com/market.html?market=will-donald-trump-jr-win-the-2028-us-presidential-election&features=volume&theme=light,Will Donald Trump Jr. win the 2028 US Presidential Election?,president,,24h $997 • spread 0.001 • TTR 780.8d,13801262.460548012,997.5,0.0,0.0,2028-11-07T00:00:00+00:00,780.831,1,0.001,-0.995,0.0045,0,"[{""name"": ""Top"", ""bestBid"": 0.004, ""bestAsk"": 0.005}]"
561996,0x4273517fc8141d57ad1528ede46efdceebdb6a4da746d5de5bad216564209a1e,will-tucker-carlson-win-the-2028-republican-presidential-nomination,https://polymarket.com/event/will-tucker-carlson-win-the-2028-republican-presidential-nomination,https://embed.polymarket.com/market.html?market=will-tucker-carlson-win-the-2028-republican-presidential-nomination&features=volume&theme=light,Will Tucker Carlson win the 2028 Republican presidential nomination?,united-states,,"24h $1,591 • spread 0.001 • TTR 780.8d",13784453.682451002,1591.55,0.0,0.0,2028-11-07T00:00:00+00:00,780.831,1,0.001,-0.964,0.0355,0,"[{""name"": ""Top"", ""bestBid"": 0.035, ""bestAsk"": 0.036}]"
601835,0xe7567eb9c84e1f859a7e18f1042c724dbf57c3cc0459b312bee22156a57e60ea,will-pablo-marcal-win-the-2026-brazilian-presidential-election,https://polymarket.com/event/will-pablo-marcal-win-the-2026-brazilian-presidential-election,https://embed.polymarket.com/market.html?market=will-pablo-marcal-win-the-2026-brazilian-presidential-election&features=volume&theme=light,Will Pablo Marçal win the 2026 Brazilian presidential election?,politics,,"24h $2,000 • TTR 15.8d",3971492.402228,2000.0,0.0,0.0,2026-10-04T00:00:00+00:00,15.831,1,,-0.999,,0,"[{""name"": ""Top"", ""bestBid"": null, ""bestAsk"": 0.001}]"
561231,0xf232b565995e4b3a3e7fa6cef775eeff1cecd20ad7c013cb9fc8dadabfe279a9,will-alexandria-ocasio-cortez-win-the-2028-us-presidential-election,https://polymarket.com/event/will-alexandria-ocasio-cortez-win-the-2028-us-presidential-election,https://embed.polymarket.com/market.html?market=will-alexandria-ocasio-cortez-win-the-2028-us-presidential-election&features=volume&theme=light,Will Alexandria Ocasio-Cortez win the 2028 US Presidential Election?,president,,"24h $4,184 • spread 0.001 • TTR 780.8d",13649615.898507997,4184.87,0.0,0.0,2028-11-07T00:00:00+00:00,780.831,1,0.001,-0.869,0.1305,0,"[{""name"": ""Top"", ""bestBid"": 0.13, ""bestAsk"": 0.131}]"
562802,0xd5d9fc47718bd553592d126b1fa5e87183d27f3936975b0c04cc0f2dec1f1bb4,will-the-democratic-party-control-the-house-after-the-2026-midterm-elections,https://polymarket.com/event/will-the-democratic-party-control-the-house-after-the-2026-midterm-elections,https://embed.polymarket.com/market.html?market=will-the-democratic-party-control-the-house-after-the-2026-midterm-elections&features=volume&theme=light,Will the Democratic Party control the House after the 2026 Midterm elections?,parent-for-derivative,,"24h $21,188 • spread 0.010 • TTR 45.8d",6601712.444581002,21188.32,0.01,1.1299,2026-11-03T00:00:00+00:00,45.831,1,0.01,-0.1,0.895,0,"[{""name"": ""Top"", ""bestBid"": 0.89, ""bestAsk"": 0.9}]"
559658,0x909659c9436228e2be56d5582ba6188166f2f8bf3c596335512c8f2e380d01ec,will-kamala-harris-win-the-2028-democratic-presidential-nomination-641,https://polymarket.com/event/will-kamala-harris-win-the-2028-democratic-presidential-nomination-641,https://embed.polymarket.com/market.html?market=will-kamala-harris-win-the-2028-democratic-presidential-nomination-641&features=volume&theme=light,Will Kamala Harris win the 2028 Democratic presidential nomination?,united-states,,"24h $81,407 • spread 0.001 • TTR 780.8d",13393274.288744023,81407.79,0.0145,17.6829,2028-11-07T00:00:00+00:00,780.831,1,0.001,-0.903,0.0965,0,"[{""name"": ""Top"", ""bestBid"": 0.096, ""bestAsk"": 0.097}]"
1105750,0x4197bf7e572f1dd731669d33d05532c6d3b8cba71fb83dc69d789110e39c41b4,will-pete-hegseth-be-the-leader-of-venezuela-end-of-2026,https://polymarket.com/event/will-pete-hegseth-be-the-leader-of-venezuela-end-of-2026,https://embed.polymarket.com/market.html?market=will-pete-hegseth-be-the-leader-of-venezuela-end-of-2026&features=volume&theme=light,Will Pete Hegseth be the leader of Venezuela end of 2026?,trump-machado,,"24h $10,458 • spread 0.001 • TTR 103.8d",9205352.001330001,10458.33,0.0,0.0,2026-12-31T00:00:00+00:00,103.831,1,0.001,-0.998,0.0015,0,"[{""name"": ""Top"", ""bestBid"": 0.001, ""bestAsk"": 0.002}]"
1130016,0xc9615bb82d6535d630ff98e8094060bc767d8b9446516e98f84d2001a35e50e7,will-new-people-nl-gain-the-most-seats-in-the-next-russian-parliamentary-election,https://polymarket.com/event/will-new-people-nl-gain-the-most-seats-in-the-next-russian-parliamentary-election,https://embed.polymarket.com/market.html?market=will-new-people-nl-gain-the-most-seats-in-the-next-russian-parliamentary-election&features=volume&theme=light,Will New People (NL) gain the most seats in the next Russian parliamentary election?,politics,,"24h $112,984 • spread 0.005 • TTR 11.8d",3413020.399854998,112984.05,-0.022,-9.8214,2026-09-30T00:00:00+00:00,11.831,1,0.005,-0.795,0.2025,0,"[{""name"": ""Top"", ""bestBid"": 0.2, ""bestAsk"": 0.205}]"
559660,0x1d519b87999e3d4e90e1e8f57b5eee73a0ba488ff3fdb70867f294733aba84a9,will-andy-beshear-win-the-2028-democratic-presidential-nomination-832,https://polymarket.com/event/will-andy-beshear-win-the-2028-democratic-presidential-nomination-832,https://embed.polymarket.com/market.html?market=will-andy-beshear-win-the-2028-democratic-presidential-nomination-832&features=volume&theme=light,Will Andy Beshear win the 2028 Democratic presidential nomination?,united-states,,24h $9 • spread 0.001 • TTR 780.8d,13185350.929505996,9.16,0.0,0.0,2028-11-07T00:00:00+00:00,780.831,1,0.001,-0.975,0.0245,0,"[{""name"": ""Top"", ""bestBid"": 0.024, ""bestAsk"": 0.025}]"
561241,0xefe6300fd8a053cca53df8f1bd536c5f571a136392c0516e7b16e39f1addecb0,will-jb-pritzker-win-the-2028-us-presidential-election,https://polymarket.com/event/will-jb-pritzker-win-the-2028-us-presidential-election,https://embed.polymarket.com/market.html?market=will-jb-pritzker-win-the-2028-us-presidential-election&features=volume&theme=light,Will JB Pritzker win the 2028 US Presidential Election?,president,,24h $107 • spread 0.001 • TTR 780.8d,12992046.089394003,107.62,0.0,0.0,2028-11-07T00:00:00+00:00,780.831,1,0.001,-0.995,0.0045,0,"[{""name"": ""Top"", ""bestBid"": 0.004, ""bestAsk"": 0.005}]"
559661,0x74dba1ce1ae9dd535414e85f2d9ab5ea32c0fb1acc9b7130b67e6d91217e24e1,will-jon-ossoff-win-the-2028-democratic-presidential-nomination-885,https://polymarket.com/event/will-jon-ossoff-win-the-2028-democratic-presidential-nomination-885,https://embed.polymarket.com/market.html?market=will-jon-ossoff-win-the-2028-democratic-presidential-nomination-885&features=volume&theme=light,Will Jon Ossoff win the 2028 Democratic presidential nomination?,united-states,,"24h $2,805 • spread 0.001 • TTR 780.8d",12929134.893875003,2805.56,0.001,0.6116,2028-11-07T00:00:00+00:00,780.831,1,0.001,-0.835,0.1645,0,"[{""name"": ""Top"", ""bestBid"": 0.164, ""bestAsk"": 0.165}]"
3128887,0x30174f3f46398e37c96a07b45916e01eab9a8a854ecb624ac73a91a8490fd074,us-announces-end-of-iranian-blockade-by-september-30-2026-20260727171615364-722-649-646-561-213-644-414-831,https://polymarket.com/event/us-announces-end-of-iranian-blockade-by-september-30-2026-20260727171615364-722-649-646-561-213-644-414-831,https://embed.polymarket.com/market.html?market=us-announces-end-of-iranian-blockade-by-september-30-2026-20260727171615364-722-649-646-561-213-644-414-831&features=volume&theme=light,"US announces end of Iranian blockade by September 30, 2026?",iran,,"24h $69,657 • spread 0.020 • TTR 13.0d",3404130.4595359983,69657.31,-0.025,-18.5185,2026-10-01T03:59:00+00:00,12.997,1,0.02,-0.88,0.11,0,"[{""name"": ""Top"", ""bestBid"": 0.1, ""bestAsk"": 0.12}]"
1130014,0xa04f9a5818493b03a94d86c6323b7c9d8e060fa86b7e1ed3c0a2ad9a5517425b,will-a-just-russia-for-truth-srzp-gain-the-most-seats-in-the-next-russian-parliamentary-election,https://polymarket.com/event/will-a-just-russia-for-truth-srzp-gain-the-most-seats-in-the-next-russian-parliamentary-election,https://embed.polymarket.com/market.html?market=will-a-just-russia-for-truth-srzp-gain-the-most-seats-in-the-next-russian-parliamentary-election&features=volume&theme=light,Will A Just Russia – For Truth (SRZP) gain the most seats in the next Russian parliamentary election?,politics,,"24h $149,065 • spread 0.001 • TTR 11.8d",3260301.934937999,149065.93,0.0,0.0,2026-09-30T00:00:00+00:00,11.831,1,0.001,-0.998,0.0015,0,"[{""name"": ""Top"", ""bestBid"": 0.001, ""bestAsk"": 0.002}]"
561235,0xe29b33ef5bf351c8a22bfd79f8b58e62649d54ceee6f9735387cef79f52fecae,will-wes-moore-win-the-2028-us-presidential-election,https://polymarket.com/event/will-wes-moore-win-the-2028-us-presidential-election,https://embed.polymarket.com/market.html?market=will-wes-moore-win-the-2028-us-presidential-election&features=volume&theme=light,Will Wes Moore win the 2028 US Presidential Election?,president,,24h $128 • spread 0.001 • TTR 780.8d,12636432.379167,128.31,0.0,0.0,2028-11-07T00:00:00+00:00,780.831,1,0.001,-0.991,0.0085,0,"[{""name"": ""Top"", ""bestBid"": 0.008, ""bestAsk"": 0.009}]"
561246,0x3367d22cd2a673014f1960742afdf8601040a8ad856dc0a98bd1a44ee99504e2,will-ron-desantis-win-the-2028-us-presidential-election,https://polymarket.com/event/will-ron-desantis-win-the-2028-us-presidential-election,https://embed.polymarket.com/market.html?market=will-ron-desantis-win-the-2028-us-presidential-election&features=volume&theme=light,Will Ron DeSantis win the 2028 US Presidential Election?,president,,"24h $37,122 • spread 0.005 • TTR 780.8d",12625336.605273,37122.44,0.002,12.1212,2028-11-07T00:00:00+00:00,780.831,1,0.005,-0.979,0.0185,0,"[{""name"": ""Top"", ""bestBid"": 0.016, ""bestAsk"": 0.021}]"
559686,0x8dbf6b51f302fd401065706245c144e93fe209abce183199433d4484b3ed8aff,will-dwayne-the-rock-johnson-win-the-2028-democratic-presidential-nomination,https://polymarket.com/event/will-dwayne-the-rock-johnson-win-the-2028-democratic-presidential-nomination,https://embed.polymarket.com/market.html?market=will-dwayne-the-rock-johnson-win-the-2028-democratic-presidential-nomination&features=volume&theme=light,Will Dwayne 'The Rock' Johnson win the 2028 Democratic presidential nomination?,united-states,,24h $90 • spread 0.003 • TTR 780.8d,12512671.599096995,90.0,0.0,0.0,2028-11-07T00:00:00+00:00,780.831,1,0.003,-0.988,0.0105,0,"[{""name"": ""Top"", ""bestBid"": 0.009, ""bestAsk"": 0.012}]"
561234,0x2053d8515f1b8cbeea4ccdb56e60e89c2617e43a8660d95166b8e71d27865277,will-marco-rubio-win-the-2028-us-presidential-election,https://polymarket.com/event/will-marco-rubio-win-the-2028-us-presidential-election,https://embed.polymarket.com/market.html?market=will-marco-rubio-win-the-2028-us-presidential-election&features=volume&theme=light,Will Marco Rubio win the 2028 US Presidential Election?,president,,24h $44 • spread 0.001 • TTR 780.8d,12495091.29333999,44.65,0.0,0.0,2028-11-07T00:00:00+00:00,780.831,1,0.001,-0.894,0.1055,0,"[{""name"": ""Top"", ""bestBid"": 0.105, ""bestAsk"": 0.106}]"
616902,0xd4e77ba6f29fc093509d24f508631abd445ecf506bbdc9c4c80e60256a318527,will-no-fed-rate-cuts-happen-in-2026,https://polymarket.com/event/will-no-fed-rate-cuts-happen-in-2026,https://embed.polymarket.com/market.html?market=will-no-fed-rate-cuts-happen-in-2026&features=volume&theme=light,Will no Fed rate cuts happen in 2026?,rewards-200-4pt5-50,,"24h $48,773 • spread 0.001 • TTR 103.8d",8426399.130954,48773.38,0.0055,0.5802,2026-12-31T00:00:00+00:00,103.831,1,0.001,-0.046,0.9535,0,"[{""name"": ""Top"", ""bestBid"": 0.953, ""bestAsk"": 0.954}]"
3701690,0xcfbc2e5fbabb9e8a03bf234367244d4c97eaaf3ac33e2ba001541ee3e0e62416,israel-closes-its-airspace-by-september-30,https://polymarket.com/event/israel-closes-its-airspace-by-september-30,https://embed.polymarket.com/market.html?market=israel-closes-its-airspace-by-september-30&features=volume&theme=light,Israel closes its airspace by September 30?,politics,,"24h $54,666 • spread 0.002 • TTR 13.0d",3250066.8409840004,54666.54,0.0025,0.2545,2026-10-01T03:59:00+00:00,12.997,1,0.002,-0.014,0.985,0,"[{""name"": ""Top"", ""bestBid"": 0.984, ""bestAsk"": 0.986}]"
559659,0xe39adea057926dc197fe30a441f57a340b2a232d5a687010f78bba9b6e02620f,will-gretchen-whitmer-win-the-2028-democratic-presidential-nomination-676,https://polymarket.com/event/will-gretchen-whitmer-win-the-2028-democratic-presidential-nomination-676,https://embed.polymarket.com/market.html?market=will-gretchen-whitmer-win-the-2028-democratic-presidential-nomination-676&features=volume&theme=light,Will Gretchen Whitmer win the 2028 Democratic presidential nomination?,united-states,,24h $568 • spread 0.001 • TTR 780.8d,12063701.766153006,568.23,-0.001,-18.1818,2028-11-07T00:00:00+00:00,780.831,1,0.001,-0.995,0.0045,0,"[{""name"": ""Top"", ""bestBid"": 0.004, ""bestAsk"": 0.005}]"
1130017,0x2636a06ef9192d50bf0100bf8c857cfe346e8b230978056f2857cb69276e5c46,will-rodina-gain-the-most-seats-in-the-next-russian-parliamentary-election,https://polymarket.com/event/will-rodina-gain-the-most-seats-in-the-next-russian-parliamentary-election,https://embed.polymarket.com/market.html?market=will-rodina-gain-the-most-seats-in-the-next-russian-parliamentary-election&features=volume&theme=light,Will Rodina gain the most seats in the next Russian parliamentary election?,politics,,"24h $20,000 • TTR 11.8d",3083562.204644,20000.0,0.0,0.0,2026-09-30T00:00:00+00:00,11.831,1,,-0.999,,0,"[{""name"": ""Top"", ""bestBid"": null, ""bestAsk"": 0.001}]"
559654,0x4c325469d9b516ef4e6b8f73a81a12607dec075e3c2fd454f91765aaeafc4760,will-pete-buttigieg-win-the-2028-democratic-presidential-nomination-687,https://polymarket.com/event/will-pete-buttigieg-win-the-2028-democratic-presidential-nomination-687,https://embed.polymarket.com/market.html?market=will-pete-buttigieg-win-the-2028-democratic-presidential-nomination-687&features=volume&theme=light,Will Pete Buttigieg win the 2028 Democratic presidential nomination?,united-states,,24h $121 • spread 0.001 • TTR 780.8d,12007031.265842015,121.85,0.0,0.0,2028-11-07T00:00:00+00:00,780.831,1,0.001,-0.945,0.0545,0,"[{""name"": ""Top"", ""bestBid"": 0.054, ""bestAsk"": 0.055}]"
2170255,0x95fc6a4ed7f6856d26aa7f21b9f902d05c9cf76b616fd3463de4d147f7a9126b,bab-el-mandeb-strait-effectively-closed-by-september-30-999-671-939,https://polymarket.com/event/bab-el-mandeb-strait-effectively-closed-by-september-30-999-671-939,https://embed.polymarket.com/market.html?market=bab-el-mandeb-strait-effectively-closed-by-september-30-999-671-939&features=volume&theme=light,Bab el-Mandeb Strait effectively closed by September 30?,politics,,"24h $79,862 • spread 0.001 • TTR 13.0d",3191669.583683004,79862.84,0.001,3.0769,2026-10-01T03:59:00+00:00,12.997,1,0.001,-0.966,0.0335,0,"[{""name"": ""Top"", ""bestBid"": 0.033, ""bestAsk"": 0.034}]"
694936,0x733a3bb1f78a42bdf60092866ceb931664fb1dae1d66d3a6d2cf7b72cec96400,will-nebius-group-be-acquired-before-2027-514-765,https://polymarket.com/event/will-nebius-group-be-acquired-before-2027-514-765,https://embed.polymarket.com/market.html?market=will-nebius-group-be-acquired-before-2027-514-765&features=volume&theme=light,Will Nebius Group be acquired before 2027?,business,,24h $25 • spread 0.001 • TTR 105.0d,7959010.146199001,25.66,-0.001,-3.6364,2027-01-01T04:59:00+00:00,105.038,1,0.001,-0.973,0.0265,0,"[{""name"": ""Top"", ""bestBid"": 0.026, ""bestAsk"": 0.027}]"
559694,0x20d0bc282552ac5ec6f61cd7101cb42a5948cae07e7651bdf40ede1a8b2c5eac,will-ro-khanna-win-the-2028-democratic-presidential-nomination,https://polymarket.com/event/will-ro-khanna-win-the-2028-democratic-presidential-nomination,https://embed.polymarket.com/market.html?market=will-ro-khanna-win-the-2028-democratic-presidential-nomination&features=volume&theme=light,Will Ro Khanna win the 2028 Democratic presidential nomination?,united-states,,"24h $10,000 • spread 0.001 • TTR 780.8d",11289941.394335,10000.0,0.0,0.0,2028-11-07T00:00:00+00:00,780.831,1,0.001,-0.985,0.0145,0,"[{""name"": ""Top"", ""bestBid"": 0.014, ""bestAsk"": 0.015}]"
898409,0x6eec2b6b1c8d62aaacda46471e8caf7320f4ea9235f5ee87cba970a32a4e6985,will-lando-norris-be-the-2026-f1-drivers-champion,https://polymarket.com/event/will-lando-norris-be-the-2026-f1-drivers-champion,https://embed.polymarket.com/market.html?market=will-lando-norris-be-the-2026-f1-drivers-champion&features=volume&theme=light,Will Lando Norris be the 2026 F1 Drivers' Champion?,sports,,24h $124 • spread 0.001 • TTR 78.8d,6844715.713218997,124.62,-0.001,-3.5088,2026-12-06T00:00:00+00:00,78.831,1,0.001,-0.972,0.0275,0,"[{""name"": ""Top"", ""bestBid"": 0.027, ""bestAsk"": 0.028}]"
561258,0xa9549c44687993a9a154347c6907092341459b927efaa3f2b49009ca2c4e40a1,will-jamie-dimon-win-the-2028-us-presidential-election,https://polymarket.com/event/will-jamie-dimon-win-the-2028-us-presidential-election,https://embed.polymarket.com/market.html?market=will-jamie-dimon-win-the-2028-us-presidential-election&features=volume&theme=light,Will Jamie Dimon win the 2028 US Presidential Election?,president,,"24h $1,621 • spread 0.001 • TTR 780.8d",10982925.838403003,1621.12,0.0,0.0,2028-11-07T00:00:00+00:00,780.831,1,0.001,-0.995,0.0045,0,"[{""name"": ""Top"", ""bestBid"": 0.004, ""bestAsk"": 0.005}]"
561259,0xb314f5dbf75919a34d4997e8b22e6793505e3377a690eaa11a75a2547e926bee,will-ro-khanna-win-the-2028-us-presidential-election,https://polymarket.com/event/will-ro-khanna-win-the-2028-us-presidential-election,https://embed.polymarket.com/market.html?market=will-ro-khanna-win-the-2028-us-presidential-election&features=volume&theme=light,Will Ro Khanna win the 2028 US Presidential Election?,president,,"24h $2,253 • spread 0.001 • TTR 780.8d",10795042.413563998,2253.86,0.0,0.0,2028-11-07T00:00:00+00:00,780.831,1,0.001,-0.991,0.0085,0,"[{""name"": ""Top"", ""bestBid"": 0.008, ""bestAsk"": 0.009}]"
701502,0x024b68f77bfc019341ee3db8f57c103334e4b9430bba4746d8c94aafd8b36fee,will-bitcoin-dip-to-45000-by-december-31-2026-674-923-755-971-998-525-926-245-316-517-544-589-965-923-986-841-815-224-586-231-289-533-573,https://polymarket.com/event/will-bitcoin-dip-to-45000-by-december-31-2026-674-923-755-971-998-525-926-245-316-517-544-589-965-923-986-841-815-224-586-231-289-533-573,https://embed.polymarket.com/market.html?market=will-bitcoin-dip-to-45000-by-december-31-2026-674-923-755-971-998-525-926-245-316-517-544-589-965-923-986-841-815-224-586-231-289-533-573&features=volume&theme=light,"Will Bitcoin dip to $45,000 by December 31, 2026?",bitcoin,,"24h $35,339 • spread 0.010 • TTR 105.0d",7444822.799770999,35339.57,-0.005,-7.1429,2027-01-01T05:00:00+00:00,105.039,1,0.01,-0.93,0.065,0,"[{""name"": ""Top"", ""bestBid"": 0.06, ""bestAsk"": 0.07}]"
559695,0xb91be12388b3d4079c3ed9b5783cb42d8c33051d37746a49300227e0f45fc089,will-james-talarico-win-the-2028-democratic-presidential-nomination,https://polymarket.com/event/will-james-talarico-win-the-2028-democratic-presidential-nomination,https://embed.polymarket.com/market.html?market=will-james-talarico-win-the-2028-democratic-presidential-nomination&features=volume&theme=light,Will James Talarico win the 2028 Democratic presidential nomination?,united-states,,"24h $3,263 • spread 0.001 • TTR 780.8d",10649072.314910999,3263.43,0.0,0.0,2028-11-07T00:00:00+00:00,780.831,1,0.001,-0.976,0.0235,0,"[{""name"": ""Top"", ""bestBid"": 0.023, ""bestAsk"": 0.024}]"
561975,0x21ad31a46bfaa51650766eff6dc69c866959e32d965ffb116020e37694b6317d,will-marco-rubio-win-the-2028-republican-presidential-nomination,https://polymarket.com/event/will-marco-rubio-win-the-2028-republican-presidential-nomination,https://embed.polymarket.com/market.html?market=will-marco-rubio-win-the-2028-republican-presidential-nomination&features=volume&theme=light,Will Marco Rubio win the 2028 Republican presidential nomination?,united-states,,"24h $1,428 • spread 0.001 • TTR 780.8d",10633978.982661998,1428.18,-0.001,-0.6154,2028-11-07T00:00:00+00:00,780.831,1,0.001,-0.838,0.1615,0,"[{""name"": ""Top"", ""bestBid"": 0.161, ""bestAsk"": 0.162}]"
562006,0xca68152902c3581ab42feb04921b8b1cd3c4e80d06f255ae077259fca0bba15c,will-eric-trump-win-the-2028-republican-presidential-nomination,https://polymarket.com/event/will-eric-trump-win-the-2028-republican-presidential-nomination,https://embed.polymarket.com/market.html?market=will-eric-trump-win-the-2028-republican-presidential-nomination&features=volume&theme=light,Will Eric Trump win the 2028 Republican presidential nomination?,united-states,,24h $37 • spread 0.001 • TTR 780.8d,10572622.262373999,37.23,0.0,0.0,2028-11-07T00:00:00+00:00,780.831,1,0.001,-0.998,0.0015,0,"[{""name"": ""Top"", ""bestBid"": 0.001, ""bestAsk"": 0.002}]"
898410,0x1c373746c204f7437cb212d2bcfbc5fdf0f0263ae9b470dd92c676d4c2c5ba03,will-oscar-piastri-be-the-2026-f1-drivers-champion,https://polymarket.com/event/will-oscar-piastri-be-the-2026-f1-drivers-champion,https://embed.polymarket.com/market.html?market=will-oscar-piastri-be-the-2026-f1-drivers-champion&features=volume&theme=light,Will Oscar Piastri be the 2026 F1 Drivers' Champion?,sports,,TTR 78.8d,6492697.787879001,,0.0,0.0,2026-12-06T00:00:00+00:00,78.831,1,,-0.999,,0,"[{""name"": ""Top"", ""bestBid"": null, ""bestAsk"": 0.001}]"
561980,0xd7a0d72b19ca48b06b0029684677f581e32f133c367d7a19c2f1e4ad07066af7,will-nikki-haley-win-the-2028-republican-presidential-nomination,https://polymarket.com/event/will-nikki-haley-win-the-2028-republican-presidential-nomination,https://embed.polymarket.com/market.html?market=will-nikki-haley-win-the-2028-republican-presidential-nomination&features=volume&theme=light,Will Nikki Haley win the 2028 Republican presidential nomination?,united-states,,24h $24 • spread 0.001 • TTR 780.8d,10384023.74627201,24.86,0.0,0.0,2028-11-07T00:00:00+00:00,780.831,1,0.001,-0.998,0.0015,0,"[{""name"": ""Top"", ""bestBid"": 0.001, ""bestAsk"": 0.002}]"
561264,0xea649be6ea3447f3c145a173883c68a89faf4edda1f85109b76baa93b3ee7a87,will-pete-hegseth-win-the-2028-us-presidential-election,https://polymarket.com/event/will-pete-hegseth-win-the-2028-us-presidential-election,https://embed.polymarket.com/market.html?market=will-pete-hegseth-win-the-2028-us-presidential-election&features=volume&theme=light,Will Pete Hegseth win the 2028 US Presidential Election?,president,,TTR 780.8d,10339084.636485998,,0.0,0.0,2028-11-07T00:00:00+00:00,780.831,1,,-0.999,,0,"[{""name"": ""Top"", ""bestBid"": null, ""bestAsk"": 0.001}]"
561243,0xce9a5fa30fe74e323b4a8f15afbb0b7a41a537aa880779ddf7dee22223b2f34a,will-donald-trump-win-the-2028-us-presidential-election,https://polymarket.com/event/will-donald-trump-win-the-2028-us-presidential-election,https://embed.polymarket.com/market.html?market=will-donald-trump-win-the-2028-us-presidential-election&features=volume&theme=light,Will Donald Trump win the 2028 US Presidential Election?,president,,"24h $5,933 • spread 0.002 • TTR 780.8d",10230930.024114994,5933.94,0.002,11.1111,2028-11-07T00:00:00+00:00,780.831,1,0.002,-0.979,0.02,0,"[{""name"": ""Top"", ""bestBid"": 0.019, ""bestAsk"": 0.021}]"
559655,0xd65891729ce093cc12236856837eba1a0872fc7998fd4294c21346f7db68079c,will-josh-shapiro-win-the-2028-democratic-presidential-nomination-977,https://polymarket.com/event/will-josh-shapiro-win-the-2028-democratic-presidential-nomination-977,https://embed.polymarket.com/market.html?market=will-josh-shapiro-win-the-2028-democratic-presidential-nomination-977&features=volume&theme=light,Will Josh Shapiro win the 2028 Democratic presidential nomination?,united-states,,24h $21 • spread 0.001 • TTR 780.8d,9964744.676998006,21.8,0.0,0.0,2028-11-07T00:00:00+00:00,780.831,1,0.001,-0.936,0.0635,0,"[{""name"": ""Top"", ""bestBid"": 0.063, ""bestAsk"": 0.064}]"
898413,0x696576c9b20d20a71e0acd6f84d215f129fa361ed544b0df14f1ae540d84059f,will-max-verstappen-be-the-2026-f1-drivers-champion,https://polymarket.com/event/will-max-verstappen-be-the-2026-f1-drivers-champion,https://embed.polymarket.com/market.html?market=will-max-verstappen-be-the-2026-f1-drivers-champion&features=volume&theme=light,Will Max Verstappen be the 2026 F1 Drivers' Champion?,sports,,"24h $1,800 • spread 0.001 • TTR 78.8d",6174650.534827002,1800.97,0.0,0.0,2026-12-06T00:00:00+00:00,78.831,1,0.001,-0.996,0.0035,0,"[{""name"": ""Top"", ""bestBid"": 0.003, ""bestAsk"": 0.004}]"
562803,0x4e4f77e7dbf4cab666e9a1943674d7ae66348e862df03ea6f44b11eb95731928,will-the-republican-party-control-the-house-after-the-2026-midterm-elections,https://polymarket.com/event/will-the-republican-party-control-the-house-after-the-2026-midterm-elections,https://embed.polymarket.com/market.html?market=will-the-republican-party-control-the-house-after-the-2026-midterm-elections&features=volume&theme=light,Will the Republican Party control the House after the 2026 Midterm elections?,parent-for-derivative,,"24h $33,294 • spread 0.010 • TTR 45.8d",4836012.21504,33294.48,-0.01,-8.6957,2026-11-03T00:00:00+00:00,45.831,1,0.01,-0.89,0.105,0,"[{""name"": ""Top"", ""bestBid"": 0.1, ""bestAsk"": 0.11}]"
628955,0x8d62f20324e9e7f1a3c663ab6aac9a2f6e7adb96c6a69ac2cea7e08a71a7f2ef,will-tom-steyer-win-the-california-governor-election-in-2026,https://polymarket.com/event/will-tom-steyer-win-the-california-governor-election-in-2026,https://embed.polymarket.com/market.html?market=will-tom-steyer-win-the-california-governor-election-in-2026&features=volume&theme=light,Will Tom Steyer win the California Governor Election in 2026?,california-midterm,,24h $434 • TTR 45.8d,4794704.163603999,434.13,-0.001,-66.6667,2026-11-03T00:00:00+00:00,45.831,1,,-0.999,,0,"[{""name"": ""Top"", ""bestBid"": null, ""bestAsk"": 0.001}]"
561978,0x4a9d58d4da874e26708f5bdb014eb07a06aeebb927068d169d43831595386557,will-donald-trump-jr-win-the-2028-republican-presidential-nomination,https://polymarket.com/event/will-donald-trump-jr-win-the-2028-republican-presidential-nomination,https://embed.polymarket.com/market.html?market=will-donald-trump-jr-win-the-2028-republican-presidential-nomination&features=volume&theme=light,Will Donald Trump Jr. win the 2028 Republican presidential nomination?,united-states,,24h $50 • spread 0.001 • TTR 780.8d,9653569.854561998,50.73,0.0,0.0,2028-11-07T00:00:00+00:00,780.831,1,0.001,-0.984,0.0155,0,"[{""name"": ""Top"", ""bestBid"": 0.015, ""bestAsk"": 0.016}]"
561973,0x895e01dbf3e6a33cd9a44ca0f8cdb5df1bd2b0b6ebed5300d28f8da7145145e4,will-donald-trump-win-the-2028-republican-presidential-nomination,https://polymarket.com/event/will-donald-trump-win-the-2028-republican-presidential-nomination,https://embed.polymarket.com/market.html?market=will-donald-trump-win-the-2028-republican-presidential-nomination&features=volume&theme=light,Will Donald Trump win the 2028 Republican presidential nomination?,united-states,,"24h $2,448 • spread 0.002 • TTR 780.8d",9557757.459697,2448.85,0.0005,2.5641,2028-11-07T00:00:00+00:00,780.831,1,0.002,-0.979,0.02,0,"[{""name"": ""Top"", ""bestBid"": 0.019, ""bestAsk"": 0.021}]"
1469737,0x25fb28382075f418a944a781a9f8840e2f541152eea0d9798d1cabfa1466adbb,will-mojtaba-khamenei-be-head-of-state-in-iran-end-of-2026,https://polymarket.com/event/will-mojtaba-khamenei-be-head-of-state-in-iran-end-of-2026,https://embed.polymarket.com/market.html?market=will-mojtaba-khamenei-be-head-of-state-in-iran-end-of-2026&features=volume&theme=light,Will Mojtaba Khamenei be head of state in Iran end of 2026?,middle-east,,"24h $4,374 • spread 0.001 • TTR 103.8d",6503887.741120999,4374.92,0.011,1.3261,2026-12-31T00:00:00+00:00,103.831,1,0.001,-0.159,0.8405,0,"[{""name"": ""Top"", ""bestBid"": 0.84, ""bestAsk"": 0.841}]"
716942,0x1d916047bbca1be9808076a0590c17ff113fb92986a4b4bc7f0f962642158827,will-there-be-at-least-10000-measles-cases-in-the-us-in-2026-418-668-617-245-787,https://polymarket.com/event/will-there-be-at-least-10000-measles-cases-in-the-us-in-2026-418-668-617-245-787,https://embed.polymarket.com/market.html?market=will-there-be-at-least-10000-measles-cases-in-the-us-in-2026-418-668-617-245-787&features=volume&theme=light,Will there be at least 10000 measles cases in the U.S. in 2026?,rewards-20-4pt5-50,,24h $825 • spread 0.016 • TTR 105.0d,6525969.562463994,825.99,0.0085,11.8056,2027-01-01T04:59:00+00:00,105.038,1,0.016,-0.911,0.081,0,"[{""name"": ""Top"", ""bestBid"": 0.073, ""bestAsk"": 0.089}]"
562008,0x5f3b3456b2d6ef0d6f15d7492162725057be78d738d2465456e2835f1d89046c,will-pete-hegseth-win-the-2028-republican-presidential-nomination,https://polymarket.com/event/will-pete-hegseth-win-the-2028-republican-presidential-nomination,https://embed.polymarket.com/market.html?market=will-pete-hegseth-win-the-2028-republican-presidential-nomination&features=volume&theme=light,Will Pete Hegseth win the 2028 Republican presidential nomination?,united-states,,24h $235 • spread 0.001 • TTR 780.8d,9354727.315727,235.1,0.0,0.0,2028-11-07T00:00:00+00:00,780.831,1,0.001,-0.995,0.0045,0,"[{""name"": ""Top"", ""bestBid"": 0.004, ""bestAsk"": 0.005}]"
608547,0x12dc2b61723b2a54fc1947a307389b5f32038e7a29a0e936ad1fe410b969d06a,will-harry-kane-win-the-2026-ballon-dor,https://polymarket.com/event/will-harry-kane-win-the-2026-ballon-dor,https://embed.polymarket.com/market.html?market=will-harry-kane-win-the-2026-ballon-dor&features=volume&theme=light,Will Harry Kane win the 2026 Ballon d'Or?,soccer,,"24h $66,161 • spread 0.012 • TTR 42.8d • ~50% mid",4299533.659206999,66161.54,0.0055,0.976,2026-10-31T00:00:00+00:00,42.831,1,0.012,-0.425,0.569,1,"[{""name"": ""Top"", ""bestBid"": 0.563, ""bestAsk"": 0.575}]"
1130013,0x7b91997c6c8ca00643ab322f63af50acf1a0e9b86be130b67e5a19005215e252,will-the-communist-party-of-the-russian-federation-kprf-gain-the-most-seats-in-the-next-russian-parliamentary-election,https://polymarket.com/event/will-the-communist-party-of-the-russian-federation-kprf-gain-the-most-seats-in-the-next-russian-parliamentary-election,https://embed.polymarket.com/market.html?market=will-the-communist-party-of-the-russian-federation-kprf-gain-the-most-seats-in-the-next-russian-parliamentary-election&features=volume&theme=light,Will the Communist Party of the Russian Federation (KPRF) gain the most seats in the next Russian parliamentary election?,politics,,"24h $96,970 • spread 0.001 • TTR 11.8d",2320818.354573999,96970.78,-0.001,-6.8966,2026-09-30T00:00:00+00:00,11.831,1,0.001,-0.986,0.0135,0,"[{""name"": ""Top"", ""bestBid"": 0.013, ""bestAsk"": 0.014}]"
561239,0xb3298af85e00aafad937c119444a5f2800a55343b7482eb75581f6e454432501,will-kamala-harris-win-the-2028-us-presidential-election,https://polymarket.com/event/will-kamala-harris-win-the-2028-us-presidential-election,https://embed.polymarket.com/market.html?market=will-kamala-harris-win-the-2028-us-presidential-election&features=volume&theme=light,Will Kamala Harris win the 2028 US Presidential Election?,president,,"24h $2,366 • spread 0.001 • TTR 780.8d",9029582.304091012,2366.95,0.0005,1.0638,2028-11-07T00:00:00+00:00,780.831,1,0.001,-0.952,0.0475,0,"[{""name"": ""Top"", ""bestBid"": 0.047, ""bestAsk"": 0.048}]"
1130020,0xc65fb00eb998335039e5120dc390967576c4bfaee22a2342a17ced0fbc2c7e4e,will-yabloko-gain-the-most-seats-in-the-next-russian-parliamentary-election,https://polymarket.com/event/will-yabloko-gain-the-most-seats-in-the-next-russian-parliamentary-election,https://embed.polymarket.com/market.html?market=will-yabloko-gain-the-most-seats-in-the-next-russian-parliamentary-election&features=volume&theme=light,Will Yabloko gain the most seats in the next Russian parliamentary election?,politics,,"24h $69,722 • spread 0.001 • TTR 11.8d",2295605.447611,69722.14,-0.002,-44.4444,2026-09-30T00:00:00+00:00,11.831,1,0.001,-0.997,0.0025,0,"[{""name"": ""Top"", ""bestBid"": 0.002, ""bestAsk"": 0.003}]"
562007,0xf2cb33c6634ee4676b642e728715c68441fb8d8c90f730ba0b5c3cd1f436a4be,will-joe-kent-win-the-2028-republican-presidential-nomination,https://polymarket.com/event/will-joe-kent-win-the-2028-republican-presidential-nomination,https://embed.polymarket.com/market.html?market=will-joe-kent-win-the-2028-republican-presidential-nomination&features=volume&theme=light,Will Joe Kent win the 2028 Republican presidential nomination?,united-states,,"24h $1,047 • spread 0.001 • TTR 780.8d",8930983.778539998,1047.05,0.0,0.0,2028-11-07T00:00:00+00:00,780.831,1,0.001,-0.998,0.0015,0,"[{""name"": ""Top"", ""bestBid"": 0.001, ""bestAsk"": 0.002}]"
559693,0x98933c78b5e277b62d91a6c174b412218de000b54c4c67ec8673bf561cec6e81,will-ruben-gallego-win-the-2028-democratic-presidential-nomination,https://polymarket.com/event/will-ruben-gallego-win-the-2028-democratic-presidential-nomination,https://embed.polymarket.com/market.html?market=will-ruben-gallego-win-the-2028-democratic-presidential-nomination&features=volume&theme=light,Will Ruben Gallego win the 2028 Democratic presidential nomination?,united-states,,"24h $43,962 • spread 0.001 • TTR 780.8d",8807780.106941003,43962.74,0.001,200.0,2028-11-07T00:00:00+00:00,780.831,1,0.001,-0.998,0.0015,0,"[{""name"": ""Top"", ""bestBid"": 0.001, ""bestAsk"": 0.002}]"
898416,0x2cefe6009ea518f77b8a82714e54c0af1d0f25e99b37d4861f4a5d3ebbf142d3,will-lewis-hamilton-be-the-2026-f1-drivers-champion,https://polymarket.com/event/will-lewis-hamilton-be-the-2026-f1-drivers-champion,https://embed.polymarket.com/market.html?market=will-lewis-hamilton-be-the-2026-f1-drivers-champion&features=volume&theme=light,Will Lewis Hamilton be the 2026 F1 Drivers' Champion?,sports,,"24h $16,025 • spread 0.002 • TTR 78.8d",5459077.955353998,16025.97,0.001,25.0,2026-12-06T00:00:00+00:00,78.831,1,0.002,-0.994,0.005,0,"[{""name"": ""Top"", ""bestBid"": 0.004, ""bestAsk"": 0.006}]"
701501,0x752fa61c93f16c4b15e85b0bd438d9c684176b0ea7b319a84c8aca34616e8a8c,will-bitcoin-dip-to-55000-by-december-31-2026-527-627-868-745-188-361-314-673-612-946-821-624-855-557-684-381-884-939-182-939-516,https://polymarket.com/event/will-bitcoin-dip-to-55000-by-december-31-2026-527-627-868-745-188-361-314-673-612-946-821-624-855-557-684-381-884-939-182-939-516,https://embed.polymarket.com/market.html?market=will-bitcoin-dip-to-55000-by-december-31-2026-527-627-868-745-188-361-314-673-612-946-821-624-855-557-684-381-884-939-182-939-516&features=volume&theme=light,"Will Bitcoin dip to $55,000 by December 31, 2026?",bitcoin,,"24h $35,158 • spread 0.010 • TTR 105.0d",6075297.75274,35158.43,-0.015,-8.3333,2027-01-01T05:00:00+00:00,105.039,1,0.01,-0.83,0.165,0,"[{""name"": ""Top"", ""bestBid"": 0.16, ""bestAsk"": 0.17}]"
561977,0xd0c4c60c8e68ee15974df3aa7d217225e98020fab9fcdb32d10f8e3d285e1619,will-glenn-youngkin-win-the-2028-republican-presidential-nomination,https://polymarket.com/event/will-glenn-youngkin-win-the-2028-republican-presidential-nomination,https://embed.polymarket.com/market.html?market=will-glenn-youngkin-win-the-2028-republican-presidential-nomination&features=volume&theme=light,Will Glenn Youngkin win the 2028 Republican presidential nomination?,united-states,,24h $16 • spread 0.001 • TTR 780.8d,8717591.225283004,16.41,0.0,0.0,2028-11-07T00:00:00+00:00,780.831,1,0.001,-0.995,0.0045,0,"[{""name"": ""Top"", ""bestBid"": 0.004, ""bestAsk"": 0.005}]"
2737255,0xb55b2b13aee7a480ab0695912a65cb34a5fe5e84d5da810873d9c3e1182f9fd0,will-the-iranian-regime-fall-by-september-30-20260629143335077,https://polymarket.com/event/will-the-iranian-regime-fall-by-september-30-20260629143335077,https://embed.polymarket.com/market.html?market=will-the-iranian-regime-fall-by-september-30-20260629143335077&features=volume&theme=light,Will the Iranian regime fall by September 30?,iran,,"24h $42,098 • spread 0.001 • TTR 13.0d",2303513.0977820004,42098.27,-0.002,-36.3636,2026-10-01T03:59:00+00:00,12.997,1,0.001,-0.996,0.0035,0,"[{""name"": ""Top"", ""bestBid"": 0.003, ""bestAsk"": 0.004}]"
898415,0xe0711866c51f7d0c43284f43e3ae34125e462e909e16bf685718df7610e6a1e7,will-charles-leclerc-be-the-2026-f1-drivers-champion,https://polymarket.com/event/will-charles-leclerc-be-the-2026-f1-drivers-champion,https://embed.polymarket.com/market.html?market=will-charles-leclerc-be-the-2026-f1-drivers-champion&features=volume&theme=light,Will Charles Leclerc be the 2026 F1 Drivers' Champion?,sports,,24h $454 • spread 0.001 • TTR 78.8d,5353115.796828999,454.53,0.0,0.0,2026-12-06T00:00:00+00:00,78.831,1,0.001,-0.994,0.0055,0,"[{""name"": ""Top"", ""bestBid"": 0.005, ""bestAsk"": 0.006}]"
561998,0x4f02b9cf70e514964fcb9aa2f7873d2b0d1aa0986da096cce7e6687e78da00f3,will-ivanka-trump-win-the-2028-republican-presidential-nomination,https://polymarket.com/event/will-ivanka-trump-win-the-2028-republican-presidential-nomination,https://embed.polymarket.com/market.html?market=will-ivanka-trump-win-the-2028-republican-presidential-nomination&features=volume&theme=light,Will Ivanka Trump win the 2028 Republican presidential nomination?,united-states,,24h $265 • spread 0.002 • TTR 780.8d,8566001.736522002,265.83,0.0,0.0,2028-11-07T00:00:00+00:00,780.831,1,0.002,-0.99,0.009,0,"[{""name"": ""Top"", ""bestBid"": 0.008, ""bestAsk"": 0.01}]"
559696,0x6685b25cc7c89032efcdf81eb27fdc6bbf04a3e4299bcd99c9f3d62c8471001e,will-graham-platner-win-the-2028-democratic-presidential-nomination,https://polymarket.com/event/will-graham-platner-win-the-2028-democratic-presidential-nomination,https://embed.polymarket.com/market.html?market=will-graham-platner-win-the-2028-democratic-presidential-nomination&features=volume&theme=light,Will Graham Platner win the 2028 Democratic presidential nomination?,united-states,,TTR 780.8d,8531235.089158,,0.0,0.0,2028-11-07T00:00:00+00:00,780.831,1,,-0.999,,0,"[{""name"": ""Top"", ""bestBid"": null, ""bestAsk"": 0.001}]"
3399458,0x524ce344b80a160c237d91a33efdd8b82468b0dc0d33f60d500f8bf69b80b8bb,israel-x-iran-ceasefire-continues-through-september-30,https://polymarket.com/event/israel-x-iran-ceasefire-continues-through-september-30,https://embed.polymarket.com/market.html?market=israel-x-iran-ceasefire-continues-through-september-30&features=volume&theme=light,Israel x Iran ceasefire continues through September 30?,iran,,"24h $49,968 • spread 0.020 • TTR 12.7d",2224698.549141001,49968.74,-0.005,-0.5405,2026-09-30T20:29:00+00:00,12.684,1,0.02,-0.07,0.92,0,"[{""name"": ""Top"", ""bestBid"": 0.91, ""bestAsk"": 0.93}]"
561260,0x32903694997a5c09afee30904970f9fab2a5fb4ec45f572f194341185574f1a4,will-thomas-massie-win-the-2028-us-presidential-election,https://polymarket.com/event/will-thomas-massie-win-the-2028-us-presidential-election,https://embed.polymarket.com/market.html?market=will-thomas-massie-win-the-2028-us-presidential-election&features=volume&theme=light,Will Thomas Massie win the 2028 US Presidential Election?,president,,"24h $8,476 • spread 0.004 • TTR 780.8d",8394840.029841997,8476.44,0.0025,33.3333,2028-11-07T00:00:00+00:00,780.831,1,0.004,-0.988,0.01,0,"[{""name"": ""Top"", ""bestBid"": 0.008, ""bestAsk"": 0.012}]"
561252,0xe2bdf6c18c8ab5ad5d3be5f95dd749e88d1dee7ac7c4dbf5101013a5c055e3df,will-dwayne-the-rock-johnson-win-the-2028-us-presidential-election,https://polymarket.com/event/will-dwayne-the-rock-johnson-win-the-2028-us-presidential-election,https://embed.polymarket.com/market.html?market=will-dwayne-the-rock-johnson-win-the-2028-us-presidential-election&features=volume&theme=light,Will Dwayne 'The Rock' Johnson win the 2028 US Presidential Election?,president,,"24h $2,341 • spread 0.001 • TTR 780.8d",8384411.6221520025,2341.41,0.0,0.0,2028-11-07T00:00:00+00:00,780.831,1,0.001,-0.985,0.0145,0,"[{""name"": ""Top"", ""bestBid"": 0.014, ""bestAsk"": 0.015}]"
601834,0x919c9bc428d2d19400437852066582b11bb7b00ad78529a0069cde76766b9faf,will-helder-barbalho-win-the-2026-brazilian-presidential-election,https://polymarket.com/event/will-helder-barbalho-win-the-2026-brazilian-presidential-election,https://embed.polymarket.com/market.html?market=will-helder-barbalho-win-the-2026-brazilian-presidential-election&features=volume&theme=light,Will Helder Barbalho win the 2026 Brazilian presidential election?,politics,,TTR 15.8d,2408918.4968820005,,0.0,0.0,2026-10-04T00:00:00+00:00,15.831,1,,-0.999,,0,"[{""name"": ""Top"", ""bestBid"": null, ""bestAsk"": 0.001}]"
561232,0x2c03c41e5032364cb7166e842bdd22913f28aa2c837d8432704aa89c338875c8,will-pete-buttigieg-win-the-2028-us-presidential-election,https://polymarket.com/event/will-pete-buttigieg-win-the-2028-us-presidential-election,https://embed.polymarket.com/market.html?market=will-pete-buttigieg-win-the-2028-us-presidential-election&features=volume&theme=light,Will Pete Buttigieg win the 2028 US Presidential Election?,president,,"24h $26,844 • spread 0.002 • TTR 780.8d",8269212.926356,26844.17,0.0005,1.9608,2028-11-07T00:00:00+00:00,780.831,1,0.002,-0.973,0.026,0,"[{""name"": ""Top"", ""bestBid"": 0.025, ""bestAsk"": 0.027}]"
561255,0xc586d15be76278848a26c761c2fcf70f8cebca71815cfab83e656ff5c6ec13a9,will-ivanka-trump-win-the-2028-us-presidential-election,https://polymarket.com/event/will-ivanka-trump-win-the-2028-us-presidential-election,https://embed.polymarket.com/market.html?market=will-ivanka-trump-win-the-2028-us-presidential-election&features=volume&theme=light,Will Ivanka Trump win the 2028 US Presidential Election?,president,,"24h $1,646 • spread 0.001 • TTR 780.8d",8238209.920191007,1646.68,0.0,0.0,2028-11-07T00:00:00+00:00,780.831,1,0.001,-0.995,0.0045,0,"[{""name"": ""Top"", ""bestBid"": 0.004, ""bestAsk"": 0.005}]"
1105751,0x1dd7704a6d05cca078564bc0bac541261425bc9252acc5634639f5161daf45f9,will-evan-pettus-be-the-leader-of-venezuela-end-of-2026,https://polymarket.com/event/will-evan-pettus-be-the-leader-of-venezuela-end-of-2026,https://embed.polymarket.com/market.html?market=will-evan-pettus-be-the-leader-of-venezuela-end-of-2026&features=volume&theme=light,Will Evan Pettus be the leader of Venezuela end of 2026?,trump-machado,,24h $366 • spread 0.001 • TTR 103.8d,5652413.7473140005,366.59,0.0,0.0,2026-12-31T00:00:00+00:00,103.831,1,0.001,-0.998,0.0015,0,"[{""name"": ""Top"", ""bestBid"": 0.001, ""bestAsk"": 0.002}]"
1633606,0x5ca616aaa0e1e5df6c38439f8bee4b96bacfe32f8f39cb2f1604c0196548662f,will-china-invade-taiwan-by-september-30-2026,https://polymarket.com/event/will-china-invade-taiwan-by-september-30-2026,https://embed.polymarket.com/market.html?market=will-china-invade-taiwan-by-september-30-2026&features=volume&theme=light,"Will China invade Taiwan by September 30, 2026?",china,,"24h $5,166 • spread 0.001 • TTR 13.0d",2141797.9747289997,5166.09,0.001,28.5714,2026-10-01T03:59:00+00:00,12.997,1,0.001,-0.995,0.0045,0,"[{""name"": ""Top"", ""bestBid"": 0.004, ""bestAsk"": 0.005}]"
1057883,0x6fefc0438c7598b23531457c8c60541990d0786bd4bd9dfc3eabc8d95c291092,will-bitcoin-reach-250000-by-december-31-2026-579-442,https://polymarket.com/event/will-bitcoin-reach-250000-by-december-31-2026-579-442,https://embed.polymarket.com/market.html?market=will-bitcoin-reach-250000-by-december-31-2026-579-442&features=volume&theme=light,"Will Bitcoin reach $250,000 by December 31, 2026?",bitcoin,,spread 0.001 • TTR 105.0d,5470131.869331003,,0.0,0.0,2027-01-01T05:00:00+00:00,105.039,1,0.001,-0.991,0.0085,0,"[{""name"": ""Top"", ""bestBid"": 0.008, ""bestAsk"": 0.009}]"
648383,0x9345d5142a67f5541264c96515496affee02580f1c572680759eac9fd2a1588a,billionaire-one-time-wealth-tax-passes-in-california-election-2026,https://polymarket.com/event/billionaire-one-time-wealth-tax-passes-in-california-election-2026,https://embed.polymarket.com/market.html?market=billionaire-one-time-wealth-tax-passes-in-california-election-2026&features=volume&theme=light,Billionaire one-time wealth tax passes in California election 2026?,taxes,,"24h $3,835 • spread 0.010 • TTR 45.8d",3762118.258431,3835.79,-0.02,-6.5574,2026-11-03T00:00:00+00:00,45.831,1,0.01,-0.71,0.285,0,"[{""name"": ""Top"", ""bestBid"": 0.28, ""bestAsk"": 0.29}]"
616913,0x1adf074e048fa613f4ddbc0766088748a48d120a3a713b0183e219032a411ae3,will-11-fed-rate-cuts-happen-in-2026,https://polymarket.com/event/will-11-fed-rate-cuts-happen-in-2026,https://embed.polymarket.com/market.html?market=will-11-fed-rate-cuts-happen-in-2026&features=volume&theme=light,Will 11 Fed rate cuts happen in 2026?,rewards-200-4pt5-50,,TTR 103.8d,5267833.8381010005,,0.0,0.0,2026-12-31T00:00:00+00:00,103.831,1,,-0.999,,0,"[{""name"": ""Top"", ""bestBid"": null, ""bestAsk"": 0.001}]"
1469755,0x4266ab921148974f104cbadd099e13bca989441bf58acfd2a08fc6cc7440e1a1,will-mohammad-khatami-be-head-of-state-in-iran-end-of-2026,https://polymarket.com/event/will-mohammad-khatami-be-head-of-state-in-iran-end-of-2026,https://embed.polymarket.com/market.html?market=will-mohammad-khatami-be-head-of-state-in-iran-end-of-2026&features=volume&theme=light,Will Mohammad Khatami be head of state in Iran end of 2026?,middle-east,,24h $40 • spread 0.001 • TTR 103.8d,5215087.768480999,40.04,0.0,0.0,2026-12-31T00:00:00+00:00,103.831,1,0.001,-0.998,0.0015,0,"[{""name"": ""Top"", ""bestBid"": 0.001, ""bestAsk"": 0.002}]"
1107582,0x3de0f3d7d7efb40cde68e814d40a0b232832083653c8e78260eb999baa967de0,us-strike-on-cuba-by-december-31,https://polymarket.com/event/us-strike-on-cuba-by-december-31,https://embed.polymarket.com/market.html?market=us-strike-on-cuba-by-december-31&features=volume&theme=light,US strike on Cuba by December 31?,cuba,,"24h $6,684 • spread 0.020 • TTR 105.0d",5226964.955646,6684.52,-0.005,-3.4483,2027-01-01T04:59:00+00:00,105.038,1,0.02,-0.85,0.14,0,"[{""name"": ""Top"", ""bestBid"": 0.13, ""bestAsk"": 0.15}]"
561233,0x5969cbb46aca5319b19e19a3c6f63de098950b675bf268f30f4d035508da1957,will-josh-shapiro-win-the-2028-us-presidential-election,https://polymarket.com/event/will-josh-shapiro-win-the-2028-us-presidential-election,https://embed.polymarket.com/market.html?market=will-josh-shapiro-win-the-2028-us-presidential-election&features=volume&theme=light,Will Josh Shapiro win the 2028 US Presidential Election?,president,,"24h $1,569 • spread 0.001 • TTR 780.8d",7556765.587624995,1569.21,-0.001,-2.8986,2028-11-07T00:00:00+00:00,780.831,1,0.001,-0.966,0.0335,0,"[{""name"": ""Top"", ""bestBid"": 0.033, ""bestAsk"": 0.034}]"
679049,0x06ea9c02b4c6a2f7f07f78e21411bd367636564edb27c72cd038b556aada1a64,will-mathilde-panot-win-the-2027-french-presidential-election,https://polymarket.com/event/will-mathilde-panot-win-the-2027-french-presidential-election,https://embed.polymarket.com/market.html?market=will-mathilde-panot-win-the-2027-french-presidential-election&features=volume&theme=light,Will Mathilde Panot win the 2027 French presidential election?,french-election,,TTR 223.8d,6420677.115722,,0.0,0.0,2027-04-30T00:00:00+00:00,223.831,1,,-0.999,,0,"[{""name"": ""Top"", ""bestBid"": null, ""bestAsk"": 0.001}]"
679035,0x34ed4ad7a7825f168e1084f53e8f60a161579d783b2740e50aa52f710925a136,will-sgolne-royal-win-the-2027-french-presidential-election,https://polymarket.com/event/will-sgolne-royal-win-the-2027-french-presidential-election,https://embed.polymarket.com/market.html?market=will-sgolne-royal-win-the-2027-french-presidential-election&features=volume&theme=light,Will Ségolène Royal win the 2027 French presidential election?,french-election,,"24h $65,405 • spread 0.001 • TTR 223.8d",6395567.148691,65405.71,-0.001,-40.0,2027-04-30T00:00:00+00:00,223.831,1,0.001,-0.998,0.0015,0,"[{""name"": ""Top"", ""bestBid"": 0.001, ""bestAsk"": 0.002}]"
1144471,0x3b0107a80edd066fe987784d7ab5963c177888433efbec10689951c17320606c,will-satoshi-move-any-bitcoin-in-2026,https://polymarket.com/event/will-satoshi-move-any-bitcoin-in-2026,https://embed.polymarket.com/market.html?market=will-satoshi-move-any-bitcoin-in-2026&features=volume&theme=light,Will Satoshi move any Bitcoin in 2026?,crypto-culture,,"24h $2,852 • spread 0.001 • TTR 105.0d",5006432.712489002,2852.58,0.0,0.0,2027-01-01T05:00:00+00:00,105.039,1,0.001,-0.957,0.0425,0,"[{""name"": ""Top"", ""bestBid"": 0.042, ""bestAsk"": 0.043}]"
561262,0x9eb7ac1524fdacb46ceb8758454f0004c7b117eae76e6295852643644bb862c1,will-james-talarico-win-the-2028-us-presidential-election,https://polymarket.com/event/will-james-talarico-win-the-2028-us-presidential-election,https://embed.polymarket.com/market.html?market=will-james-talarico-win-the-2028-us-presidential-election&features=volume&theme=light,Will James Talarico win the 2028 US Presidential Election?,president,,"24h $63,709 • spread 0.001 • TTR 780.8d",7232429.915463001,63709.75,0.0,0.0,2028-11-07T00:00:00+00:00,780.831,1,0.001,-0.992,0.0075,0,"[{""name"": ""Top"", ""bestBid"": 0.007, ""bestAsk"": 0.008}]"
1057916,0xa885bfe10688056a9d0f4e9a1523bfa18f66fda065f0400d714ba54776083713,will-bitcoin-dip-to-15000-by-december-31-2026-416-954-417-853-885-363-335-458-585-275-615-269-479-379-516-218-918-374-598-429-212,https://polymarket.com/event/will-bitcoin-dip-to-15000-by-december-31-2026-416-954-417-853-885-363-335-458-585-275-615-269-479-379-516-218-918-374-598-429-212,https://embed.polymarket.com/market.html?market=will-bitcoin-dip-to-15000-by-december-31-2026-416-954-417-853-885-363-335-458-585-275-615-269-479-379-516-218-918-374-598-429-212&features=volume&theme=light,"Will Bitcoin dip to $15,000 by December 31, 2026?",bitcoin,,"24h $1,000 • spread 0.001 • TTR 105.0d",4980766.206386999,1000.18,0.001,5.4054,2027-01-01T05:00:00+00:00,105.039,1,0.001,-0.98,0.0195,0,"[{""name"": ""Top"", ""bestBid"": 0.019, ""bestAsk"": 0.02}]"
616912,0x757c144993b3cb831e04c42bfcff8c18864c7da4f4688a5939d2f62e031cbc87,will-10-fed-rate-cuts-happen-in-2026,https://polymarket.com/event/will-10-fed-rate-cuts-happen-in-2026,https://embed.polymarket.com/market.html?market=will-10-fed-rate-cuts-happen-in-2026&features=volume&theme=light,Will 10 Fed rate cuts happen in 2026?,rewards-200-4pt5-50,,TTR 103.8d,4950979.949515998,,0.0,0.0,2026-12-31T00:00:00+00:00,103.831,1,,-0.999,,0,"[{""name"": ""Top"", ""bestBid"": null, ""bestAsk"": 0.001}]"
898412,0xcd2640464754b9a894ffec98ac11554fdd507ea89ca01237eabb3a6de4a606e6,will-kimi-antonelli-be-the-2026-f1-drivers-champion,https://polymarket.com/event/will-kimi-antonelli-be-the-2026-f1-drivers-champion,https://embed.polymarket.com/market.html?market=will-kimi-antonelli-be-the-2026-f1-drivers-champion&features=volume&theme=light,Will Kimi Antonelli be the 2026 F1 Drivers' Champion?,sports,,"24h $2,858 • spread 0.002 • TTR 78.8d",4399764.849164001,2858.62,0.0025,0.2701,2026-12-06T00:00:00+00:00,78.831,1,0.002,-0.071,0.928,0,"[{""name"": ""Top"", ""bestBid"": 0.927, ""bestAsk"": 0.929}]"
679023,0x06a27c2810eaca94b53e7a17f15ad47761399ba445a6b02039b2679da203262d,will-xavier-bertrand-win-the-2027-french-presidential-election,https://polymarket.com/event/will-xavier-bertrand-win-the-2027-french-presidential-election,https://embed.polymarket.com/market.html?market=will-xavier-bertrand-win-the-2027-french-presidential-election&features=volume&theme=light,Will Xavier Bertrand win the 2027 French presidential election?,french-election,,"24h $10,322 • spread 0.001 • TTR 223.8d",5979768.991839004,10322.07,0.0,0.0,2027-04-30T00:00:00+00:00,223.831,1,0.001,-0.998,0.0015,0,"[{""name"": ""Top"", ""bestBid"": 0.001, ""bestAsk"": 0.002}]"
679041,0x3a8209fbd45fef3be23fb3480eb1c961c85f7bdd07d4a3391f5949252156c594,will-franois-bayrou-win-the-2027-french-presidential-election,https://polymarket.com/event/will-franois-bayrou-win-the-2027-french-presidential-election,https://embed.polymarket.com/market.html?market=will-franois-bayrou-win-the-2027-french-presidential-election&features=volume&theme=light,Will François Bayrou win the 2027 French presidential election?,french-election,,TTR 223.8d,5939543.5016520005,,0.0,0.0,2027-04-30T00:00:00+00:00,223.831,1,,-0.999,,0,"[{""name"": ""Top"", ""bestBid"": null, ""bestAsk"": 0.001}]"
679033,0xbac8d3ca6cc7297022850562d9d66669d5e0a112767337f8a5955417f1984b54,will-olivier-faure-win-the-2027-french-presidential-election,https://polymarket.com/event/will-olivier-faure-win-the-2027-french-presidential-election,https://embed.polymarket.com/market.html?market=will-olivier-faure-win-the-2027-french-presidential-election&features=volume&theme=light,Will Olivier Faure win the 2027 French presidential election?,french-election,,"24h $20,832 • TTR 223.8d",5891497.428984999,20832.54,0.0,0.0,2027-04-30T00:00:00+00:00,223.831,1,,-0.998,,0,"[{""name"": ""Top"", ""bestBid"": null, ""bestAsk"": 0.002}]"
679036,0xaba4bb720c6c1b2e48087f5af4a57fd1e9f05814a936e9f6b1c37f10436a34fc,will-franois-asselineau-win-the-2027-french-presidential-election,https://polymarket.com/event/will-franois-asselineau-win-the-2027-french-presidential-election,https://embed.polymarket.com/market.html?market=will-franois-asselineau-win-the-2027-french-presidential-election&features=volume&theme=light,Will François Asselineau win the 2027 French presidential election?,french-election,,TTR 223.8d,5755672.213116998,,0.0,0.0,2027-04-30T00:00:00+00:00,223.831,1,,-0.999,,0,"[{""name"": ""Top"", ""bestBid"": null, ""bestAsk"": 0.001}]"
562004,0x17902b9490c6a73152772316b4705935c5c6801ba269f2afc81686532e34fb9a,will-marjorie-taylor-greene-win-the-2028-republican-presidential-nomination,https://polymarket.com/event/will-marjorie-taylor-greene-win-the-2028-republican-presidential-nomination,https://embed.polymarket.com/market.html?market=will-marjorie-taylor-greene-win-the-2028-republican-presidential-nomination&features=volume&theme=light,Will Marjorie Taylor Greene win the 2028 Republican presidential nomination?,united-states,,24h $8 • spread 0.001 • TTR 780.8d,6765050.192209005,8.85,0.0,0.0,2028-11-07T00:00:00+00:00,780.831,1,0.001,-0.996,0.0035,0,"[{""name"": ""Top"", ""bestBid"": 0.003, ""bestAsk"": 0.004}]"
562831,0xc5eae79d1ffe716572353962eb926b1e3964c500a4880a7a94f58408218ee76b,2026-balance-of-power-r-senate-r-house-537,https://polymarket.com/event/2026-balance-of-power-r-senate-r-house-537,https://embed.polymarket.com/market.html?market=2026-balance-of-power-r-senate-r-house-537&features=volume&theme=light,"2026 Balance of Power: R Senate, R House",united-states,,"24h $128,795 • spread 0.010 • TTR 45.8d",3291233.4735629987,128795.94,0.0,0.0,2026-11-03T00:00:00+00:00,45.831,1,0.01,-0.89,0.105,0,"[{""name"": ""Top"", ""bestBid"": 0.1, ""bestAsk"": 0.11}]"
679043,0xfd431e070263b5f24e43a8fc44532bf41aa008d99cab2330d979913b1c580bd2,will-yal-braun-pivet-win-the-2027-french-presidential-election,https://polymarket.com/event/will-yal-braun-pivet-win-the-2027-french-presidential-election,https://embed.polymarket.com/market.html?market=will-yal-braun-pivet-win-the-2027-french-presidential-election&features=volume&theme=light,Will Yaël Braun-Pivet win the 2027 French presidential election?,french-election,,24h $5 • TTR 223.8d,5701437.209579,5.22,0.0,0.0,2027-04-30T00:00:00+00:00,223.831,1,,-0.999,,0,"[{""name"": ""Top"", ""bestBid"": null, ""bestAsk"": 0.001}]"
562828,0x16c63b7cc37f012b9f59ee164ec03877914c701d06d48291ae8d6fc08a088b0d,2026-balance-of-power-d-senate-d-house-949,https://polymarket.com/event/2026-balance-of-power-d-senate-d-house-949,https://embed.polymarket.com/market.html?market=2026-balance-of-power-d-senate-d-house-949&features=volume&theme=light,"2026 Balance of Power: D Senate, D House",united-states,,"24h $8,389 • spread 0.010 • TTR 45.8d • ~50% mid",3271423.799292999,8389.06,0.0,0.0,2026-11-03T00:00:00+00:00,45.831,1,0.01,-0.4,0.595,1,"[{""name"": ""Top"", ""bestBid"": 0.59, ""bestAsk"": 0.6}]"
2126460,0x6a18969bc603992de4c5c9d53c2881e1378ac193cdad01e7f932afa7fdc4af3e,will-crude-oil-reach-a-new-all-time-high-by-september-30,https://polymarket.com/event/will-crude-oil-reach-a-new-all-time-high-by-september-30,https://embed.polymarket.com/market.html?market=will-crude-oil-reach-a-new-all-time-high-by-september-30&features=volume&theme=light,Will Crude Oil reach a new all-time high by September 30?,oil,,"24h $19,580 • spread 0.004 • TTR 13.0d",1767166.3598960007,19580.89,-0.0015,-13.0435,2026-10-01T03:59:00+00:00,12.997,1,0.004,-0.988,0.01,0,"[{""name"": ""Top"", ""bestBid"": 0.008, ""bestAsk"": 0.012}]"
1535973,0x377e7fe65cf198a7fc4fdae3f2136b74729279267858daaf96718b23bc2a5607,iran-leadership-change-by-december-31-974-976-658-482-568-685-996-469-827,https://polymarket.com/event/iran-leadership-change-by-december-31-974-976-658-482-568-685-996-469-827,https://embed.polymarket.com/market.html?market=iran-leadership-change-by-december-31-974-976-658-482-568-685-996-469-827&features=volume&theme=light,Iran leadership change by December 31?,politics,,"24h $3,439 • spread 0.010 • TTR 105.0d",4520208.322411999,3439.0,0.0,0.0,2027-01-01T04:59:00+00:00,105.038,1,0.01,-0.85,0.145,0,"[{""name"": ""Top"", ""bestBid"": 0.14, ""bestAsk"": 0.15}]"
679042,0x0b298ab2b2cad3308d486c804985c1ede7ea949bde363f44784a3b2a460be788,will-lisabeth-borne-win-the-2027-french-presidential-election,https://polymarket.com/event/will-lisabeth-borne-win-the-2027-french-presidential-election,https://embed.polymarket.com/market.html?market=will-lisabeth-borne-win-the-2027-french-presidential-election&features=volume&theme=light,Will Élisabeth Borne win the 2027 French presidential election?,french-election,,TTR 223.8d,5446131.5615409985,,0.0,0.0,2027-04-30T00:00:00+00:00,223.831,1,,-0.999,,0,"[{""name"": ""Top"", ""bestBid"": null, ""bestAsk"": 0.001}]"
1357388,0x6c9407f7841e7507ba435d540af237d742674ba05bac48998cf94f4b7ef5d909,will-the-los-angeles-chargers-win-the-2027-nfl-league-championship,https://polymarket.com/event/will-the-los-angeles-chargers-win-the-2027-nfl-league-championship,https://embed.polymarket.com/market.html?market=will-the-los-angeles-chargers-win-the-2027-nfl-league-championship&features=volume&theme=light,Will the Los Angeles Chargers win the 2027 NFL league championship?,sports,,"24h $13,107 • spread 0.001 • TTR 194.8d",5247816.261855998,13107.71,0.0,0.0,2027-03-31T23:55:00+00:00,194.827,1,0.001,-0.972,0.0275,0,"[{""name"": ""Top"", ""bestBid"": 0.027, ""bestAsk"": 0.028}]"
3702045,0x71dd44fa5059fbed28a279172185d3623aa34ce86be1936281df26b5d1b87200,us-announces-end-of-iranian-blockade-by-september-21-2026,https://polymarket.com/event/us-announces-end-of-iranian-blockade-by-september-21-2026,https://embed.polymarket.com/market.html?market=us-announces-end-of-iranian-blockade-by-september-21-2026&features=volume&theme=light,"US announces end of Iranian blockade by September 21, 2026?",iran,,"24h $169,737 • spread 0.002 • TTR 4.0d",1157197.7185670005,169737.75,-0.0105,-32.3077,2026-09-22T03:59:00+00:00,3.997,1,0.002,-0.977,0.022,0,"[{""name"": ""Top"", ""bestBid"": 0.021, ""bestAsk"": 0.023}]"
616911,0x4ec6fcb43fe1a32163c7da09d54a99ab9bf6abdc6fd49939d7ad67d696a3248b,will-9-fed-rate-cuts-happen-in-2026,https://polymarket.com/event/will-9-fed-rate-cuts-happen-in-2026,https://embed.polymarket.com/market.html?market=will-9-fed-rate-cuts-happen-in-2026&features=volume&theme=light,Will 9 Fed rate cuts happen in 2026?,rewards-200-4pt5-50,,TTR 103.8d,4284510.567518,,0.0,0.0,2026-12-31T00:00:00+00:00,103.831,1,,-0.999,,0,"[{""name"": ""Top"", ""bestBid"": null, ""bestAsk"": 0.001}]"
679039,0x6ccebbc57547f8b777aa4ef70a452bb5034055d183131a9b6db47fd8d0777921,will-michel-barnier-win-the-2027-french-presidential-election,https://polymarket.com/event/will-michel-barnier-win-the-2027-french-presidential-election,https://embed.polymarket.com/market.html?market=will-michel-barnier-win-the-2027-french-presidential-election&features=volume&theme=light,Will Michel Barnier win the 2027 French presidential election?,french-election,,TTR 223.8d,5253712.287684001,,0.0,0.0,2027-04-30T00:00:00+00:00,223.831,1,,-0.999,,0,"[{""name"": ""Top"", ""bestBid"": null, ""bestAsk"": 0.001}]"
2696746,0x23667427b34ca1c7144d50540beba9e7ffb608443a84252c194bb8b40919a0cb,us-iran-final-nuclear-deal-by-september-30-2026,https://polymarket.com/event/us-iran-final-nuclear-deal-by-september-30-2026,https://embed.polymarket.com/market.html?market=us-iran-final-nuclear-deal-by-september-30-2026&features=volume&theme=light,"US-Iran Final Nuclear Deal by September 30, 2026?",iran,,"24h $2,856 • spread 0.001 • TTR 13.0d",1644836.8636310005,2856.34,-0.0005,-8.3333,2026-10-01T03:59:00+00:00,12.997,1,0.001,-0.994,0.0055,0,"[{""name"": ""Top"", ""bestBid"": 0.005, ""bestAsk"": 0.006}]"
616908,0x4914bfdd892a48c341b5e0f41ec10475a815f2277273110b16f95e21084bfe75,will-6-fed-rate-cuts-happen-in-2026,https://polymarket.com/event/will-6-fed-rate-cuts-happen-in-2026,https://embed.polymarket.com/market.html?market=will-6-fed-rate-cuts-happen-in-2026&features=volume&theme=light,Will 6 Fed rate cuts happen in 2026?,rewards-200-4pt5-50,,TTR 103.8d,4221076.165319998,,0.0,0.0,2026-12-31T00:00:00+00:00,103.831,1,,-0.999,,0,"[{""name"": ""Top"", ""bestBid"": null, ""bestAsk"": 0.001}]"
562005,0x24258776d0a926b4550b0f213267b95ba0a7741fc972d0b3c2b5f6bf8ced2c50,will-thomas-massie-win-the-2028-republican-presidential-nomination,https://polymarket.com/event/will-thomas-massie-win-the-2028-republican-presidential-nomination,https://embed.polymarket.com/market.html?market=will-thomas-massie-win-the-2028-republican-presidential-nomination&features=volume&theme=light,Will Thomas Massie win the 2028 Republican presidential nomination?,united-states,,"24h $1,112 • spread 0.001 • TTR 780.8d",6105812.733373001,1112.35,0.0,0.0,2028-11-07T00:00:00+00:00,780.831,1,0.001,-0.993,0.0065,0,"[{""name"": ""Top"", ""bestBid"": 0.006, ""bestAsk"": 0.007}]"
637008,0xb3fefe9667acca5ca31a8e330219dc67a01b374331d9bf4875357655a5508815,will-unrwa-win-the-nobel-peace-prize-in-2026-983,https://polymarket.com/event/will-unrwa-win-the-nobel-peace-prize-in-2026-983,https://embed.polymarket.com/market.html?market=will-unrwa-win-the-nobel-peace-prize-in-2026-983&features=volume&theme=light,Will UNRWA win the Nobel Peace Prize in 2026?,awards,,24h $781 • spread 0.012 • TTR 21.8d,2054320.7325249992,781.65,0.0045,9.0909,2026-10-10T00:00:00+00:00,21.831,1,0.012,-0.94,0.054,0,"[{""name"": ""Top"", ""bestBid"": 0.048, ""bestAsk"": 0.06}]"
1105753,0x1198bf982483cc6f0a3d3de63d7703117ed19c5b5a9474541a2a3b6b0b5e51f3,will-dan-caine-be-the-leader-of-venezuela-end-of-2026,https://polymarket.com/event/will-dan-caine-be-the-leader-of-venezuela-end-of-2026,https://embed.polymarket.com/market.html?market=will-dan-caine-be-the-leader-of-venezuela-end-of-2026&features=volume&theme=light,Will Dan Caine be the leader of Venezuela end of 2026?,trump-machado,,"24h $2,120 • spread 0.001 • TTR 103.8d",4146756.320041001,2120.8,0.0,0.0,2026-12-31T00:00:00+00:00,103.831,1,0.001,-0.998,0.0015,0,"[{""name"": ""Top"", ""bestBid"": 0.001, ""bestAsk"": 0.002}]"
679037,0x2bf80d93be42dac6c1b03298b5ec329a4b9f87b689c7892d544d1029f3a0caf0,will-clmentine-autain-win-the-2027-french-presidential-election,https://polymarket.com/event/will-clmentine-autain-win-the-2027-french-presidential-election,https://embed.polymarket.com/market.html?market=will-clmentine-autain-win-the-2027-french-presidential-election&features=volume&theme=light,Will Clémentine Autain win the 2027 French presidential election?,french-election,,TTR 223.8d,4990060.381528001,,0.0,0.0,2027-04-30T00:00:00+00:00,223.831,1,,-0.999,,0,"[{""name"": ""Top"", ""bestBid"": null, ""bestAsk"": 0.001}]"
682705,0x7586a96520578acaaaa4ea84a2582f197f84255da1f3392a7aa300386c187b37,will-benjamin-netanyahu-be-the-next-prime-minister-of-israel,https://polymarket.com/event/will-benjamin-netanyahu-be-the-next-prime-minister-of-israel,https://embed.polymarket.com/market.html?market=will-benjamin-netanyahu-be-the-next-prime-minister-of-israel&features=volume&theme=light,Will Benjamin Netanyahu be the next Prime Minister of Israel?,main-election,,"24h $50,872 • spread 0.010 • TTR 103.8d",4017467.183117997,50872.11,0.0,0.0,2026-12-31T00:00:00+00:00,103.831,1,0.01,-0.69,0.305,0,"[{""name"": ""Top"", ""bestBid"": 0.3, ""bestAsk"": 0.31}]"
608565,0x7034c00a24f9edbf325fd5a0b9a63412e469fc8cd2aa9b060fb5ba8e10d7ebef,will-lionel-messi-win-the-2026-ballon-dor,https://polymarket.com/event/will-lionel-messi-win-the-2026-ballon-dor,https://embed.polymarket.com/market.html?market=will-lionel-messi-win-the-2026-ballon-dor&features=volume&theme=light,Will Lionel Messi win the 2026 Ballon d'Or?,soccer,,"24h $81,122 • spread 0.001 • TTR 42.8d",2728970.823028001,81122.67,-0.006,-12.3711,2026-10-31T00:00:00+00:00,42.831,1,0.001,-0.957,0.0425,0,"[{""name"": ""Top"", ""bestBid"": 0.042, ""bestAsk"": 0.043}]"
616914,0xffa0accb74987c0dc33a70eb3780c1da160206bcfb3ef5d16c1667bc5c459c78,will-12-or-more-fed-rate-cuts-happen-in-2026,https://polymarket.com/event/will-12-or-more-fed-rate-cuts-happen-in-2026,https://embed.polymarket.com/market.html?market=will-12-or-more-fed-rate-cuts-happen-in-2026&features=volume&theme=light,Will 12 or more Fed rate cuts happen in 2026?,rewards-200-4pt5-50,,24h $93 • TTR 103.8d,3955376.3639199985,93.38,0.0,0.0,2026-12-31T00:00:00+00:00,103.831,1,,-0.999,,0,"[{""name"": ""Top"", ""bestBid"": null, ""bestAsk"": 0.001}]"
3215074,0x46477994c02fdd4f7be7eacc58d343457d80333d92e5c4ad9a3117274d0e5639,kharg-island-no-longer-under-iranian-control-by-september-30-20260730004207224,https://polymarket.com/event/kharg-island-no-longer-under-iranian-control-by-september-30-20260730004207224,https://embed.polymarket.com/market.html?market=kharg-island-no-longer-under-iranian-control-by-september-30-20260730004207224&features=volume&theme=light,Kharg Island no longer under Iranian control by September 30?,iranian-leadership-regime,,"24h $57,023 • spread 0.001 • TTR 13.0d",1517320.778758,57023.53,-0.003,-31.5789,2026-10-01T03:59:00+00:00,12.997,1,0.001,-0.993,0.0065,0,"[{""name"": ""Top"", ""bestBid"": 0.006, ""bestAsk"": 0.007}]"
561261,0x61600d487069f99e775307a0655c1a79f26e4fc6d8d1ba66790c64d78d0beba2,will-jon-ossoff-win-the-2028-us-presidential-election,https://polymarket.com/event/will-jon-ossoff-win-the-2028-us-presidential-election,https://embed.polymarket.com/market.html?market=will-jon-ossoff-win-the-2028-us-presidential-election&features=volume&theme=light,Will Jon Ossoff win the 2028 US Presidential Election?,president,,"24h $7,221 • spread 0.001 • TTR 780.8d",5686436.425887998,7221.21,0.0,0.0,2028-11-07T00:00:00+00:00,780.831,1,0.001,-0.884,0.1155,0,"[{""name"": ""Top"", ""bestBid"": 0.115, ""bestAsk"": 0.116}]"
562793,0x307a1ed89d60b61002dd5bbf00e1408c5ed2ab3fcdb056191ca7ef9bc34d38f3,will-the-democratic-party-control-the-senate-after-the-2026-midterm-elections,https://polymarket.com/event/will-the-democratic-party-control-the-senate-after-the-2026-midterm-elections,https://embed.polymarket.com/market.html?market=will-the-democratic-party-control-the-senate-after-the-2026-midterm-elections&features=volume&theme=light,Will the Democratic Party control the Senate after the 2026 Midterm elections?,senate-elections,,"24h $42,184 • spread 0.010 • TTR 45.8d • ~50% mid",2773857.9240679983,42184.79,0.01,1.7094,2026-11-03T00:00:00+00:00,45.831,1,0.01,-0.4,0.595,1,"[{""name"": ""Top"", ""bestBid"": 0.59, ""bestAsk"": 0.6}]"
679048,0xa6c3848b7861841cc9d93a5c2c1d26b3f44e0298a49889968a627214a2b177ae,will-manuel-bompard-win-the-2027-french-presidential-election,https://polymarket.com/event/will-manuel-bompard-win-the-2027-french-presidential-election,https://embed.polymarket.com/market.html?market=will-manuel-bompard-win-the-2027-french-presidential-election&features=volume&theme=light,Will Manuel Bompard win the 2027 French presidential election?,french-election,,TTR 223.8d,4826240.603263,,0.0,0.0,2027-04-30T00:00:00+00:00,223.831,1,,-0.999,,0,"[{""name"": ""Top"", ""bestBid"": null, ""bestAsk"": 0.001}]"
1129894,0x94ffc785f73c9d70c0c9550b2412842d025d20d02f9e9e20a18cc4598944cbc5,will-united-russia-er-win-the-most-seats-in-the-next-russian-parliamentary-election,https://polymarket.com/event/will-united-russia-er-win-the-most-seats-in-the-next-russian-parliamentary-election,https://embed.polymarket.com/market.html?market=will-united-russia-er-win-the-most-seats-in-the-next-russian-parliamentary-election&features=volume&theme=light,Will United Russia (ER) win the most seats in the next Russian parliamentary election?,politics,,"24h $174,462 • spread 0.001 • TTR 11.8d",1456485.717957,174462.24,0.003,0.3023,2026-09-30T00:00:00+00:00,11.831,1,0.001,-0.004,0.9955,0,"[{""name"": ""Top"", ""bestBid"": 0.995, ""bestAsk"": 0.996}]"
628940,0x119b6b3b744ac3239c7a71100165d254234eaecea401abde5a3d303bef21d19e,will-steve-hilton-win-the-california-governor-election-in-2026,https://polymarket.com/event/will-steve-hilton-win-the-california-governor-election-in-2026,https://embed.polymarket.com/market.html?market=will-steve-hilton-win-the-california-governor-election-in-2026&features=volume&theme=light,Will Steve Hilton win the California Governor Election in 2026?,california-midterm,,"24h $11,109 • spread 0.010 • TTR 45.8d",2755823.2157790004,11109.59,0.007,17.9487,2026-11-03T00:00:00+00:00,45.831,1,0.01,-0.949,0.046,0,"[{""name"": ""Top"", ""bestBid"": 0.041, ""bestAsk"": 0.051}]"
679046,0xcd050c1af02067e33e03861ff6f67c1c85def8bf4bd196256e6d2b178509533b,will-carole-delga-win-the-2027-french-presidential-election,https://polymarket.com/event/will-carole-delga-win-the-2027-french-presidential-election,https://embed.polymarket.com/market.html?market=will-carole-delga-win-the-2027-french-presidential-election&features=volume&theme=light,Will Carole Delga win the 2027 French presidential election?,french-election,,TTR 223.8d,4742191.905387001,,0.0,0.0,2027-04-30T00:00:00+00:00,223.831,1,,-0.999,,0,"[{""name"": ""Top"", ""bestBid"": null, ""bestAsk"": 0.001}]"
679038,0x637a2423461f5b531fef314e1e14982b80819de217e32f4f96653caa8af2c47a,will-nicolas-dupont-aignan-win-the-2027-french-presidential-election,https://polymarket.com/event/will-nicolas-dupont-aignan-win-the-2027-french-presidential-election,https://embed.polymarket.com/market.html?market=will-nicolas-dupont-aignan-win-the-2027-french-presidential-election&features=volume&theme=light,Will Nicolas Dupont-Aignan win the 2027 French presidential election?,french-election,,TTR 223.8d,4731111.095843,,0.0,0.0,2027-04-30T00:00:00+00:00,223.831,1,,-0.999,,0,"[{""name"": ""Top"", ""bestBid"": null, ""bestAsk"": 0.001}]"
1235553,0x7279005cdc5f4533b0cf53ce94a6c4fd43039c721ba39a3ad02dddacabd47d93,will-the-chicago-white-sox-win-the-2026-world-series,https://polymarket.com/event/will-the-chicago-white-sox-win-the-2026-world-series,https://embed.polymarket.com/market.html?market=will-the-chicago-white-sox-win-the-2026-world-series&features=volume&theme=light,Will the Chicago White Sox win the 2026 World Series?,sports,,24h $507 • spread 0.002 • TTR 43.8d,2644448.5851210007,507.77,-0.0005,-1.8868,2026-10-31T23:55:00+00:00,43.827,1,0.002,-0.973,0.026,0,"[{""name"": ""Top"", ""bestBid"": 0.025, ""bestAsk"": 0.027}]"
948957,0x6123b5cc75c38ba9783f6c8ea260107b546c7d3454a8f9b5280c9921cc39f3d9,bitcoin-all-time-high-by-september-30-2026,https://polymarket.com/event/bitcoin-all-time-high-by-september-30-2026,https://embed.polymarket.com/market.html?market=bitcoin-all-time-high-by-september-30-2026&features=volume&theme=light,"Bitcoin all time high by September 30, 2026?",price-milestone,,"24h $22,291 • spread 0.001 • TTR 13.0d",1457717.2725419996,22291.61,-0.0015,-50.0,2026-10-01T03:59:00+00:00,12.997,1,0.001,-0.998,0.0015,0,"[{""name"": ""Top"", ""bestBid"": 0.001, ""bestAsk"": 0.002}]"
1469743,0x821f357da390a32347e4df0c3fb0aa4a8eadf4af72730c8dc7a7f1ab58798a02,will-seyed-hossein-mousavian-be-head-of-state-in-iran-end-of-2026,https://polymarket.com/event/will-seyed-hossein-mousavian-be-head-of-state-in-iran-end-of-2026,https://embed.polymarket.com/market.html?market=will-seyed-hossein-mousavian-be-head-of-state-in-iran-end-of-2026&features=volume&theme=light,Will Seyed Hossein Mousavian be head of state in Iran end of 2026?,middle-east,,TTR 103.8d,3694989.266215,,-0.0005,-50.0,2026-12-31T00:00:00+00:00,103.831,1,,-0.999,,0,"[{""name"": ""Top"", ""bestBid"": null, ""bestAsk"": 0.001}]"
1339767,0xce3c54c3e773e8b3bf73e4c12af93205b21195d03b9c386e22f274b9acfc2c56,will-bitcoin-dip-to-50000-by-december-31-2026-454-325-222-878-949-487-451-853-523-111,https://polymarket.com/event/will-bitcoin-dip-to-50000-by-december-31-2026-454-325-222-878-949-487-451-853-523-111,https://embed.polymarket.com/market.html?market=will-bitcoin-dip-to-50000-by-december-31-2026-454-325-222-878-949-487-451-853-523-111&features=volume&theme=light,"Will Bitcoin dip to $50,000 by December 31, 2026?",bitcoin,,"24h $7,132 • spread 0.010 • TTR 105.0d",3686840.3289179998,7132.15,-0.02,-13.7931,2027-01-01T05:00:00+00:00,105.039,1,0.01,-0.87,0.125,0,"[{""name"": ""Top"", ""bestBid"": 0.12, ""bestAsk"": 0.13}]"
1130018,0x247eabb5ea2c716c277c52c35c91e65e5c7d016318e85b91e9f9e78411568034,will-civic-platform-gp-gain-the-most-seats-in-the-next-russian-parliamentary-election,https://polymarket.com/event/will-civic-platform-gp-gain-the-most-seats-in-the-next-russian-parliamentary-election,https://embed.polymarket.com/market.html?market=will-civic-platform-gp-gain-the-most-seats-in-the-next-russian-parliamentary-election&features=volume&theme=light,Will Civic Platform (GP) gain the most seats in the next Russian parliamentary election?,politics,,"24h $12,000 • TTR 11.8d",1369575.9131599998,12000.0,0.0,0.0,2026-09-30T00:00:00+00:00,11.831,1,,-0.999,,0,"[{""name"": ""Top"", ""bestBid"": null, ""bestAsk"": 0.001}]"
608545,0xa34edb6c898232378a9cc08744842df2cd89d278ba45b012bed3ac10c7241c4d,will-lamine-yamal-win-the-2026-ballon-dor,https://polymarket.com/event/will-lamine-yamal-win-the-2026-ballon-dor,https://embed.polymarket.com/market.html?market=will-lamine-yamal-win-the-2026-ballon-dor&features=volume&theme=light,Will Lamine Yamal win the 2026 Ballon d'Or?,soccer,,"24h $46,422 • spread 0.010 • TTR 42.8d",2466025.699719001,46422.36,-0.0115,-5.4118,2026-10-31T00:00:00+00:00,42.831,1,0.01,-0.794,0.201,0,"[{""name"": ""Top"", ""bestBid"": 0.196, ""bestAsk"": 0.206}]"
608543,0x26f410f7518fa199678ef57f02637fc88be9b3b593346b00946d7ea451f4521b,will-ousmane-dembl-win-the-2026-ballon-dor,https://polymarket.com/event/will-ousmane-dembl-win-the-2026-ballon-dor,https://embed.polymarket.com/market.html?market=will-ousmane-dembl-win-the-2026-ballon-dor&features=volume&theme=light,Will Ousmane Dembélé win the 2026 Ballon d'Or?,soccer,,"24h $22,220 • spread 0.001 • TTR 42.8d",2431378.195637999,22220.64,0.0,0.0,2026-10-31T00:00:00+00:00,42.831,1,0.001,-0.991,0.0085,0,"[{""name"": ""Top"", ""bestBid"": 0.008, ""bestAsk"": 0.009}]"
616909,0x2368d2604c9c2b95bc98c51bd50c66e5351caebf05b9fe79d3398c387fe29a89,will-7-fed-rate-cuts-happen-in-2026,https://polymarket.com/event/will-7-fed-rate-cuts-happen-in-2026,https://embed.polymarket.com/market.html?market=will-7-fed-rate-cuts-happen-in-2026&features=volume&theme=light,Will 7 Fed rate cuts happen in 2026?,rewards-200-4pt5-50,,TTR 103.8d,3522869.0351669993,,0.0,0.0,2026-12-31T00:00:00+00:00,103.831,1,,-0.999,,0,"[{""name"": ""Top"", ""bestBid"": null, ""bestAsk"": 0.001}]"
1357400,0x2abc2ca23b04c1d8e170b33f1de93937eec740bf5b3e9309e250f3562f1a166b,will-the-tampa-bay-buccaneers-win-the-2027-nfl-league-championship,https://polymarket.com/event/will-the-tampa-bay-buccaneers-win-the-2027-nfl-league-championship,https://embed.polymarket.com/market.html?market=will-the-tampa-bay-buccaneers-win-the-2027-nfl-league-championship&features=volume&theme=light,Will the Tampa Bay Buccaneers win the 2027 NFL league championship?,sports,,"24h $5,494 • spread 0.001 • TTR 194.8d",4214870.756637998,5494.84,0.0,0.0,2027-03-31T23:55:00+00:00,194.827,1,0.001,-0.988,0.0115,0,"[{""name"": ""Top"", ""bestBid"": 0.011, ""bestAsk"": 0.012}]"
2822005,0xc788500313fb20ebab5b6577c3dcfc24e911e44e45c3aebabb8eee4bb70f4431,putin-out-as-president-of-russia-by-september-30-2026,https://polymarket.com/event/putin-out-as-president-of-russia-by-september-30-2026,https://embed.polymarket.com/market.html?market=putin-out-as-president-of-russia-by-september-30-2026&features=volume&theme=light,"Putin out as President of Russia by September 30, 2026?",putin,,"24h $43,589 • spread 0.001 • TTR 13.0d",1353810.0684900002,43589.45,0.001,22.2222,2026-10-01T03:59:00+00:00,12.997,1,0.001,-0.994,0.0055,0,"[{""name"": ""Top"", ""bestBid"": 0.005, ""bestAsk"": 0.006}]"
2036575,0x9b256472ce9d2074f3e317beccbe8d9c914bd9c83cbe1c4fa9d6f928a475f7b3,will-mike-trout-hit-the-most-home-runs-during-the-2026-mlb-regular-season,https://polymarket.com/event/will-mike-trout-hit-the-most-home-runs-during-the-2026-mlb-regular-season,https://embed.polymarket.com/market.html?market=will-mike-trout-hit-the-most-home-runs-during-the-2026-mlb-regular-season&features=volume&theme=light,Will Mike Trout hit the most home runs during the 2026 MLB regular season?,mlb,,TTR 22.8d,1749623.779,,-0.0005,-50.0,2026-10-11T00:00:00+00:00,22.831,1,,-0.999,,0,"[{""name"": ""Top"", ""bestBid"": null, ""bestAsk"": 0.001}]"
2646914,0xc4ebab9f2830f6df67ab1b98615d5a9be8eebd106fd0f37e9a25e4a4edcc427c,will-no-qualifying-diplomatic-us-iran-meeting-occur-by-september-30-2026-20260622185050763,https://polymarket.com/event/will-no-qualifying-diplomatic-us-iran-meeting-occur-by-september-30-2026-20260622185050763,https://embed.polymarket.com/market.html?market=will-no-qualifying-diplomatic-us-iran-meeting-occur-by-september-30-2026-20260622185050763&features=volume&theme=light,"Will no qualifying diplomatic US-Iran meeting occur by September 30, 2026?",iran,,"24h $47,714 • spread 0.001 • TTR 13.0d",1343362.992132,47714.83,-0.036,-3.8482,2026-10-01T03:59:00+00:00,12.997,1,0.001,-0.1,0.8995,0,"[{""name"": ""Top"", ""bestBid"": 0.899, ""bestAsk"": 0.9}]"
3399203,0xee2fb6d9f90bca0e1dfeb1fd7a210604cc58d4fa3bc69cd37af3da092535d86f,russia-elections-yabloko-clears-duma-threshold,https://polymarket.com/event/russia-elections-yabloko-clears-duma-threshold,https://embed.polymarket.com/market.html?market=russia-elections-yabloko-clears-duma-threshold&features=volume&theme=light,Russia Elections: Yabloko Clears Duma Threshold?,russia,,"24h $30,016 • spread 0.001 • TTR 2.8d",871752.7430939999,30016.6,-0.0015,-37.5,2026-09-20T23:59:00+00:00,2.83,1,0.001,-0.997,0.0025,0,"[{""name"": ""Top"", ""bestBid"": 0.002, ""bestAsk"": 0.003}]"
679032,0x6ad63235931f80951a48f2338956dea7bb70c97f99a7bd03f5f501d6e4673842,will-fabien-roussel-win-the-2027-french-presidential-election,https://polymarket.com/event/will-fabien-roussel-win-the-2027-french-presidential-election,https://embed.polymarket.com/market.html?market=will-fabien-roussel-win-the-2027-french-presidential-election&features=volume&theme=light,Will Fabien Roussel win the 2027 French presidential election?,french-election,,TTR 223.8d,4244282.101008,,0.0,0.0,2027-04-30T00:00:00+00:00,223.831,1,,-0.999,,0,"[{""name"": ""Top"", ""bestBid"": null, ""bestAsk"": 0.001}]"
608540,0x87091dc5932f015d80c40e71e47cb043c3f8b6098484eb5bc3943cf35ee9afc1,will-kylian-mbapp-win-the-2026-ballon-dor,https://polymarket.com/event/will-kylian-mbapp-win-the-2026-ballon-dor,https://embed.polymarket.com/market.html?market=will-kylian-mbapp-win-the-2026-ballon-dor&features=volume&theme=light,Will Kylian Mbappé win the 2026 Ballon d'Or?,soccer,,"24h $52,671 • spread 0.001 • TTR 42.8d",2355572.240083998,52671.17,-0.023,-20.8145,2026-10-31T00:00:00+00:00,42.831,1,0.001,-0.912,0.0875,0,"[{""name"": ""Top"", ""bestBid"": 0.087, ""bestAsk"": 0.088}]"
2125369,0xcd5f739ee4218c44531ef49e98de3b33271c4dc6799499301df0f9f0a14d0474,will-russia-capture-all-of-stepnohirsk-by-september-30-2026,https://polymarket.com/event/will-russia-capture-all-of-stepnohirsk-by-september-30-2026,https://embed.polymarket.com/market.html?market=will-russia-capture-all-of-stepnohirsk-by-september-30-2026&features=volume&theme=light,"Will Russia capture all of Stepnohirsk by September 30, 2026?",politics,,spread 0.001 • TTR 13.0d,1327461.033703,,0.0,0.0,2026-10-01T03:59:00+00:00,12.997,1,0.001,-0.989,0.0105,0,"[{""name"": ""Top"", ""bestBid"": 0.01, ""bestAsk"": 0.011}]"
679031,0xf887472a2ac013ef61840034321aa5b46de87ac093ee77ecafca477fdbaadd45,will-marine-tondelier-win-the-2027-french-presidential-election,https://polymarket.com/event/will-marine-tondelier-win-the-2027-french-presidential-election,https://embed.polymarket.com/market.html?market=will-marine-tondelier-win-the-2027-french-presidential-election&features=volume&theme=light,Will Marine Tondelier win the 2027 French presidential election?,french-election,,"24h $10,593 • spread 0.001 • TTR 223.8d",4191095.011947,10593.97,0.0,0.0,2027-04-30T00:00:00+00:00,223.831,1,0.001,-0.998,0.0015,0,"[{""name"": ""Top"", ""bestBid"": 0.001, ""bestAsk"": 0.002}]"
677407,0x4c80df6f557bb0b9de08c0301ebdce500dd9bdc58400d9269fb8fab1709ed584,china-x-taiwan-military-clash-before-2027,https://polymarket.com/event/china-x-taiwan-military-clash-before-2027,https://embed.polymarket.com/market.html?market=china-x-taiwan-military-clash-before-2027&features=volume&theme=light,China x Taiwan military clash before 2027?,hfc,,"24h $30,140 • spread 0.002 • TTR 105.0d",3398925.1071419995,30140.68,0.0005,0.7874,2027-01-01T04:59:00+00:00,105.038,1,0.002,-0.935,0.064,0,"[{""name"": ""Top"", ""bestBid"": 0.063, ""bestAsk"": 0.065}]"
679053,0x1779552bade1ad85d35b2e5128136ea04602f26e2b67b7e1b6f9ec46ea8811d3,will-clmence-guett-win-the-2027-french-presidential-election,https://polymarket.com/event/will-clmence-guett-win-the-2027-french-presidential-election,https://embed.polymarket.com/market.html?market=will-clmence-guett-win-the-2027-french-presidential-election&features=volume&theme=light,Will Clémence Guetté win the 2027 French presidential election?,french-election,,TTR 223.8d,4175188.525064999,,0.0,0.0,2027-04-30T00:00:00+00:00,223.831,1,,-0.998,,0,"[{""name"": ""Top"", ""bestBid"": null, ""bestAsk"": 0.002}]"
1357375,0x1dd5f687b0f7aaa76ac2d2f2ea328ed825902e835a44cb4fa22f6c89848c26fb,will-the-carolina-panthers-win-the-2027-nfl-league-championship,https://polymarket.com/event/will-the-carolina-panthers-win-the-2027-nfl-league-championship,https://embed.polymarket.com/market.html?market=will-the-carolina-panthers-win-the-2027-nfl-league-championship&features=volume&theme=light,Will the Carolina Panthers win the 2027 NFL league championship?,sports,,"24h $10,810 • spread 0.001 • TTR 194.8d",4042431.009939998,10810.52,0.0,0.0,2027-03-31T23:55:00+00:00,194.827,1,0.001,-0.995,0.0045,0,"[{""name"": ""Top"", ""bestBid"": 0.004, ""bestAsk"": 0.005}]"
1469749,0xaa53ce562be767321e2f0cba9f7b3207fde7d2204dbb7f9b5d804996eba7de7c,will-mostafa-pourmohammadi-be-head-of-state-in-iran-end-of-2026,https://polymarket.com/event/will-mostafa-pourmohammadi-be-head-of-state-in-iran-end-of-2026,https://embed.polymarket.com/market.html?market=will-mostafa-pourmohammadi-be-head-of-state-in-iran-end-of-2026&features=volume&theme=light,Will Mostafa Pourmohammadi be head of state in Iran end of 2026?,middle-east,,TTR 103.8d,3360621.3104550005,,0.0,0.0,2026-12-31T00:00:00+00:00,103.831,1,,-0.999,,0,"[{""name"": ""Top"", ""bestBid"": null, ""bestAsk"": 0.001}]"
701496,0xdaa4866bae18be58c5a79d2aeeffd035ec78f1bb49dbd88f72993997778a990f,will-bitcoin-reach-100000-by-december-31-2026-571-361-361,https://polymarket.com/event/will-bitcoin-reach-100000-by-december-31-2026-571-361-361,https://embed.polymarket.com/market.html?market=will-bitcoin-reach-100000-by-december-31-2026-571-361-361&features=volume&theme=light,"Will Bitcoin reach $100,000 by December 31, 2026?",bitcoin,,"24h $9,819 • spread 0.010 • TTR 105.0d",3350177.6049260003,9819.55,0.01,6.0606,2027-01-01T05:00:00+00:00,105.039,1,0.01,-0.82,0.175,0,"[{""name"": ""Top"", ""bestBid"": 0.17, ""bestAsk"": 0.18}]"
616910,0xfe28cb84a714b1a964290d7fd2587e71d57e905678c8ab64488449b24be78e52,will-8-fed-rate-cuts-happen-in-2026,https://polymarket.com/event/will-8-fed-rate-cuts-happen-in-2026,https://embed.polymarket.com/market.html?market=will-8-fed-rate-cuts-happen-in-2026&features=volume&theme=light,Will 8 Fed rate cuts happen in 2026?,rewards-200-4pt5-50,,TTR 103.8d,3291612.675889999,,0.0,0.0,2026-12-31T00:00:00+00:00,103.831,1,,-0.999,,0,"[{""name"": ""Top"", ""bestBid"": null, ""bestAsk"": 0.001}]"
