id,conditionId,slug,url,embedSrc,question,category,eventId,why,volume,volume24h,momentumDelta24h,momentumPct24h,endDateISO,timeToResolveDays,outcomeCount,avgSpread,underround,binaryMidYes,near50Flag,bestQuotesJSON
703258,0x0b4cc3b739e1dfe5d73274740e7308b6fb389c5af040c3a174923d928d134bee,will-jesus-christ-return-before-2027,https://polymarket.com/event/will-jesus-christ-return-before-2027,https://embed.polymarket.com/market.html?market=will-jesus-christ-return-before-2027&features=volume&theme=light,Will Jesus Christ return before 2027?,parent-for-derivative,,"24h $2,958 • spread 0.001 • TTR 140.2d",64991942.45360286,2958.13,0.0,0.0,2026-12-31T00:00:00+00:00,140.203,1,0.001,-0.98,0.0195,0,"[{""name"": ""Top"", ""bestBid"": 0.019, ""bestAsk"": 0.02}]"
665374,0x5db999fad322cea2914535aae5517060c3f80ad6d8c0231cde2124a434d16846,will-the-us-invade-iran-before-2027,https://polymarket.com/event/will-the-us-invade-iran-before-2027,https://embed.polymarket.com/market.html?market=will-the-us-invade-iran-before-2027&features=volume&theme=light,Will the U.S. invade Iran before 2027?,military-strikes,,"24h $321,405 • spread 0.010 • TTR 140.2d",58461819.03622799,321405.59,0.0,0.0,2026-12-31T00:00:00+00:00,140.203,1,0.01,-0.82,0.175,0,"[{""name"": ""Top"", ""bestBid"": 0.17, ""bestAsk"": 0.18}]"
561251,0x836b850fc838195374862551a36f1c8691d96ff01e58b0a071f0fc1a0e357fb1,will-lebron-james-win-the-2028-us-presidential-election,https://polymarket.com/event/will-lebron-james-win-the-2028-us-presidential-election,https://embed.polymarket.com/market.html?market=will-lebron-james-win-the-2028-us-presidential-election&features=volume&theme=light,Will LeBron James win the 2028 US Presidential Election?,president,,24h $222 • spread 0.001 • TTR 817.2d,54503347.39910805,222.46,0.0,0.0,2028-11-07T00:00:00+00:00,817.203,1,0.001,-0.998,0.0015,0,"[{""name"": ""Top"", ""bestBid"": 0.001, ""bestAsk"": 0.002}]"
559687,0xe06a7e94cf2fa8dc2085b7610fe16e9be1cde6654f34d365c13da1149b276c61,will-oprah-winfrey-win-the-2028-democratic-presidential-nomination,https://polymarket.com/event/will-oprah-winfrey-win-the-2028-democratic-presidential-nomination,https://embed.polymarket.com/market.html?market=will-oprah-winfrey-win-the-2028-democratic-presidential-nomination&features=volume&theme=light,Will Oprah Winfrey win the 2028 Democratic presidential nomination?,united-states,,"24h $5,171 • spread 0.001 • TTR 817.2d",54231145.18585699,5171.85,0.0,0.0,2028-11-07T00:00:00+00:00,817.203,1,0.001,-0.996,0.0035,0,"[{""name"": ""Top"", ""bestBid"": 0.003, ""bestAsk"": 0.004}]"
559679,0x30cfb887558b20373a984da60c372fe5a90c0296aa6d8bb413a8aa7543846da2,will-bernie-sanders-win-the-2028-democratic-presidential-nomination-879,https://polymarket.com/event/will-bernie-sanders-win-the-2028-democratic-presidential-nomination-879,https://embed.polymarket.com/market.html?market=will-bernie-sanders-win-the-2028-democratic-presidential-nomination-879&features=volume&theme=light,Will Bernie Sanders win the 2028 Democratic presidential nomination?,united-states,,"24h $7,207 • spread 0.001 • TTR 817.2d",52641505.41240599,7207.24,0.0,0.0,2028-11-07T00:00:00+00:00,817.203,1,0.001,-0.994,0.0055,0,"[{""name"": ""Top"", ""bestBid"": 0.005, ""bestAsk"": 0.006}]"
567621,0xd9fb1184af0064e5e34b129f5b79afa5a17b7e32f2953ab05efed82315fee6d4,will-china-invade-taiwan-before-2027,https://polymarket.com/event/will-china-invade-taiwan-before-2027,https://embed.polymarket.com/market.html?market=will-china-invade-taiwan-before-2027&features=volume&theme=light,Will China invade Taiwan by end of 2026?,politics,,"24h $16,211 • spread 0.001 • TTR 140.2d",39631989.84085597,16211.55,0.001,2.7397,2026-12-31T00:00:00+00:00,140.203,1,0.001,-0.962,0.0375,0,"[{""name"": ""Top"", ""bestBid"": 0.037, ""bestAsk"": 0.038}]"
559684,0xf2e51acfbb6d0414dc2ace81b7dc2af7c165e443dcb91f6caa7aab6d6ab4f06d,will-chelsea-clinton-win-the-2028-democratic-presidential-nomination,https://polymarket.com/event/will-chelsea-clinton-win-the-2028-democratic-presidential-nomination,https://embed.polymarket.com/market.html?market=will-chelsea-clinton-win-the-2028-democratic-presidential-nomination&features=volume&theme=light,Will Chelsea Clinton win the 2028 Democratic presidential nomination?,united-states,,"24h $2,810 • spread 0.001 • TTR 817.2d",50159249.863948,2810.89,-0.001,-18.1818,2028-11-07T00:00:00+00:00,817.203,1,0.001,-0.995,0.0045,0,"[{""name"": ""Top"", ""bestBid"": 0.004, ""bestAsk"": 0.005}]"
703257,0x747dc809fb79e1b05be09c42d6179459a58de2ef3e40f02484a4e1260f741f75,will-the-us-confirm-that-aliens-exist-before-2027-789-924-249,https://polymarket.com/event/will-the-us-confirm-that-aliens-exist-before-2027-789-924-249,https://embed.polymarket.com/market.html?market=will-the-us-confirm-that-aliens-exist-before-2027-789-924-249&features=volume&theme=light,Will the US confirm that aliens exist before 2027?,aliens,,"24h $27,053 • spread 0.010 • TTR 140.2d",36803895.78594901,27053.32,0.0,0.0,2026-12-31T00:00:00+00:00,140.203,1,0.01,-0.95,0.045,0,"[{""name"": ""Top"", ""bestBid"": 0.04, ""bestAsk"": 0.05}]"
559688,0x450810ae738a0ff820d3248f2b24937f63fb8c8cf422ed2a915125adb4d9d3c8,will-andrew-yang-win-the-2028-democratic-presidential-nomination,https://polymarket.com/event/will-andrew-yang-win-the-2028-democratic-presidential-nomination,https://embed.polymarket.com/market.html?market=will-andrew-yang-win-the-2028-democratic-presidential-nomination&features=volume&theme=light,Will Andrew Yang win the 2028 Democratic presidential nomination?,united-states,,"24h $3,853 • spread 0.001 • TTR 817.2d",48425392.80738299,3853.78,0.0,0.0,2028-11-07T00:00:00+00:00,817.203,1,0.001,-0.997,0.0025,0,"[{""name"": ""Top"", ""bestBid"": 0.002, ""bestAsk"": 0.003}]"
997488,0xd595eb9b81885ff018738300c79047e3ec89e87294424f57a29a7fa9162bf116,will-trump-acquire-greenland-before-2027,https://polymarket.com/event/will-trump-acquire-greenland-before-2027,https://embed.polymarket.com/market.html?market=will-trump-acquire-greenland-before-2027&features=volume&theme=light,Will Trump acquire Greenland before 2027?,davos,,"24h $7,363 • spread 0.001 • TTR 140.2d",35260544.76750811,7363.87,0.002,5.4795,2026-12-31T00:00:00+00:00,140.203,1,0.001,-0.961,0.0385,0,"[{""name"": ""Top"", ""bestBid"": 0.038, ""bestAsk"": 0.039}]"
561247,0xae70ab9bf1c3726fe430a2ba8b517697ae24e0f0ab554b876a5b521153068882,will-tim-walz-win-the-2028-us-presidential-election,https://polymarket.com/event/will-tim-walz-win-the-2028-us-presidential-election,https://embed.polymarket.com/market.html?market=will-tim-walz-win-the-2028-us-presidential-election&features=volume&theme=light,Will Tim Walz win the 2028 US Presidential Election?,president,,"24h $50,949 • spread 0.001 • TTR 817.2d",44433368.66163402,50949.38,0.0,0.0,2028-11-07T00:00:00+00:00,817.203,1,0.001,-0.998,0.0015,0,"[{""name"": ""Top"", ""bestBid"": 0.001, ""bestAsk"": 0.002}]"
561986,0xd1747284d6048b2a3dcfbee489db405f36de18f9590197dd0e5c9f0c246bf050,will-byron-donalds-win-the-2028-republican-presidential-nomination,https://polymarket.com/event/will-byron-donalds-win-the-2028-republican-presidential-nomination,https://embed.polymarket.com/market.html?market=will-byron-donalds-win-the-2028-republican-presidential-nomination&features=volume&theme=light,Will Byron Donalds win the 2028 Republican presidential nomination?,united-states,,24h $645 • spread 0.001 • TTR 817.2d,44380849.90125401,645.17,0.0,0.0,2028-11-07T00:00:00+00:00,817.203,1,0.001,-0.993,0.0065,0,"[{""name"": ""Top"", ""bestBid"": 0.006, ""bestAsk"": 0.007}]"
559682,0x1945a8b23e313ed7423b6b6fd556f9ab5578900376b565a61dc480a5f4f35d21,will-person-a-win-the-2028-democratic-presidential-nomination,https://polymarket.com/event/will-person-a-win-the-2028-democratic-presidential-nomination,https://embed.polymarket.com/market.html?market=will-person-a-win-the-2028-democratic-presidential-nomination&features=volume&theme=light,Will Hunter Biden win the 2028 Democratic presidential nomination?,united-states,,"24h $1,823 • spread 0.001 • TTR 817.2d",44111720.635514,1823.29,-0.0005,-8.3333,2028-11-07T00:00:00+00:00,817.203,1,0.001,-0.994,0.0055,0,"[{""name"": ""Top"", ""bestBid"": 0.005, ""bestAsk"": 0.006}]"
559681,0x8b203037c7c0e21b500314f8398d2a8ea294b7ce1f4f9185f426425a3505bc45,will-lebron-james-win-the-2028-democratic-presidential-nomination,https://polymarket.com/event/will-lebron-james-win-the-2028-democratic-presidential-nomination,https://embed.polymarket.com/market.html?market=will-lebron-james-win-the-2028-democratic-presidential-nomination&features=volume&theme=light,Will LeBron James win the 2028 Democratic presidential nomination?,united-states,,"24h $4,190 • spread 0.001 • TTR 817.2d",43821624.19816995,4190.39,0.0,0.0,2028-11-07T00:00:00+00:00,817.203,1,0.001,-0.997,0.0025,0,"[{""name"": ""Top"", ""bestBid"": 0.002, ""bestAsk"": 0.003}]"
559677,0x663b88d3a8f2341bb8d878709dc78632bcaf7512e577bd15521e5d8ed933efbc,will-hillary-clinton-win-the-2028-democratic-presidential-nomination,https://polymarket.com/event/will-hillary-clinton-win-the-2028-democratic-presidential-nomination,https://embed.polymarket.com/market.html?market=will-hillary-clinton-win-the-2028-democratic-presidential-nomination&features=volume&theme=light,Will Hillary Clinton win the 2028 Democratic presidential nomination?,united-states,,"24h $6,044 • spread 0.001 • TTR 817.2d",43556164.184970036,6044.89,0.0,0.0,2028-11-07T00:00:00+00:00,817.203,1,0.001,-0.997,0.0025,0,"[{""name"": ""Top"", ""bestBid"": 0.002, ""bestAsk"": 0.003}]"
561995,0x41c6341dd79903aca4bb0c29f5a7976946c3774d2fd72f38cbb7de7092144520,will-mike-pence-win-the-2028-republican-presidential-nomination,https://polymarket.com/event/will-mike-pence-win-the-2028-republican-presidential-nomination,https://embed.polymarket.com/market.html?market=will-mike-pence-win-the-2028-republican-presidential-nomination&features=volume&theme=light,Will Mike Pence win the 2028 Republican presidential nomination?,united-states,,"24h $1,782 • spread 0.001 • TTR 817.2d",43372615.034431,1782.67,0.0,0.0,2028-11-07T00:00:00+00:00,817.203,1,0.001,-0.997,0.0025,0,"[{""name"": ""Top"", ""bestBid"": 0.002, ""bestAsk"": 0.003}]"
1105754,0x831493dce463d9adcad78c492f2cbec6ecdac31f4e8c5a894fdac68c130549d4,will-richard-grenell-be-the-leader-of-venezuela-end-of-2026,https://polymarket.com/event/will-richard-grenell-be-the-leader-of-venezuela-end-of-2026,https://embed.polymarket.com/market.html?market=will-richard-grenell-be-the-leader-of-venezuela-end-of-2026&features=volume&theme=light,Will Richard Grenell be the leader of Venezuela end of 2026?,trump-machado,,24h $45 • TTR 140.2d,32638257.928845,45.83,0.0,0.0,2026-12-31T00:00:00+00:00,140.203,1,,-0.999,,0,"[{""name"": ""Top"", ""bestBid"": null, ""bestAsk"": 0.001}]"
559666,0x3265b10daeb30dbcc3214bd02e488551d0a5d3028392f4152e4750b943fbfc91,will-tim-walz-win-the-2028-democratic-presidential-nomination-475,https://polymarket.com/event/will-tim-walz-win-the-2028-democratic-presidential-nomination-475,https://embed.polymarket.com/market.html?market=will-tim-walz-win-the-2028-democratic-presidential-nomination-475&features=volume&theme=light,Will Tim Walz win the 2028 Democratic presidential nomination?,united-states,,"24h $3,768 • spread 0.001 • TTR 817.2d",42977717.86642801,3768.46,0.0,0.0,2028-11-07T00:00:00+00:00,817.203,1,0.001,-0.998,0.0015,0,"[{""name"": ""Top"", ""bestBid"": 0.001, ""bestAsk"": 0.002}]"
559683,0x822e61527476cabf98927e3aad385c5ecdae7086f945535f2c1fd9ae8dbfa46e,will-george-clooney-win-the-2028-democratic-presidential-nomination,https://polymarket.com/event/will-george-clooney-win-the-2028-democratic-presidential-nomination,https://embed.polymarket.com/market.html?market=will-george-clooney-win-the-2028-democratic-presidential-nomination&features=volume&theme=light,Will George Clooney win the 2028 Democratic presidential nomination?,united-states,,"24h $5,191 • spread 0.001 • TTR 817.2d",42911815.09729501,5191.97,0.0,0.0,2028-11-07T00:00:00+00:00,817.203,1,0.001,-0.996,0.0035,0,"[{""name"": ""Top"", ""bestBid"": 0.003, ""bestAsk"": 0.004}]"
559690,0x0f8ef3cc906ba7ba94a44724738df44bdd5f73e59e40c9c8b4ff8569e349643c,will-kim-kardashian-win-the-2028-democratic-presidential-nomination,https://polymarket.com/event/will-kim-kardashian-win-the-2028-democratic-presidential-nomination,https://embed.polymarket.com/market.html?market=will-kim-kardashian-win-the-2028-democratic-presidential-nomination&features=volume&theme=light,Will Kim Kardashian win the 2028 Democratic presidential nomination?,united-states,,"24h $8,570 • spread 0.001 • TTR 817.2d",42727867.35417099,8570.1,0.0,0.0,2028-11-07T00:00:00+00:00,817.203,1,0.001,-0.998,0.0015,0,"[{""name"": ""Top"", ""bestBid"": 0.001, ""bestAsk"": 0.002}]"
559689,0x8ecd1d15e521b7d1020ad5596cc981c8764e9dcfbc3648f582e1a5138aee7185,will-beto-orourke-win-the-2028-democratic-presidential-nomination,https://polymarket.com/event/will-beto-orourke-win-the-2028-democratic-presidential-nomination,https://embed.polymarket.com/market.html?market=will-beto-orourke-win-the-2028-democratic-presidential-nomination&features=volume&theme=light,Will Beto O’Rourke win the 2028 Democratic presidential nomination?,united-states,,"24h $4,093 • spread 0.001 • TTR 817.2d",42674132.61264797,4093.88,0.0,0.0,2028-11-07T00:00:00+00:00,817.203,1,0.001,-0.997,0.0025,0,"[{""name"": ""Top"", ""bestBid"": 0.002, ""bestAsk"": 0.003}]"
559680,0x29283b56d3eec6d1d89fff51793d9d2e01579d2379b1d3e9ebda175d3561e809,will-phil-murphy-win-the-2028-democratic-presidential-nomination-611,https://polymarket.com/event/will-phil-murphy-win-the-2028-democratic-presidential-nomination-611,https://embed.polymarket.com/market.html?market=will-phil-murphy-win-the-2028-democratic-presidential-nomination-611&features=volume&theme=light,Will Phil Murphy win the 2028 Democratic presidential nomination?,united-states,,"24h $3,888 • spread 0.001 • TTR 817.2d",42196815.64236507,3888.31,0.0,0.0,2028-11-07T00:00:00+00:00,817.203,1,0.001,-0.998,0.0015,0,"[{""name"": ""Top"", ""bestBid"": 0.001, ""bestAsk"": 0.002}]"
559685,0xc44edcfdedb422bae8ff1803e2178d1ee025fc41efd81400ccbede709e018841,will-mrbeast-win-the-2028-democratic-presidential-nomination,https://polymarket.com/event/will-mrbeast-win-the-2028-democratic-presidential-nomination,https://embed.polymarket.com/market.html?market=will-mrbeast-win-the-2028-democratic-presidential-nomination&features=volume&theme=light,Will MrBeast win the 2028 Democratic presidential nomination?,united-states,,"24h $2,384 • spread 0.001 • TTR 817.2d",40882921.029513,2384.58,0.0,0.0,2028-11-07T00:00:00+00:00,817.203,1,0.001,-0.997,0.0025,0,"[{""name"": ""Top"", ""bestBid"": 0.002, ""bestAsk"": 0.003}]"
2774056,0x60c2c085ee8c16bc8f2419739a94971d4c9d00f637ead10fc0f540afa1be64e8,strait-of-hormuz-traffic-returns-to-normal-by-august-31-20260702154212320,https://polymarket.com/event/strait-of-hormuz-traffic-returns-to-normal-by-august-31-20260702154212320,https://embed.polymarket.com/market.html?market=strait-of-hormuz-traffic-returns-to-normal-by-august-31-20260702154212320&features=volume&theme=light,Strait of Hormuz traffic returns to normal by August 31?,oil,,"24h $257,385 • spread 0.001 • TTR 18.2d",12393600.582681999,257385.12,-0.0125,-32.8947,2026-08-31T00:00:00+00:00,18.203,1,0.001,-0.974,0.0255,0,"[{""name"": ""Top"", ""bestBid"": 0.025, ""bestAsk"": 0.026}]"
561254,0x7f695758278e6d4d9e63df862afa88d664d3402a3d26e4d32ae05121cdbddba6,will-kim-kardashian-win-the-2028-us-presidential-election,https://polymarket.com/event/will-kim-kardashian-win-the-2028-us-presidential-election,https://embed.polymarket.com/market.html?market=will-kim-kardashian-win-the-2028-us-presidential-election&features=volume&theme=light,Will Kim Kardashian win the 2028 US Presidential Election?,president,,"24h $4,590 • spread 0.001 • TTR 817.2d",39753620.983116016,4590.22,0.0,0.0,2028-11-07T00:00:00+00:00,817.203,1,0.001,-0.997,0.0025,0,"[{""name"": ""Top"", ""bestBid"": 0.002, ""bestAsk"": 0.003}]"
559671,0x3535fb2f4aef6619dde8b367cb5e5d209526bb496d5d9778428c58a0252435e3,will-zohran-mamdani-win-the-2028-democratic-presidential-nomination-445,https://polymarket.com/event/will-zohran-mamdani-win-the-2028-democratic-presidential-nomination-445,https://embed.polymarket.com/market.html?market=will-zohran-mamdani-win-the-2028-democratic-presidential-nomination-445&features=volume&theme=light,Will Zohran Mamdani win the 2028 Democratic presidential nomination?,united-states,,"24h $4,420 • spread 0.001 • TTR 817.2d",38597581.15681806,4420.72,0.0,0.0,2028-11-07T00:00:00+00:00,817.203,1,0.001,-0.996,0.0035,0,"[{""name"": ""Top"", ""bestBid"": 0.003, ""bestAsk"": 0.004}]"
559678,0x46dbd48d6bde5b81edb480e0f676a2cdda6c6b592c4d86a9367c7ad5a9870195,will-liz-cheney-win-the-2028-democratic-presidential-nomination-551,https://polymarket.com/event/will-liz-cheney-win-the-2028-democratic-presidential-nomination-551,https://embed.polymarket.com/market.html?market=will-liz-cheney-win-the-2028-democratic-presidential-nomination-551&features=volume&theme=light,Will Liz Cheney win the 2028 Democratic presidential nomination?,united-states,,"24h $3,877 • spread 0.001 • TTR 817.2d",38351465.504788995,3877.41,0.0,0.0,2028-11-07T00:00:00+00:00,817.203,1,0.001,-0.997,0.0025,0,"[{""name"": ""Top"", ""bestBid"": 0.002, ""bestAsk"": 0.003}]"
561248,0x64396449b471b10b006285fa49dd9a5df535694de7b4c703fdeb0d88d5c4cd33,will-vivek-ramaswamy-win-the-2028-us-presidential-election,https://polymarket.com/event/will-vivek-ramaswamy-win-the-2028-us-presidential-election,https://embed.polymarket.com/market.html?market=will-vivek-ramaswamy-win-the-2028-us-presidential-election&features=volume&theme=light,Will Vivek Ramaswamy win the 2028 US Presidential Election?,president,,24h $232 • spread 0.001 • TTR 817.2d,37621243.84118999,232.23,0.0,0.0,2028-11-07T00:00:00+00:00,817.203,1,0.001,-0.997,0.0025,0,"[{""name"": ""Top"", ""bestBid"": 0.002, ""bestAsk"": 0.003}]"
3128885,0x49479ffa88e2897569b1d413e3bc558003e21912edee09d080ca6bac6eb20805,strait-of-hormuz-traffic-returns-to-normal-by-august-15-20260727171036148,https://polymarket.com/event/strait-of-hormuz-traffic-returns-to-normal-by-august-15-20260727171036148,https://embed.polymarket.com/market.html?market=strait-of-hormuz-traffic-returns-to-normal-by-august-15-20260727171036148&features=volume&theme=light,Strait of Hormuz traffic returns to normal by August 15?,oil,,"24h $387,522 • spread 0.001 • TTR 2.2d",6098461.749734997,387522.01,0.0,0.0,2026-08-15T00:00:00+00:00,2.203,1,0.001,-0.997,0.0025,0,"[{""name"": ""Top"", ""bestBid"": 0.002, ""bestAsk"": 0.003}]"
559692,0x3cd6e52603d80ddbbdac9b1a4d43f9b7faa6aae4fae4d0fdfad3bd58454da7d3,will-jasmine-crockett-win-the-2028-democratic-presidential-nomination,https://polymarket.com/event/will-jasmine-crockett-win-the-2028-democratic-presidential-nomination,https://embed.polymarket.com/market.html?market=will-jasmine-crockett-win-the-2028-democratic-presidential-nomination&features=volume&theme=light,Will Jasmine Crockett win the 2028 Democratic presidential nomination?,united-states,,"24h $3,830 • spread 0.001 • TTR 817.2d",36272066.00546999,3830.35,0.0,0.0,2028-11-07T00:00:00+00:00,817.203,1,0.001,-0.996,0.0035,0,"[{""name"": ""Top"", ""bestBid"": 0.003, ""bestAsk"": 0.004}]"
561993,0x7190eccbd0677d5d0ae8cdf598b37e945a346915c666dda11468dc9970657a56,will-john-thune-win-the-2028-republican-presidential-nomination,https://polymarket.com/event/will-john-thune-win-the-2028-republican-presidential-nomination,https://embed.polymarket.com/market.html?market=will-john-thune-win-the-2028-republican-presidential-nomination&features=volume&theme=light,Will John Thune win the 2028 Republican presidential nomination?,united-states,,24h $815 • spread 0.001 • TTR 817.2d,36167178.51683602,815.94,0.0,0.0,2028-11-07T00:00:00+00:00,817.203,1,0.001,-0.998,0.0015,0,"[{""name"": ""Top"", ""bestBid"": 0.001, ""bestAsk"": 0.002}]"
561994,0x5f1b1caf70eb994bfff2986727a05a3ac9f7ec8b0da4017f7732596d023e5a07,will-kristi-noem-win-the-2028-republican-presidential-nomination,https://polymarket.com/event/will-kristi-noem-win-the-2028-republican-presidential-nomination,https://embed.polymarket.com/market.html?market=will-kristi-noem-win-the-2028-republican-presidential-nomination&features=volume&theme=light,Will Kristi Noem win the 2028 Republican presidential nomination?,united-states,,"24h $3,386 • spread 0.001 • TTR 817.2d",36094170.900098994,3386.36,0.0,0.0,2028-11-07T00:00:00+00:00,817.203,1,0.001,-0.997,0.0025,0,"[{""name"": ""Top"", ""bestBid"": 0.002, ""bestAsk"": 0.003}]"
559670,0xcb239105ed21a2420ba4d85090b9bc32755c56601ffdc528afd17fd6282fe930,will-gina-raimondo-win-the-2028-democratic-presidential-nomination-676,https://polymarket.com/event/will-gina-raimondo-win-the-2028-democratic-presidential-nomination-676,https://embed.polymarket.com/market.html?market=will-gina-raimondo-win-the-2028-democratic-presidential-nomination-676&features=volume&theme=light,Will Gina Raimondo win the 2028 Democratic presidential nomination?,united-states,,"24h $3,612 • spread 0.001 • TTR 817.2d",35577303.891315006,3612.85,0.0,0.0,2028-11-07T00:00:00+00:00,817.203,1,0.001,-0.997,0.0025,0,"[{""name"": ""Top"", ""bestBid"": 0.002, ""bestAsk"": 0.003}]"
561249,0x01dffa7abae7e5d9b7fb44b06d537c5ac932e2ca422ab4b53366672f5e2dc7d6,will-greg-abbott-win-the-2028-us-presidential-election,https://polymarket.com/event/will-greg-abbott-win-the-2028-us-presidential-election,https://embed.polymarket.com/market.html?market=will-greg-abbott-win-the-2028-us-presidential-election&features=volume&theme=light,Will Greg Abbott win the 2028 US Presidential Election?,president,,"24h $6,233 • spread 0.001 • TTR 817.2d",35163018.17981602,6233.3,0.0,0.0,2028-11-07T00:00:00+00:00,817.203,1,0.001,-0.991,0.0085,0,"[{""name"": ""Top"", ""bestBid"": 0.008, ""bestAsk"": 0.009}]"
561242,0x8fc141205ebce5adf437bfdf4d0c5ff58ff24293b79c9431991346c208bb48ed,will-tulsi-gabbard-win-the-2028-us-presidential-election,https://polymarket.com/event/will-tulsi-gabbard-win-the-2028-us-presidential-election,https://embed.polymarket.com/market.html?market=will-tulsi-gabbard-win-the-2028-us-presidential-election&features=volume&theme=light,Will Tulsi Gabbard win the 2028 US Presidential Election?,president,,"24h $2,161 • spread 0.001 • TTR 817.2d",34348050.43467798,2161.63,0.0,0.0,2028-11-07T00:00:00+00:00,817.203,1,0.001,-0.997,0.0025,0,"[{""name"": ""Top"", ""bestBid"": 0.002, ""bestAsk"": 0.003}]"
1105752,0x8063a2c9fa21c4a1470b33fee132d6d61fb5b7dcd667dcac3bb82ae15ad70c0d,will-frank-donovan-be-the-leader-of-venezuela-end-of-2026,https://polymarket.com/event/will-frank-donovan-be-the-leader-of-venezuela-end-of-2026,https://embed.polymarket.com/market.html?market=will-frank-donovan-be-the-leader-of-venezuela-end-of-2026&features=volume&theme=light,Will Frank Donovan be the leader of Venezuela end of 2026?,trump-machado,,24h $315 • spread 0.001 • TTR 140.2d,25795820.530588005,315.22,0.0,0.0,2026-12-31T00:00:00+00:00,140.203,1,0.001,-0.998,0.0015,0,"[{""name"": ""Top"", ""bestBid"": 0.001, ""bestAsk"": 0.002}]"
559676,0x88d67705780a3d922317ecb0c78a947a306174d0510df2ae89394d5abfb28206,will-barack-obama-win-the-2028-democratic-presidential-nomination-265,https://polymarket.com/event/will-barack-obama-win-the-2028-democratic-presidential-nomination-265,https://embed.polymarket.com/market.html?market=will-barack-obama-win-the-2028-democratic-presidential-nomination-265&features=volume&theme=light,Will Barack Obama win the 2028 Democratic presidential nomination?,united-states,,"24h $5,312 • spread 0.001 • TTR 817.2d",33861475.84364801,5312.87,0.0,0.0,2028-11-07T00:00:00+00:00,817.203,1,0.001,-0.997,0.0025,0,"[{""name"": ""Top"", ""bestBid"": 0.002, ""bestAsk"": 0.003}]"
561240,0x66b906b8205f48a26beb8e553bbb1e7954e87e4f6e1d539823441221d1806e8f,will-stephen-smith-win-the-2028-us-presidential-election,https://polymarket.com/event/will-stephen-smith-win-the-2028-us-presidential-election,https://embed.polymarket.com/market.html?market=will-stephen-smith-win-the-2028-us-presidential-election&features=volume&theme=light,Will Stephen Smith win the 2028 US Presidential Election?,president,,24h $830 • spread 0.001 • TTR 817.2d,33267182.83011898,830.99,0.0,0.0,2028-11-07T00:00:00+00:00,817.203,1,0.001,-0.997,0.0025,0,"[{""name"": ""Top"", ""bestBid"": 0.002, ""bestAsk"": 0.003}]"
561999,0xf8dbde8b6e038775a673947e59da2de15a2127272b50b9877400fdbf7cfc3026,will-tom-brady-win-the-2028-republican-presidential-nomination,https://polymarket.com/event/will-tom-brady-win-the-2028-republican-presidential-nomination,https://embed.polymarket.com/market.html?market=will-tom-brady-win-the-2028-republican-presidential-nomination&features=volume&theme=light,Will Tom Brady win the 2028 Republican presidential nomination?,united-states,,24h $185 • spread 0.001 • TTR 817.2d,32892921.230729006,185.88,0.0,0.0,2028-11-07T00:00:00+00:00,817.203,1,0.001,-0.997,0.0025,0,"[{""name"": ""Top"", ""bestBid"": 0.002, ""bestAsk"": 0.003}]"
561982,0x00ad3bb5284b0b2314b1a2d42812fe292f606619c6278bd95c9d905816c240f6,will-sarah-huckabee-sanders-win-the-2028-republican-presidential-nomination,https://polymarket.com/event/will-sarah-huckabee-sanders-win-the-2028-republican-presidential-nomination,https://embed.polymarket.com/market.html?market=will-sarah-huckabee-sanders-win-the-2028-republican-presidential-nomination&features=volume&theme=light,Will Sarah Huckabee Sanders win the 2028 Republican presidential nomination?,united-states,,"24h $2,475 • spread 0.001 • TTR 817.2d",32655629.76277601,2475.21,0.0,0.0,2028-11-07T00:00:00+00:00,817.203,1,0.001,-0.994,0.0055,0,"[{""name"": ""Top"", ""bestBid"": 0.005, ""bestAsk"": 0.006}]"
663583,0xbb4d51e6364066d92eb6f9b8413dd7193de70966736044463b205834805a1f3b,will-the-iranian-regime-fall-by-the-end-of-2026,https://polymarket.com/event/will-the-iranian-regime-fall-by-the-end-of-2026,https://embed.polymarket.com/market.html?market=will-the-iranian-regime-fall-by-the-end-of-2026&features=volume&theme=light,Will the Iranian regime fall before 2027?,reza-pahlavi,,"24h $8,371 • spread 0.010 • TTR 140.2d",24615660.688891016,8371.93,0.0,0.0,2026-12-31T00:00:00+00:00,140.203,1,0.01,-0.93,0.065,0,"[{""name"": ""Top"", ""bestBid"": 0.06, ""bestAsk"": 0.07}]"
559664,0xdce84960dce38aa4a5800a5eba7c9ac34d2ce49ba9d44c42572c472d468af264,will-raphael-warnock-win-the-2028-democratic-presidential-nomination-914,https://polymarket.com/event/will-raphael-warnock-win-the-2028-democratic-presidential-nomination-914,https://embed.polymarket.com/market.html?market=will-raphael-warnock-win-the-2028-democratic-presidential-nomination-914&features=volume&theme=light,Will Raphael Warnock win the 2028 Democratic presidential nomination?,united-states,,"24h $2,928 • spread 0.001 • TTR 817.2d",32033339.890209,2928.16,-0.0005,-7.1429,2028-11-07T00:00:00+00:00,817.203,1,0.001,-0.993,0.0065,0,"[{""name"": ""Top"", ""bestBid"": 0.006, ""bestAsk"": 0.007}]"
559672,0x939eeb2dea216749bd409bedde483c3f2bfb0e24d4f2d34461c0b21c6e91f010,will-roy-cooper-win-the-2028-democratic-presidential-nomination-286,https://polymarket.com/event/will-roy-cooper-win-the-2028-democratic-presidential-nomination-286,https://embed.polymarket.com/market.html?market=will-roy-cooper-win-the-2028-democratic-presidential-nomination-286&features=volume&theme=light,Will Roy Cooper win the 2028 Democratic presidential nomination?,united-states,,"24h $3,738 • spread 0.001 • TTR 817.2d",31352622.042310014,3738.51,0.0,0.0,2028-11-07T00:00:00+00:00,817.203,1,0.001,-0.995,0.0045,0,"[{""name"": ""Top"", ""bestBid"": 0.004, ""bestAsk"": 0.005}]"
561990,0xfbb80ea5f8fc02ee7df8bd4f58790e1d04b874078a49a7b7028a74a2075100c9,will-elon-musk-win-the-2028-republican-presidential-nomination,https://polymarket.com/event/will-elon-musk-win-the-2028-republican-presidential-nomination,https://embed.polymarket.com/market.html?market=will-elon-musk-win-the-2028-republican-presidential-nomination&features=volume&theme=light,Will Elon Musk win the 2028 Republican presidential nomination?,united-states,,24h $214 • spread 0.001 • TTR 817.2d,28893283.840253998,214.72,0.0,0.0,2028-11-07T00:00:00+00:00,817.203,1,0.001,-0.992,0.0075,0,"[{""name"": ""Top"", ""bestBid"": 0.007, ""bestAsk"": 0.008}]"
561992,0x61a1278884fa70d68d4bcaaf72fad55bbdb063cac28c6947472ca91635fab10f,will-katie-britt-win-the-2028-republican-presidential-nomination,https://polymarket.com/event/will-katie-britt-win-the-2028-republican-presidential-nomination,https://embed.polymarket.com/market.html?market=will-katie-britt-win-the-2028-republican-presidential-nomination&features=volume&theme=light,Will Katie Britt win the 2028 Republican presidential nomination?,united-states,,24h $181 • spread 0.001 • TTR 817.2d,28753241.480970014,181.17,0.0,0.0,2028-11-07T00:00:00+00:00,817.203,1,0.001,-0.996,0.0035,0,"[{""name"": ""Top"", ""bestBid"": 0.003, ""bestAsk"": 0.004}]"
561245,0xe0173375b7eaccb836f7b92d28a9a2d1cc69e54e5a65fae89a5d7e49aadd332e,will-nikki-haley-win-the-2028-us-presidential-election,https://polymarket.com/event/will-nikki-haley-win-the-2028-us-presidential-election,https://embed.polymarket.com/market.html?market=will-nikki-haley-win-the-2028-us-presidential-election&features=volume&theme=light,Will Nikki Haley win the 2028 US Presidential Election?,president,,"24h $5,725 • spread 0.001 • TTR 817.2d",28570411.28546101,5725.24,0.0,0.0,2028-11-07T00:00:00+00:00,817.203,1,0.001,-0.994,0.0055,0,"[{""name"": ""Top"", ""bestBid"": 0.005, ""bestAsk"": 0.006}]"
562003,0x414378275cb214b747245942be889ee1e077c56d1c00eb4d726629c95f22b5a5,will-kim-kardashian-win-the-2028-republican-presidential-nomination,https://polymarket.com/event/will-kim-kardashian-win-the-2028-republican-presidential-nomination,https://embed.polymarket.com/market.html?market=will-kim-kardashian-win-the-2028-republican-presidential-nomination&features=volume&theme=light,Will Kim Kardashian win the 2028 Republican presidential nomination?,united-states,,24h $496 • spread 0.001 • TTR 817.2d,28510162.971035004,496.48,0.0,0.0,2028-11-07T00:00:00+00:00,817.203,1,0.001,-0.996,0.0035,0,"[{""name"": ""Top"", ""bestBid"": 0.003, ""bestAsk"": 0.004}]"
561987,0x655b4bfdfa55a95c24d6e9bf7e7cd62f1b57da9a1f4c7f40f090b8ba847dffa2,will-elise-stefanik-win-the-2028-republican-presidential-nomination,https://polymarket.com/event/will-elise-stefanik-win-the-2028-republican-presidential-nomination,https://embed.polymarket.com/market.html?market=will-elise-stefanik-win-the-2028-republican-presidential-nomination&features=volume&theme=light,Will Elise Stefanik win the 2028 Republican presidential nomination?,united-states,,24h $193 • spread 0.001 • TTR 817.2d,27970796.39614199,193.03,0.0,0.0,2028-11-07T00:00:00+00:00,817.203,1,0.001,-0.995,0.0045,0,"[{""name"": ""Top"", ""bestBid"": 0.004, ""bestAsk"": 0.005}]"
559674,0x8fbcb151e2c988df5a43abb02298014b7daf34c008f3eed9188dd16a2a19bec1,will-jared-polis-win-the-2028-democratic-presidential-nomination-837,https://polymarket.com/event/will-jared-polis-win-the-2028-democratic-presidential-nomination-837,https://embed.polymarket.com/market.html?market=will-jared-polis-win-the-2028-democratic-presidential-nomination-837&features=volume&theme=light,Will Jared Polis win the 2028 Democratic presidential nomination?,united-states,,"24h $4,026 • spread 0.001 • TTR 817.2d",27180622.907658003,4026.93,0.0,0.0,2028-11-07T00:00:00+00:00,817.203,1,0.001,-0.997,0.0025,0,"[{""name"": ""Top"", ""bestBid"": 0.002, ""bestAsk"": 0.003}]"
601818,0x81a537b379a35e4e17c286d3b37394e94bd74c1779bbe9a13670eb991b201a3a,will-tarcisio-de-frietas-win-the-2026-brazilian-presidential-election,https://polymarket.com/event/will-tarcisio-de-frietas-win-the-2026-brazilian-presidential-election,https://embed.polymarket.com/market.html?market=will-tarcisio-de-frietas-win-the-2026-brazilian-presidential-election&features=volume&theme=light,Will Tarcisio de Freitas win the 2026 Brazilian presidential election?,politics,,"24h $11,054 • TTR 52.2d",13911589.733296,11054.34,0.0,0.0,2026-10-04T00:00:00+00:00,52.203,1,,-0.999,,0,"[{""name"": ""Top"", ""bestBid"": null, ""bestAsk"": 0.001}]"
559652,0x0f49db97f71c68b1e42a6d16e3de93d85dbf7d4148e3f018eb79e88554be9f75,will-gavin-newsom-win-the-2028-democratic-presidential-nomination-568,https://polymarket.com/event/will-gavin-newsom-win-the-2028-democratic-presidential-nomination-568,https://embed.polymarket.com/market.html?market=will-gavin-newsom-win-the-2028-democratic-presidential-nomination-568&features=volume&theme=light,Will Gavin Newsom win the 2028 Democratic presidential nomination?,united-states,,"24h $10,050 • spread 0.001 • TTR 817.2d",26679308.89064699,10050.68,-0.003,-1.6901,2028-11-07T00:00:00+00:00,817.203,1,0.001,-0.825,0.1745,0,"[{""name"": ""Top"", ""bestBid"": 0.174, ""bestAsk"": 0.175}]"
561238,0xc4435df23facee8c4cd86090310c7835c2a0425646b2588b0a02e67fa42f444e,will-glenn-youngkin-win-the-2028-us-presidential-election,https://polymarket.com/event/will-glenn-youngkin-win-the-2028-us-presidential-election,https://embed.polymarket.com/market.html?market=will-glenn-youngkin-win-the-2028-us-presidential-election&features=volume&theme=light,Will Glenn Youngkin win the 2028 US Presidential Election?,president,,"24h $1,961 • spread 0.001 • TTR 817.2d",26421205.911700986,1961.92,0.0,0.0,2028-11-07T00:00:00+00:00,817.203,1,0.001,-0.993,0.0065,0,"[{""name"": ""Top"", ""bestBid"": 0.006, ""bestAsk"": 0.007}]"
559667,0x3e218c99a1335641b3a5ee6c887521d19b0c28fddd6b99c254a07968e35c0b1b,will-michelle-obama-win-the-2028-democratic-presidential-nomination-777,https://polymarket.com/event/will-michelle-obama-win-the-2028-democratic-presidential-nomination-777,https://embed.polymarket.com/market.html?market=will-michelle-obama-win-the-2028-democratic-presidential-nomination-777&features=volume&theme=light,Will Michelle Obama win the 2028 Democratic presidential nomination?,united-states,,"24h $30,170 • spread 0.001 • TTR 817.2d",26096451.299577005,30170.75,0.0,0.0,2028-11-07T00:00:00+00:00,817.203,1,0.001,-0.99,0.0095,0,"[{""name"": ""Top"", ""bestBid"": 0.009, ""bestAsk"": 0.01}]"
561250,0x68e3c4e0dd8f82d010060032006fd157401b0bd8e04bd2953ae293e31eb99bf6,will-elon-musk-win-the-2028-us-presidential-election,https://polymarket.com/event/will-elon-musk-win-the-2028-us-presidential-election,https://embed.polymarket.com/market.html?market=will-elon-musk-win-the-2028-us-presidential-election&features=volume&theme=light,Will Elon Musk win the 2028 US Presidential Election?,president,,"24h $3,262 • spread 0.001 • TTR 817.2d",25882992.801321015,3262.79,0.0,0.0,2028-11-07T00:00:00+00:00,817.203,1,0.001,-0.993,0.0065,0,"[{""name"": ""Top"", ""bestBid"": 0.006, ""bestAsk"": 0.007}]"
559665,0x1970bcce75e3674660917ae4685b433a9b1e0152d810a8d7c346dfd5e00694c2,will-corey-booker-win-the-2028-democratic-presidential-nomination-125,https://polymarket.com/event/will-corey-booker-win-the-2028-democratic-presidential-nomination-125,https://embed.polymarket.com/market.html?market=will-corey-booker-win-the-2028-democratic-presidential-nomination-125&features=volume&theme=light,Will Cory Booker win the 2028 Democratic presidential nomination?,united-states,,"24h $3,760 • spread 0.001 • TTR 817.2d",25520630.121038996,3760.84,0.0,0.0,2028-11-07T00:00:00+00:00,817.203,1,0.001,-0.994,0.0055,0,"[{""name"": ""Top"", ""bestBid"": 0.005, ""bestAsk"": 0.006}]"
560317,0x6bd56627aa21311850825edb27e53434a0e17a4f782be0086bc07f71eee00d0d,putin-out-before-2027-346,https://polymarket.com/event/putin-out-before-2027-346,https://embed.polymarket.com/market.html?market=putin-out-before-2027-346&features=volume&theme=light,"Putin out as President of Russia by December 31, 2026?",putin,,"24h $22,702 • spread 0.010 • TTR 141.0d",18735148.029708,22702.12,0.0,0.0,2026-12-31T18:30:00+00:00,140.973,1,0.01,-0.92,0.075,0,"[{""name"": ""Top"", ""bestBid"": 0.07, ""bestAsk"": 0.08}]"
559675,0xfee07be730188c94cd3644ed6f107fa3ea2dfab9989ce8d39aeeae064766abe3,will-jon-stewart-win-the-2028-democratic-presidential-nomination-518,https://polymarket.com/event/will-jon-stewart-win-the-2028-democratic-presidential-nomination-518,https://embed.polymarket.com/market.html?market=will-jon-stewart-win-the-2028-democratic-presidential-nomination-518&features=volume&theme=light,Will Jon Stewart win the 2028 Democratic presidential nomination?,united-states,,"24h $3,551 • spread 0.001 • TTR 817.2d",24583444.960336007,3551.38,-0.005,-25.641,2028-11-07T00:00:00+00:00,817.203,1,0.001,-0.985,0.0145,0,"[{""name"": ""Top"", ""bestBid"": 0.014, ""bestAsk"": 0.015}]"
559673,0xca1d1139b0c3a29983407f499476ae642482788e841a277eb86faeeb9fa4a85c,will-john-fetterman-win-the-2028-democratic-presidential-nomination-941,https://polymarket.com/event/will-john-fetterman-win-the-2028-democratic-presidential-nomination-941,https://embed.polymarket.com/market.html?market=will-john-fetterman-win-the-2028-democratic-presidential-nomination-941&features=volume&theme=light,Will John Fetterman win the 2028 Democratic presidential nomination?,united-states,,"24h $4,538 • spread 0.001 • TTR 817.2d",24363726.091959998,4538.3,0.0,0.0,2028-11-07T00:00:00+00:00,817.203,1,0.001,-0.996,0.0035,0,"[{""name"": ""Top"", ""bestBid"": 0.003, ""bestAsk"": 0.004}]"
3471044,0x3dd97c070ee813453634f553b89912075ee9e76cc1ceaa403e86dfc8d332cfb3,cs2-vit-100t-2026-08-12,https://polymarket.com/event/cs2-vit-100t-2026-08-12,https://embed.polymarket.com/market.html?market=cs2-vit-100t-2026-08-12&features=volume&theme=light,Counter-Strike: Vitality vs 100 Thieves (BO1) - Esports World Cup Group C,esports,,"24h $3,546,218 • spread 0.001 • TTR 0.2d",3553001.966802999,3546218.38,0.2245,28.9677,2026-08-13T00:20:00+00:00,0.216,1,0.001,0.0,0.9995,0,"[{""name"": ""Top"", ""bestBid"": 0.999, ""bestAsk"": 1.0}]"
2155000,0xa4ddc18895cc7b14810283ef8f113939abffd3969c6a0e37f1897110c67e6f73,hantavirus-pandemic-in-2026,https://polymarket.com/event/hantavirus-pandemic-in-2026,https://embed.polymarket.com/market.html?market=hantavirus-pandemic-in-2026&features=volume&theme=light,Hantavirus pandemic in 2026?,pandemics,,"24h $93,584 • spread 0.002 • TTR 140.2d",17811907.678583033,93584.42,0.0005,1.3699,2026-12-31T00:00:00+00:00,140.203,1,0.002,-0.962,0.037,0,"[{""name"": ""Top"", ""bestBid"": 0.036, ""bestAsk"": 0.038}]"
562001,0xd5659eea81cada0bac656f5a9099861786cbae6755e2e1ac2c9e9441908b551f,will-steve-bannon-win-the-2028-republican-presidential-nomination,https://polymarket.com/event/will-steve-bannon-win-the-2028-republican-presidential-nomination,https://embed.polymarket.com/market.html?market=will-steve-bannon-win-the-2028-republican-presidential-nomination&features=volume&theme=light,Will Steve Bannon win the 2028 Republican presidential nomination?,united-states,,24h $46 • spread 0.001 • TTR 817.2d,22812560.511965994,46.17,0.0,0.0,2028-11-07T00:00:00+00:00,817.203,1,0.001,-0.995,0.0045,0,"[{""name"": ""Top"", ""bestBid"": 0.004, ""bestAsk"": 0.005}]"
559662,0x9d4f94f82de9d13ff1d3318639ab9000ee2533949e525343156f374fb00bd9b1,will-mark-cuban-win-the-2028-democratic-presidential-nomination-329,https://polymarket.com/event/will-mark-cuban-win-the-2028-democratic-presidential-nomination-329,https://embed.polymarket.com/market.html?market=will-mark-cuban-win-the-2028-democratic-presidential-nomination-329&features=volume&theme=light,Will Mark Cuban win the 2028 Democratic presidential nomination?,united-states,,"24h $3,553 • spread 0.001 • TTR 817.2d",22766799.996450003,3553.45,0.0,0.0,2028-11-07T00:00:00+00:00,817.203,1,0.001,-0.994,0.0055,0,"[{""name"": ""Top"", ""bestBid"": 0.005, ""bestAsk"": 0.006}]"
561256,0xf05b4b55336a4c1c7b44c726911d2b559732cff7bad339084de86ae364dc85f6,will-zohran-mamdani-win-the-2028-us-presidential-election,https://polymarket.com/event/will-zohran-mamdani-win-the-2028-us-presidential-election,https://embed.polymarket.com/market.html?market=will-zohran-mamdani-win-the-2028-us-presidential-election&features=volume&theme=light,Will Zohran Mamdani win the 2028 US Presidential Election?,president,,"24h $2,613 • spread 0.001 • TTR 817.2d",21791357.655913,2613.63,0.0,0.0,2028-11-07T00:00:00+00:00,817.203,1,0.001,-0.997,0.0025,0,"[{""name"": ""Top"", ""bestBid"": 0.002, ""bestAsk"": 0.003}]"
559657,0xc8f1cf5d4f26e0fd9c8fe89f2a7b3263b902cf14fde7bfccef525753bb492e47,will-stephen-a-smith-win-the-2028-democratic-presidential-nomination-914,https://polymarket.com/event/will-stephen-a-smith-win-the-2028-democratic-presidential-nomination-914,https://embed.polymarket.com/market.html?market=will-stephen-a-smith-win-the-2028-democratic-presidential-nomination-914&features=volume&theme=light,Will Stephen A. Smith win the 2028 Democratic presidential nomination?,united-states,,"24h $40,615 • spread 0.001 • TTR 817.2d",21620375.484442998,40615.95,0.0,0.0,2028-11-07T00:00:00+00:00,817.203,1,0.001,-0.995,0.0045,0,"[{""name"": ""Top"", ""bestBid"": 0.004, ""bestAsk"": 0.005}]"
561983,0x214093035e429b91df322bd20c55d9f611f741f67472a63f7623a9afc0cffa57,will-greg-abbott-win-the-2028-republican-presidential-nomination,https://polymarket.com/event/will-greg-abbott-win-the-2028-republican-presidential-nomination,https://embed.polymarket.com/market.html?market=will-greg-abbott-win-the-2028-republican-presidential-nomination&features=volume&theme=light,Will Greg Abbott win the 2028 Republican presidential nomination?,united-states,,24h $197 • spread 0.001 • TTR 817.2d,20665215.115321007,197.72,0.0,0.0,2028-11-07T00:00:00+00:00,817.203,1,0.001,-0.992,0.0075,0,"[{""name"": ""Top"", ""bestBid"": 0.007, ""bestAsk"": 0.008}]"
601823,0xe1d5733322fd2215f136412f419d9ff805d097f78c68de3261515ff736895f2b,will-eduardo-bolsonaro-win-the-2026-brazilian-presidential-election,https://polymarket.com/event/will-eduardo-bolsonaro-win-the-2026-brazilian-presidential-election,https://embed.polymarket.com/market.html?market=will-eduardo-bolsonaro-win-the-2026-brazilian-presidential-election&features=volume&theme=light,Will Eduardo Bolsonaro win the 2026 Brazilian presidential election?,politics,,"24h $20,106 • TTR 52.2d",10441400.505772006,20106.0,0.0,0.0,2026-10-04T00:00:00+00:00,52.203,1,,-0.999,,0,"[{""name"": ""Top"", ""bestBid"": null, ""bestAsk"": 0.001}]"
561988,0x4d4bceee5f59f75230c6438f69fc913a6da7afa4098ce0734655045c02a730fc,will-josh-hawley-win-the-2028-republican-presidential-nomination,https://polymarket.com/event/will-josh-hawley-win-the-2028-republican-presidential-nomination,https://embed.polymarket.com/market.html?market=will-josh-hawley-win-the-2028-republican-presidential-nomination&features=volume&theme=light,Will Josh Hawley win the 2028 Republican presidential nomination?,united-states,,"24h $2,486 • spread 0.001 • TTR 817.2d",20177761.582308996,2486.96,0.0,0.0,2028-11-07T00:00:00+00:00,817.203,1,0.001,-0.996,0.0035,0,"[{""name"": ""Top"", ""bestBid"": 0.003, ""bestAsk"": 0.004}]"
561991,0xf2cea45ec282af4f302d2ab85ede73678cd692ebf8c3ab6d52bfa5e19f44c553,will-matt-gaetz-win-the-2028-republican-presidential-nomination,https://polymarket.com/event/will-matt-gaetz-win-the-2028-republican-presidential-nomination,https://embed.polymarket.com/market.html?market=will-matt-gaetz-win-the-2028-republican-presidential-nomination&features=volume&theme=light,Will Matt Gaetz win the 2028 Republican presidential nomination?,united-states,,24h $201 • spread 0.001 • TTR 817.2d,20175586.278417997,201.65,0.0,0.0,2028-11-07T00:00:00+00:00,817.203,1,0.001,-0.998,0.0015,0,"[{""name"": ""Top"", ""bestBid"": 0.001, ""bestAsk"": 0.002}]"
601824,0xa59bb6bb91e5c1e4d533864520fbd3bb75d6d0ebb813b4cd8a8b88479bfa8966,will-carlos-roberto-massa-jnior-win-the-2026-brazilian-presidential-election,https://polymarket.com/event/will-carlos-roberto-massa-jnior-win-the-2026-brazilian-presidential-election,https://embed.polymarket.com/market.html?market=will-carlos-roberto-massa-jnior-win-the-2026-brazilian-presidential-election&features=volume&theme=light,Will Carlos Roberto Massa Júnior win the 2026 Brazilian presidential election?,politics,,"24h $10,112 • TTR 52.2d",10427470.296619,10112.0,0.0,0.0,2026-10-04T00:00:00+00:00,52.203,1,,-0.999,,0,"[{""name"": ""Top"", ""bestBid"": null, ""bestAsk"": 0.001}]"
2832147,0x513bf1706e9cbf61b7cc56f12803b1b72a522bae3c5157e7b356abdf36e2e72d,will-count-binface-win-the-clacton-by-election-20260707211451133,https://polymarket.com/event/will-count-binface-win-the-clacton-by-election-20260707211451133,https://embed.polymarket.com/market.html?market=will-count-binface-win-the-clacton-by-election-20260707211451133&features=volume&theme=light,Will Count Binface win the Clacton by-election?,uk,,"24h $269,305 • spread 0.001 • TTR 0.9d",2982162.2990220003,269305.89,0.001,11.7647,2026-08-13T16:00:00+00:00,0.869,1,0.001,-0.99,0.0095,0,"[{""name"": ""Top"", ""bestBid"": 0.009, ""bestAsk"": 0.01}]"
562000,0xd10bc768ede58b53ed400594240b0a0603134a32dab89ec823a18759cbc180ca,will-rand-paul-win-the-2028-republican-presidential-nomination,https://polymarket.com/event/will-rand-paul-win-the-2028-republican-presidential-nomination,https://embed.polymarket.com/market.html?market=will-rand-paul-win-the-2028-republican-presidential-nomination&features=volume&theme=light,Will Rand Paul win the 2028 Republican presidential nomination?,united-states,,24h $193 • spread 0.001 • TTR 817.2d,19269665.577219,193.32,0.0,0.0,2028-11-07T00:00:00+00:00,817.203,1,0.001,-0.994,0.0055,0,"[{""name"": ""Top"", ""bestBid"": 0.005, ""bestAsk"": 0.006}]"
561237,0x09ad4955c170d46c6d80b5f554435b19e229ff7dbe55370892b64782336cc3b9,will-andy-beshear-win-the-2028-us-presidential-election,https://polymarket.com/event/will-andy-beshear-win-the-2028-us-presidential-election,https://embed.polymarket.com/market.html?market=will-andy-beshear-win-the-2028-us-presidential-election&features=volume&theme=light,Will Andy Beshear win the 2028 US Presidential Election?,president,,24h $39 • spread 0.001 • TTR 817.2d,18942986.48321699,39.35,0.0,0.0,2028-11-07T00:00:00+00:00,817.203,1,0.001,-0.986,0.0135,0,"[{""name"": ""Top"", ""bestBid"": 0.013, ""bestAsk"": 0.014}]"
561989,0x0ac23db1e56971022bc7e822b907a2466c618b34104ea72bc9fa95e41c86a9c6,will-ted-cruz-win-the-2028-republican-presidential-nomination,https://polymarket.com/event/will-ted-cruz-win-the-2028-republican-presidential-nomination,https://embed.polymarket.com/market.html?market=will-ted-cruz-win-the-2028-republican-presidential-nomination&features=volume&theme=light,Will Ted Cruz win the 2028 Republican presidential nomination?,united-states,,"24h $1,468 • spread 0.001 • TTR 817.2d",18771541.711553995,1468.1,0.0,0.0,2028-11-07T00:00:00+00:00,817.203,1,0.001,-0.99,0.0095,0,"[{""name"": ""Top"", ""bestBid"": 0.009, ""bestAsk"": 0.01}]"
601822,0x37ec4c6b57a18b16eed1241f6155ee7ff45bc1697d7848f15ac33d406e38ed00,will-michelle-bolsonaro-win-the-2026-brazilian-presidential-election,https://polymarket.com/event/will-michelle-bolsonaro-win-the-2026-brazilian-presidential-election,https://embed.polymarket.com/market.html?market=will-michelle-bolsonaro-win-the-2026-brazilian-presidential-election&features=volume&theme=light,Will Michelle Bolsonaro win the 2026 Brazilian presidential election?,politics,,"24h $11,010 • spread 0.001 • TTR 52.2d",9709488.379485,11010.13,0.0,0.0,2026-10-04T00:00:00+00:00,52.203,1,0.001,-0.998,0.0015,0,"[{""name"": ""Top"", ""bestBid"": 0.001, ""bestAsk"": 0.002}]"
2252243,0xac02cbb049e46d6a3627c0fdf52fa554982a9025d45968207b362acb6ca4b830,will-the-fed-decrease-interest-rates-by-25-bps-after-the-september-2026-meeting-586,https://polymarket.com/event/will-the-fed-decrease-interest-rates-by-25-bps-after-the-september-2026-meeting-586,https://embed.polymarket.com/market.html?market=will-the-fed-decrease-interest-rates-by-25-bps-after-the-september-2026-meeting-586&features=volume&theme=light,Will the Fed decrease interest rates by 25 bps after the September 2026 meeting?,fomc,,"24h $1,105,076 • spread 0.002 • TTR 34.2d",7897992.75191,1105076.59,-0.002,-13.3333,2026-09-16T00:00:00+00:00,34.203,1,0.002,-0.986,0.013,0,"[{""name"": ""Top"", ""bestBid"": 0.012, ""bestAsk"": 0.014}]"
562002,0x7abed80b88301210ee83b7b14ec41bc9a5161e1af07254fbb26c6e2bf7182766,will-erika-kirk-win-the-2028-republican-presidential-nomination,https://polymarket.com/event/will-erika-kirk-win-the-2028-republican-presidential-nomination,https://embed.polymarket.com/market.html?market=will-erika-kirk-win-the-2028-republican-presidential-nomination&features=volume&theme=light,Will Erika Kirk win the 2028 Republican presidential nomination?,united-states,,24h $698 • spread 0.001 • TTR 817.2d,18668031.865653,698.71,0.0,0.0,2028-11-07T00:00:00+00:00,817.203,1,0.001,-0.997,0.0025,0,"[{""name"": ""Top"", ""bestBid"": 0.002, ""bestAsk"": 0.003}]"
561257,0xbbbece074c2d4010e39e39c85ed67b1131180fcea616073c893fb6beaf51d783,will-michelle-obama-win-the-2028-us-presidential-election,https://polymarket.com/event/will-michelle-obama-win-the-2028-us-presidential-election,https://embed.polymarket.com/market.html?market=will-michelle-obama-win-the-2028-us-presidential-election&features=volume&theme=light,Will Michelle Obama win the 2028 US Presidential Election?,president,,"24h $1,735 • spread 0.001 • TTR 817.2d",18637444.965207003,1735.07,0.0,0.0,2028-11-07T00:00:00+00:00,817.203,1,0.001,-0.993,0.0065,0,"[{""name"": ""Top"", ""bestBid"": 0.006, ""bestAsk"": 0.007}]"
561263,0x2d3c4fc5cde6dfb43448402b912e41bd4453e3f030448ed026bff8f1a0bc072e,will-eric-trump-win-the-2028-us-presidential-election,https://polymarket.com/event/will-eric-trump-win-the-2028-us-presidential-election,https://embed.polymarket.com/market.html?market=will-eric-trump-win-the-2028-us-presidential-election&features=volume&theme=light,Will Eric Trump win the 2028 US Presidential Election?,president,,24h $399 • spread 0.001 • TTR 817.2d,18566213.179761,399.1,0.0,0.0,2028-11-07T00:00:00+00:00,817.203,1,0.001,-0.997,0.0025,0,"[{""name"": ""Top"", ""bestBid"": 0.002, ""bestAsk"": 0.003}]"
601825,0x05297f854d3b757d5e51a1a29c7f225a80b14b2a161d6b7f9a61677da7a80ced,will-renan-santos-win-the-2026-brazilian-presidential-election,https://polymarket.com/event/will-renan-santos-win-the-2026-brazilian-presidential-election,https://embed.polymarket.com/market.html?market=will-renan-santos-win-the-2026-brazilian-presidential-election&features=volume&theme=light,Will Renan Santos win the 2026 Brazilian presidential election?,politics,,"24h $51,673 • spread 0.002 • TTR 52.2d",9483070.020974,51673.91,-0.004,-5.0,2026-10-04T00:00:00+00:00,52.203,1,0.002,-0.923,0.076,0,"[{""name"": ""Top"", ""bestBid"": 0.075, ""bestAsk"": 0.077}]"
898420,0xa2b7d292821eafb97059947b9d834512deda11b7866e0f7b299bcb035071d626,will-oliver-bearman-be-the-2026-f1-drivers-champion,https://polymarket.com/event/will-oliver-bearman-be-the-2026-f1-drivers-champion,https://embed.polymarket.com/market.html?market=will-oliver-bearman-be-the-2026-f1-drivers-champion&features=volume&theme=light,Will Oliver Bearman be the 2026 F1 Drivers' Champion?,sports,,TTR 115.2d,12885042.896555992,,0.0,0.0,2026-12-06T00:00:00+00:00,115.203,1,,-0.999,,0,"[{""name"": ""Top"", ""bestBid"": null, ""bestAsk"": 0.001}]"
561230,0x4567b275e6b667a6217f5cb4f06a797d3a1eaf1d0281fb5bc8c75e2046ae7e57,will-gavin-newsom-win-the-2028-us-presidential-election,https://polymarket.com/event/will-gavin-newsom-win-the-2028-us-presidential-election,https://embed.polymarket.com/market.html?market=will-gavin-newsom-win-the-2028-us-presidential-election&features=volume&theme=light,Will Gavin Newsom win the 2028 US Presidential Election?,president,,"24h $5,568 • spread 0.001 • TTR 817.2d",17708477.49871,5568.07,0.0,0.0,2028-11-07T00:00:00+00:00,817.203,1,0.001,-0.903,0.0965,0,"[{""name"": ""Top"", ""bestBid"": 0.096, ""bestAsk"": 0.097}]"
561985,0x42631e1a8c8e6389422b58b8e15b1b551892b9833651aa3bab25afab124354b5,will-brian-kemp-win-the-2028-republican-presidential-nomination,https://polymarket.com/event/will-brian-kemp-win-the-2028-republican-presidential-nomination,https://embed.polymarket.com/market.html?market=will-brian-kemp-win-the-2028-republican-presidential-nomination&features=volume&theme=light,Will Brian Kemp win the 2028 Republican presidential nomination?,united-states,,24h $106 • spread 0.001 • TTR 817.2d,17524024.984050993,106.6,0.0,0.0,2028-11-07T00:00:00+00:00,817.203,1,0.001,-0.996,0.0035,0,"[{""name"": ""Top"", ""bestBid"": 0.003, ""bestAsk"": 0.004}]"
559656,0x61d9486c0f7e14ed98f3b177b6adcb3cd45646c92e8bbfbf209789b86472d4b6,will-wes-moore-win-the-2028-democratic-presidential-nomination-714,https://polymarket.com/event/will-wes-moore-win-the-2028-democratic-presidential-nomination-714,https://embed.polymarket.com/market.html?market=will-wes-moore-win-the-2028-democratic-presidential-nomination-714&features=volume&theme=light,Will Wes Moore win the 2028 Democratic presidential nomination?,united-states,,"24h $3,971 • spread 0.001 • TTR 817.2d",17469946.450975996,3971.06,0.0,0.0,2028-11-07T00:00:00+00:00,817.203,1,0.001,-0.985,0.0145,0,"[{""name"": ""Top"", ""bestBid"": 0.014, ""bestAsk"": 0.015}]"
898424,0xde3d62becec90cd596e01294346786f5a9406a026e105c054d0f7e62cffdcf8f,will-franco-colapinto-be-the-2026-f1-drivers-champion,https://polymarket.com/event/will-franco-colapinto-be-the-2026-f1-drivers-champion,https://embed.polymarket.com/market.html?market=will-franco-colapinto-be-the-2026-f1-drivers-champion&features=volume&theme=light,Will Franco Colapinto be the 2026 F1 Drivers' Champion?,sports,,TTR 115.2d,12214866.031519994,,0.0,0.0,2026-12-06T00:00:00+00:00,115.203,1,,-0.999,,0,"[{""name"": ""Top"", ""bestBid"": null, ""bestAsk"": 0.001}]"
898429,0x00f89ad58499dfda366bf9182878c81d9ec6a73cdf4bf9a85b9d24474debf684,will-valtteri-bottas-be-the-2026-f1-drivers-champion,https://polymarket.com/event/will-valtteri-bottas-be-the-2026-f1-drivers-champion,https://embed.polymarket.com/market.html?market=will-valtteri-bottas-be-the-2026-f1-drivers-champion&features=volume&theme=light,Will Valtteri Bottas be the 2026 F1 Drivers' Champion?,sports,,24h $5 • TTR 115.2d,12192590.923811002,5.0,0.0,0.0,2026-12-06T00:00:00+00:00,115.203,1,,-0.999,,0,"[{""name"": ""Top"", ""bestBid"": null, ""bestAsk"": 0.001}]"
559668,0x36db77c539bcc8c7bf0686c1b99f30c5a5eed1f53d3b3a27a071550c81f83701,will-mark-kelly-win-the-2028-democratic-presidential-nomination-479,https://polymarket.com/event/will-mark-kelly-win-the-2028-democratic-presidential-nomination-479,https://embed.polymarket.com/market.html?market=will-mark-kelly-win-the-2028-democratic-presidential-nomination-479&features=volume&theme=light,Will Mark Kelly win the 2028 Democratic presidential nomination?,united-states,,"24h $7,329 • spread 0.001 • TTR 817.2d",17160839.381635997,7329.82,0.001,3.1746,2028-11-07T00:00:00+00:00,817.203,1,0.001,-0.967,0.0325,0,"[{""name"": ""Top"", ""bestBid"": 0.032, ""bestAsk"": 0.033}]"
559691,0xc720fcfa9e29346a976902f87e0f0f3bdc31d43af501b4fdef4f1780a30dd359,will-chris-murphy-win-the-2028-democratic-presidential-nomination,https://polymarket.com/event/will-chris-murphy-win-the-2028-democratic-presidential-nomination,https://embed.polymarket.com/market.html?market=will-chris-murphy-win-the-2028-democratic-presidential-nomination&features=volume&theme=light,Will Chris Murphy win the 2028 Democratic presidential nomination?,united-states,,"24h $2,499 • spread 0.001 • TTR 817.2d",17107687.311457,2499.43,0.0,0.0,2028-11-07T00:00:00+00:00,817.203,1,0.001,-0.996,0.0035,0,"[{""name"": ""Top"", ""bestBid"": 0.003, ""bestAsk"": 0.004}]"
898426,0x7a6491e3c906af3657b9b5cf2b371b454f1ddb91b4f4ca3344caaabf424a8056,will-arvid-lindblad-be-the-2026-f1-drivers-champion,https://polymarket.com/event/will-arvid-lindblad-be-the-2026-f1-drivers-champion,https://embed.polymarket.com/market.html?market=will-arvid-lindblad-be-the-2026-f1-drivers-champion&features=volume&theme=light,Will Arvid Lindblad be the 2026 F1 Drivers' Champion?,sports,,24h $1 • TTR 115.2d,12039178.615626998,1.0,0.0,0.0,2026-12-06T00:00:00+00:00,115.203,1,,-0.999,,0,"[{""name"": ""Top"", ""bestBid"": null, ""bestAsk"": 0.001}]"
561984,0xc510176cf39d73295354fc797d84b510d050b45d29d6c9735ee18cdbc4fd6463,will-robert-f-kennedy-jr-win-the-2028-republican-presidential-nomination,https://polymarket.com/event/will-robert-f-kennedy-jr-win-the-2028-republican-presidential-nomination,https://embed.polymarket.com/market.html?market=will-robert-f-kennedy-jr-win-the-2028-republican-presidential-nomination&features=volume&theme=light,Will Robert F. Kennedy Jr. win the 2028 Republican presidential nomination?,united-states,,"24h $2,305 • spread 0.001 • TTR 817.2d",16789852.782223996,2305.86,0.0,0.0,2028-11-07T00:00:00+00:00,817.203,1,0.001,-0.995,0.0045,0,"[{""name"": ""Top"", ""bestBid"": 0.004, ""bestAsk"": 0.005}]"
898427,0x596b82d8371efcfcc2fd5312d5dde04f5e9aa1f0c61fd3f93be2a8be09e0da5f,will-alexander-albon-be-the-2026-f1-drivers-champion,https://polymarket.com/event/will-alexander-albon-be-the-2026-f1-drivers-champion,https://embed.polymarket.com/market.html?market=will-alexander-albon-be-the-2026-f1-drivers-champion&features=volume&theme=light,Will Alexander Albon be the 2026 F1 Drivers' Champion?,sports,,24h $10 • TTR 115.2d,11865038.160012994,10.31,0.0,0.0,2026-12-06T00:00:00+00:00,115.203,1,,-0.999,,0,"[{""name"": ""Top"", ""bestBid"": null, ""bestAsk"": 0.001}]"
898430,0x9ca9ea6bcad843f3e94c213ad978b4f21d712d90f9a28372d9248ec99bb7193a,will-sergio-prez-be-the-2026-f1-drivers-champion,https://polymarket.com/event/will-sergio-prez-be-the-2026-f1-drivers-champion,https://embed.polymarket.com/market.html?market=will-sergio-prez-be-the-2026-f1-drivers-champion&features=volume&theme=light,Will Sergio Pérez be the 2026 F1 Drivers' Champion?,sports,,TTR 115.2d,11786863.846911,,0.0,0.0,2026-12-06T00:00:00+00:00,115.203,1,,-0.999,,0,"[{""name"": ""Top"", ""bestBid"": null, ""bestAsk"": 0.001}]"
898418,0xc62b78f7a1b56a4e2cc713a0633fe4cd2a6a5dce6cd3b4eec0bd292a6cbdff71,will-lance-stroll-be-the-2026-f1-drivers-champion,https://polymarket.com/event/will-lance-stroll-be-the-2026-f1-drivers-champion,https://embed.polymarket.com/market.html?market=will-lance-stroll-be-the-2026-f1-drivers-champion&features=volume&theme=light,Will Lance Stroll be the 2026 F1 Drivers' Champion?,sports,,TTR 115.2d,11729442.237505002,,0.0,0.0,2026-12-06T00:00:00+00:00,115.203,1,,-0.999,,0,"[{""name"": ""Top"", ""bestBid"": null, ""bestAsk"": 0.001}]"
3471035,0x0ac031b4eb98e3adc6d0a1f9bc7acf62762a01dc5f0805537dfb84afe6a052ce,cs2-mibr-ast10-2026-08-12,https://polymarket.com/event/cs2-mibr-ast10-2026-08-12,https://embed.polymarket.com/market.html?market=cs2-mibr-ast10-2026-08-12&features=volume&theme=light,Counter-Strike: MIBR vs Astralis (BO1) - Esports World Cup Group B,esports,,"24h $2,378,102 • TTR 0.1d",2383464.453496997,2378102.23,-0.4645,-99.8925,2026-08-12T22:25:00+00:00,0.137,1,,-0.999,,0,"[{""name"": ""Top"", ""bestBid"": null, ""bestAsk"": 0.001}]"
2252244,0xa3b36b2d6104d34af4e6c6215fc818e43352e78a748fbfb0b85e3a35f71dec9a,will-there-be-no-change-in-fed-interest-rates-after-the-september-2026-meeting-615,https://polymarket.com/event/will-there-be-no-change-in-fed-interest-rates-after-the-september-2026-meeting-615,https://embed.polymarket.com/market.html?market=will-there-be-no-change-in-fed-interest-rates-after-the-september-2026-meeting-615&features=volume&theme=light,Will there be no change in Fed interest rates after the September 2026 meeting?,fomc,,"24h $881,119 • spread 0.010 • TTR 34.2d",6842572.593629009,881119.49,0.08,13.6752,2026-09-16T00:00:00+00:00,34.203,1,0.01,-0.33,0.665,0,"[{""name"": ""Top"", ""bestBid"": 0.66, ""bestAsk"": 0.67}]"
898423,0x88d573d2ba5e43e1320cf0eb733452feb4cb4a1d4780dcb05ac6ee6830c2e4c3,will-pierre-gasly-be-the-2026-f1-drivers-champion,https://polymarket.com/event/will-pierre-gasly-be-the-2026-f1-drivers-champion,https://embed.polymarket.com/market.html?market=will-pierre-gasly-be-the-2026-f1-drivers-champion&features=volume&theme=light,Will Pierre Gasly be the 2026 F1 Drivers' Champion?,sports,,TTR 115.2d,11500593.961431997,,0.0,0.0,2026-12-06T00:00:00+00:00,115.203,1,,-0.999,,0,"[{""name"": ""Top"", ""bestBid"": null, ""bestAsk"": 0.001}]"
561981,0xd997dc2a212a7d6673375a3b016db1fb214247142f8cde0cbf07f8e6d789877c,will-vivek-ramaswamy-win-the-2028-republican-presidential-nomination,https://polymarket.com/event/will-vivek-ramaswamy-win-the-2028-republican-presidential-nomination,https://embed.polymarket.com/market.html?market=will-vivek-ramaswamy-win-the-2028-republican-presidential-nomination&features=volume&theme=light,Will Vivek Ramaswamy win the 2028 Republican presidential nomination?,united-states,,spread 0.001 • TTR 817.2d,16050679.263762003,,0.0,0.0,2028-11-07T00:00:00+00:00,817.203,1,0.001,-0.989,0.0105,0,"[{""name"": ""Top"", ""bestBid"": 0.01, ""bestAsk"": 0.011}]"
559651,0xa467b14d51f01b957109d9cbb1d6c124fab2a089d52ed8f471d23c2812e743b7,xi-jinping-out-before-2027,https://polymarket.com/event/xi-jinping-out-before-2027,https://embed.polymarket.com/market.html?market=xi-jinping-out-before-2027&features=volume&theme=light,Xi Jinping out before 2027?,hfc,,"24h $21,229 • spread 0.001 • TTR 140.2d",12039088.895095984,21229.06,0.001,2.1978,2026-12-31T00:00:00+00:00,140.203,1,0.001,-0.953,0.0465,0,"[{""name"": ""Top"", ""bestBid"": 0.046, ""bestAsk"": 0.047}]"
601819,0xdf8e2dc5860027decbe6164555c3c1c9645c3bd33e16b9dc57ca87125047d4a8,will-luiz-incio-lula-da-silva-win-the-2026-brazilian-presidential-election,https://polymarket.com/event/will-luiz-incio-lula-da-silva-win-the-2026-brazilian-presidential-election,https://embed.polymarket.com/market.html?market=will-luiz-incio-lula-da-silva-win-the-2026-brazilian-presidential-election&features=volume&theme=light,Will Luiz Inácio Lula da Silva win the 2026 Brazilian presidential election?,politics,,"24h $5,113 • spread 0.010 • TTR 52.2d",8217402.599654998,5113.5,0.0,0.0,2026-10-04T00:00:00+00:00,52.203,1,0.01,-0.36,0.635,0,"[{""name"": ""Top"", ""bestBid"": 0.63, ""bestAsk"": 0.64}]"
601826,0x1a01bf78f56a507fcb666d564d8c8b91b0750679163ed6e96746102c9b7d285d,will-flvio-bolsonaro-win-the-2026-brazilian-presidential-election,https://polymarket.com/event/will-flvio-bolsonaro-win-the-2026-brazilian-presidential-election,https://embed.polymarket.com/market.html?market=will-flvio-bolsonaro-win-the-2026-brazilian-presidential-election&features=volume&theme=light,Will Flávio Bolsonaro win the 2026 Brazilian presidential election?,politics,,"24h $11,970 • spread 0.001 • TTR 52.2d",8132874.263900998,11970.94,0.003,1.1009,2026-10-04T00:00:00+00:00,52.203,1,0.001,-0.724,0.2755,0,"[{""name"": ""Top"", ""bestBid"": 0.275, ""bestAsk"": 0.276}]"
898428,0xaf15f055f10713cbd3c7c30cece5c20c4ff00a76e51da59d635bb5160654bd34,will-carlos-sainz-jr-be-the-2026-f1-drivers-champion,https://polymarket.com/event/will-carlos-sainz-jr-be-the-2026-f1-drivers-champion,https://embed.polymarket.com/market.html?market=will-carlos-sainz-jr-be-the-2026-f1-drivers-champion&features=volume&theme=light,Will Carlos Sainz Jr. be the 2026 F1 Drivers' Champion?,sports,,24h $2 • TTR 115.2d,11087463.690267004,2.0,0.0,0.0,2026-12-06T00:00:00+00:00,115.203,1,,-0.999,,0,"[{""name"": ""Top"", ""bestBid"": null, ""bestAsk"": 0.001}]"
1472548,0xaa5cdb6830cbfa2ca711b7cf93bd42cf4f8e062d44ea188c0b8ec1fb2924c083,will-reza-pahlavi-lead-iran-in-2026,https://polymarket.com/event/will-reza-pahlavi-lead-iran-in-2026,https://embed.polymarket.com/market.html?market=will-reza-pahlavi-lead-iran-in-2026&features=volume&theme=light,Will Reza Pahlavi lead Iran in 2026?,iran,,"24h $2,045 • spread 0.001 • TTR 140.2d",11693335.930231007,2045.35,0.0,0.0,2026-12-31T00:00:00+00:00,140.203,1,0.001,-0.966,0.0335,0,"[{""name"": ""Top"", ""bestBid"": 0.033, ""bestAsk"": 0.034}]"
601831,0x70f1a7d2cd490b640676d5e31470bcbe16fef40087de1af8b6f6e44e299b5784,will-eduardo-leite-win-the-2026-brazilian-presidential-election,https://polymarket.com/event/will-eduardo-leite-win-the-2026-brazilian-presidential-election,https://embed.polymarket.com/market.html?market=will-eduardo-leite-win-the-2026-brazilian-presidential-election&features=volume&theme=light,Will Eduardo Leite win the 2026 Brazilian presidential election?,politics,,"24h $10,112 • TTR 52.2d",7964749.169927,10112.0,0.0,0.0,2026-10-04T00:00:00+00:00,52.203,1,,-0.999,,0,"[{""name"": ""Top"", ""bestBid"": null, ""bestAsk"": 0.001}]"
561236,0xfd6176f8c9a59105f80e060a77c4099881c5f2d9e0ceab88e55cf978462fab7f,will-gretchen-whitmer-win-the-2028-us-presidential-election,https://polymarket.com/event/will-gretchen-whitmer-win-the-2028-us-presidential-election,https://embed.polymarket.com/market.html?market=will-gretchen-whitmer-win-the-2028-us-presidential-election&features=volume&theme=light,Will Gretchen Whitmer win the 2028 US Presidential Election?,president,,"24h $1,896 • spread 0.001 • TTR 817.2d",15379482.373735996,1896.65,0.0,0.0,2028-11-07T00:00:00+00:00,817.203,1,0.001,-0.993,0.0065,0,"[{""name"": ""Top"", ""bestBid"": 0.006, ""bestAsk"": 0.007}]"
2252245,0x876506d8b2bd7a0d3fa4fe18c024eee6e1dd81ee24c26795dadd6cfe4a7b5d0d,will-the-fed-increase-interest-rates-by-25-bps-after-the-september-2026-meeting-649,https://polymarket.com/event/will-the-fed-increase-interest-rates-by-25-bps-after-the-september-2026-meeting-649,https://embed.polymarket.com/market.html?market=will-the-fed-increase-interest-rates-by-25-bps-after-the-september-2026-meeting-649&features=volume&theme=light,Will the Fed increase interest rates by 25 bps after the September 2026 meeting?,fomc,,"24h $603,864 • spread 0.010 • TTR 34.2d",6482935.261797,603864.78,-0.08,-19.7531,2026-09-16T00:00:00+00:00,34.203,1,0.01,-0.67,0.325,0,"[{""name"": ""Top"", ""bestBid"": 0.32, ""bestAsk"": 0.33}]"
898422,0x97b92c6c26b31dc3be183b76b1c39167806611396793eda0edf084d29b76fa46,will-gabriel-bortoleto-be-the-2026-f1-drivers-champion,https://polymarket.com/event/will-gabriel-bortoleto-be-the-2026-f1-drivers-champion,https://embed.polymarket.com/market.html?market=will-gabriel-bortoleto-be-the-2026-f1-drivers-champion&features=volume&theme=light,Will Gabriel Bortoleto be the 2026 F1 Drivers' Champion?,sports,,TTR 115.2d,10915947.838450996,,0.0,0.0,2026-12-06T00:00:00+00:00,115.203,1,,-0.999,,0,"[{""name"": ""Top"", ""bestBid"": null, ""bestAsk"": 0.001}]"
559663,0xe883f2fda25a605a184bb5fe583afce6cc21ea0b348b6a3728ec3067553c548d,will-jb-pritzker-win-the-2028-democratic-presidential-nomination-288,https://polymarket.com/event/will-jb-pritzker-win-the-2028-democratic-presidential-nomination-288,https://embed.polymarket.com/market.html?market=will-jb-pritzker-win-the-2028-democratic-presidential-nomination-288&features=volume&theme=light,Will J.B. Pritzker win the 2028 Democratic presidential nomination?,united-states,,"24h $7,214 • spread 0.001 • TTR 817.2d",15354713.475499991,7214.74,0.0,0.0,2028-11-07T00:00:00+00:00,817.203,1,0.001,-0.988,0.0115,0,"[{""name"": ""Top"", ""bestBid"": 0.011, ""bestAsk"": 0.012}]"
561229,0x7ad403c3508f8e3912940fd1a913f227591145ca0614074208e0b962d5fcc422,will-jd-vance-win-the-2028-us-presidential-election,https://polymarket.com/event/will-jd-vance-win-the-2028-us-presidential-election,https://embed.polymarket.com/market.html?market=will-jd-vance-win-the-2028-us-presidential-election&features=volume&theme=light,Will JD Vance win the 2028 US Presidential Election?,president,,"24h $27,141 • spread 0.001 • TTR 817.2d",15279540.68370599,27141.06,0.008,3.6952,2028-11-07T00:00:00+00:00,817.203,1,0.001,-0.775,0.2245,0,"[{""name"": ""Top"", ""bestBid"": 0.224, ""bestAsk"": 0.225}]"
561979,0x64d31a2af85518c6718a5757a35b840f08eca20c1e22c0eb1e96ec01cc55b8b6,will-ron-desantis-win-the-2028-republican-presidential-nomination,https://polymarket.com/event/will-ron-desantis-win-the-2028-republican-presidential-nomination,https://embed.polymarket.com/market.html?market=will-ron-desantis-win-the-2028-republican-presidential-nomination&features=volume&theme=light,Will Ron DeSantis win the 2028 Republican presidential nomination?,united-states,,"24h $1,045 • spread 0.001 • TTR 817.2d",15224492.819991989,1045.98,-0.001,-3.2787,2028-11-07T00:00:00+00:00,817.203,1,0.001,-0.97,0.0295,0,"[{""name"": ""Top"", ""bestBid"": 0.029, ""bestAsk"": 0.03}]"
561974,0x18b1c135d0a40c5894da9412e77311827d9caf16cf4cd6591b247a34730af919,will-jd-vance-win-the-2028-republican-presidential-nomination,https://polymarket.com/event/will-jd-vance-win-the-2028-republican-presidential-nomination,https://embed.polymarket.com/market.html?market=will-jd-vance-win-the-2028-republican-presidential-nomination&features=volume&theme=light,Will J.D. Vance win the 2028 Republican presidential nomination?,united-states,,"24h $5,382 • spread 0.001 • TTR 817.2d • ~50% mid",15150086.619004006,5382.73,0.0,0.0,2028-11-07T00:00:00+00:00,817.203,1,0.001,-0.558,0.4415,1,"[{""name"": ""Top"", ""bestBid"": 0.441, ""bestAsk"": 0.442}]"
898425,0xcf72b0f49af9446288a897ac1d73afa72549d98de7860bb17dacc3c4379a2c58,will-liam-lawson-be-the-2026-f1-drivers-champion,https://polymarket.com/event/will-liam-lawson-be-the-2026-f1-drivers-champion,https://embed.polymarket.com/market.html?market=will-liam-lawson-be-the-2026-f1-drivers-champion&features=volume&theme=light,Will Liam Lawson be the 2026 F1 Drivers' Champion?,sports,,TTR 115.2d,10709344.926794002,,0.0,0.0,2026-12-06T00:00:00+00:00,115.203,1,,-0.999,,0,"[{""name"": ""Top"", ""bestBid"": null, ""bestAsk"": 0.001}]"
559669,0x3dc47a72ac6bb265e9cefebd2a2eeed00966394cb2d07245b5c94138b60e82a3,will-rahm-emanuel-win-the-2028-democratic-presidential-nomination-299,https://polymarket.com/event/will-rahm-emanuel-win-the-2028-democratic-presidential-nomination-299,https://embed.polymarket.com/market.html?market=will-rahm-emanuel-win-the-2028-democratic-presidential-nomination-299&features=volume&theme=light,Will Rahm Emanuel win the 2028 Democratic presidential nomination?,united-states,,24h $547 • spread 0.001 • TTR 817.2d,14412653.712332005,547.2,-0.001,-3.9216,2028-11-07T00:00:00+00:00,817.203,1,0.001,-0.975,0.0245,0,"[{""name"": ""Top"", ""bestBid"": 0.024, ""bestAsk"": 0.025}]"
2910437,0xa055e1cf533c2fcb1f1c89c20c41c8aa25526dcf27c3ff6be69c230fd8898282,us-announces-end-of-iranian-blockade-by-august-15-2026-20260713152715083-347-987-697-628-574-676,https://polymarket.com/event/us-announces-end-of-iranian-blockade-by-august-15-2026-20260713152715083-347-987-697-628-574-676,https://embed.polymarket.com/market.html?market=us-announces-end-of-iranian-blockade-by-august-15-2026-20260713152715083-347-987-697-628-574-676&features=volume&theme=light,"US announces end of Iranian blockade by August 15, 2026?",iran,,"24h $238,309 • spread 0.010 • TTR 3.2d",2523153.9004559997,238309.09,-0.09,-66.6667,2026-08-15T23:59:00+00:00,3.202,1,0.01,-0.95,0.045,0,"[{""name"": ""Top"", ""bestBid"": 0.04, ""bestAsk"": 0.05}]"
559653,0xe6bcc2f1dd025ce5e1833190f7c60a71171c94f805df55b9ab0ded695ec93565,will-alexandria-ocasio-cortez-win-the-2028-democratic-presidential-nomination-653,https://polymarket.com/event/will-alexandria-ocasio-cortez-win-the-2028-democratic-presidential-nomination-653,https://embed.polymarket.com/market.html?market=will-alexandria-ocasio-cortez-win-the-2028-democratic-presidential-nomination-653&features=volume&theme=light,Will Alexandria Ocasio-Cortez win the 2028 Democratic presidential nomination?,united-states,,"24h $70,341 • spread 0.003 • TTR 817.2d",14314981.521657001,70341.33,0.0335,22.2591,2028-11-07T00:00:00+00:00,817.203,1,0.003,-0.817,0.1815,0,"[{""name"": ""Top"", ""bestBid"": 0.18, ""bestAsk"": 0.183}]"
666861,0x48b0b0bca515f68fccf95af4793dbd0edbfec1f8ec6e8df2c0f69ba74f8c4722,trump-out-as-president-before-2027,https://polymarket.com/event/trump-out-as-president-before-2027,https://embed.polymarket.com/market.html?market=trump-out-as-president-before-2027&features=volume&theme=light,Trump out as President before 2027?,politics,,"24h $47,212 • spread 0.010 • TTR 140.2d",10594107.967431998,47212.13,0.0,0.0,2026-12-31T00:00:00+00:00,140.203,1,0.01,-0.93,0.065,0,"[{""name"": ""Top"", ""bestBid"": 0.06, ""bestAsk"": 0.07}]"
1126504,0x890fc3ba40458db0b67560691aa1597344c2a0560d18e80f586a4b35f510b4ce,will-the-us-acquire-any-part-of-greenland-in-2026,https://polymarket.com/event/will-the-us-acquire-any-part-of-greenland-in-2026,https://embed.polymarket.com/market.html?market=will-the-us-acquire-any-part-of-greenland-in-2026&features=volume&theme=light,Will the US acquire part of Greenland in 2026?,davos,,24h $185 • spread 0.010 • TTR 140.2d,10551897.794512993,185.49,0.0,0.0,2026-12-31T00:00:00+00:00,140.203,1,0.01,-0.94,0.055,0,"[{""name"": ""Top"", ""bestBid"": 0.05, ""bestAsk"": 0.06}]"
561253,0xd94b47bdeba16ae948bfb147bda059f3543d6fca73291644dfff5268bba7a797,will-tucker-carlson-win-the-2028-us-presidential-election,https://polymarket.com/event/will-tucker-carlson-win-the-2028-us-presidential-election,https://embed.polymarket.com/market.html?market=will-tucker-carlson-win-the-2028-us-presidential-election&features=volume&theme=light,Will Tucker Carlson win the 2028 US Presidential Election?,president,,24h $185 • spread 0.001 • TTR 817.2d,13910497.031127999,185.32,0.0,0.0,2028-11-07T00:00:00+00:00,817.203,1,0.001,-0.976,0.0235,0,"[{""name"": ""Top"", ""bestBid"": 0.023, ""bestAsk"": 0.024}]"
601821,0xdd3d104667774208eae2239f576122ecdd1c04ba81cc14d26d22a36b33887977,will-fernando-haddad-win-the-2026-brazilian-presidential-election,https://polymarket.com/event/will-fernando-haddad-win-the-2026-brazilian-presidential-election,https://embed.polymarket.com/market.html?market=will-fernando-haddad-win-the-2026-brazilian-presidential-election&features=volume&theme=light,Will Fernando Haddad win the 2026 Brazilian presidential election?,politics,,"24h $45,142 • spread 0.001 • TTR 52.2d",7055728.648962997,45142.23,0.001,200.0,2026-10-04T00:00:00+00:00,52.203,1,0.001,-0.998,0.0015,0,"[{""name"": ""Top"", ""bestBid"": 0.001, ""bestAsk"": 0.002}]"
561244,0x23481b811978194fa175143ed7cd8d0000878ca59c408fd552e33535f7aa771e,will-donald-trump-jr-win-the-2028-us-presidential-election,https://polymarket.com/event/will-donald-trump-jr-win-the-2028-us-presidential-election,https://embed.polymarket.com/market.html?market=will-donald-trump-jr-win-the-2028-us-presidential-election&features=volume&theme=light,Will Donald Trump Jr. win the 2028 US Presidential Election?,president,,24h $716 • spread 0.001 • TTR 817.2d,13601128.834959004,716.0,0.0,0.0,2028-11-07T00:00:00+00:00,817.203,1,0.001,-0.99,0.0095,0,"[{""name"": ""Top"", ""bestBid"": 0.009, ""bestAsk"": 0.01}]"
561976,0x9cd77217b2ab264fe4f6d302f662c0a91f349fe5798f1f98d70bb2311712791b,will-tulsi-gabbard-win-the-2028-republican-presidential-nomination,https://polymarket.com/event/will-tulsi-gabbard-win-the-2028-republican-presidential-nomination,https://embed.polymarket.com/market.html?market=will-tulsi-gabbard-win-the-2028-republican-presidential-nomination&features=volume&theme=light,Will Tulsi Gabbard win the 2028 Republican presidential nomination?,united-states,,24h $151 • spread 0.001 • TTR 817.2d,13599762.219276996,151.08,0.0,0.0,2028-11-07T00:00:00+00:00,817.203,1,0.001,-0.995,0.0045,0,"[{""name"": ""Top"", ""bestBid"": 0.004, ""bestAsk"": 0.005}]"
3471056,0x01045c82b90d77c851604beabfdd3e977d24fec6ec70cb4388fb2a27c5e765c8,cs2-navi-3dmax-2026-08-12,https://polymarket.com/event/cs2-navi-3dmax-2026-08-12,https://embed.polymarket.com/market.html?market=cs2-navi-3dmax-2026-08-12&features=volume&theme=light,Counter-Strike: Natus Vincere vs 3DMAX (BO1) - Esports World Cup Group D,esports,,"24h $1,795,250 • spread 0.001 • TTR 0.1d",1988554.0846550004,1795250.53,0.2145,27.3248,2026-08-12T22:40:00+00:00,0.147,1,0.001,0.0,0.9995,0,"[{""name"": ""Top"", ""bestBid"": 0.999, ""bestAsk"": 1.0}]"
898419,0x0cf91d3955d89ec43b8ac1e918b159fa1a62531f29b26093273c4048337a84d7,will-esteban-ocon-be-the-2026-f1-drivers-champion,https://polymarket.com/event/will-esteban-ocon-be-the-2026-f1-drivers-champion,https://embed.polymarket.com/market.html?market=will-esteban-ocon-be-the-2026-f1-drivers-champion&features=volume&theme=light,Will Esteban Ocon be the 2026 F1 Drivers' Champion?,sports,,24h $57 • TTR 115.2d,9493761.947027998,57.12,0.0,0.0,2026-12-06T00:00:00+00:00,115.203,1,,-0.998,,0,"[{""name"": ""Top"", ""bestBid"": null, ""bestAsk"": 0.002}]"
1130012,0x502a94e5c525766d5ee7f16c6568131ba1b2cbadb69c703af05a6ef00336ed64,will-united-russia-er-gain-the-most-seats-in-the-next-russian-parliamentary-election,https://polymarket.com/event/will-united-russia-er-gain-the-most-seats-in-the-next-russian-parliamentary-election,https://embed.polymarket.com/market.html?market=will-united-russia-er-gain-the-most-seats-in-the-next-russian-parliamentary-election&features=volume&theme=light,Will United Russia (ER) gain the most seats in the next Russian parliamentary election?,politics,,"24h $39,799 • spread 0.010 • TTR 48.2d",6643497.459809998,39799.83,-0.01,-1.4815,2026-09-30T00:00:00+00:00,48.203,1,0.01,-0.33,0.665,0,"[{""name"": ""Top"", ""bestBid"": 0.66, ""bestAsk"": 0.67}]"
561996,0x4273517fc8141d57ad1528ede46efdceebdb6a4da746d5de5bad216564209a1e,will-tucker-carlson-win-the-2028-republican-presidential-nomination,https://polymarket.com/event/will-tucker-carlson-win-the-2028-republican-presidential-nomination,https://embed.polymarket.com/market.html?market=will-tucker-carlson-win-the-2028-republican-presidential-nomination&features=volume&theme=light,Will Tucker Carlson win the 2028 Republican presidential nomination?,united-states,,"24h $65,115 • spread 0.001 • TTR 817.2d",13307452.548041001,65115.85,0.002,8.8889,2028-11-07T00:00:00+00:00,817.203,1,0.001,-0.975,0.0245,0,"[{""name"": ""Top"", ""bestBid"": 0.024, ""bestAsk"": 0.025}]"
898414,0x80971af8befc488bbdd6dcc075d388793851a0ea1c46f7ffd353b190691c7199,will-isack-hadjar-be-the-2026-f1-drivers-champion,https://polymarket.com/event/will-isack-hadjar-be-the-2026-f1-drivers-champion,https://embed.polymarket.com/market.html?market=will-isack-hadjar-be-the-2026-f1-drivers-champion&features=volume&theme=light,Will Isack Hadjar be the 2026 F1 Drivers' Champion?,sports,,24h $39 • TTR 115.2d,9362267.603226,39.48,0.0,0.0,2026-12-06T00:00:00+00:00,115.203,1,,-0.999,,0,"[{""name"": ""Top"", ""bestBid"": null, ""bestAsk"": 0.001}]"
561231,0xf232b565995e4b3a3e7fa6cef775eeff1cecd20ad7c013cb9fc8dadabfe279a9,will-alexandria-ocasio-cortez-win-the-2028-us-presidential-election,https://polymarket.com/event/will-alexandria-ocasio-cortez-win-the-2028-us-presidential-election,https://embed.polymarket.com/market.html?market=will-alexandria-ocasio-cortez-win-the-2028-us-presidential-election&features=volume&theme=light,Will Alexandria Ocasio-Cortez win the 2028 US Presidential Election?,president,,"24h $37,330 • spread 0.001 • TTR 817.2d",12966028.514535002,37330.4,0.013,13.9037,2028-11-07T00:00:00+00:00,817.203,1,0.001,-0.893,0.1065,0,"[{""name"": ""Top"", ""bestBid"": 0.106, ""bestAsk"": 0.107}]"
559658,0x909659c9436228e2be56d5582ba6188166f2f8bf3c596335512c8f2e380d01ec,will-kamala-harris-win-the-2028-democratic-presidential-nomination-641,https://polymarket.com/event/will-kamala-harris-win-the-2028-democratic-presidential-nomination-641,https://embed.polymarket.com/market.html?market=will-kamala-harris-win-the-2028-democratic-presidential-nomination-641&features=volume&theme=light,Will Kamala Harris win the 2028 Democratic presidential nomination?,united-states,,"24h $25,665 • spread 0.001 • TTR 817.2d",12899146.470271999,25665.79,-0.001,-1.3072,2028-11-07T00:00:00+00:00,817.203,1,0.001,-0.924,0.0755,0,"[{""name"": ""Top"", ""bestBid"": 0.075, ""bestAsk"": 0.076}]"
559660,0x1d519b87999e3d4e90e1e8f57b5eee73a0ba488ff3fdb70867f294733aba84a9,will-andy-beshear-win-the-2028-democratic-presidential-nomination-832,https://polymarket.com/event/will-andy-beshear-win-the-2028-democratic-presidential-nomination-832,https://embed.polymarket.com/market.html?market=will-andy-beshear-win-the-2028-democratic-presidential-nomination-832&features=volume&theme=light,Will Andy Beshear win the 2028 Democratic presidential nomination?,united-states,,"24h $2,548 • spread 0.001 • TTR 817.2d",12875043.513799995,2548.03,0.0,0.0,2028-11-07T00:00:00+00:00,817.203,1,0.001,-0.976,0.0235,0,"[{""name"": ""Top"", ""bestBid"": 0.023, ""bestAsk"": 0.024}]"
898417,0x38bb9355fd91f6d7053465caefbbf691bd4a81ec1b08edcca656fc9dde259b14,will-fernando-alonso-be-the-2026-f1-drivers-champion,https://polymarket.com/event/will-fernando-alonso-be-the-2026-f1-drivers-champion,https://embed.polymarket.com/market.html?market=will-fernando-alonso-be-the-2026-f1-drivers-champion&features=volume&theme=light,Will Fernando Alonso be the 2026 F1 Drivers' Champion?,sports,,24h $5 • TTR 115.2d,9130864.818706997,5.0,0.0,0.0,2026-12-06T00:00:00+00:00,115.203,1,,-0.999,,0,"[{""name"": ""Top"", ""bestBid"": null, ""bestAsk"": 0.001}]"
559661,0x74dba1ce1ae9dd535414e85f2d9ab5ea32c0fb1acc9b7130b67e6d91217e24e1,will-jon-ossoff-win-the-2028-democratic-presidential-nomination-885,https://polymarket.com/event/will-jon-ossoff-win-the-2028-democratic-presidential-nomination-885,https://embed.polymarket.com/market.html?market=will-jon-ossoff-win-the-2028-democratic-presidential-nomination-885&features=volume&theme=light,Will Jon Ossoff win the 2028 Democratic presidential nomination?,united-states,,"24h $7,384 • spread 0.001 • TTR 817.2d",12558861.928275002,7384.09,0.0,0.0,2028-11-07T00:00:00+00:00,817.203,1,0.001,-0.842,0.1575,0,"[{""name"": ""Top"", ""bestBid"": 0.157, ""bestAsk"": 0.158}]"
561241,0xefe6300fd8a053cca53df8f1bd536c5f571a136392c0516e7b16e39f1addecb0,will-jb-pritzker-win-the-2028-us-presidential-election,https://polymarket.com/event/will-jb-pritzker-win-the-2028-us-presidential-election,https://embed.polymarket.com/market.html?market=will-jb-pritzker-win-the-2028-us-presidential-election&features=volume&theme=light,Will JB Pritzker win the 2028 US Presidential Election?,president,,"24h $74,137 • spread 0.001 • TTR 817.2d",12499300.987372002,74137.92,-0.001,-22.2222,2028-11-07T00:00:00+00:00,817.203,1,0.001,-0.996,0.0035,0,"[{""name"": ""Top"", ""bestBid"": 0.003, ""bestAsk"": 0.004}]"
559686,0x8dbf6b51f302fd401065706245c144e93fe209abce183199433d4484b3ed8aff,will-dwayne-the-rock-johnson-win-the-2028-democratic-presidential-nomination,https://polymarket.com/event/will-dwayne-the-rock-johnson-win-the-2028-democratic-presidential-nomination,https://embed.polymarket.com/market.html?market=will-dwayne-the-rock-johnson-win-the-2028-democratic-presidential-nomination&features=volume&theme=light,Will Dwayne 'The Rock' Johnson win the 2028 Democratic presidential nomination?,united-states,,"24h $3,507 • spread 0.001 • TTR 817.2d",12354309.671446998,3507.06,0.0,0.0,2028-11-07T00:00:00+00:00,817.203,1,0.001,-0.989,0.0105,0,"[{""name"": ""Top"", ""bestBid"": 0.01, ""bestAsk"": 0.011}]"
2633430,0xa1b3158fedfddaf2a0d8b364f6a57ee68146fb6ad458222aa8e02bcf0abbb099,us-iran-final-nuclear-deal-by-august-31-2026-20260621201255154,https://polymarket.com/event/us-iran-final-nuclear-deal-by-august-31-2026-20260621201255154,https://embed.polymarket.com/market.html?market=us-iran-final-nuclear-deal-by-august-31-2026-20260621201255154&features=volume&theme=light,"US-Iran Final Nuclear Deal by August 31, 2026?",iran,,"24h $14,044 • spread 0.002 • TTR 19.2d",3904906.3738560015,14044.45,-0.001,-5.8824,2026-08-31T23:59:00+00:00,19.202,1,0.002,-0.983,0.016,0,"[{""name"": ""Top"", ""bestBid"": 0.015, ""bestAsk"": 0.017}]"
561246,0x3367d22cd2a673014f1960742afdf8601040a8ad856dc0a98bd1a44ee99504e2,will-ron-desantis-win-the-2028-us-presidential-election,https://polymarket.com/event/will-ron-desantis-win-the-2028-us-presidential-election,https://embed.polymarket.com/market.html?market=will-ron-desantis-win-the-2028-us-presidential-election&features=volume&theme=light,Will Ron DeSantis win the 2028 US Presidential Election?,president,,"24h $26,442 • spread 0.001 • TTR 817.2d",12254734.973868001,26442.27,0.0,0.0,2028-11-07T00:00:00+00:00,817.203,1,0.001,-0.984,0.0155,0,"[{""name"": ""Top"", ""bestBid"": 0.015, ""bestAsk"": 0.016}]"
1105750,0x4197bf7e572f1dd731669d33d05532c6d3b8cba71fb83dc69d789110e39c41b4,will-pete-hegseth-be-the-leader-of-venezuela-end-of-2026,https://polymarket.com/event/will-pete-hegseth-be-the-leader-of-venezuela-end-of-2026,https://embed.polymarket.com/market.html?market=will-pete-hegseth-be-the-leader-of-venezuela-end-of-2026&features=volume&theme=light,Will Pete Hegseth be the leader of Venezuela end of 2026?,trump-machado,,"24h $1,596 • spread 0.001 • TTR 140.2d",9153375.298329998,1596.84,0.0,0.0,2026-12-31T00:00:00+00:00,140.203,1,0.001,-0.998,0.0015,0,"[{""name"": ""Top"", ""bestBid"": 0.001, ""bestAsk"": 0.002}]"
561235,0xe29b33ef5bf351c8a22bfd79f8b58e62649d54ceee6f9735387cef79f52fecae,will-wes-moore-win-the-2028-us-presidential-election,https://polymarket.com/event/will-wes-moore-win-the-2028-us-presidential-election,https://embed.polymarket.com/market.html?market=will-wes-moore-win-the-2028-us-presidential-election&features=volume&theme=light,Will Wes Moore win the 2028 US Presidential Election?,president,,24h $384 • spread 0.001 • TTR 817.2d,12089390.947246002,384.44,0.0,0.0,2028-11-07T00:00:00+00:00,817.203,1,0.001,-0.992,0.0075,0,"[{""name"": ""Top"", ""bestBid"": 0.007, ""bestAsk"": 0.008}]"
898421,0xa460c6bcf298f0c8412df5807a1dbb733f83a2bae69a57854f405a6148151258,will-nico-hlkenberg-be-the-2026-f1-drivers-champion,https://polymarket.com/event/will-nico-hlkenberg-be-the-2026-f1-drivers-champion,https://embed.polymarket.com/market.html?market=will-nico-hlkenberg-be-the-2026-f1-drivers-champion&features=volume&theme=light,Will Nico Hülkenberg be the 2026 F1 Drivers' Champion?,sports,,24h $9 • TTR 115.2d,8459973.317716002,9.2,0.0,0.0,2026-12-06T00:00:00+00:00,115.203,1,,-0.999,,0,"[{""name"": ""Top"", ""bestBid"": null, ""bestAsk"": 0.001}]"
559659,0xe39adea057926dc197fe30a441f57a340b2a232d5a687010f78bba9b6e02620f,will-gretchen-whitmer-win-the-2028-democratic-presidential-nomination-676,https://polymarket.com/event/will-gretchen-whitmer-win-the-2028-democratic-presidential-nomination-676,https://embed.polymarket.com/market.html?market=will-gretchen-whitmer-win-the-2028-democratic-presidential-nomination-676&features=volume&theme=light,Will Gretchen Whitmer win the 2028 Democratic presidential nomination?,united-states,,"24h $18,949 • spread 0.001 • TTR 817.2d",11885984.202321004,18949.84,0.0,0.0,2028-11-07T00:00:00+00:00,817.203,1,0.001,-0.988,0.0115,0,"[{""name"": ""Top"", ""bestBid"": 0.011, ""bestAsk"": 0.012}]"
2633429,0xc0aed6d5d893988b4bef5a8242435bbc7c3b45b1e438bcffc9e9bf71d173ae46,us-iran-final-nuclear-deal-by-august-18-2026-20260621201255153,https://polymarket.com/event/us-iran-final-nuclear-deal-by-august-18-2026-20260621201255153,https://embed.polymarket.com/market.html?market=us-iran-final-nuclear-deal-by-august-18-2026-20260621201255153&features=volume&theme=light,"US-Iran Final Nuclear Deal by August 18, 2026?",iran,,"24h $78,940 • spread 0.001 • TTR 6.2d",2428118.9941039993,78940.01,-0.002,-36.3636,2026-08-18T23:59:00+00:00,6.202,1,0.001,-0.996,0.0035,0,"[{""name"": ""Top"", ""bestBid"": 0.003, ""bestAsk"": 0.004}]"
559654,0x4c325469d9b516ef4e6b8f73a81a12607dec075e3c2fd454f91765aaeafc4760,will-pete-buttigieg-win-the-2028-democratic-presidential-nomination-687,https://polymarket.com/event/will-pete-buttigieg-win-the-2028-democratic-presidential-nomination-687,https://embed.polymarket.com/market.html?market=will-pete-buttigieg-win-the-2028-democratic-presidential-nomination-687&features=volume&theme=light,Will Pete Buttigieg win the 2028 Democratic presidential nomination?,united-states,,"24h $5,142 • spread 0.001 • TTR 817.2d",11770268.951023033,5142.51,0.0,0.0,2028-11-07T00:00:00+00:00,817.203,1,0.001,-0.947,0.0525,0,"[{""name"": ""Top"", ""bestBid"": 0.052, ""bestAsk"": 0.053}]"
561234,0x2053d8515f1b8cbeea4ccdb56e60e89c2617e43a8660d95166b8e71d27865277,will-marco-rubio-win-the-2028-us-presidential-election,https://polymarket.com/event/will-marco-rubio-win-the-2028-us-presidential-election,https://embed.polymarket.com/market.html?market=will-marco-rubio-win-the-2028-us-presidential-election&features=volume&theme=light,Will Marco Rubio win the 2028 US Presidential Election?,president,,"24h $8,912 • spread 0.001 • TTR 817.2d",11644105.10610399,8912.58,0.0,0.0,2028-11-07T00:00:00+00:00,817.203,1,0.001,-0.876,0.1235,0,"[{""name"": ""Top"", ""bestBid"": 0.123, ""bestAsk"": 0.124}]"
2832140,0x95a7c8f39ccda84bf59b54c474f2a006cbc4167737630365f416670466b37ab9,will-nigel-farage-win-the-clacton-by-election-20260707144027825,https://polymarket.com/event/will-nigel-farage-win-the-clacton-by-election-20260707144027825,https://embed.polymarket.com/market.html?market=will-nigel-farage-win-the-clacton-by-election-20260707144027825&features=volume&theme=light,Will Nigel Farage win the Clacton by-election?,uk,,"24h $116,993 • spread 0.001 • TTR 0.9d",1752097.468631,116993.48,-0.001,-0.1009,2026-08-13T16:00:00+00:00,0.869,1,0.001,-0.009,0.9905,0,"[{""name"": ""Top"", ""bestBid"": 0.99, ""bestAsk"": 0.991}]"
559694,0x20d0bc282552ac5ec6f61cd7101cb42a5948cae07e7651bdf40ede1a8b2c5eac,will-ro-khanna-win-the-2028-democratic-presidential-nomination,https://polymarket.com/event/will-ro-khanna-win-the-2028-democratic-presidential-nomination,https://embed.polymarket.com/market.html?market=will-ro-khanna-win-the-2028-democratic-presidential-nomination&features=volume&theme=light,Will Ro Khanna win the 2028 Democratic presidential nomination?,united-states,,"24h $3,932 • spread 0.001 • TTR 817.2d",11155426.175540999,3932.41,0.0,0.0,2028-11-07T00:00:00+00:00,817.203,1,0.001,-0.977,0.0225,0,"[{""name"": ""Top"", ""bestBid"": 0.022, ""bestAsk"": 0.023}]"
601827,0xbca3d70ec52a5a441ccc365a3b1b48b9cd0f08dfff4bc5871e2cd92d0d92caa1,will-ronaldo-caiado-win-the-2026-brazilian-presidential-election,https://polymarket.com/event/will-ronaldo-caiado-win-the-2026-brazilian-presidential-election,https://embed.polymarket.com/market.html?market=will-ronaldo-caiado-win-the-2026-brazilian-presidential-election&features=volume&theme=light,Will Ronaldo Caiado win the 2026 Brazilian presidential election?,politics,,"24h $36,034 • spread 0.001 • TTR 52.2d",5664477.628777999,36034.24,-0.001,-9.5238,2026-10-04T00:00:00+00:00,52.203,1,0.001,-0.99,0.0095,0,"[{""name"": ""Top"", ""bestBid"": 0.009, ""bestAsk"": 0.01}]"
2252246,0x2e4b58fc18dbffd74d5275d89fb076943f21992763c45dcadd81391b83bde13c,will-the-fed-increase-interest-rates-by-50-bps-after-the-september-2026-meeting-664,https://polymarket.com/event/will-the-fed-increase-interest-rates-by-50-bps-after-the-september-2026-meeting-664,https://embed.polymarket.com/market.html?market=will-the-fed-increase-interest-rates-by-50-bps-after-the-september-2026-meeting-664&features=volume&theme=light,Will the Fed increase interest rates by 50+ bps after the September 2026 meeting?,fomc,,"24h $790,463 • spread 0.001 • TTR 34.2d",4545064.938384,790463.98,-0.001,-18.1818,2026-09-16T00:00:00+00:00,34.203,1,0.001,-0.995,0.0045,0,"[{""name"": ""Top"", ""bestBid"": 0.004, ""bestAsk"": 0.005}]"
561258,0xa9549c44687993a9a154347c6907092341459b927efaa3f2b49009ca2c4e40a1,will-jamie-dimon-win-the-2028-us-presidential-election,https://polymarket.com/event/will-jamie-dimon-win-the-2028-us-presidential-election,https://embed.polymarket.com/market.html?market=will-jamie-dimon-win-the-2028-us-presidential-election&features=volume&theme=light,Will Jamie Dimon win the 2028 US Presidential Election?,president,,24h $155 • spread 0.001 • TTR 817.2d,10698636.886407997,155.15,0.0,0.0,2028-11-07T00:00:00+00:00,817.203,1,0.001,-0.993,0.0065,0,"[{""name"": ""Top"", ""bestBid"": 0.006, ""bestAsk"": 0.007}]"
601820,0x63d8f3a34c90bd5342dda8acf62b6a898dfa52f86475efaf180b66493ef6af80,will-jair-bolsonaro-win-the-2026-brazilian-presidential-election,https://polymarket.com/event/will-jair-bolsonaro-win-the-2026-brazilian-presidential-election,https://embed.polymarket.com/market.html?market=will-jair-bolsonaro-win-the-2026-brazilian-presidential-election&features=volume&theme=light,Will Jair Bolsonaro win the 2026 Brazilian presidential election?,politics,,"24h $16,303 • spread 0.002 • TTR 52.2d",5520272.814957998,16303.6,0.0015,14.2857,2026-10-04T00:00:00+00:00,52.203,1,0.002,-0.987,0.012,0,"[{""name"": ""Top"", ""bestBid"": 0.011, ""bestAsk"": 0.013}]"
561259,0xb314f5dbf75919a34d4997e8b22e6793505e3377a690eaa11a75a2547e926bee,will-ro-khanna-win-the-2028-us-presidential-election,https://polymarket.com/event/will-ro-khanna-win-the-2028-us-presidential-election,https://embed.polymarket.com/market.html?market=will-ro-khanna-win-the-2028-us-presidential-election&features=volume&theme=light,Will Ro Khanna win the 2028 US Presidential Election?,president,,24h $521 • spread 0.001 • TTR 817.2d,10606808.991652,521.38,0.0,0.0,2028-11-07T00:00:00+00:00,817.203,1,0.001,-0.989,0.0105,0,"[{""name"": ""Top"", ""bestBid"": 0.01, ""bestAsk"": 0.011}]"
694936,0x733a3bb1f78a42bdf60092866ceb931664fb1dae1d66d3a6d2cf7b72cec96400,will-nebius-group-be-acquired-before-2027-514-765,https://polymarket.com/event/will-nebius-group-be-acquired-before-2027-514-765,https://embed.polymarket.com/market.html?market=will-nebius-group-be-acquired-before-2027-514-765&features=volume&theme=light,Will Nebius Group be acquired before 2027?,business,,24h $182 • spread 0.006 • TTR 140.2d,7952087.472409002,182.9,-0.0045,-6.5693,2026-12-31T00:00:00+00:00,140.203,1,0.006,-0.933,0.064,0,"[{""name"": ""Top"", ""bestBid"": 0.061, ""bestAsk"": 0.067}]"
2176270,0x5c79dfde05559b79a9cb9f7c4187e4d49632dd042572ae676952f812732591cc,strait-of-hormuz-traffic-returns-to-normal-by-december-31,https://polymarket.com/event/strait-of-hormuz-traffic-returns-to-normal-by-december-31,https://embed.polymarket.com/market.html?market=strait-of-hormuz-traffic-returns-to-normal-by-december-31&features=volume&theme=light,Strait of Hormuz traffic returns to normal by December 31?,politics,,"24h $91,629 • spread 0.010 • TTR 140.2d • ~50% mid",7906868.950437,91629.29,-0.02,-4.1237,2026-12-31T00:00:00+00:00,140.203,1,0.01,-0.53,0.465,1,"[{""name"": ""Top"", ""bestBid"": 0.46, ""bestAsk"": 0.47}]"
3409541,0x60613b262912ce2e3138ec5610a31a2f932b6300843c094053cb33aaff9f2238,will-kai-and-speed-beat-the-minecraft-challenge-by-august-17-20260807213124706,https://polymarket.com/event/will-kai-and-speed-beat-the-minecraft-challenge-by-august-17-20260807213124706,https://embed.polymarket.com/market.html?market=will-kai-and-speed-beat-the-minecraft-challenge-by-august-17-20260807213124706&features=volume&theme=light,Will Kai and Speed beat the Minecraft challenge by August 17?,gaming,,"24h $730,139 • spread 0.030 • TTR 5.2d",2041816.2546089997,730139.63,0.57,253.3333,2026-08-17T23:59:00+00:00,5.202,1,0.03,-0.19,0.795,0,"[{""name"": ""Top"", ""bestBid"": 0.78, ""bestAsk"": 0.81}]"
559695,0xb91be12388b3d4079c3ed9b5783cb42d8c33051d37746a49300227e0f45fc089,will-james-talarico-win-the-2028-democratic-presidential-nomination,https://polymarket.com/event/will-james-talarico-win-the-2028-democratic-presidential-nomination,https://embed.polymarket.com/market.html?market=will-james-talarico-win-the-2028-democratic-presidential-nomination&features=volume&theme=light,Will James Talarico win the 2028 Democratic presidential nomination?,united-states,,"24h $68,161 • spread 0.001 • TTR 817.2d",10423270.369303998,68161.36,0.0,0.0,2028-11-07T00:00:00+00:00,817.203,1,0.001,-0.98,0.0195,0,"[{""name"": ""Top"", ""bestBid"": 0.019, ""bestAsk"": 0.02}]"
908713,0x80b3af88cb991980e8da1ce86b9794a0957f96ec98c29319dd7ba65e9744d82b,fed-rate-hike-in-2026,https://polymarket.com/event/fed-rate-hike-in-2026,https://embed.polymarket.com/market.html?market=fed-rate-hike-in-2026&features=volume&theme=light,Fed rate hike in 2026?,cpi-release,,"24h $229,854 • spread 0.010 • TTR 118.2d • ~50% mid",7312188.896107001,229854.43,-0.04,-6.8376,2026-12-09T00:00:00+00:00,118.203,1,0.01,-0.45,0.545,1,"[{""name"": ""Top"", ""bestBid"": 0.54, ""bestAsk"": 0.55}]"
561980,0xd7a0d72b19ca48b06b0029684677f581e32f133c367d7a19c2f1e4ad07066af7,will-nikki-haley-win-the-2028-republican-presidential-nomination,https://polymarket.com/event/will-nikki-haley-win-the-2028-republican-presidential-nomination,https://embed.polymarket.com/market.html?market=will-nikki-haley-win-the-2028-republican-presidential-nomination&features=volume&theme=light,Will Nikki Haley win the 2028 Republican presidential nomination?,united-states,,"24h $1,516 • spread 0.001 • TTR 817.2d",10181360.211950995,1516.17,0.0,0.0,2028-11-07T00:00:00+00:00,817.203,1,0.001,-0.996,0.0035,0,"[{""name"": ""Top"", ""bestBid"": 0.003, ""bestAsk"": 0.004}]"
561975,0x21ad31a46bfaa51650766eff6dc69c866959e32d965ffb116020e37694b6317d,will-marco-rubio-win-the-2028-republican-presidential-nomination,https://polymarket.com/event/will-marco-rubio-win-the-2028-republican-presidential-nomination,https://embed.polymarket.com/market.html?market=will-marco-rubio-win-the-2028-republican-presidential-nomination&features=volume&theme=light,Will Marco Rubio win the 2028 Republican presidential nomination?,united-states,,"24h $20,401 • spread 0.001 • TTR 817.2d",10151600.060251001,20401.64,0.0,0.0,2028-11-07T00:00:00+00:00,817.203,1,0.001,-0.766,0.2335,0,"[{""name"": ""Top"", ""bestBid"": 0.233, ""bestAsk"": 0.234}]"
601830,0xd0536d9612e041312235baceac52bde48821e8aad4607533513b3782904b7d49,will-geraldo-alckmin-win-the-2026-brazilian-presidential-election,https://polymarket.com/event/will-geraldo-alckmin-win-the-2026-brazilian-presidential-election,https://embed.polymarket.com/market.html?market=will-geraldo-alckmin-win-the-2026-brazilian-presidential-election&features=volume&theme=light,Will Geraldo Alckmin win the 2026 Brazilian presidential election?,politics,,"24h $2,954 • spread 0.001 • TTR 52.2d",5216857.800183,2954.58,0.0,0.0,2026-10-04T00:00:00+00:00,52.203,1,0.001,-0.997,0.0025,0,"[{""name"": ""Top"", ""bestBid"": 0.002, ""bestAsk"": 0.003}]"
562006,0xca68152902c3581ab42feb04921b8b1cd3c4e80d06f255ae077259fca0bba15c,will-eric-trump-win-the-2028-republican-presidential-nomination,https://polymarket.com/event/will-eric-trump-win-the-2028-republican-presidential-nomination,https://embed.polymarket.com/market.html?market=will-eric-trump-win-the-2028-republican-presidential-nomination&features=volume&theme=light,Will Eric Trump win the 2028 Republican presidential nomination?,united-states,,"24h $73,908 • spread 0.001 • TTR 817.2d",9998815.023585,73908.25,0.0,0.0,2028-11-07T00:00:00+00:00,817.203,1,0.001,-0.996,0.0035,0,"[{""name"": ""Top"", ""bestBid"": 0.003, ""bestAsk"": 0.004}]"
2952488,0x6acdc3316f0b43ca4fbc13623fc018e30f2fd20ae7b93bdc07c8193e99b0ac4d,israel-x-iran-ceasefire-continues-through-august-15-20260716224448969-246-815-987-693,https://polymarket.com/event/israel-x-iran-ceasefire-continues-through-august-15-20260716224448969-246-815-987-693,https://embed.polymarket.com/market.html?market=israel-x-iran-ceasefire-continues-through-august-15-20260716224448969-246-815-987-693&features=volume&theme=light,Israel x Iran ceasefire continues through August 15?,iran,,"24h $140,009 • spread 0.002 • TTR 3.2d",1757206.5149399985,140009.82,0.007,0.7224,2026-08-15T23:59:00+00:00,3.202,1,0.002,-0.023,0.976,0,"[{""name"": ""Top"", ""bestBid"": 0.975, ""bestAsk"": 0.977}]"
601828,0x054725b2a7971376f7924a7021221b12acc50fe78d97817824fe411704d5b5a2,will-romeu-zema-win-the-2026-brazilian-presidential-election,https://polymarket.com/event/will-romeu-zema-win-the-2026-brazilian-presidential-election,https://embed.polymarket.com/market.html?market=will-romeu-zema-win-the-2026-brazilian-presidential-election&features=volume&theme=light,Will Romeu Zema win the 2026 Brazilian presidential election?,politics,,"24h $16,114 • spread 0.001 • TTR 52.2d",5068761.648771999,16114.48,0.0,0.0,2026-10-04T00:00:00+00:00,52.203,1,0.001,-0.996,0.0035,0,"[{""name"": ""Top"", ""bestBid"": 0.003, ""bestAsk"": 0.004}]"
2252242,0x5e464d85eb49f22d876f3ed6168a7db5e2288e9ae1eb91effd2758e994676f86,will-the-fed-decrease-interest-rates-by-50-bps-after-the-september-2026-meeting-863,https://polymarket.com/event/will-the-fed-decrease-interest-rates-by-50-bps-after-the-september-2026-meeting-863,https://embed.polymarket.com/market.html?market=will-the-fed-decrease-interest-rates-by-50-bps-after-the-september-2026-meeting-863&features=volume&theme=light,Will the Fed decrease interest rates by 50+ bps after the September 2026 meeting?,fomc,,"24h $560,199 • spread 0.001 • TTR 34.2d",4030731.535113001,560199.09,-0.001,-15.3846,2026-09-16T00:00:00+00:00,34.203,1,0.001,-0.994,0.0055,0,"[{""name"": ""Top"", ""bestBid"": 0.005, ""bestAsk"": 0.006}]"
601832,0xafd3f96b7b6084509e625270538ff0699003fafc042263c1216e7f084cef753a,will-aldo-rebelo-win-the-2026-brazilian-presidential-election,https://polymarket.com/event/will-aldo-rebelo-win-the-2026-brazilian-presidential-election,https://embed.polymarket.com/market.html?market=will-aldo-rebelo-win-the-2026-brazilian-presidential-election&features=volume&theme=light,Will Aldo Rebelo win the 2026 Brazilian presidential election?,politics,,"24h $20,112 • TTR 52.2d",4934669.634043002,20112.0,0.0,0.0,2026-10-04T00:00:00+00:00,52.203,1,,-0.999,,0,"[{""name"": ""Top"", ""bestBid"": null, ""bestAsk"": 0.001}]"
616902,0xd4e77ba6f29fc093509d24f508631abd445ecf506bbdc9c4c80e60256a318527,will-no-fed-rate-cuts-happen-in-2026,https://polymarket.com/event/will-no-fed-rate-cuts-happen-in-2026,https://embed.polymarket.com/market.html?market=will-no-fed-rate-cuts-happen-in-2026&features=volume&theme=light,Will no Fed rate cuts happen in 2026?,rewards-200-4pt5-50,,"24h $38,274 • spread 0.001 • TTR 140.2d",7194781.935983003,38274.79,0.004,0.4676,2026-12-31T00:00:00+00:00,140.203,1,0.001,-0.14,0.8595,0,"[{""name"": ""Top"", ""bestBid"": 0.859, ""bestAsk"": 0.86}]"
561978,0x4a9d58d4da874e26708f5bdb014eb07a06aeebb927068d169d43831595386557,will-donald-trump-jr-win-the-2028-republican-presidential-nomination,https://polymarket.com/event/will-donald-trump-jr-win-the-2028-republican-presidential-nomination,https://embed.polymarket.com/market.html?market=will-donald-trump-jr-win-the-2028-republican-presidential-nomination&features=volume&theme=light,Will Donald Trump Jr. win the 2028 Republican presidential nomination?,united-states,,"24h $6,544 • spread 0.001 • TTR 817.2d",9534918.715388,6544.77,0.001,8.6957,2028-11-07T00:00:00+00:00,817.203,1,0.001,-0.987,0.0125,0,"[{""name"": ""Top"", ""bestBid"": 0.012, ""bestAsk"": 0.013}]"
559655,0xd65891729ce093cc12236856837eba1a0872fc7998fd4294c21346f7db68079c,will-josh-shapiro-win-the-2028-democratic-presidential-nomination-977,https://polymarket.com/event/will-josh-shapiro-win-the-2028-democratic-presidential-nomination-977,https://embed.polymarket.com/market.html?market=will-josh-shapiro-win-the-2028-democratic-presidential-nomination-977&features=volume&theme=light,Will Josh Shapiro win the 2028 Democratic presidential nomination?,united-states,,"24h $1,234 • spread 0.001 • TTR 817.2d",9458161.186706996,1234.61,0.0,0.0,2028-11-07T00:00:00+00:00,817.203,1,0.001,-0.95,0.0495,0,"[{""name"": ""Top"", ""bestBid"": 0.049, ""bestAsk"": 0.05}]"
561973,0x895e01dbf3e6a33cd9a44ca0f8cdb5df1bd2b0b6ebed5300d28f8da7145145e4,will-donald-trump-win-the-2028-republican-presidential-nomination,https://polymarket.com/event/will-donald-trump-win-the-2028-republican-presidential-nomination,https://embed.polymarket.com/market.html?market=will-donald-trump-win-the-2028-republican-presidential-nomination&features=volume&theme=light,Will Donald Trump win the 2028 Republican presidential nomination?,united-states,,"24h $7,829 • spread 0.001 • TTR 817.2d",9387185.696502998,7829.43,0.001,5.1282,2028-11-07T00:00:00+00:00,817.203,1,0.001,-0.979,0.0205,0,"[{""name"": ""Top"", ""bestBid"": 0.02, ""bestAsk"": 0.021}]"
561243,0xce9a5fa30fe74e323b4a8f15afbb0b7a41a537aa880779ddf7dee22223b2f34a,will-donald-trump-win-the-2028-us-presidential-election,https://polymarket.com/event/will-donald-trump-win-the-2028-us-presidential-election,https://embed.polymarket.com/market.html?market=will-donald-trump-win-the-2028-us-presidential-election&features=volume&theme=light,Will Donald Trump win the 2028 US Presidential Election?,president,,"24h $11,528 • spread 0.001 • TTR 817.2d",9363546.985940998,11528.6,0.0,0.0,2028-11-07T00:00:00+00:00,817.203,1,0.001,-0.979,0.0205,0,"[{""name"": ""Top"", ""bestBid"": 0.02, ""bestAsk"": 0.021}]"
898409,0x6eec2b6b1c8d62aaacda46471e8caf7320f4ea9235f5ee87cba970a32a4e6985,will-lando-norris-be-the-2026-f1-drivers-champion,https://polymarket.com/event/will-lando-norris-be-the-2026-f1-drivers-champion,https://embed.polymarket.com/market.html?market=will-lando-norris-be-the-2026-f1-drivers-champion&features=volume&theme=light,Will Lando Norris be the 2026 F1 Drivers' Champion?,sports,,"24h $4,505 • spread 0.001 • TTR 115.2d",6626951.488309003,4505.09,-0.001,-4.0816,2026-12-06T00:00:00+00:00,115.203,1,0.001,-0.976,0.0235,0,"[{""name"": ""Top"", ""bestBid"": 0.023, ""bestAsk"": 0.024}]"
601829,0x101d084cd035070abde58d8a3113b78e11ba68028b0d9e7e38ea7d780797aecc,will-camilo-santana-win-the-2026-brazilian-presidential-election,https://polymarket.com/event/will-camilo-santana-win-the-2026-brazilian-presidential-election,https://embed.polymarket.com/market.html?market=will-camilo-santana-win-the-2026-brazilian-presidential-election&features=volume&theme=light,Will Camilo Santana win the 2026 Brazilian presidential election?,politics,,"24h $39,696 • spread 0.001 • TTR 52.2d",4824183.129657,39696.94,0.001,200.0,2026-10-04T00:00:00+00:00,52.203,1,0.001,-0.998,0.0015,0,"[{""name"": ""Top"", ""bestBid"": 0.001, ""bestAsk"": 0.002}]"
1163699,0x9cb23d04b2ded06147482076688b69b487a8d982c63ebdda2ab3678cf27cf390,clarity-act-signed-into-law-in-2026,https://polymarket.com/event/clarity-act-signed-into-law-in-2026,https://embed.polymarket.com/market.html?market=clarity-act-signed-into-law-in-2026&features=volume&theme=light,Clarity Act (H.R.3633) signed into law in 2026?,crypto,,"24h $440,740 • spread 0.010 • TTR 141.4d",6922765.933211001,440740.27,-0.01,-4.6512,2027-01-01T05:00:00+00:00,141.411,1,0.01,-0.79,0.205,0,"[{""name"": ""Top"", ""bestBid"": 0.2, ""bestAsk"": 0.21}]"
704475,0xd8b94a79241263ba30e9cd7f58e88bf2a9013ce2ccdce73606916b2f53033466,will-james-fishback-be-the-republican-nominee-for-florida-governor,https://polymarket.com/event/will-james-fishback-be-the-republican-nominee-for-florida-governor,https://embed.polymarket.com/market.html?market=will-james-fishback-be-the-republican-nominee-for-florida-governor&features=volume&theme=light,Will James Fishback be the Republican nominee for Florida Governor?,primary-elections,,"24h $143,739 • spread 0.001 • TTR 5.2d",1743958.5846210003,143739.45,0.009,85.7143,2026-08-18T00:00:00+00:00,5.203,1,0.001,-0.98,0.0195,0,"[{""name"": ""Top"", ""bestBid"": 0.019, ""bestAsk"": 0.02}]"
562008,0x5f3b3456b2d6ef0d6f15d7492162725057be78d738d2465456e2835f1d89046c,will-pete-hegseth-win-the-2028-republican-presidential-nomination,https://polymarket.com/event/will-pete-hegseth-win-the-2028-republican-presidential-nomination,https://embed.polymarket.com/market.html?market=will-pete-hegseth-win-the-2028-republican-presidential-nomination&features=volume&theme=light,Will Pete Hegseth win the 2028 Republican presidential nomination?,united-states,,24h $645 • spread 0.001 • TTR 817.2d,8788368.536006,645.54,0.0,0.0,2028-11-07T00:00:00+00:00,817.203,1,0.001,-0.997,0.0025,0,"[{""name"": ""Top"", ""bestBid"": 0.002, ""bestAsk"": 0.003}]"
898410,0x1c373746c204f7437cb212d2bcfbc5fdf0f0263ae9b470dd92c676d4c2c5ba03,will-oscar-piastri-be-the-2026-f1-drivers-champion,https://polymarket.com/event/will-oscar-piastri-be-the-2026-f1-drivers-champion,https://embed.polymarket.com/market.html?market=will-oscar-piastri-be-the-2026-f1-drivers-champion&features=volume&theme=light,Will Oscar Piastri be the 2026 F1 Drivers' Champion?,sports,,"24h $1,128 • spread 0.001 • TTR 115.2d",6177514.120209999,1128.82,-0.0005,-10.0,2026-12-06T00:00:00+00:00,115.203,1,0.001,-0.995,0.0045,0,"[{""name"": ""Top"", ""bestBid"": 0.004, ""bestAsk"": 0.005}]"
562007,0xf2cb33c6634ee4676b642e728715c68441fb8d8c90f730ba0b5c3cd1f436a4be,will-joe-kent-win-the-2028-republican-presidential-nomination,https://polymarket.com/event/will-joe-kent-win-the-2028-republican-presidential-nomination,https://embed.polymarket.com/market.html?market=will-joe-kent-win-the-2028-republican-presidential-nomination&features=volume&theme=light,Will Joe Kent win the 2028 Republican presidential nomination?,united-states,,24h $620 • spread 0.001 • TTR 817.2d,8692035.507539999,620.35,0.0,0.0,2028-11-07T00:00:00+00:00,817.203,1,0.001,-0.997,0.0025,0,"[{""name"": ""Top"", ""bestBid"": 0.002, ""bestAsk"": 0.003}]"
561239,0xb3298af85e00aafad937c119444a5f2800a55343b7482eb75581f6e454432501,will-kamala-harris-win-the-2028-us-presidential-election,https://polymarket.com/event/will-kamala-harris-win-the-2028-us-presidential-election,https://embed.polymarket.com/market.html?market=will-kamala-harris-win-the-2028-us-presidential-election&features=volume&theme=light,Will Kamala Harris win the 2028 US Presidential Election?,president,,"24h $2,973 • spread 0.001 • TTR 817.2d",8650989.327343,2973.57,0.001,2.1978,2028-11-07T00:00:00+00:00,817.203,1,0.001,-0.953,0.0465,0,"[{""name"": ""Top"", ""bestBid"": 0.046, ""bestAsk"": 0.047}]"
561264,0xea649be6ea3447f3c145a173883c68a89faf4edda1f85109b76baa93b3ee7a87,will-pete-hegseth-win-the-2028-us-presidential-election,https://polymarket.com/event/will-pete-hegseth-win-the-2028-us-presidential-election,https://embed.polymarket.com/market.html?market=will-pete-hegseth-win-the-2028-us-presidential-election&features=volume&theme=light,Will Pete Hegseth win the 2028 US Presidential Election?,president,,24h $320 • spread 0.001 • TTR 817.2d,8639596.890986,320.01,0.0,0.0,2028-11-07T00:00:00+00:00,817.203,1,0.001,-0.997,0.0025,0,"[{""name"": ""Top"", ""bestBid"": 0.002, ""bestAsk"": 0.003}]"
716942,0x1d916047bbca1be9808076a0590c17ff113fb92986a4b4bc7f0f962642158827,will-there-be-at-least-10000-measles-cases-in-the-us-in-2026-418-668-617-245-787,https://polymarket.com/event/will-there-be-at-least-10000-measles-cases-in-the-us-in-2026-418-668-617-245-787,https://embed.polymarket.com/market.html?market=will-there-be-at-least-10000-measles-cases-in-the-us-in-2026-418-668-617-245-787&features=volume&theme=light,Will there be at least 10000 measles cases in the U.S. in 2026?,rewards-20-4pt5-50,,24h $299 • spread 0.004 • TTR 140.2d,6514435.672053997,299.21,0.0035,6.422,2026-12-31T00:00:00+00:00,140.203,1,0.004,-0.94,0.058,0,"[{""name"": ""Top"", ""bestBid"": 0.056, ""bestAsk"": 0.06}]"
561977,0xd0c4c60c8e68ee15974df3aa7d217225e98020fab9fcdb32d10f8e3d285e1619,will-glenn-youngkin-win-the-2028-republican-presidential-nomination,https://polymarket.com/event/will-glenn-youngkin-win-the-2028-republican-presidential-nomination,https://embed.polymarket.com/market.html?market=will-glenn-youngkin-win-the-2028-republican-presidential-nomination&features=volume&theme=light,Will Glenn Youngkin win the 2028 Republican presidential nomination?,united-states,,24h $8 • spread 0.001 • TTR 817.2d,8545710.232143003,8.13,0.0,0.0,2028-11-07T00:00:00+00:00,817.203,1,0.001,-0.99,0.0095,0,"[{""name"": ""Top"", ""bestBid"": 0.009, ""bestAsk"": 0.01}]"
562802,0xd5d9fc47718bd553592d126b1fa5e87183d27f3936975b0c04cc0f2dec1f1bb4,will-the-democratic-party-control-the-house-after-the-2026-midterm-elections,https://polymarket.com/event/will-the-democratic-party-control-the-house-after-the-2026-midterm-elections,https://embed.polymarket.com/market.html?market=will-the-democratic-party-control-the-house-after-the-2026-midterm-elections&features=volume&theme=light,Will the Democratic Party control the House after the 2026 Midterm elections?,parent-for-derivative,,"24h $16,323 • spread 0.010 • TTR 82.2d",5248630.798032,16323.37,0.0,0.0,2026-11-03T00:00:00+00:00,82.203,1,0.01,-0.12,0.875,0,"[{""name"": ""Top"", ""bestBid"": 0.87, ""bestAsk"": 0.88}]"
559693,0x98933c78b5e277b62d91a6c174b412218de000b54c4c67ec8673bf561cec6e81,will-ruben-gallego-win-the-2028-democratic-presidential-nomination,https://polymarket.com/event/will-ruben-gallego-win-the-2028-democratic-presidential-nomination,https://embed.polymarket.com/market.html?market=will-ruben-gallego-win-the-2028-democratic-presidential-nomination&features=volume&theme=light,Will Ruben Gallego win the 2028 Democratic presidential nomination?,united-states,,"24h $3,736 • spread 0.001 • TTR 817.2d",8314149.720474999,3736.22,0.0,0.0,2028-11-07T00:00:00+00:00,817.203,1,0.001,-0.996,0.0035,0,"[{""name"": ""Top"", ""bestBid"": 0.003, ""bestAsk"": 0.004}]"
561998,0x4f02b9cf70e514964fcb9aa2f7873d2b0d1aa0986da096cce7e6687e78da00f3,will-ivanka-trump-win-the-2028-republican-presidential-nomination,https://polymarket.com/event/will-ivanka-trump-win-the-2028-republican-presidential-nomination,https://embed.polymarket.com/market.html?market=will-ivanka-trump-win-the-2028-republican-presidential-nomination&features=volume&theme=light,Will Ivanka Trump win the 2028 Republican presidential nomination?,united-states,,24h $722 • spread 0.001 • TTR 817.2d,8288518.788285998,722.3,0.0,0.0,2028-11-07T00:00:00+00:00,817.203,1,0.001,-0.992,0.0075,0,"[{""name"": ""Top"", ""bestBid"": 0.007, ""bestAsk"": 0.008}]"
561252,0xe2bdf6c18c8ab5ad5d3be5f95dd749e88d1dee7ac7c4dbf5101013a5c055e3df,will-dwayne-the-rock-johnson-win-the-2028-us-presidential-election,https://polymarket.com/event/will-dwayne-the-rock-johnson-win-the-2028-us-presidential-election,https://embed.polymarket.com/market.html?market=will-dwayne-the-rock-johnson-win-the-2028-us-presidential-election&features=volume&theme=light,Will Dwayne 'The Rock' Johnson win the 2028 US Presidential Election?,president,,"24h $5,602 • spread 0.001 • TTR 817.2d",8164253.0458120005,5602.69,0.002,12.1212,2028-11-07T00:00:00+00:00,817.203,1,0.001,-0.981,0.0185,0,"[{""name"": ""Top"", ""bestBid"": 0.018, ""bestAsk"": 0.019}]"
898413,0x696576c9b20d20a71e0acd6f84d215f129fa361ed544b0df14f1ae540d84059f,will-max-verstappen-be-the-2026-f1-drivers-champion,https://polymarket.com/event/will-max-verstappen-be-the-2026-f1-drivers-champion,https://embed.polymarket.com/market.html?market=will-max-verstappen-be-the-2026-f1-drivers-champion&features=volume&theme=light,Will Max Verstappen be the 2026 F1 Drivers' Champion?,sports,,24h $52 • spread 0.001 • TTR 115.2d,5796367.262972998,52.93,0.0,0.0,2026-12-06T00:00:00+00:00,115.203,1,0.001,-0.984,0.0155,0,"[{""name"": ""Top"", ""bestBid"": 0.015, ""bestAsk"": 0.016}]"
561260,0x32903694997a5c09afee30904970f9fab2a5fb4ec45f572f194341185574f1a4,will-thomas-massie-win-the-2028-us-presidential-election,https://polymarket.com/event/will-thomas-massie-win-the-2028-us-presidential-election,https://embed.polymarket.com/market.html?market=will-thomas-massie-win-the-2028-us-presidential-election&features=volume&theme=light,Will Thomas Massie win the 2028 US Presidential Election?,president,,"24h $28,314 • spread 0.002 • TTR 817.2d",8067585.946808001,28314.23,-0.0005,-4.0,2028-11-07T00:00:00+00:00,817.203,1,0.002,-0.987,0.012,0,"[{""name"": ""Top"", ""bestBid"": 0.011, ""bestAsk"": 0.013}]"
559696,0x6685b25cc7c89032efcdf81eb27fdc6bbf04a3e4299bcd99c9f3d62c8471001e,will-graham-platner-win-the-2028-democratic-presidential-nomination,https://polymarket.com/event/will-graham-platner-win-the-2028-democratic-presidential-nomination,https://embed.polymarket.com/market.html?market=will-graham-platner-win-the-2028-democratic-presidential-nomination&features=volume&theme=light,Will Graham Platner win the 2028 Democratic presidential nomination?,united-states,,"24h $9,113 • spread 0.001 • TTR 817.2d",7978908.701158001,9113.54,0.0,0.0,2028-11-07T00:00:00+00:00,817.203,1,0.001,-0.997,0.0025,0,"[{""name"": ""Top"", ""bestBid"": 0.002, ""bestAsk"": 0.003}]"
561255,0xc586d15be76278848a26c761c2fcf70f8cebca71815cfab83e656ff5c6ec13a9,will-ivanka-trump-win-the-2028-us-presidential-election,https://polymarket.com/event/will-ivanka-trump-win-the-2028-us-presidential-election,https://embed.polymarket.com/market.html?market=will-ivanka-trump-win-the-2028-us-presidential-election&features=volume&theme=light,Will Ivanka Trump win the 2028 US Presidential Election?,president,,"24h $9,167 • spread 0.001 • TTR 817.2d",7977945.640942999,9167.27,0.0,0.0,2028-11-07T00:00:00+00:00,817.203,1,0.001,-0.994,0.0055,0,"[{""name"": ""Top"", ""bestBid"": 0.005, ""bestAsk"": 0.006}]"
637002,0x962e5b226a77266ab429029ee04665e8fcfeb10b91af593786ceab871d2e945f,will-donald-trump-win-the-nobel-peace-prize-in-2026-382,https://polymarket.com/event/will-donald-trump-win-the-nobel-peace-prize-in-2026-382,https://embed.polymarket.com/market.html?market=will-donald-trump-win-the-nobel-peace-prize-in-2026-382&features=volume&theme=light,Will Donald Trump win the Nobel Peace Prize in 2026?,awards,,"24h $5,627 • spread 0.001 • TTR 58.2d",4325165.587730001,5627.13,-0.003,-10.1695,2026-10-10T00:00:00+00:00,58.203,1,0.001,-0.973,0.0265,0,"[{""name"": ""Top"", ""bestBid"": 0.026, ""bestAsk"": 0.027}]"
561232,0x2c03c41e5032364cb7166e842bdd22913f28aa2c837d8432704aa89c338875c8,will-pete-buttigieg-win-the-2028-us-presidential-election,https://polymarket.com/event/will-pete-buttigieg-win-the-2028-us-presidential-election,https://embed.polymarket.com/market.html?market=will-pete-buttigieg-win-the-2028-us-presidential-election&features=volume&theme=light,Will Pete Buttigieg win the 2028 US Presidential Election?,president,,"24h $10,563 • spread 0.001 • TTR 817.2d",7941677.531554997,10563.69,0.0,0.0,2028-11-07T00:00:00+00:00,817.203,1,0.001,-0.975,0.0245,0,"[{""name"": ""Top"", ""bestBid"": 0.024, ""bestAsk"": 0.025}]"
1469737,0x25fb28382075f418a944a781a9f8840e2f541152eea0d9798d1cabfa1466adbb,will-mojtaba-khamenei-be-head-of-state-in-iran-end-of-2026,https://polymarket.com/event/will-mojtaba-khamenei-be-head-of-state-in-iran-end-of-2026,https://embed.polymarket.com/market.html?market=will-mojtaba-khamenei-be-head-of-state-in-iran-end-of-2026&features=volume&theme=light,Will Mojtaba Khamenei be head of state in Iran end of 2026?,middle-east,,"24h $1,302 • spread 0.004 • TTR 140.2d",5956933.121194999,1302.29,-0.001,-0.1233,2026-12-31T00:00:00+00:00,140.203,1,0.004,-0.188,0.81,0,"[{""name"": ""Top"", ""bestBid"": 0.808, ""bestAsk"": 0.812}]"
2034729,0xace3c72c24fccb6731433483ece41c780432d84850edccd5a6bf3147ccea62a9,will-the-us-confirm-that-aliens-exist-by-september-30-396,https://polymarket.com/event/will-the-us-confirm-that-aliens-exist-by-september-30-396,https://embed.polymarket.com/market.html?market=will-the-us-confirm-that-aliens-exist-by-september-30-396&features=volume&theme=light,Will the US confirm that aliens exist by September 30?,aliens,,"24h $18,870 • spread 0.001 • TTR 48.2d",3896077.0300539997,18870.58,0.0,0.0,2026-09-30T00:00:00+00:00,48.203,1,0.001,-0.979,0.0205,0,"[{""name"": ""Top"", ""bestBid"": 0.02, ""bestAsk"": 0.021}]"
628955,0x8d62f20324e9e7f1a3c663ab6aac9a2f6e7adb96c6a69ac2cea7e08a71a7f2ef,will-tom-steyer-win-the-california-governor-election-in-2026,https://polymarket.com/event/will-tom-steyer-win-the-california-governor-election-in-2026,https://embed.polymarket.com/market.html?market=will-tom-steyer-win-the-california-governor-election-in-2026&features=volume&theme=light,Will Tom Steyer win the California Governor Election in 2026?,california-midterm,,"24h $3,488 • spread 0.002 • TTR 82.2d",4780947.785971,3488.67,0.0,0.0,2026-11-03T00:00:00+00:00,82.203,1,0.002,-0.997,0.002,0,"[{""name"": ""Top"", ""bestBid"": 0.001, ""bestAsk"": 0.003}]"
1105751,0x1dd7704a6d05cca078564bc0bac541261425bc9252acc5634639f5161daf45f9,will-evan-pettus-be-the-leader-of-venezuela-end-of-2026,https://polymarket.com/event/will-evan-pettus-be-the-leader-of-venezuela-end-of-2026,https://embed.polymarket.com/market.html?market=will-evan-pettus-be-the-leader-of-venezuela-end-of-2026&features=volume&theme=light,Will Evan Pettus be the leader of Venezuela end of 2026?,trump-machado,,24h $133 • spread 0.001 • TTR 140.2d,5614785.4293140005,133.37,0.0,0.0,2026-12-31T00:00:00+00:00,140.203,1,0.001,-0.998,0.0015,0,"[{""name"": ""Top"", ""bestBid"": 0.001, ""bestAsk"": 0.002}]"
898416,0x2cefe6009ea518f77b8a82714e54c0af1d0f25e99b37d4861f4a5d3ebbf142d3,will-lewis-hamilton-be-the-2026-f1-drivers-champion,https://polymarket.com/event/will-lewis-hamilton-be-the-2026-f1-drivers-champion,https://embed.polymarket.com/market.html?market=will-lewis-hamilton-be-the-2026-f1-drivers-champion&features=volume&theme=light,Will Lewis Hamilton be the 2026 F1 Drivers' Champion?,sports,,"24h $10,106 • spread 0.002 • TTR 115.2d",5194295.027443,10106.86,-0.007,-6.5421,2026-12-06T00:00:00+00:00,115.203,1,0.002,-0.899,0.1,0,"[{""name"": ""Top"", ""bestBid"": 0.099, ""bestAsk"": 0.101}]"
898415,0xe0711866c51f7d0c43284f43e3ae34125e462e909e16bf685718df7610e6a1e7,will-charles-leclerc-be-the-2026-f1-drivers-champion,https://polymarket.com/event/will-charles-leclerc-be-the-2026-f1-drivers-champion,https://embed.polymarket.com/market.html?market=will-charles-leclerc-be-the-2026-f1-drivers-champion&features=volume&theme=light,Will Charles Leclerc be the 2026 F1 Drivers' Champion?,sports,,24h $140 • spread 0.002 • TTR 115.2d,5169666.554365,140.2,0.0,0.0,2026-12-06T00:00:00+00:00,115.203,1,0.002,-0.969,0.03,0,"[{""name"": ""Top"", ""bestBid"": 0.029, ""bestAsk"": 0.031}]"
679049,0x06ea9c02b4c6a2f7f07f78e21411bd367636564edb27c72cd038b556aada1a64,will-mathilde-panot-win-the-2027-french-presidential-election,https://polymarket.com/event/will-mathilde-panot-win-the-2027-french-presidential-election,https://embed.polymarket.com/market.html?market=will-mathilde-panot-win-the-2027-french-presidential-election&features=volume&theme=light,Will Mathilde Panot win the 2027 French presidential election?,french-election,,"24h $2,708 • spread 0.001 • TTR 260.2d",6274566.203722,2708.43,0.0,0.0,2027-04-30T00:00:00+00:00,260.203,1,0.001,-0.998,0.0015,0,"[{""name"": ""Top"", ""bestBid"": 0.001, ""bestAsk"": 0.002}]"
2633428,0x659bff8b341ee3f74dfd82b1608bf37dff28501774f25dd48f93076621aa8f8a,us-iran-final-nuclear-deal-by-august-13-2026-20260621201255152,https://polymarket.com/event/us-iran-final-nuclear-deal-by-august-13-2026-20260621201255152,https://embed.polymarket.com/market.html?market=us-iran-final-nuclear-deal-by-august-13-2026-20260621201255152&features=volume&theme=light,"US-Iran Final Nuclear Deal by August 13, 2026?",iran,,"24h $5,788 • spread 0.001 • TTR 1.2d",1119707.9437309995,5788.96,0.0,0.0,2026-08-13T23:59:00+00:00,1.202,1,0.001,-0.998,0.0015,0,"[{""name"": ""Top"", ""bestBid"": 0.001, ""bestAsk"": 0.002}]"
1057883,0x6fefc0438c7598b23531457c8c60541990d0786bd4bd9dfc3eabc8d95c291092,will-bitcoin-reach-250000-by-december-31-2026-579-442,https://polymarket.com/event/will-bitcoin-reach-250000-by-december-31-2026-579-442,https://embed.polymarket.com/market.html?market=will-bitcoin-reach-250000-by-december-31-2026-579-442&features=volume&theme=light,"Will Bitcoin reach $250,000 by December 31, 2026?",bitcoin,,"24h $2,752 • spread 0.001 • TTR 141.4d",5374992.276421002,2752.33,-0.0015,-8.3333,2027-01-01T05:00:00+00:00,141.411,1,0.001,-0.983,0.0165,0,"[{""name"": ""Top"", ""bestBid"": 0.016, ""bestAsk"": 0.017}]"
561233,0x5969cbb46aca5319b19e19a3c6f63de098950b675bf268f30f4d035508da1957,will-josh-shapiro-win-the-2028-us-presidential-election,https://polymarket.com/event/will-josh-shapiro-win-the-2028-us-presidential-election,https://embed.polymarket.com/market.html?market=will-josh-shapiro-win-the-2028-us-presidential-election&features=volume&theme=light,Will Josh Shapiro win the 2028 US Presidential Election?,president,,"24h $1,431 • spread 0.001 • TTR 817.2d",7047211.454369,1431.96,0.0,0.0,2028-11-07T00:00:00+00:00,817.203,1,0.001,-0.973,0.0265,0,"[{""name"": ""Top"", ""bestBid"": 0.026, ""bestAsk"": 0.027}]"
1469755,0x4266ab921148974f104cbadd099e13bca989441bf58acfd2a08fc6cc7440e1a1,will-mohammad-khatami-be-head-of-state-in-iran-end-of-2026,https://polymarket.com/event/will-mohammad-khatami-be-head-of-state-in-iran-end-of-2026,https://embed.polymarket.com/market.html?market=will-mohammad-khatami-be-head-of-state-in-iran-end-of-2026&features=volume&theme=light,Will Mohammad Khatami be head of state in Iran end of 2026?,middle-east,,24h $120 • spread 0.001 • TTR 140.2d,5191565.266480999,120.09,0.0,0.0,2026-12-31T00:00:00+00:00,140.203,1,0.001,-0.998,0.0015,0,"[{""name"": ""Top"", ""bestBid"": 0.001, ""bestAsk"": 0.002}]"
601833,0xae7dd99bf126b033b77af2553a98b97e1190fd7bdddd5a792ca2791ae23e4d13,will-tereza-cristina-win-the-2026-brazilian-presidential-election,https://polymarket.com/event/will-tereza-cristina-win-the-2026-brazilian-presidential-election,https://embed.polymarket.com/market.html?market=will-tereza-cristina-win-the-2026-brazilian-presidential-election&features=volume&theme=light,Will Tereza Cristina win the 2026 Brazilian presidential election?,politics,,"24h $4,386 • spread 0.001 • TTR 52.2d",3540714.6105960007,4386.86,0.0,0.0,2026-10-04T00:00:00+00:00,52.203,1,0.001,-0.998,0.0015,0,"[{""name"": ""Top"", ""bestBid"": 0.001, ""bestAsk"": 0.002}]"
2663611,0x518df6d694ad4658fe6c284850c029c6f00c9b3609cf05f7757d1fecba1641f8,us-iran-60-day-negotiation-period-extended-20260624044855448,https://polymarket.com/event/us-iran-60-day-negotiation-period-extended-20260624044855448,https://embed.polymarket.com/market.html?market=us-iran-60-day-negotiation-period-extended-20260624044855448&features=volume&theme=light,US-Iran 60 day negotiation period extended?,iran,,"24h $198,968 • spread 0.010 • TTR 8.2d",1514156.2036790014,198968.45,0.02,8.8889,2026-08-20T23:59:00+00:00,8.202,1,0.01,-0.75,0.245,0,"[{""name"": ""Top"", ""bestBid"": 0.24, ""bestAsk"": 0.25}]"
561262,0x9eb7ac1524fdacb46ceb8758454f0004c7b117eae76e6295852643644bb862c1,will-james-talarico-win-the-2028-us-presidential-election,https://polymarket.com/event/will-james-talarico-win-the-2028-us-presidential-election,https://embed.polymarket.com/market.html?market=will-james-talarico-win-the-2028-us-presidential-election&features=volume&theme=light,Will James Talarico win the 2028 US Presidential Election?,president,,"24h $50,603 • spread 0.001 • TTR 817.2d",6778632.706708001,50603.61,0.001,22.2222,2028-11-07T00:00:00+00:00,817.203,1,0.001,-0.994,0.0055,0,"[{""name"": ""Top"", ""bestBid"": 0.005, ""bestAsk"": 0.006}]"
1107582,0x3de0f3d7d7efb40cde68e814d40a0b232832083653c8e78260eb999baa967de0,us-strike-on-cuba-by-december-31,https://polymarket.com/event/us-strike-on-cuba-by-december-31,https://embed.polymarket.com/market.html?market=us-strike-on-cuba-by-december-31&features=volume&theme=light,US strike on Cuba by December 31?,cuba,,"24h $5,280 • spread 0.010 • TTR 140.2d",5078841.305891,5280.08,0.01,5.4054,2026-12-31T00:00:00+00:00,140.203,1,0.01,-0.8,0.195,0,"[{""name"": ""Top"", ""bestBid"": 0.19, ""bestAsk"": 0.2}]"
616913,0x1adf074e048fa613f4ddbc0766088748a48d120a3a713b0183e219032a411ae3,will-11-fed-rate-cuts-happen-in-2026,https://polymarket.com/event/will-11-fed-rate-cuts-happen-in-2026,https://embed.polymarket.com/market.html?market=will-11-fed-rate-cuts-happen-in-2026&features=volume&theme=light,Will 11 Fed rate cuts happen in 2026?,rewards-200-4pt5-50,,"24h $8,254 • spread 0.001 • TTR 140.2d",5045848.363101001,8254.39,0.0,0.0,2026-12-31T00:00:00+00:00,140.203,1,0.001,-0.998,0.0015,0,"[{""name"": ""Top"", ""bestBid"": 0.001, ""bestAsk"": 0.002}]"
562004,0x17902b9490c6a73152772316b4705935c5c6801ba269f2afc81686532e34fb9a,will-marjorie-taylor-greene-win-the-2028-republican-presidential-nomination,https://polymarket.com/event/will-marjorie-taylor-greene-win-the-2028-republican-presidential-nomination,https://embed.polymarket.com/market.html?market=will-marjorie-taylor-greene-win-the-2028-republican-presidential-nomination&features=volume&theme=light,Will Marjorie Taylor Greene win the 2028 Republican presidential nomination?,united-states,,24h $151 • spread 0.001 • TTR 817.2d,6684054.930340001,151.31,0.0,0.0,2028-11-07T00:00:00+00:00,817.203,1,0.001,-0.994,0.0055,0,"[{""name"": ""Top"", ""bestBid"": 0.005, ""bestAsk"": 0.006}]"
701501,0x752fa61c93f16c4b15e85b0bd438d9c684176b0ea7b319a84c8aca34616e8a8c,will-bitcoin-dip-to-55000-by-december-31-2026-527-627-868-745-188-361-314-673-612-946-821-624-855-557-684-381-884-939-182-939-516,https://polymarket.com/event/will-bitcoin-dip-to-55000-by-december-31-2026-527-627-868-745-188-361-314-673-612-946-821-624-855-557-684-381-884-939-182-939-516,https://embed.polymarket.com/market.html?market=will-bitcoin-dip-to-55000-by-december-31-2026-527-627-868-745-188-361-314-673-612-946-821-624-855-557-684-381-884-939-182-939-516&features=volume&theme=light,"Will Bitcoin dip to $55,000 by December 31, 2026?",bitcoin,,"24h $1,621 • spread 0.010 • TTR 141.4d • ~50% mid",5017131.5435230015,1621.76,-0.015,-2.6316,2027-01-01T05:00:00+00:00,141.411,1,0.01,-0.44,0.555,1,"[{""name"": ""Top"", ""bestBid"": 0.55, ""bestAsk"": 0.56}]"
679041,0x3a8209fbd45fef3be23fb3480eb1c961c85f7bdd07d4a3391f5949252156c594,will-franois-bayrou-win-the-2027-french-presidential-election,https://polymarket.com/event/will-franois-bayrou-win-the-2027-french-presidential-election,https://embed.polymarket.com/market.html?market=will-franois-bayrou-win-the-2027-french-presidential-election&features=volume&theme=light,Will François Bayrou win the 2027 French presidential election?,french-election,,"24h $1,895 • spread 0.001 • TTR 260.2d",5753256.577652002,1895.31,0.0,0.0,2027-04-30T00:00:00+00:00,260.203,1,0.001,-0.998,0.0015,0,"[{""name"": ""Top"", ""bestBid"": 0.001, ""bestAsk"": 0.002}]"
562803,0x4e4f77e7dbf4cab666e9a1943674d7ae66348e862df03ea6f44b11eb95731928,will-the-republican-party-control-the-house-after-the-2026-midterm-elections,https://polymarket.com/event/will-the-republican-party-control-the-house-after-the-2026-midterm-elections,https://embed.polymarket.com/market.html?market=will-the-republican-party-control-the-house-after-the-2026-midterm-elections&features=volume&theme=light,Will the Republican Party control the House after the 2026 Midterm elections?,parent-for-derivative,,"24h $4,340 • spread 0.010 • TTR 82.2d",4123422.7339049997,4340.72,0.0,0.0,2026-11-03T00:00:00+00:00,82.203,1,0.01,-0.87,0.125,0,"[{""name"": ""Top"", ""bestBid"": 0.12, ""bestAsk"": 0.13}]"
1057916,0xa885bfe10688056a9d0f4e9a1523bfa18f66fda065f0400d714ba54776083713,will-bitcoin-dip-to-15000-by-december-31-2026-416-954-417-853-885-363-335-458-585-275-615-269-479-379-516-218-918-374-598-429-212,https://polymarket.com/event/will-bitcoin-dip-to-15000-by-december-31-2026-416-954-417-853-885-363-335-458-585-275-615-269-479-379-516-218-918-374-598-429-212,https://embed.polymarket.com/market.html?market=will-bitcoin-dip-to-15000-by-december-31-2026-416-954-417-853-885-363-335-458-585-275-615-269-479-379-516-218-918-374-598-429-212&features=volume&theme=light,"Will Bitcoin dip to $15,000 by December 31, 2026?",bitcoin,,24h $105 • spread 0.001 • TTR 141.4d,4921497.479386,105.74,0.0,0.0,2027-01-01T05:00:00+00:00,141.411,1,0.001,-0.977,0.0225,0,"[{""name"": ""Top"", ""bestBid"": 0.022, ""bestAsk"": 0.023}]"
616912,0x757c144993b3cb831e04c42bfcff8c18864c7da4f4688a5939d2f62e031cbc87,will-10-fed-rate-cuts-happen-in-2026,https://polymarket.com/event/will-10-fed-rate-cuts-happen-in-2026,https://embed.polymarket.com/market.html?market=will-10-fed-rate-cuts-happen-in-2026&features=volume&theme=light,Will 10 Fed rate cuts happen in 2026?,rewards-200-4pt5-50,,"24h $4,441 • spread 0.001 • TTR 140.2d",4875514.5025160005,4441.01,0.0,0.0,2026-12-31T00:00:00+00:00,140.203,1,0.001,-0.998,0.0015,0,"[{""name"": ""Top"", ""bestBid"": 0.001, ""bestAsk"": 0.002}]"
679043,0xfd431e070263b5f24e43a8fc44532bf41aa008d99cab2330d979913b1c580bd2,will-yal-braun-pivet-win-the-2027-french-presidential-election,https://polymarket.com/event/will-yal-braun-pivet-win-the-2027-french-presidential-election,https://embed.polymarket.com/market.html?market=will-yal-braun-pivet-win-the-2027-french-presidential-election&features=volume&theme=light,Will Yaël Braun-Pivet win the 2027 French presidential election?,french-election,,24h $658 • spread 0.001 • TTR 260.2d,5541545.492579,658.24,0.0,0.0,2027-04-30T00:00:00+00:00,260.203,1,0.001,-0.998,0.0015,0,"[{""name"": ""Top"", ""bestBid"": 0.001, ""bestAsk"": 0.002}]"
679036,0xaba4bb720c6c1b2e48087f5af4a57fd1e9f05814a936e9f6b1c37f10436a34fc,will-franois-asselineau-win-the-2027-french-presidential-election,https://polymarket.com/event/will-franois-asselineau-win-the-2027-french-presidential-election,https://embed.polymarket.com/market.html?market=will-franois-asselineau-win-the-2027-french-presidential-election&features=volume&theme=light,Will François Asselineau win the 2027 French presidential election?,french-election,,24h $730 • spread 0.001 • TTR 260.2d,5527132.222116998,730.01,0.0,0.0,2027-04-30T00:00:00+00:00,260.203,1,0.001,-0.998,0.0015,0,"[{""name"": ""Top"", ""bestBid"": 0.001, ""bestAsk"": 0.002}]"
1130015,0x8c48f3acf4177b5ceb012a8a2dc7a9c219eeae4a032d6ddcbc3c2ffab907439a,will-the-liberal-democratic-party-of-russia-ldpr-gain-the-most-seats-in-the-next-russian-parliamentary-election,https://polymarket.com/event/will-the-liberal-democratic-party-of-russia-ldpr-gain-the-most-seats-in-the-next-russian-parliamentary-election,https://embed.polymarket.com/market.html?market=will-the-liberal-democratic-party-of-russia-ldpr-gain-the-most-seats-in-the-next-russian-parliamentary-election&features=volume&theme=light,Will the Liberal Democratic Party of Russia (LDPR) gain the most seats in the next Russian parliamentary election?,politics,,"24h $6,208 • spread 0.001 • TTR 48.2d",3153624.9259879994,6208.69,0.004,7.619,2026-09-30T00:00:00+00:00,48.203,1,0.001,-0.943,0.0565,0,"[{""name"": ""Top"", ""bestBid"": 0.056, ""bestAsk"": 0.057}]"
1144471,0x3b0107a80edd066fe987784d7ab5963c177888433efbec10689951c17320606c,will-satoshi-move-any-bitcoin-in-2026,https://polymarket.com/event/will-satoshi-move-any-bitcoin-in-2026,https://embed.polymarket.com/market.html?market=will-satoshi-move-any-bitcoin-in-2026&features=volume&theme=light,Will Satoshi move any Bitcoin in 2026?,crypto-culture,,"24h $5,380 • spread 0.001 • TTR 141.4d",4724615.711455999,5380.61,-0.001,-2.1053,2027-01-01T05:00:00+00:00,141.411,1,0.001,-0.953,0.0465,0,"[{""name"": ""Top"", ""bestBid"": 0.046, ""bestAsk"": 0.047}]"
2774057,0xa08a5ce99e14ce0b22767af6f16c08a2ab012249444c20887193a9a3e98e11fc,strait-of-hormuz-traffic-returns-to-normal-by-september-30-20260702154339440,https://polymarket.com/event/strait-of-hormuz-traffic-returns-to-normal-by-september-30-20260702154339440,https://embed.polymarket.com/market.html?market=strait-of-hormuz-traffic-returns-to-normal-by-september-30-20260702154339440&features=volume&theme=light,Strait of Hormuz traffic returns to normal by September 30?,oil,,"24h $130,460 • spread 0.010 • TTR 48.2d",3037466.3981479993,130460.61,-0.02,-11.4286,2026-09-30T00:00:00+00:00,48.203,1,0.01,-0.84,0.155,0,"[{""name"": ""Top"", ""bestBid"": 0.15, ""bestAsk"": 0.16}]"
679035,0x34ed4ad7a7825f168e1084f53e8f60a161579d783b2740e50aa52f710925a136,will-sgolne-royal-win-the-2027-french-presidential-election,https://polymarket.com/event/will-sgolne-royal-win-the-2027-french-presidential-election,https://embed.polymarket.com/market.html?market=will-sgolne-royal-win-the-2027-french-presidential-election&features=volume&theme=light,Will Ségolène Royal win the 2027 French presidential election?,french-election,,24h $615 • spread 0.001 • TTR 260.2d,5311370.185024001,615.65,0.0,0.0,2027-04-30T00:00:00+00:00,260.203,1,0.001,-0.998,0.0015,0,"[{""name"": ""Top"", ""bestBid"": 0.001, ""bestAsk"": 0.002}]"
679042,0x0b298ab2b2cad3308d486c804985c1ede7ea949bde363f44784a3b2a460be788,will-lisabeth-borne-win-the-2027-french-presidential-election,https://polymarket.com/event/will-lisabeth-borne-win-the-2027-french-presidential-election,https://embed.polymarket.com/market.html?market=will-lisabeth-borne-win-the-2027-french-presidential-election&features=volume&theme=light,Will Élisabeth Borne win the 2027 French presidential election?,french-election,,24h $853 • spread 0.001 • TTR 260.2d,5283238.322541003,853.3,0.0,0.0,2027-04-30T00:00:00+00:00,260.203,1,0.001,-0.998,0.0015,0,"[{""name"": ""Top"", ""bestBid"": 0.001, ""bestAsk"": 0.002}]"
562005,0x24258776d0a926b4550b0f213267b95ba0a7741fc972d0b3c2b5f6bf8ced2c50,will-thomas-massie-win-the-2028-republican-presidential-nomination,https://polymarket.com/event/will-thomas-massie-win-the-2028-republican-presidential-nomination,https://embed.polymarket.com/market.html?market=will-thomas-massie-win-the-2028-republican-presidential-nomination&features=volume&theme=light,Will Thomas Massie win the 2028 Republican presidential nomination?,united-states,,"24h $3,044 • spread 0.001 • TTR 817.2d",5992629.413414003,3044.98,0.0,0.0,2028-11-07T00:00:00+00:00,817.203,1,0.001,-0.992,0.0075,0,"[{""name"": ""Top"", ""bestBid"": 0.007, ""bestAsk"": 0.008}]"
679023,0x06a27c2810eaca94b53e7a17f15ad47761399ba445a6b02039b2679da203262d,will-xavier-bertrand-win-the-2027-french-presidential-election,https://polymarket.com/event/will-xavier-bertrand-win-the-2027-french-presidential-election,https://embed.polymarket.com/market.html?market=will-xavier-bertrand-win-the-2027-french-presidential-election&features=volume&theme=light,Will Xavier Bertrand win the 2027 French presidential election?,french-election,,24h $866 • spread 0.001 • TTR 260.2d,5154572.829697001,866.7,0.0,0.0,2027-04-30T00:00:00+00:00,260.203,1,0.001,-0.998,0.0015,0,"[{""name"": ""Top"", ""bestBid"": 0.001, ""bestAsk"": 0.002}]"
679039,0x6ccebbc57547f8b777aa4ef70a452bb5034055d183131a9b6db47fd8d0777921,will-michel-barnier-win-the-2027-french-presidential-election,https://polymarket.com/event/will-michel-barnier-win-the-2027-french-presidential-election,https://embed.polymarket.com/market.html?market=will-michel-barnier-win-the-2027-french-presidential-election&features=volume&theme=light,Will Michel Barnier win the 2027 French presidential election?,french-election,,"24h $1,896 • spread 0.001 • TTR 260.2d",5084000.730184001,1896.64,0.0,0.0,2027-04-30T00:00:00+00:00,260.203,1,0.001,-0.997,0.0025,0,"[{""name"": ""Top"", ""bestBid"": 0.002, ""bestAsk"": 0.003}]"
648383,0x9345d5142a67f5541264c96515496affee02580f1c572680759eac9fd2a1588a,billionaire-one-time-wealth-tax-passes-in-california-election-2026,https://polymarket.com/event/billionaire-one-time-wealth-tax-passes-in-california-election-2026,https://embed.polymarket.com/market.html?market=billionaire-one-time-wealth-tax-passes-in-california-election-2026&features=volume&theme=light,Billionaire one-time wealth tax passes in California election 2026?,taxes,,"24h $1,880 • spread 0.010 • TTR 82.2d",3623348.6001850017,1880.17,0.02,6.5574,2026-11-03T00:00:00+00:00,82.203,1,0.01,-0.67,0.325,0,"[{""name"": ""Top"", ""bestBid"": 0.32, ""bestAsk"": 0.33}]"
679033,0xbac8d3ca6cc7297022850562d9d66669d5e0a112767337f8a5955417f1984b54,will-olivier-faure-win-the-2027-french-presidential-election,https://polymarket.com/event/will-olivier-faure-win-the-2027-french-presidential-election,https://embed.polymarket.com/market.html?market=will-olivier-faure-win-the-2027-french-presidential-election&features=volume&theme=light,Will Olivier Faure win the 2027 French presidential election?,french-election,,"24h $2,600 • spread 0.001 • TTR 260.2d",5009818.216115002,2600.93,-0.001,-40.0,2027-04-30T00:00:00+00:00,260.203,1,0.001,-0.998,0.0015,0,"[{""name"": ""Top"", ""bestBid"": 0.001, ""bestAsk"": 0.002}]"
3471081,0xd6186948bef90b9a69a12fe759f418bcaf113b0308cf27e6bacd70932ed697b1,cs2-wc1-furia-2026-08-12,https://polymarket.com/event/cs2-wc1-furia-2026-08-12,https://embed.polymarket.com/market.html?market=cs2-wc1-furia-2026-08-12&features=volume&theme=light,Counter-Strike: Wildcard vs FURIA (BO1) - Esports World Cup Group D,esports,,"24h $771,100 • TTR 0.2d",843978.844765,771100.06,-0.2045,-99.7561,2026-08-13T00:00:00+00:00,0.203,1,,-0.999,,0,"[{""name"": ""Top"", ""bestBid"": null, ""bestAsk"": 0.001}]"
2911874,0x31327c6fbdc70a44d97f8e8973f536b6a748e01b4c0ca5549ed0910c703b1d7b,bab-el-mandeb-strait-effectively-closed-by-august-31,https://polymarket.com/event/bab-el-mandeb-strait-effectively-closed-by-august-31,https://embed.polymarket.com/market.html?market=bab-el-mandeb-strait-effectively-closed-by-august-31&features=volume&theme=light,Bab el-Mandeb Strait effectively closed by August 31?,politics,,"24h $75,609 • spread 0.003 • TTR 18.2d",1751276.6539919998,75609.35,-0.0125,-29.0698,2026-08-31T00:00:00+00:00,18.203,1,0.003,-0.968,0.0305,0,"[{""name"": ""Top"", ""bestBid"": 0.029, ""bestAsk"": 0.032}]"
1357388,0x6c9407f7841e7507ba435d540af237d742674ba05bac48998cf94f4b7ef5d909,will-the-los-angeles-chargers-win-the-2027-nfl-league-championship,https://polymarket.com/event/will-the-los-angeles-chargers-win-the-2027-nfl-league-championship,https://embed.polymarket.com/market.html?market=will-the-los-angeles-chargers-win-the-2027-nfl-league-championship&features=volume&theme=light,Will the Los Angeles Chargers win the 2027 NFL league championship?,sports,,24h $55 • spread 0.001 • TTR 231.2d,4785446.427801,55.75,0.0,0.0,2027-03-31T23:55:00+00:00,231.199,1,0.001,-0.952,0.0475,0,"[{""name"": ""Top"", ""bestBid"": 0.047, ""bestAsk"": 0.048}]"
898412,0xcd2640464754b9a894ffec98ac11554fdd507ea89ca01237eabb3a6de4a606e6,will-kimi-antonelli-be-the-2026-f1-drivers-champion,https://polymarket.com/event/will-kimi-antonelli-be-the-2026-f1-drivers-champion,https://embed.polymarket.com/market.html?market=will-kimi-antonelli-be-the-2026-f1-drivers-champion&features=volume&theme=light,Will Kimi Antonelli be the 2026 F1 Drivers' Champion?,sports,,"24h $1,058 • spread 0.001 • TTR 115.2d",3963266.8130510007,1058.62,0.001,0.1345,2026-12-06T00:00:00+00:00,115.203,1,0.001,-0.255,0.7445,0,"[{""name"": ""Top"", ""bestBid"": 0.744, ""bestAsk"": 0.745}]"
616911,0x4ec6fcb43fe1a32163c7da09d54a99ab9bf6abdc6fd49939d7ad67d696a3248b,will-9-fed-rate-cuts-happen-in-2026,https://polymarket.com/event/will-9-fed-rate-cuts-happen-in-2026,https://embed.polymarket.com/market.html?market=will-9-fed-rate-cuts-happen-in-2026&features=volume&theme=light,Will 9 Fed rate cuts happen in 2026?,rewards-200-4pt5-50,,"24h $4,107 • spread 0.001 • TTR 140.2d",4166020.4755180003,4107.06,0.0,0.0,2026-12-31T00:00:00+00:00,140.203,1,0.001,-0.998,0.0015,0,"[{""name"": ""Top"", ""bestBid"": 0.001, ""bestAsk"": 0.002}]"
679037,0x2bf80d93be42dac6c1b03298b5ec329a4b9f87b689c7892d544d1029f3a0caf0,will-clmentine-autain-win-the-2027-french-presidential-election,https://polymarket.com/event/will-clmentine-autain-win-the-2027-french-presidential-election,https://embed.polymarket.com/market.html?market=will-clmentine-autain-win-the-2027-french-presidential-election&features=volume&theme=light,Will Clémentine Autain win the 2027 French presidential election?,french-election,,24h $798 • spread 0.001 • TTR 260.2d,4772225.618528,798.63,0.0,0.0,2027-04-30T00:00:00+00:00,260.203,1,0.001,-0.998,0.0015,0,"[{""name"": ""Top"", ""bestBid"": 0.001, ""bestAsk"": 0.002}]"
1105753,0x1198bf982483cc6f0a3d3de63d7703117ed19c5b5a9474541a2a3b6b0b5e51f3,will-dan-caine-be-the-leader-of-venezuela-end-of-2026,https://polymarket.com/event/will-dan-caine-be-the-leader-of-venezuela-end-of-2026,https://embed.polymarket.com/market.html?market=will-dan-caine-be-the-leader-of-venezuela-end-of-2026&features=volume&theme=light,Will Dan Caine be the leader of Venezuela end of 2026?,trump-machado,,TTR 140.2d,4113078.7750409995,,0.0,0.0,2026-12-31T00:00:00+00:00,140.203,1,,-0.999,,0,"[{""name"": ""Top"", ""bestBid"": null, ""bestAsk"": 0.001}]"
561261,0x61600d487069f99e775307a0655c1a79f26e4fc6d8d1ba66790c64d78d0beba2,will-jon-ossoff-win-the-2028-us-presidential-election,https://polymarket.com/event/will-jon-ossoff-win-the-2028-us-presidential-election,https://embed.polymarket.com/market.html?market=will-jon-ossoff-win-the-2028-us-presidential-election&features=volume&theme=light,Will Jon Ossoff win the 2028 US Presidential Election?,president,,"24h $6,563 • spread 0.001 • TTR 817.2d",5377991.543773999,6563.66,0.0,0.0,2028-11-07T00:00:00+00:00,817.203,1,0.001,-0.904,0.0955,0,"[{""name"": ""Top"", ""bestBid"": 0.095, ""bestAsk"": 0.096}]"
898663,0x336ee35845099e7d11fa2edbe417ef7791507130689f0f71a35ecc7480807404,will-williams-be-the-2026-f1-constructors-champion,https://polymarket.com/event/will-williams-be-the-2026-f1-constructors-champion,https://embed.polymarket.com/market.html?market=will-williams-be-the-2026-f1-constructors-champion&features=volume&theme=light,Will Williams be the 2026 F1 Constructors' Champion?,formula1,,TTR 115.2d,3808173.692617894,,0.0,0.0,2026-12-06T00:00:00+00:00,115.203,1,,-0.999,,0,"[{""name"": ""Top"", ""bestBid"": null, ""bestAsk"": 0.001}]"
701502,0x024b68f77bfc019341ee3db8f57c103334e4b9430bba4746d8c94aafd8b36fee,will-bitcoin-dip-to-45000-by-december-31-2026-674-923-755-971-998-525-926-245-316-517-544-589-965-923-986-841-815-224-586-231-289-533-573,https://polymarket.com/event/will-bitcoin-dip-to-45000-by-december-31-2026-674-923-755-971-998-525-926-245-316-517-544-589-965-923-986-841-815-224-586-231-289-533-573,https://embed.polymarket.com/market.html?market=will-bitcoin-dip-to-45000-by-december-31-2026-674-923-755-971-998-525-926-245-316-517-544-589-965-923-986-841-815-224-586-231-289-533-573&features=volume&theme=light,"Will Bitcoin dip to $45,000 by December 31, 2026?",bitcoin,,"24h $7,085 • spread 0.010 • TTR 141.4d",4054454.5019320007,7085.2,-0.02,-8.1633,2027-01-01T05:00:00+00:00,141.411,1,0.01,-0.77,0.225,0,"[{""name"": ""Top"", ""bestBid"": 0.22, ""bestAsk"": 0.23}]"
2977247,0xdbaa19c72378f7eb2fc01c0b40404857a1b1e68e3561ce5bbe792a24ce79377e,israel-closes-its-airspace-by-august-15,https://polymarket.com/event/israel-closes-its-airspace-by-august-15,https://embed.polymarket.com/market.html?market=israel-closes-its-airspace-by-august-15&features=volume&theme=light,Israel closes its airspace by August 15?,politics,,"24h $16,663 • spread 0.005 • TTR 2.2d",892586.288697,16663.45,-0.0075,-26.7857,2026-08-15T00:00:00+00:00,2.203,1,0.005,-0.977,0.0205,0,"[{""name"": ""Top"", ""bestBid"": 0.018, ""bestAsk"": 0.023}]"
679048,0xa6c3848b7861841cc9d93a5c2c1d26b3f44e0298a49889968a627214a2b177ae,will-manuel-bompard-win-the-2027-french-presidential-election,https://polymarket.com/event/will-manuel-bompard-win-the-2027-french-presidential-election,https://embed.polymarket.com/market.html?market=will-manuel-bompard-win-the-2027-french-presidential-election&features=volume&theme=light,Will Manuel Bompard win the 2027 French presidential election?,french-election,,24h $988 • spread 0.001 • TTR 260.2d,4652322.367262999,988.25,0.0,0.0,2027-04-30T00:00:00+00:00,260.203,1,0.001,-0.998,0.0015,0,"[{""name"": ""Top"", ""bestBid"": 0.001, ""bestAsk"": 0.002}]"
608547,0x12dc2b61723b2a54fc1947a307389b5f32038e7a29a0e936ad1fe410b969d06a,will-harry-kane-win-the-2026-ballon-dor,https://polymarket.com/event/will-harry-kane-win-the-2026-ballon-dor,https://embed.polymarket.com/market.html?market=will-harry-kane-win-the-2026-ballon-dor&features=volume&theme=light,Will Harry Kane win the 2026 Ballon d'Or?,soccer,,"24h $18,822 • spread 0.001 • TTR 79.2d • ~50% mid",3281537.394455997,18822.41,0.015,2.5884,2026-10-31T00:00:00+00:00,79.203,1,0.001,-0.405,0.5945,1,"[{""name"": ""Top"", ""bestBid"": 0.594, ""bestAsk"": 0.595}]"
789953,0x8aaaca6ea5c037d3cdfe85272ab9029b7165694dcae8af0de5071f01a1a944f0,will-afd-win-the-most-seats-in-the-2026-berlin-state-elections,https://polymarket.com/event/will-afd-win-the-most-seats-in-the-2026-berlin-state-elections,https://embed.polymarket.com/market.html?market=will-afd-win-the-most-seats-in-the-2026-berlin-state-elections&features=volume&theme=light,Will AfD win the most seats in the 2026 Berlin state elections?,world-elections,,24h $840 • spread 0.001 • TTR 38.2d,2358497.3422629996,840.83,-0.007,-3.9886,2026-09-20T00:00:00+00:00,38.203,1,0.001,-0.831,0.1685,0,"[{""name"": ""Top"", ""bestBid"": 0.168, ""bestAsk"": 0.169}]"
1535973,0x377e7fe65cf198a7fc4fdae3f2136b74729279267858daaf96718b23bc2a5607,iran-leadership-change-by-december-31-974-976-658-482-568-685-996-469-827,https://polymarket.com/event/iran-leadership-change-by-december-31-974-976-658-482-568-685-996-469-827,https://embed.polymarket.com/market.html?market=iran-leadership-change-by-december-31-974-976-658-482-568-685-996-469-827&features=volume&theme=light,Iran leadership change by December 31?,politics,,"24h $1,702 • spread 0.010 • TTR 140.2d",3962470.425048,1702.5,0.0,0.0,2026-12-31T00:00:00+00:00,140.203,1,0.01,-0.81,0.185,0,"[{""name"": ""Top"", ""bestBid"": 0.18, ""bestAsk"": 0.19}]"
679046,0xcd050c1af02067e33e03861ff6f67c1c85def8bf4bd196256e6d2b178509533b,will-carole-delga-win-the-2027-french-presidential-election,https://polymarket.com/event/will-carole-delga-win-the-2027-french-presidential-election,https://embed.polymarket.com/market.html?market=will-carole-delga-win-the-2027-french-presidential-election&features=volume&theme=light,Will Carole Delga win the 2027 French presidential election?,french-election,,"24h $1,084 • spread 0.001 • TTR 260.2d",4571547.066387003,1084.56,0.0,0.0,2027-04-30T00:00:00+00:00,260.203,1,0.001,-0.998,0.0015,0,"[{""name"": ""Top"", ""bestBid"": 0.001, ""bestAsk"": 0.002}]"
898669,0x0bd8a57fe56926b10c34052d3d8581db3354b257b150e43301f4bb94913c2d85,will-cadillac-be-the-2026-f1-constructors-champion,https://polymarket.com/event/will-cadillac-be-the-2026-f1-constructors-champion,https://embed.polymarket.com/market.html?market=will-cadillac-be-the-2026-f1-constructors-champion&features=volume&theme=light,Will Cadillac be the 2026 F1 Constructors' Champion?,formula1,,24h $6 • TTR 115.2d,3708657.867052999,6.0,0.0,0.0,2026-12-06T00:00:00+00:00,115.203,1,,-0.999,,0,"[{""name"": ""Top"", ""bestBid"": null, ""bestAsk"": 0.001}]"
2952493,0xc1556ecbe613e403dfb9e38bf1b25a8aee2aa1687f2b343bc896dd2c9763ed74,israel-x-iran-ceasefire-continues-through-august-31-20260716224448970-754-896-823,https://polymarket.com/event/israel-x-iran-ceasefire-continues-through-august-31-20260716224448970-754-896-823,https://embed.polymarket.com/market.html?market=israel-x-iran-ceasefire-continues-through-august-31-20260716224448970-754-896-823&features=volume&theme=light,Israel x Iran ceasefire continues through August 31?,iran,,"24h $55,242 • spread 0.010 • TTR 19.2d",1655412.5082170009,55242.2,0.02,2.2599,2026-08-31T23:59:00+00:00,19.202,1,0.01,-0.09,0.905,0,"[{""name"": ""Top"", ""bestBid"": 0.9, ""bestAsk"": 0.91}]"
679038,0x637a2423461f5b531fef314e1e14982b80819de217e32f4f96653caa8af2c47a,will-nicolas-dupont-aignan-win-the-2027-french-presidential-election,https://polymarket.com/event/will-nicolas-dupont-aignan-win-the-2027-french-presidential-election,https://embed.polymarket.com/market.html?market=will-nicolas-dupont-aignan-win-the-2027-french-presidential-election&features=volume&theme=light,Will Nicolas Dupont-Aignan win the 2027 French presidential election?,french-election,,"24h $1,295 • spread 0.001 • TTR 260.2d",4555091.091843002,1295.13,0.0,0.0,2027-04-30T00:00:00+00:00,260.203,1,0.001,-0.998,0.0015,0,"[{""name"": ""Top"", ""bestBid"": 0.001, ""bestAsk"": 0.002}]"
616908,0x4914bfdd892a48c341b5e0f41ec10475a815f2277273110b16f95e21084bfe75,will-6-fed-rate-cuts-happen-in-2026,https://polymarket.com/event/will-6-fed-rate-cuts-happen-in-2026,https://embed.polymarket.com/market.html?market=will-6-fed-rate-cuts-happen-in-2026&features=volume&theme=light,Will 6 Fed rate cuts happen in 2026?,rewards-200-4pt5-50,,"24h $6,931 • spread 0.001 • TTR 140.2d",3911343.3084919993,6931.39,0.0,0.0,2026-12-31T00:00:00+00:00,140.203,1,0.001,-0.997,0.0025,0,"[{""name"": ""Top"", ""bestBid"": 0.002, ""bestAsk"": 0.003}]"
616914,0xffa0accb74987c0dc33a70eb3780c1da160206bcfb3ef5d16c1667bc5c459c78,will-12-or-more-fed-rate-cuts-happen-in-2026,https://polymarket.com/event/will-12-or-more-fed-rate-cuts-happen-in-2026,https://embed.polymarket.com/market.html?market=will-12-or-more-fed-rate-cuts-happen-in-2026&features=volume&theme=light,Will 12 or more Fed rate cuts happen in 2026?,rewards-200-4pt5-50,,"24h $7,592 • spread 0.001 • TTR 140.2d",3722522.4819199983,7592.88,-0.001,-40.0,2026-12-31T00:00:00+00:00,140.203,1,0.001,-0.998,0.0015,0,"[{""name"": ""Top"", ""bestBid"": 0.001, ""bestAsk"": 0.002}]"
1469743,0x821f357da390a32347e4df0c3fb0aa4a8eadf4af72730c8dc7a7f1ab58798a02,will-seyed-hossein-mousavian-be-head-of-state-in-iran-end-of-2026,https://polymarket.com/event/will-seyed-hossein-mousavian-be-head-of-state-in-iran-end-of-2026,https://embed.polymarket.com/market.html?market=will-seyed-hossein-mousavian-be-head-of-state-in-iran-end-of-2026&features=volume&theme=light,Will Seyed Hossein Mousavian be head of state in Iran end of 2026?,middle-east,,spread 0.001 • TTR 140.2d,3693626.6212150007,,0.0,0.0,2026-12-31T00:00:00+00:00,140.203,1,0.001,-0.998,0.0015,0,"[{""name"": ""Top"", ""bestBid"": 0.001, ""bestAsk"": 0.002}]"
2772194,0xefa17dee3af09f69f9ddf245b969aa4efbe7c71cdf06ee49d694408bc33e2ed2,will-shakhtar-donetsk-win-the-2026-27-uefa-champions-league-championship-20260701202025578,https://polymarket.com/event/will-shakhtar-donetsk-win-the-2026-27-uefa-champions-league-championship-20260701202025578,https://embed.polymarket.com/market.html?market=will-shakhtar-donetsk-win-the-2026-27-uefa-champions-league-championship-20260701202025578&features=volume&theme=light,Will Shakhtar Donetsk win the 2026-27 UEFA Champions League Championship?,ucl,,"24h $418,005 • spread 0.001 • TTR 291.2d",4235806.091999998,418005.79,0.0,0.0,2027-05-30T23:59:00+00:00,291.202,1,0.001,-0.998,0.0015,0,"[{""name"": ""Top"", ""bestBid"": 0.001, ""bestAsk"": 0.002}]"
898668,0xa6c8d7d0d25f27f1b6ecadd74be78256bf7c248d9d7c6fb9bc42d2059cfdca4f,will-alpine-be-the-2026-f1-constructors-champion,https://polymarket.com/event/will-alpine-be-the-2026-f1-constructors-champion,https://embed.polymarket.com/market.html?market=will-alpine-be-the-2026-f1-constructors-champion&features=volume&theme=light,Will Alpine be the 2026 F1 Constructors' Champion?,formula1,,TTR 115.2d,3349930.486012963,,0.0,0.0,2026-12-06T00:00:00+00:00,115.203,1,,-0.999,,0,"[{""name"": ""Top"", ""bestBid"": null, ""bestAsk"": 0.001}]"
898666,0x115401967f653200b41852811453cb5aac5052f339af0a63920fb84e6485f316,will-haas-be-the-2026-f1-constructors-champion,https://polymarket.com/event/will-haas-be-the-2026-f1-constructors-champion,https://embed.polymarket.com/market.html?market=will-haas-be-the-2026-f1-constructors-champion&features=volume&theme=light,Will Haas be the 2026 F1 Constructors' Champion?,formula1,,TTR 115.2d,3317067.244211001,,0.0,0.0,2026-12-06T00:00:00+00:00,115.203,1,,-0.999,,0,"[{""name"": ""Top"", ""bestBid"": null, ""bestAsk"": 0.001}]"
1130017,0x2636a06ef9192d50bf0100bf8c857cfe346e8b230978056f2857cb69276e5c46,will-rodina-gain-the-most-seats-in-the-next-russian-parliamentary-election,https://polymarket.com/event/will-rodina-gain-the-most-seats-in-the-next-russian-parliamentary-election,https://embed.polymarket.com/market.html?market=will-rodina-gain-the-most-seats-in-the-next-russian-parliamentary-election&features=volume&theme=light,Will Rodina gain the most seats in the next Russian parliamentary election?,politics,,"24h $5,217 • spread 0.001 • TTR 48.2d",2310167.5708749993,5217.62,0.0,0.0,2026-09-30T00:00:00+00:00,48.203,1,0.001,-0.997,0.0025,0,"[{""name"": ""Top"", ""bestBid"": 0.002, ""bestAsk"": 0.003}]"
601834,0x919c9bc428d2d19400437852066582b11bb7b00ad78529a0069cde76766b9faf,will-helder-barbalho-win-the-2026-brazilian-presidential-election,https://polymarket.com/event/will-helder-barbalho-win-the-2026-brazilian-presidential-election,https://embed.polymarket.com/market.html?market=will-helder-barbalho-win-the-2026-brazilian-presidential-election&features=volume&theme=light,Will Helder Barbalho win the 2026 Brazilian presidential election?,politics,,"24h $20,112 • TTR 52.2d",2367850.1068820003,20112.0,0.0,0.0,2026-10-04T00:00:00+00:00,52.203,1,,-0.999,,0,"[{""name"": ""Top"", ""bestBid"": null, ""bestAsk"": 0.001}]"
898667,0x523f29f4370b912f8434eba7726b7dd2e463f252cd14c2b97a2c7f256f0921a6,will-audi-be-the-2026-f1-constructors-champion,https://polymarket.com/event/will-audi-be-the-2026-f1-constructors-champion,https://embed.polymarket.com/market.html?market=will-audi-be-the-2026-f1-constructors-champion&features=volume&theme=light,Will Audi be the 2026 F1 Constructors' Champion?,formula1,,TTR 115.2d,3245193.016027,,0.0,0.0,2026-12-06T00:00:00+00:00,115.203,1,,-0.999,,0,"[{""name"": ""Top"", ""bestBid"": null, ""bestAsk"": 0.001}]"
898664,0xc031351cea755544a76be09c2e884554c04eeea7fc172fb9de2caac4b92fc854,will-racing-bulls-be-the-2026-f1-constructors-champion,https://polymarket.com/event/will-racing-bulls-be-the-2026-f1-constructors-champion,https://embed.polymarket.com/market.html?market=will-racing-bulls-be-the-2026-f1-constructors-champion&features=volume&theme=light,Will Racing Bulls be the 2026 F1 Constructors' Champion?,formula1,,TTR 115.2d,3242273.1482750005,,0.0,0.0,2026-12-06T00:00:00+00:00,115.203,1,,-0.999,,0,"[{""name"": ""Top"", ""bestBid"": null, ""bestAsk"": 0.001}]"
679053,0x1779552bade1ad85d35b2e5128136ea04602f26e2b67b7e1b6f9ec46ea8811d3,will-clmence-guett-win-the-2027-french-presidential-election,https://polymarket.com/event/will-clmence-guett-win-the-2027-french-presidential-election,https://embed.polymarket.com/market.html?market=will-clmence-guett-win-the-2027-french-presidential-election&features=volume&theme=light,Will Clémence Guetté win the 2027 French presidential election?,french-election,,24h $587 • spread 0.001 • TTR 260.2d,3979291.2560649994,587.03,0.0,0.0,2027-04-30T00:00:00+00:00,260.203,1,0.001,-0.998,0.0015,0,"[{""name"": ""Top"", ""bestBid"": 0.001, ""bestAsk"": 0.002}]"
